{
    "@50000": {
        "validity": 0.99202,
        "uniqueness": 0.8598,
        "novelty": 0.81844,
        "n_valid": 49601,
        "n_unique": 42990,
        "n_novel": 40922
    },
    "@100000": {
        "validity": 0.99228,
        "uniqueness": 0.82024,
        "novelty": 0.78483,
        "n_valid": 99228,
        "n_unique": 82024,
        "n_novel": 78483
    },
    "@150000": {
        "validity": 0.9925333333333334,
        "uniqueness": 0.7940733333333333,
        "novelty": 0.7628666666666667,
        "n_valid": 148880,
        "n_unique": 119111,
        "n_novel": 114430
    },
    "@200000": {
        "validity": 0.992415,
        "uniqueness": 0.773395,
        "novelty": 0.745205,
        "n_valid": 198483,
        "n_unique": 154679,
        "n_novel": 149041
    },
    "@250000": {
        "validity": 0.992484,
        "uniqueness": 0.756816,
        "novelty": 0.730908,
        "n_valid": 248121,
        "n_unique": 189204,
        "n_novel": 182727
    },
    "@300000": {
        "validity": 0.9924733333333333,
        "uniqueness": 0.7433866666666666,
        "novelty": 0.7190933333333334,
        "n_valid": 297742,
        "n_unique": 223016,
        "n_novel": 215728
    },
    "@350000": {
        "validity": 0.9923485714285715,
        "uniqueness": 0.7317057142857143,
        "novelty": 0.7087514285714286,
        "n_valid": 347322,
        "n_unique": 256097,
        "n_novel": 248063
    },
    "@400000": {
        "validity": 0.9923975,
        "uniqueness": 0.72208,
        "novelty": 0.700265,
        "n_valid": 396959,
        "n_unique": 288832,
        "n_novel": 280106
    },
    "@450000": {
        "validity": 0.9925,
        "uniqueness": 0.7134955555555555,
        "novelty": 0.6926,
        "n_valid": 446625,
        "n_unique": 321073,
        "n_novel": 311670
    },
    "@500000": {
        "validity": 0.992436,
        "uniqueness": 0.704856,
        "novelty": 0.684814,
        "n_valid": 496218,
        "n_unique": 352428,
        "n_novel": 342407
    },
    "@550000": {
        "validity": 0.9925,
        "uniqueness": 0.6973454545454545,
        "novelty": 0.6780709090909091,
        "n_valid": 545875,
        "n_unique": 383540,
        "n_novel": 372939
    },
    "@600000": {
        "validity": 0.9924933333333333,
        "uniqueness": 0.690185,
        "novelty": 0.67151,
        "n_valid": 595496,
        "n_unique": 414111,
        "n_novel": 402906
    },
    "@650000": {
        "validity": 0.9925338461538461,
        "uniqueness": 0.6839507692307693,
        "novelty": 0.6658061538461538,
        "n_valid": 645147,
        "n_unique": 444568,
        "n_novel": 432774
    },
    "@700000": {
        "validity": 0.9925142857142857,
        "uniqueness": 0.6778085714285714,
        "novelty": 0.6601785714285714,
        "n_valid": 694760,
        "n_unique": 474466,
        "n_novel": 462125
    },
    "@750000": {
        "validity": 0.992588,
        "uniqueness": 0.672276,
        "novelty": 0.6551493333333334,
        "n_valid": 744441,
        "n_unique": 504207,
        "n_novel": 491362
    },
    "@800000": {
        "validity": 0.99262375,
        "uniqueness": 0.66681125,
        "novelty": 0.65012875,
        "n_valid": 794099,
        "n_unique": 533449,
        "n_novel": 520103
    },
    "@850000": {
        "validity": 0.9926105882352941,
        "uniqueness": 0.66194,
        "novelty": 0.6456458823529412,
        "n_valid": 843719,
        "n_unique": 562649,
        "n_novel": 548799
    },
    "@900000": {
        "validity": 0.9926166666666667,
        "uniqueness": 0.6572466666666666,
        "novelty": 0.6413422222222223,
        "n_valid": 893355,
        "n_unique": 591522,
        "n_novel": 577208
    },
    "@950000": {
        "validity": 0.9926557894736842,
        "uniqueness": 0.6529326315789473,
        "novelty": 0.6373757894736842,
        "n_valid": 943023,
        "n_unique": 620286,
        "n_novel": 605507
    },
    "@1000000": {
        "validity": 0.992662,
        "uniqueness": 0.648734,
        "novelty": 0.633496,
        "n_valid": 992662,
        "n_unique": 648734,
        "n_novel": 633496
    }
}