{
    "@50000": {
        "validity": 0.7835,
        "uniqueness": 0.77152,
        "novelty": 0.75894,
        "n_valid": 39175,
        "n_unique": 38576,
        "n_novel": 37947
    },
    "@100000": {
        "validity": 0.78387,
        "uniqueness": 0.76514,
        "novelty": 0.75413,
        "n_valid": 78387,
        "n_unique": 76514,
        "n_novel": 75413
    },
    "@150000": {
        "validity": 0.7838533333333333,
        "uniqueness": 0.7604266666666667,
        "novelty": 0.75032,
        "n_valid": 117578,
        "n_unique": 114064,
        "n_novel": 112548
    },
    "@200000": {
        "validity": 0.78404,
        "uniqueness": 0.75701,
        "novelty": 0.747305,
        "n_valid": 156808,
        "n_unique": 151402,
        "n_novel": 149461
    },
    "@250000": {
        "validity": 0.783664,
        "uniqueness": 0.753732,
        "novelty": 0.744584,
        "n_valid": 195916,
        "n_unique": 188433,
        "n_novel": 186146
    },
    "@300000": {
        "validity": 0.7839866666666667,
        "uniqueness": 0.75145,
        "novelty": 0.7427433333333333,
        "n_valid": 235196,
        "n_unique": 225435,
        "n_novel": 222823
    },
    "@350000": {
        "validity": 0.7842628571428572,
        "uniqueness": 0.7494485714285715,
        "novelty": 0.7411885714285714,
        "n_valid": 274492,
        "n_unique": 262307,
        "n_novel": 259416
    },
    "@400000": {
        "validity": 0.78421,
        "uniqueness": 0.7473175,
        "novelty": 0.7393675,
        "n_valid": 313684,
        "n_unique": 298927,
        "n_novel": 295747
    },
    "@450000": {
        "validity": 0.7840866666666667,
        "uniqueness": 0.7451022222222222,
        "novelty": 0.73746,
        "n_valid": 352839,
        "n_unique": 335296,
        "n_novel": 331857
    },
    "@500000": {
        "validity": 0.784108,
        "uniqueness": 0.743184,
        "novelty": 0.735734,
        "n_valid": 392054,
        "n_unique": 371592,
        "n_novel": 367867
    },
    "@550000": {
        "validity": 0.784290909090909,
        "uniqueness": 0.7415163636363636,
        "novelty": 0.7342672727272728,
        "n_valid": 431360,
        "n_unique": 407834,
        "n_novel": 403847
    },
    "@600000": {
        "validity": 0.78413,
        "uniqueness": 0.7396283333333333,
        "novelty": 0.732555,
        "n_valid": 470478,
        "n_unique": 443777,
        "n_novel": 439533
    },
    "@650000": {
        "validity": 0.7839492307692307,
        "uniqueness": 0.7380153846153846,
        "novelty": 0.7311138461538461,
        "n_valid": 509567,
        "n_unique": 479710,
        "n_novel": 475224
    },
    "@700000": {
        "validity": 0.7838071428571428,
        "uniqueness": 0.7365342857142857,
        "novelty": 0.7298385714285714,
        "n_valid": 548665,
        "n_unique": 515574,
        "n_novel": 510887
    },
    "@750000": {
        "validity": 0.7838506666666667,
        "uniqueness": 0.7351786666666666,
        "novelty": 0.7286106666666666,
        "n_valid": 587888,
        "n_unique": 551384,
        "n_novel": 546458
    },
    "@800000": {
        "validity": 0.78352375,
        "uniqueness": 0.733565,
        "novelty": 0.727135,
        "n_valid": 626819,
        "n_unique": 586852,
        "n_novel": 581708
    },
    "@850000": {
        "validity": 0.7835694117647058,
        "uniqueness": 0.7323976470588235,
        "novelty": 0.7261152941176471,
        "n_valid": 666034,
        "n_unique": 622538,
        "n_novel": 617198
    },
    "@900000": {
        "validity": 0.7837355555555555,
        "uniqueness": 0.7314433333333333,
        "novelty": 0.7252844444444444,
        "n_valid": 705362,
        "n_unique": 658299,
        "n_novel": 652756
    },
    "@950000": {
        "validity": 0.7837915789473684,
        "uniqueness": 0.7303768421052632,
        "novelty": 0.7243347368421053,
        "n_valid": 744602,
        "n_unique": 693858,
        "n_novel": 688118
    },
    "@1000000": {
        "validity": 0.783751,
        "uniqueness": 0.729295,
        "novelty": 0.723369,
        "n_valid": 783751,
        "n_unique": 729295,
        "n_novel": 723369
    }
}