{
    "train_loss": [
        0.702169930934906,
        0.6140853762626648,
        0.5559536099433899,
        0.5150933116674423,
        0.48699005842208865,
        0.457644185423851,
        0.43592882454395293,
        0.4146440923213959
    ],
    "val_loss": [
        0.6930477321147919,
        0.6714194864034653,
        0.6698964238166809,
        0.6736442744731903,
        0.6685648560523987,
        0.6881229728460312,
        0.6822146028280258,
        0.6989855021238327
    ]
}