{
    "@50000": {
        "validity": 0.92166,
        "uniqueness": 0.9165,
        "novelty": 0.9041,
        "n_valid": 46083,
        "n_unique": 45825,
        "n_novel": 45205
    },
    "@100000": {
        "validity": 0.92036,
        "uniqueness": 0.91194,
        "novelty": 0.89994,
        "n_valid": 92036,
        "n_unique": 91194,
        "n_novel": 89994
    },
    "@150000": {
        "validity": 0.9210533333333333,
        "uniqueness": 0.9107466666666667,
        "novelty": 0.89906,
        "n_valid": 138158,
        "n_unique": 136612,
        "n_novel": 134859
    },
    "@200000": {
        "validity": 0.920825,
        "uniqueness": 0.90878,
        "novelty": 0.897575,
        "n_valid": 184165,
        "n_unique": 181756,
        "n_novel": 179515
    },
    "@250000": {
        "validity": 0.921176,
        "uniqueness": 0.90744,
        "novelty": 0.896596,
        "n_valid": 230294,
        "n_unique": 226860,
        "n_novel": 224149
    },
    "@300000": {
        "validity": 0.9207833333333333,
        "uniqueness": 0.90578,
        "novelty": 0.8952466666666666,
        "n_valid": 276235,
        "n_unique": 271734,
        "n_novel": 268574
    },
    "@350000": {
        "validity": 0.9207971428571429,
        "uniqueness": 0.9044457142857143,
        "novelty": 0.8942,
        "n_valid": 322279,
        "n_unique": 316556,
        "n_novel": 312970
    },
    "@400000": {
        "validity": 0.9208925,
        "uniqueness": 0.9034175,
        "novelty": 0.89336,
        "n_valid": 368357,
        "n_unique": 361367,
        "n_novel": 357344
    },
    "@450000": {
        "validity": 0.9209311111111111,
        "uniqueness": 0.9023533333333333,
        "novelty": 0.89248,
        "n_valid": 414419,
        "n_unique": 406059,
        "n_novel": 401616
    },
    "@500000": {
        "validity": 0.920952,
        "uniqueness": 0.90135,
        "novelty": 0.891596,
        "n_valid": 460476,
        "n_unique": 450675,
        "n_novel": 445798
    },
    "@550000": {
        "validity": 0.9209654545454545,
        "uniqueness": 0.9003418181818181,
        "novelty": 0.8908272727272727,
        "n_valid": 506531,
        "n_unique": 495188,
        "n_novel": 489955
    },
    "@600000": {
        "validity": 0.9209016666666666,
        "uniqueness": 0.8994533333333333,
        "novelty": 0.89005,
        "n_valid": 552541,
        "n_unique": 539672,
        "n_novel": 534030
    },
    "@650000": {
        "validity": 0.9209153846153846,
        "uniqueness": 0.898576923076923,
        "novelty": 0.8892676923076923,
        "n_valid": 598595,
        "n_unique": 584075,
        "n_novel": 578024
    },
    "@700000": {
        "validity": 0.92104,
        "uniqueness": 0.8979942857142857,
        "novelty": 0.8888228571428571,
        "n_valid": 644728,
        "n_unique": 628596,
        "n_novel": 622176
    },
    "@750000": {
        "validity": 0.9210106666666666,
        "uniqueness": 0.8971426666666666,
        "novelty": 0.8881173333333333,
        "n_valid": 690758,
        "n_unique": 672857,
        "n_novel": 666088
    },
    "@800000": {
        "validity": 0.92093375,
        "uniqueness": 0.89633625,
        "novelty": 0.8874275,
        "n_valid": 736747,
        "n_unique": 717069,
        "n_novel": 709942
    },
    "@850000": {
        "validity": 0.9210976470588236,
        "uniqueness": 0.8958964705882353,
        "novelty": 0.8870976470588235,
        "n_valid": 782933,
        "n_unique": 761512,
        "n_novel": 754033
    },
    "@900000": {
        "validity": 0.9211911111111111,
        "uniqueness": 0.8952866666666667,
        "novelty": 0.8865788888888889,
        "n_valid": 829072,
        "n_unique": 805758,
        "n_novel": 797921
    },
    "@950000": {
        "validity": 0.9211557894736843,
        "uniqueness": 0.8946368421052632,
        "novelty": 0.8860242105263157,
        "n_valid": 875098,
        "n_unique": 849905,
        "n_novel": 841723
    },
    "@1000000": {
        "validity": 0.921303,
        "uniqueness": 0.894124,
        "novelty": 0.885627,
        "n_valid": 921303,
        "n_unique": 894124,
        "n_novel": 885627
    }
}