{
    "@50000": {
        "validity": 0.68874,
        "uniqueness": 0.6867,
        "novelty": 0.6842,
        "n_valid": 34437,
        "n_unique": 34335,
        "n_novel": 34210
    },
    "@100000": {
        "validity": 0.6852,
        "uniqueness": 0.68244,
        "novelty": 0.68002,
        "n_valid": 68520,
        "n_unique": 68244,
        "n_novel": 68002
    },
    "@150000": {
        "validity": 0.68404,
        "uniqueness": 0.6807266666666667,
        "novelty": 0.6783266666666666,
        "n_valid": 102606,
        "n_unique": 102109,
        "n_novel": 101749
    },
    "@200000": {
        "validity": 0.68418,
        "uniqueness": 0.680355,
        "novelty": 0.678015,
        "n_valid": 136836,
        "n_unique": 136071,
        "n_novel": 135603
    },
    "@250000": {
        "validity": 0.684148,
        "uniqueness": 0.679776,
        "novelty": 0.677476,
        "n_valid": 171037,
        "n_unique": 169944,
        "n_novel": 169369
    },
    "@300000": {
        "validity": 0.6835166666666667,
        "uniqueness": 0.6786033333333333,
        "novelty": 0.6763,
        "n_valid": 205055,
        "n_unique": 203581,
        "n_novel": 202890
    },
    "@350000": {
        "validity": 0.6833914285714285,
        "uniqueness": 0.6781485714285714,
        "novelty": 0.67586,
        "n_valid": 239187,
        "n_unique": 237352,
        "n_novel": 236551
    },
    "@400000": {
        "validity": 0.6834775,
        "uniqueness": 0.6778375,
        "novelty": 0.6755525,
        "n_valid": 273391,
        "n_unique": 271135,
        "n_novel": 270221
    },
    "@450000": {
        "validity": 0.6832311111111111,
        "uniqueness": 0.6772866666666667,
        "novelty": 0.6750133333333334,
        "n_valid": 307454,
        "n_unique": 304779,
        "n_novel": 303756
    },
    "@500000": {
        "validity": 0.683428,
        "uniqueness": 0.6772,
        "novelty": 0.674942,
        "n_valid": 341714,
        "n_unique": 338600,
        "n_novel": 337471
    },
    "@550000": {
        "validity": 0.6832727272727273,
        "uniqueness": 0.6768036363636364,
        "novelty": 0.6745490909090909,
        "n_valid": 375800,
        "n_unique": 372242,
        "n_novel": 371002
    },
    "@600000": {
        "validity": 0.6832816666666667,
        "uniqueness": 0.6766,
        "novelty": 0.6743616666666666,
        "n_valid": 409969,
        "n_unique": 405960,
        "n_novel": 404617
    },
    "@650000": {
        "validity": 0.6832892307692308,
        "uniqueness": 0.6763123076923077,
        "novelty": 0.6741092307692308,
        "n_valid": 444138,
        "n_unique": 439603,
        "n_novel": 438171
    },
    "@700000": {
        "validity": 0.6834157142857142,
        "uniqueness": 0.6761914285714286,
        "novelty": 0.6740157142857143,
        "n_valid": 478391,
        "n_unique": 473334,
        "n_novel": 471811
    },
    "@750000": {
        "validity": 0.683388,
        "uniqueness": 0.6759733333333333,
        "novelty": 0.673812,
        "n_valid": 512541,
        "n_unique": 506980,
        "n_novel": 505359
    },
    "@800000": {
        "validity": 0.6834175,
        "uniqueness": 0.6757775,
        "novelty": 0.6736475,
        "n_valid": 546734,
        "n_unique": 540622,
        "n_novel": 538918
    },
    "@850000": {
        "validity": 0.6834776470588235,
        "uniqueness": 0.6756447058823529,
        "novelty": 0.6735341176470588,
        "n_valid": 580956,
        "n_unique": 574298,
        "n_novel": 572504
    },
    "@900000": {
        "validity": 0.6834344444444445,
        "uniqueness": 0.6753933333333333,
        "novelty": 0.6732955555555555,
        "n_valid": 615091,
        "n_unique": 607854,
        "n_novel": 605966
    },
    "@950000": {
        "validity": 0.6833021052631579,
        "uniqueness": 0.6750589473684211,
        "novelty": 0.6729768421052632,
        "n_valid": 649137,
        "n_unique": 641306,
        "n_novel": 639328
    },
    "@1000000": {
        "validity": 0.68333,
        "uniqueness": 0.674925,
        "novelty": 0.672866,
        "n_valid": 683330,
        "n_unique": 674925,
        "n_novel": 672866
    }
}