{
    "@50000": {
        "validity": 0.9773,
        "uniqueness": 0.66222,
        "novelty": 0.6521,
        "n_valid": 48865,
        "n_unique": 33111,
        "n_novel": 32605
    },
    "@100000": {
        "validity": 0.97757,
        "uniqueness": 0.60054,
        "novelty": 0.59413,
        "n_valid": 97757,
        "n_unique": 60054,
        "n_novel": 59413
    },
    "@150000": {
        "validity": 0.9780333333333333,
        "uniqueness": 0.56402,
        "novelty": 0.5591533333333333,
        "n_valid": 146705,
        "n_unique": 84603,
        "n_novel": 83873
    },
    "@200000": {
        "validity": 0.977835,
        "uniqueness": 0.536845,
        "novelty": 0.532805,
        "n_valid": 195567,
        "n_unique": 107369,
        "n_novel": 106561
    },
    "@250000": {
        "validity": 0.977972,
        "uniqueness": 0.515848,
        "novelty": 0.512364,
        "n_valid": 244493,
        "n_unique": 128962,
        "n_novel": 128091
    },
    "@300000": {
        "validity": 0.97811,
        "uniqueness": 0.49832,
        "novelty": 0.4952433333333333,
        "n_valid": 293433,
        "n_unique": 149496,
        "n_novel": 148573
    },
    "@350000": {
        "validity": 0.9781514285714286,
        "uniqueness": 0.48448857142857144,
        "novelty": 0.48171142857142857,
        "n_valid": 342353,
        "n_unique": 169571,
        "n_novel": 168599
    },
    "@400000": {
        "validity": 0.9780675,
        "uniqueness": 0.472115,
        "novelty": 0.469595,
        "n_valid": 391227,
        "n_unique": 188846,
        "n_novel": 187838
    },
    "@450000": {
        "validity": 0.9780155555555555,
        "uniqueness": 0.46164666666666665,
        "novelty": 0.4593377777777778,
        "n_valid": 440107,
        "n_unique": 207741,
        "n_novel": 206702
    },
    "@500000": {
        "validity": 0.978138,
        "uniqueness": 0.451996,
        "novelty": 0.449872,
        "n_valid": 489069,
        "n_unique": 225998,
        "n_novel": 224936
    },
    "@550000": {
        "validity": 0.9781581818181818,
        "uniqueness": 0.4434436363636364,
        "novelty": 0.4414636363636364,
        "n_valid": 537987,
        "n_unique": 243894,
        "n_novel": 242805
    },
    "@600000": {
        "validity": 0.9781116666666667,
        "uniqueness": 0.43573833333333334,
        "novelty": 0.43388333333333334,
        "n_valid": 586867,
        "n_unique": 261443,
        "n_novel": 260330
    },
    "@650000": {
        "validity": 0.9781138461538461,
        "uniqueness": 0.4285123076923077,
        "novelty": 0.4267723076923077,
        "n_valid": 635774,
        "n_unique": 278533,
        "n_novel": 277402
    },
    "@700000": {
        "validity": 0.9781671428571429,
        "uniqueness": 0.42213142857142855,
        "novelty": 0.4204857142857143,
        "n_valid": 684717,
        "n_unique": 295492,
        "n_novel": 294340
    },
    "@750000": {
        "validity": 0.9781853333333334,
        "uniqueness": 0.416048,
        "novelty": 0.4144813333333333,
        "n_valid": 733639,
        "n_unique": 312036,
        "n_novel": 310861
    },
    "@800000": {
        "validity": 0.97827125,
        "uniqueness": 0.41039625,
        "novelty": 0.4089075,
        "n_valid": 782617,
        "n_unique": 328317,
        "n_novel": 327126
    },
    "@850000": {
        "validity": 0.9782317647058824,
        "uniqueness": 0.40496823529411763,
        "novelty": 0.4035470588235294,
        "n_valid": 831497,
        "n_unique": 344223,
        "n_novel": 343015
    },
    "@900000": {
        "validity": 0.97815,
        "uniqueness": 0.39999,
        "novelty": 0.3986266666666667,
        "n_valid": 880335,
        "n_unique": 359991,
        "n_novel": 358764
    },
    "@950000": {
        "validity": 0.9781694736842105,
        "uniqueness": 0.3953957894736842,
        "novelty": 0.39407473684210526,
        "n_valid": 929261,
        "n_unique": 375626,
        "n_novel": 374371
    },
    "@1000000": {
        "validity": 0.978146,
        "uniqueness": 0.391151,
        "novelty": 0.389876,
        "n_valid": 978146,
        "n_unique": 391151,
        "n_novel": 389876
    }
}