{
    "@50000": {
        "validity": 0.27572,
        "uniqueness": 0.27354,
        "novelty": 0.27184,
        "n_valid": 13786,
        "n_unique": 13677,
        "n_novel": 13592
    },
    "@100000": {
        "validity": 0.27433,
        "uniqueness": 0.27129,
        "novelty": 0.26961,
        "n_valid": 27433,
        "n_unique": 27129,
        "n_novel": 26961
    },
    "@150000": {
        "validity": 0.27335333333333334,
        "uniqueness": 0.2694933333333333,
        "novelty": 0.2679,
        "n_valid": 41003,
        "n_unique": 40424,
        "n_novel": 40185
    },
    "@200000": {
        "validity": 0.273815,
        "uniqueness": 0.269175,
        "novelty": 0.26766,
        "n_valid": 54763,
        "n_unique": 53835,
        "n_novel": 53532
    },
    "@250000": {
        "validity": 0.274232,
        "uniqueness": 0.268972,
        "novelty": 0.267548,
        "n_valid": 68558,
        "n_unique": 67243,
        "n_novel": 66887
    },
    "@300000": {
        "validity": 0.27457,
        "uniqueness": 0.26867,
        "novelty": 0.26728,
        "n_valid": 82371,
        "n_unique": 80601,
        "n_novel": 80184
    },
    "@350000": {
        "validity": 0.27419714285714286,
        "uniqueness": 0.2678857142857143,
        "novelty": 0.2665342857142857,
        "n_valid": 95969,
        "n_unique": 93760,
        "n_novel": 93287
    },
    "@400000": {
        "validity": 0.2743175,
        "uniqueness": 0.26757,
        "novelty": 0.2662275,
        "n_valid": 109727,
        "n_unique": 107028,
        "n_novel": 106491
    },
    "@450000": {
        "validity": 0.27469333333333334,
        "uniqueness": 0.26758444444444446,
        "novelty": 0.26626444444444447,
        "n_valid": 123612,
        "n_unique": 120413,
        "n_novel": 119819
    },
    "@500000": {
        "validity": 0.274532,
        "uniqueness": 0.267082,
        "novelty": 0.26577,
        "n_valid": 137266,
        "n_unique": 133541,
        "n_novel": 132885
    },
    "@550000": {
        "validity": 0.2744672727272727,
        "uniqueness": 0.26674545454545456,
        "novelty": 0.26545636363636366,
        "n_valid": 150957,
        "n_unique": 146710,
        "n_novel": 146001
    },
    "@600000": {
        "validity": 0.274425,
        "uniqueness": 0.26633833333333334,
        "novelty": 0.26507,
        "n_valid": 164655,
        "n_unique": 159803,
        "n_novel": 159042
    },
    "@650000": {
        "validity": 0.2746753846153846,
        "uniqueness": 0.26630615384615386,
        "novelty": 0.26504,
        "n_valid": 178539,
        "n_unique": 173099,
        "n_novel": 172276
    },
    "@700000": {
        "validity": 0.27489714285714284,
        "uniqueness": 0.26622285714285715,
        "novelty": 0.2649885714285714,
        "n_valid": 192428,
        "n_unique": 186356,
        "n_novel": 185492
    },
    "@750000": {
        "validity": 0.27498533333333336,
        "uniqueness": 0.266076,
        "novelty": 0.26487466666666665,
        "n_valid": 206239,
        "n_unique": 199557,
        "n_novel": 198656
    },
    "@800000": {
        "validity": 0.27523,
        "uniqueness": 0.2660975,
        "novelty": 0.26489375,
        "n_valid": 220184,
        "n_unique": 212878,
        "n_novel": 211915
    },
    "@850000": {
        "validity": 0.2749023529411765,
        "uniqueness": 0.26553058823529413,
        "novelty": 0.26434588235294115,
        "n_valid": 233667,
        "n_unique": 225701,
        "n_novel": 224694
    },
    "@900000": {
        "validity": 0.2748744444444444,
        "uniqueness": 0.26527222222222224,
        "novelty": 0.26411555555555555,
        "n_valid": 247387,
        "n_unique": 238745,
        "n_novel": 237704
    },
    "@950000": {
        "validity": 0.2748052631578947,
        "uniqueness": 0.2650273684210526,
        "novelty": 0.2638978947368421,
        "n_valid": 261065,
        "n_unique": 251776,
        "n_novel": 250703
    },
    "@1000000": {
        "validity": 0.274837,
        "uniqueness": 0.26487,
        "novelty": 0.263753,
        "n_valid": 274837,
        "n_unique": 264870,
        "n_novel": 263753
    }
}