{
    "@50000": {
        "validity": 0.90974,
        "uniqueness": 0.55184,
        "novelty": 0.54328,
        "n_valid": 45487,
        "n_unique": 27592,
        "n_novel": 27164
    },
    "@100000": {
        "validity": 0.91095,
        "uniqueness": 0.50338,
        "novelty": 0.49739,
        "n_valid": 91095,
        "n_unique": 50338,
        "n_novel": 49739
    },
    "@150000": {
        "validity": 0.9106466666666667,
        "uniqueness": 0.47412,
        "novelty": 0.46944,
        "n_valid": 136597,
        "n_unique": 71118,
        "n_novel": 70416
    },
    "@200000": {
        "validity": 0.91015,
        "uniqueness": 0.45408,
        "novelty": 0.450215,
        "n_valid": 182030,
        "n_unique": 90816,
        "n_novel": 90043
    },
    "@250000": {
        "validity": 0.91044,
        "uniqueness": 0.438288,
        "novelty": 0.434952,
        "n_valid": 227610,
        "n_unique": 109572,
        "n_novel": 108738
    },
    "@300000": {
        "validity": 0.9104466666666666,
        "uniqueness": 0.42540666666666666,
        "novelty": 0.42245333333333335,
        "n_valid": 273134,
        "n_unique": 127622,
        "n_novel": 126736
    },
    "@350000": {
        "validity": 0.9106257142857143,
        "uniqueness": 0.41476285714285716,
        "novelty": 0.4120742857142857,
        "n_valid": 318719,
        "n_unique": 145167,
        "n_novel": 144226
    },
    "@400000": {
        "validity": 0.9105575,
        "uniqueness": 0.4055525,
        "novelty": 0.4030825,
        "n_valid": 364223,
        "n_unique": 162221,
        "n_novel": 161233
    },
    "@450000": {
        "validity": 0.9106222222222222,
        "uniqueness": 0.39750444444444444,
        "novelty": 0.39522,
        "n_valid": 409780,
        "n_unique": 178877,
        "n_novel": 177849
    },
    "@500000": {
        "validity": 0.910744,
        "uniqueness": 0.390876,
        "novelty": 0.38873,
        "n_valid": 455372,
        "n_unique": 195438,
        "n_novel": 194365
    },
    "@550000": {
        "validity": 0.9107072727272727,
        "uniqueness": 0.38462545454545455,
        "novelty": 0.3826109090909091,
        "n_valid": 500889,
        "n_unique": 211544,
        "n_novel": 210436
    },
    "@600000": {
        "validity": 0.9106383333333333,
        "uniqueness": 0.37884666666666666,
        "novelty": 0.376925,
        "n_valid": 546383,
        "n_unique": 227308,
        "n_novel": 226155
    },
    "@650000": {
        "validity": 0.9105076923076924,
        "uniqueness": 0.37394923076923076,
        "novelty": 0.3721307692307692,
        "n_valid": 591830,
        "n_unique": 243067,
        "n_novel": 241885
    },
    "@700000": {
        "validity": 0.9104814285714286,
        "uniqueness": 0.3690842857142857,
        "novelty": 0.36736,
        "n_valid": 637337,
        "n_unique": 258359,
        "n_novel": 257152
    },
    "@750000": {
        "validity": 0.91046,
        "uniqueness": 0.3649346666666667,
        "novelty": 0.36328533333333335,
        "n_valid": 682845,
        "n_unique": 273701,
        "n_novel": 272464
    },
    "@800000": {
        "validity": 0.91041125,
        "uniqueness": 0.3609025,
        "novelty": 0.3593275,
        "n_valid": 728329,
        "n_unique": 288722,
        "n_novel": 287462
    },
    "@850000": {
        "validity": 0.9103258823529412,
        "uniqueness": 0.3570505882352941,
        "novelty": 0.3555376470588235,
        "n_valid": 773777,
        "n_unique": 303493,
        "n_novel": 302207
    },
    "@900000": {
        "validity": 0.9103422222222223,
        "uniqueness": 0.35345333333333334,
        "novelty": 0.3519922222222222,
        "n_valid": 819308,
        "n_unique": 318108,
        "n_novel": 316793
    },
    "@950000": {
        "validity": 0.9101926315789474,
        "uniqueness": 0.3499315789473684,
        "novelty": 0.3485284210526316,
        "n_valid": 864683,
        "n_unique": 332435,
        "n_novel": 331102
    },
    "@1000000": {
        "validity": 0.910243,
        "uniqueness": 0.346636,
        "novelty": 0.345283,
        "n_valid": 910243,
        "n_unique": 346636,
        "n_novel": 345283
    }
}