{
    "@50000": {
        "validity": 0.9013,
        "uniqueness": 0.87564,
        "novelty": 0.8647,
        "n_valid": 45065,
        "n_unique": 43782,
        "n_novel": 43235
    },
    "@100000": {
        "validity": 0.90173,
        "uniqueness": 0.86582,
        "novelty": 0.85678,
        "n_valid": 90173,
        "n_unique": 86582,
        "n_novel": 85678
    },
    "@150000": {
        "validity": 0.9031266666666666,
        "uniqueness": 0.8596533333333334,
        "novelty": 0.8515333333333334,
        "n_valid": 135469,
        "n_unique": 128948,
        "n_novel": 127730
    },
    "@200000": {
        "validity": 0.90252,
        "uniqueness": 0.85291,
        "novelty": 0.84544,
        "n_valid": 180504,
        "n_unique": 170582,
        "n_novel": 169088
    },
    "@250000": {
        "validity": 0.902172,
        "uniqueness": 0.847352,
        "novelty": 0.840488,
        "n_valid": 225543,
        "n_unique": 211838,
        "n_novel": 210122
    },
    "@300000": {
        "validity": 0.9023,
        "uniqueness": 0.8430933333333334,
        "novelty": 0.8366366666666667,
        "n_valid": 270690,
        "n_unique": 252928,
        "n_novel": 250991
    },
    "@350000": {
        "validity": 0.9022742857142857,
        "uniqueness": 0.8395771428571429,
        "novelty": 0.83344,
        "n_valid": 315796,
        "n_unique": 293852,
        "n_novel": 291704
    },
    "@400000": {
        "validity": 0.9021825,
        "uniqueness": 0.836105,
        "novelty": 0.830295,
        "n_valid": 360873,
        "n_unique": 334442,
        "n_novel": 332118
    },
    "@450000": {
        "validity": 0.9021022222222222,
        "uniqueness": 0.8327822222222222,
        "novelty": 0.8272022222222222,
        "n_valid": 405946,
        "n_unique": 374752,
        "n_novel": 372241
    },
    "@500000": {
        "validity": 0.90198,
        "uniqueness": 0.82974,
        "novelty": 0.824392,
        "n_valid": 450990,
        "n_unique": 414870,
        "n_novel": 412196
    },
    "@550000": {
        "validity": 0.9022563636363636,
        "uniqueness": 0.8271472727272727,
        "novelty": 0.8219981818181819,
        "n_valid": 496241,
        "n_unique": 454931,
        "n_novel": 452099
    },
    "@600000": {
        "validity": 0.902035,
        "uniqueness": 0.8243283333333333,
        "novelty": 0.8193683333333334,
        "n_valid": 541221,
        "n_unique": 494597,
        "n_novel": 491621
    },
    "@650000": {
        "validity": 0.9020507692307692,
        "uniqueness": 0.8219892307692308,
        "novelty": 0.8171892307692308,
        "n_valid": 586333,
        "n_unique": 534293,
        "n_novel": 531173
    },
    "@700000": {
        "validity": 0.9020085714285714,
        "uniqueness": 0.8198714285714286,
        "novelty": 0.8151842857142857,
        "n_valid": 631406,
        "n_unique": 573910,
        "n_novel": 570629
    },
    "@750000": {
        "validity": 0.902136,
        "uniqueness": 0.8180413333333333,
        "novelty": 0.813464,
        "n_valid": 676602,
        "n_unique": 613531,
        "n_novel": 610098
    },
    "@800000": {
        "validity": 0.9020375,
        "uniqueness": 0.81588875,
        "novelty": 0.8114025,
        "n_valid": 721630,
        "n_unique": 652711,
        "n_novel": 649122
    },
    "@850000": {
        "validity": 0.9021482352941177,
        "uniqueness": 0.8140070588235294,
        "novelty": 0.8096305882352941,
        "n_valid": 766826,
        "n_unique": 691906,
        "n_novel": 688186
    },
    "@900000": {
        "validity": 0.9021066666666666,
        "uniqueness": 0.8122322222222222,
        "novelty": 0.8079555555555555,
        "n_valid": 811896,
        "n_unique": 731009,
        "n_novel": 727160
    },
    "@950000": {
        "validity": 0.9021526315789473,
        "uniqueness": 0.8105431578947369,
        "novelty": 0.8063557894736842,
        "n_valid": 857045,
        "n_unique": 770016,
        "n_novel": 766038
    },
    "@1000000": {
        "validity": 0.902226,
        "uniqueness": 0.808863,
        "novelty": 0.804774,
        "n_valid": 902226,
        "n_unique": 808863,
        "n_novel": 804774
    }
}