{
    "@50000": {
        "validity": 0.75714,
        "uniqueness": 0.75338,
        "novelty": 0.74768,
        "n_valid": 37857,
        "n_unique": 37669,
        "n_novel": 37384
    },
    "@100000": {
        "validity": 0.75576,
        "uniqueness": 0.74957,
        "novelty": 0.74432,
        "n_valid": 75576,
        "n_unique": 74957,
        "n_novel": 74432
    },
    "@150000": {
        "validity": 0.7556,
        "uniqueness": 0.7477666666666667,
        "novelty": 0.7426666666666667,
        "n_valid": 113340,
        "n_unique": 112165,
        "n_novel": 111400
    },
    "@200000": {
        "validity": 0.75529,
        "uniqueness": 0.74632,
        "novelty": 0.741375,
        "n_valid": 151058,
        "n_unique": 149264,
        "n_novel": 148275
    },
    "@250000": {
        "validity": 0.754656,
        "uniqueness": 0.744716,
        "novelty": 0.739852,
        "n_valid": 188664,
        "n_unique": 186179,
        "n_novel": 184963
    },
    "@300000": {
        "validity": 0.7544533333333333,
        "uniqueness": 0.7437066666666666,
        "novelty": 0.73893,
        "n_valid": 226336,
        "n_unique": 223112,
        "n_novel": 221679
    },
    "@350000": {
        "validity": 0.75448,
        "uniqueness": 0.7428685714285714,
        "novelty": 0.7382314285714285,
        "n_valid": 264068,
        "n_unique": 260004,
        "n_novel": 258381
    },
    "@400000": {
        "validity": 0.754425,
        "uniqueness": 0.742035,
        "novelty": 0.73752,
        "n_valid": 301770,
        "n_unique": 296814,
        "n_novel": 295008
    },
    "@450000": {
        "validity": 0.7544555555555555,
        "uniqueness": 0.7413444444444445,
        "novelty": 0.7369422222222223,
        "n_valid": 339505,
        "n_unique": 333605,
        "n_novel": 331624
    },
    "@500000": {
        "validity": 0.75445,
        "uniqueness": 0.740702,
        "novelty": 0.736358,
        "n_valid": 377225,
        "n_unique": 370351,
        "n_novel": 368179
    },
    "@550000": {
        "validity": 0.7545436363636364,
        "uniqueness": 0.7401472727272728,
        "novelty": 0.7358563636363636,
        "n_valid": 414999,
        "n_unique": 407081,
        "n_novel": 404721
    },
    "@600000": {
        "validity": 0.7542233333333334,
        "uniqueness": 0.7392633333333334,
        "novelty": 0.7350616666666666,
        "n_valid": 452534,
        "n_unique": 443558,
        "n_novel": 441037
    },
    "@650000": {
        "validity": 0.7543092307692307,
        "uniqueness": 0.73882,
        "novelty": 0.7347,
        "n_valid": 490301,
        "n_unique": 480233,
        "n_novel": 477555
    },
    "@700000": {
        "validity": 0.7543057142857142,
        "uniqueness": 0.7383614285714286,
        "novelty": 0.7342814285714285,
        "n_valid": 528014,
        "n_unique": 516853,
        "n_novel": 513997
    },
    "@750000": {
        "validity": 0.7541333333333333,
        "uniqueness": 0.7377786666666667,
        "novelty": 0.73376,
        "n_valid": 565600,
        "n_unique": 553334,
        "n_novel": 550320
    },
    "@800000": {
        "validity": 0.754015,
        "uniqueness": 0.73724875,
        "novelty": 0.73327,
        "n_valid": 603212,
        "n_unique": 589799,
        "n_novel": 586616
    },
    "@850000": {
        "validity": 0.7540141176470588,
        "uniqueness": 0.7368011764705882,
        "novelty": 0.7328623529411765,
        "n_valid": 640912,
        "n_unique": 626281,
        "n_novel": 622933
    },
    "@900000": {
        "validity": 0.7540844444444444,
        "uniqueness": 0.7365222222222222,
        "novelty": 0.7326233333333333,
        "n_valid": 678676,
        "n_unique": 662870,
        "n_novel": 659361
    },
    "@950000": {
        "validity": 0.7540178947368421,
        "uniqueness": 0.7360989473684211,
        "novelty": 0.73224,
        "n_valid": 716317,
        "n_unique": 699294,
        "n_novel": 695628
    },
    "@1000000": {
        "validity": 0.753989,
        "uniqueness": 0.735692,
        "novelty": 0.73189,
        "n_valid": 753989,
        "n_unique": 735692,
        "n_novel": 731890
    }
}