{
    "@50000": {
        "validity": 0.97992,
        "uniqueness": 0.95312,
        "novelty": 0.91922,
        "n_valid": 48996,
        "n_unique": 47656,
        "n_novel": 45961
    },
    "@100000": {
        "validity": 0.97896,
        "uniqueness": 0.93861,
        "novelty": 0.90816,
        "n_valid": 97896,
        "n_unique": 93861,
        "n_novel": 90816
    },
    "@150000": {
        "validity": 0.9789333333333333,
        "uniqueness": 0.9286266666666667,
        "novelty": 0.9000866666666667,
        "n_valid": 146840,
        "n_unique": 139294,
        "n_novel": 135013
    },
    "@200000": {
        "validity": 0.97887,
        "uniqueness": 0.92075,
        "novelty": 0.893725,
        "n_valid": 195774,
        "n_unique": 184150,
        "n_novel": 178745
    },
    "@250000": {
        "validity": 0.979024,
        "uniqueness": 0.913884,
        "novelty": 0.888012,
        "n_valid": 244756,
        "n_unique": 228471,
        "n_novel": 222003
    },
    "@300000": {
        "validity": 0.9789633333333333,
        "uniqueness": 0.9075733333333333,
        "novelty": 0.8828266666666666,
        "n_valid": 293689,
        "n_unique": 272272,
        "n_novel": 264848
    },
    "@350000": {
        "validity": 0.9789628571428571,
        "uniqueness": 0.9019,
        "novelty": 0.8782085714285714,
        "n_valid": 342637,
        "n_unique": 315665,
        "n_novel": 307373
    },
    "@400000": {
        "validity": 0.9790975,
        "uniqueness": 0.896885,
        "novelty": 0.8739525,
        "n_valid": 391639,
        "n_unique": 358754,
        "n_novel": 349581
    },
    "@450000": {
        "validity": 0.9790644444444444,
        "uniqueness": 0.8921777777777777,
        "novelty": 0.8698911111111111,
        "n_valid": 440579,
        "n_unique": 401480,
        "n_novel": 391451
    },
    "@500000": {
        "validity": 0.979048,
        "uniqueness": 0.887996,
        "novelty": 0.866408,
        "n_valid": 489524,
        "n_unique": 443998,
        "n_novel": 433204
    },
    "@550000": {
        "validity": 0.9790254545454545,
        "uniqueness": 0.8842618181818181,
        "novelty": 0.86326,
        "n_valid": 538464,
        "n_unique": 486344,
        "n_novel": 474793
    },
    "@600000": {
        "validity": 0.97903,
        "uniqueness": 0.8804016666666666,
        "novelty": 0.8598533333333334,
        "n_valid": 587418,
        "n_unique": 528241,
        "n_novel": 515912
    },
    "@650000": {
        "validity": 0.9790738461538462,
        "uniqueness": 0.8769384615384616,
        "novelty": 0.8569353846153847,
        "n_valid": 636398,
        "n_unique": 570010,
        "n_novel": 557008
    },
    "@700000": {
        "validity": 0.9790985714285714,
        "uniqueness": 0.87376,
        "novelty": 0.85419,
        "n_valid": 685369,
        "n_unique": 611632,
        "n_novel": 597933
    },
    "@750000": {
        "validity": 0.9790213333333333,
        "uniqueness": 0.870632,
        "novelty": 0.8514853333333333,
        "n_valid": 734266,
        "n_unique": 652974,
        "n_novel": 638614
    },
    "@800000": {
        "validity": 0.97899875,
        "uniqueness": 0.86793625,
        "novelty": 0.8492325,
        "n_valid": 783199,
        "n_unique": 694349,
        "n_novel": 679386
    },
    "@850000": {
        "validity": 0.9789952941176471,
        "uniqueness": 0.8655176470588235,
        "novelty": 0.8471764705882353,
        "n_valid": 832146,
        "n_unique": 735690,
        "n_novel": 720100
    },
    "@900000": {
        "validity": 0.9789866666666667,
        "uniqueness": 0.8629133333333333,
        "novelty": 0.8448988888888889,
        "n_valid": 881088,
        "n_unique": 776622,
        "n_novel": 760409
    },
    "@950000": {
        "validity": 0.9789915789473684,
        "uniqueness": 0.8604452631578947,
        "novelty": 0.8427968421052632,
        "n_valid": 930042,
        "n_unique": 817423,
        "n_novel": 800657
    },
    "@1000000": {
        "validity": 0.979006,
        "uniqueness": 0.858132,
        "novelty": 0.840774,
        "n_valid": 979006,
        "n_unique": 858132,
        "n_novel": 840774
    }
}