{
    "train_loss": [
        0.7353828549385071,
        0.6398390233516693,
        0.5831685781478881,
        0.5418221354484558,
        0.5085959583520889,
        0.48106353282928466,
        0.45422980189323425,
        0.43521052598953247
    ],
    "val_loss": [
        0.6379452049732208,
        0.6086825877428055,
        0.588950052857399,
        0.5736884623765945,
        0.5714944750070572,
        0.5758093744516373,
        0.5820568650960922,
        0.5947650521993637
    ]
}