{
    "@50000": {
        "validity": 0.9857,
        "uniqueness": 0.6611,
        "novelty": 0.6397,
        "n_valid": 49285,
        "n_unique": 33055,
        "n_novel": 31985
    },
    "@100000": {
        "validity": 0.98593,
        "uniqueness": 0.60939,
        "novelty": 0.59261,
        "n_valid": 98593,
        "n_unique": 60939,
        "n_novel": 59261
    },
    "@150000": {
        "validity": 0.9857466666666667,
        "uniqueness": 0.5775466666666667,
        "novelty": 0.5634333333333333,
        "n_valid": 147862,
        "n_unique": 86632,
        "n_novel": 84515
    },
    "@200000": {
        "validity": 0.985655,
        "uniqueness": 0.555105,
        "novelty": 0.542395,
        "n_valid": 197131,
        "n_unique": 111021,
        "n_novel": 108479
    },
    "@250000": {
        "validity": 0.985616,
        "uniqueness": 0.538712,
        "novelty": 0.52714,
        "n_valid": 246404,
        "n_unique": 134678,
        "n_novel": 131785
    },
    "@300000": {
        "validity": 0.9856866666666667,
        "uniqueness": 0.5259533333333334,
        "novelty": 0.51525,
        "n_valid": 295706,
        "n_unique": 157786,
        "n_novel": 154575
    },
    "@350000": {
        "validity": 0.9856828571428572,
        "uniqueness": 0.5149942857142857,
        "novelty": 0.5049628571428572,
        "n_valid": 344989,
        "n_unique": 180248,
        "n_novel": 176737
    },
    "@400000": {
        "validity": 0.9857775,
        "uniqueness": 0.50513,
        "novelty": 0.49569,
        "n_valid": 394311,
        "n_unique": 202052,
        "n_novel": 198276
    },
    "@450000": {
        "validity": 0.98572,
        "uniqueness": 0.49665333333333334,
        "novelty": 0.4876688888888889,
        "n_valid": 443574,
        "n_unique": 223494,
        "n_novel": 219451
    },
    "@500000": {
        "validity": 0.985592,
        "uniqueness": 0.488558,
        "novelty": 0.479976,
        "n_valid": 492796,
        "n_unique": 244279,
        "n_novel": 239988
    },
    "@550000": {
        "validity": 0.9855945454545455,
        "uniqueness": 0.48143636363636366,
        "novelty": 0.47318727272727273,
        "n_valid": 542077,
        "n_unique": 264790,
        "n_novel": 260253
    },
    "@600000": {
        "validity": 0.9856666666666667,
        "uniqueness": 0.47488833333333336,
        "novelty": 0.46698833333333334,
        "n_valid": 591400,
        "n_unique": 284933,
        "n_novel": 280193
    },
    "@650000": {
        "validity": 0.9856938461538461,
        "uniqueness": 0.4690323076923077,
        "novelty": 0.4613892307692308,
        "n_valid": 640701,
        "n_unique": 304871,
        "n_novel": 299903
    },
    "@700000": {
        "validity": 0.9857171428571428,
        "uniqueness": 0.46372,
        "novelty": 0.4562942857142857,
        "n_valid": 690002,
        "n_unique": 324604,
        "n_novel": 319406
    },
    "@750000": {
        "validity": 0.9857333333333334,
        "uniqueness": 0.458576,
        "novelty": 0.45135733333333333,
        "n_valid": 739300,
        "n_unique": 343932,
        "n_novel": 338518
    },
    "@800000": {
        "validity": 0.98579625,
        "uniqueness": 0.454025,
        "novelty": 0.44705125,
        "n_valid": 788637,
        "n_unique": 363220,
        "n_novel": 357641
    },
    "@850000": {
        "validity": 0.9857658823529412,
        "uniqueness": 0.4495941176470588,
        "novelty": 0.44281882352941176,
        "n_valid": 837901,
        "n_unique": 382155,
        "n_novel": 376396
    },
    "@900000": {
        "validity": 0.9857411111111111,
        "uniqueness": 0.44538666666666665,
        "novelty": 0.4387988888888889,
        "n_valid": 887167,
        "n_unique": 400848,
        "n_novel": 394919
    },
    "@950000": {
        "validity": 0.98572,
        "uniqueness": 0.44134736842105265,
        "novelty": 0.4349284210526316,
        "n_valid": 936434,
        "n_unique": 419280,
        "n_novel": 413182
    },
    "@1000000": {
        "validity": 0.985742,
        "uniqueness": 0.43761,
        "novelty": 0.431369,
        "n_valid": 985742,
        "n_unique": 437610,
        "n_novel": 431369
    }
}