{
    "train_loss": [
        0.6239599883556366,
        0.5042945742607117,
        0.43417063653469085,
        0.39658271074295043,
        0.3733446478843689,
        0.347677543759346,
        0.3415723115205765,
        0.3286063015460968,
        0.3147613614797592,
        0.3050681561231613,
        0.29966617822647096
    ],
    "val_loss": [
        0.5321106463670731,
        0.49432334303855896,
        0.4749896228313446,
        0.46674272418022156,
        0.46605005115270615,
        0.46508508920669556,
        0.46482983231544495,
        0.4582183137536049,
        0.4660091921687126,
        0.4696125313639641,
        0.46316535770893097
    ]
}