{
    "@50000": {
        "validity": 0.95864,
        "uniqueness": 0.95292,
        "novelty": 0.93256,
        "n_valid": 47932,
        "n_unique": 47646,
        "n_novel": 46628
    },
    "@100000": {
        "validity": 0.95826,
        "uniqueness": 0.94881,
        "novelty": 0.92908,
        "n_valid": 95826,
        "n_unique": 94881,
        "n_novel": 92908
    },
    "@150000": {
        "validity": 0.9582133333333334,
        "uniqueness": 0.946,
        "novelty": 0.92718,
        "n_valid": 143732,
        "n_unique": 141900,
        "n_novel": 139077
    },
    "@200000": {
        "validity": 0.958345,
        "uniqueness": 0.943405,
        "novelty": 0.92553,
        "n_valid": 191669,
        "n_unique": 188681,
        "n_novel": 185106
    },
    "@250000": {
        "validity": 0.958908,
        "uniqueness": 0.941928,
        "novelty": 0.924556,
        "n_valid": 239727,
        "n_unique": 235482,
        "n_novel": 231139
    },
    "@300000": {
        "validity": 0.9590733333333333,
        "uniqueness": 0.9400833333333334,
        "novelty": 0.9231333333333334,
        "n_valid": 287722,
        "n_unique": 282025,
        "n_novel": 276940
    },
    "@350000": {
        "validity": 0.9587714285714286,
        "uniqueness": 0.9382428571428572,
        "novelty": 0.9217285714285715,
        "n_valid": 335570,
        "n_unique": 328385,
        "n_novel": 322605
    },
    "@400000": {
        "validity": 0.9586425,
        "uniqueness": 0.9364175,
        "novelty": 0.9202175,
        "n_valid": 383457,
        "n_unique": 374567,
        "n_novel": 368087
    },
    "@450000": {
        "validity": 0.9585222222222223,
        "uniqueness": 0.9347155555555555,
        "novelty": 0.9189133333333334,
        "n_valid": 431335,
        "n_unique": 420622,
        "n_novel": 413511
    },
    "@500000": {
        "validity": 0.958574,
        "uniqueness": 0.93306,
        "novelty": 0.91756,
        "n_valid": 479287,
        "n_unique": 466530,
        "n_novel": 458780
    },
    "@550000": {
        "validity": 0.9585781818181818,
        "uniqueness": 0.9317072727272727,
        "novelty": 0.9165836363636364,
        "n_valid": 527218,
        "n_unique": 512439,
        "n_novel": 504121
    },
    "@600000": {
        "validity": 0.9585416666666666,
        "uniqueness": 0.9304166666666667,
        "novelty": 0.9155916666666667,
        "n_valid": 575125,
        "n_unique": 558250,
        "n_novel": 549355
    },
    "@650000": {
        "validity": 0.95854,
        "uniqueness": 0.9291476923076923,
        "novelty": 0.9145492307692308,
        "n_valid": 623051,
        "n_unique": 603946,
        "n_novel": 594457
    },
    "@700000": {
        "validity": 0.9584571428571429,
        "uniqueness": 0.9278685714285714,
        "novelty": 0.9135214285714286,
        "n_valid": 670920,
        "n_unique": 649508,
        "n_novel": 639465
    },
    "@750000": {
        "validity": 0.9584013333333333,
        "uniqueness": 0.926824,
        "novelty": 0.9126186666666667,
        "n_valid": 718801,
        "n_unique": 695118,
        "n_novel": 684464
    },
    "@800000": {
        "validity": 0.95848125,
        "uniqueness": 0.92578875,
        "novelty": 0.91179625,
        "n_valid": 766785,
        "n_unique": 740631,
        "n_novel": 729437
    },
    "@850000": {
        "validity": 0.9585129411764706,
        "uniqueness": 0.9247729411764706,
        "novelty": 0.9109470588235294,
        "n_valid": 814736,
        "n_unique": 786057,
        "n_novel": 774305
    },
    "@900000": {
        "validity": 0.95858,
        "uniqueness": 0.9239388888888889,
        "novelty": 0.9102877777777778,
        "n_valid": 862722,
        "n_unique": 831545,
        "n_novel": 819259
    },
    "@950000": {
        "validity": 0.9586021052631579,
        "uniqueness": 0.9228536842105263,
        "novelty": 0.9093642105263158,
        "n_valid": 910672,
        "n_unique": 876711,
        "n_novel": 863896
    },
    "@1000000": {
        "validity": 0.958634,
        "uniqueness": 0.921968,
        "novelty": 0.908658,
        "n_valid": 958634,
        "n_unique": 921968,
        "n_novel": 908658
    }
}