{
    "@50000": {
        "validity": 0.95972,
        "uniqueness": 0.34118,
        "novelty": 0.33172,
        "n_valid": 47986,
        "n_unique": 17059,
        "n_novel": 16586
    },
    "@100000": {
        "validity": 0.95971,
        "uniqueness": 0.29731,
        "novelty": 0.29124,
        "n_valid": 95971,
        "n_unique": 29731,
        "n_novel": 29124
    },
    "@150000": {
        "validity": 0.9591533333333333,
        "uniqueness": 0.27344,
        "novelty": 0.2688,
        "n_valid": 143873,
        "n_unique": 41016,
        "n_novel": 40320
    },
    "@200000": {
        "validity": 0.95905,
        "uniqueness": 0.25788,
        "novelty": 0.254,
        "n_valid": 191810,
        "n_unique": 51576,
        "n_novel": 50800
    },
    "@250000": {
        "validity": 0.959024,
        "uniqueness": 0.246312,
        "novelty": 0.242972,
        "n_valid": 239756,
        "n_unique": 61578,
        "n_novel": 60743
    },
    "@300000": {
        "validity": 0.9588866666666667,
        "uniqueness": 0.23686333333333334,
        "novelty": 0.23388666666666666,
        "n_valid": 287666,
        "n_unique": 71059,
        "n_novel": 70166
    },
    "@350000": {
        "validity": 0.9589971428571429,
        "uniqueness": 0.22936285714285715,
        "novelty": 0.22667714285714285,
        "n_valid": 335649,
        "n_unique": 80277,
        "n_novel": 79337
    },
    "@400000": {
        "validity": 0.9591525,
        "uniqueness": 0.22303,
        "novelty": 0.22054,
        "n_valid": 383661,
        "n_unique": 89212,
        "n_novel": 88216
    },
    "@450000": {
        "validity": 0.9591244444444444,
        "uniqueness": 0.21725111111111112,
        "novelty": 0.21496444444444446,
        "n_valid": 431606,
        "n_unique": 97763,
        "n_novel": 96734
    },
    "@500000": {
        "validity": 0.959176,
        "uniqueness": 0.212164,
        "novelty": 0.210018,
        "n_valid": 479588,
        "n_unique": 106082,
        "n_novel": 105009
    },
    "@550000": {
        "validity": 0.9590436363636363,
        "uniqueness": 0.20772909090909092,
        "novelty": 0.20570363636363637,
        "n_valid": 527474,
        "n_unique": 114251,
        "n_novel": 113137
    },
    "@600000": {
        "validity": 0.9590083333333334,
        "uniqueness": 0.20351,
        "novelty": 0.201605,
        "n_valid": 575405,
        "n_unique": 122106,
        "n_novel": 120963
    },
    "@650000": {
        "validity": 0.9590246153846154,
        "uniqueness": 0.1999,
        "novelty": 0.1981,
        "n_valid": 623366,
        "n_unique": 129935,
        "n_novel": 128765
    },
    "@700000": {
        "validity": 0.9590542857142857,
        "uniqueness": 0.19666714285714285,
        "novelty": 0.19495142857142858,
        "n_valid": 671338,
        "n_unique": 137667,
        "n_novel": 136466
    },
    "@750000": {
        "validity": 0.9590306666666667,
        "uniqueness": 0.19368266666666667,
        "novelty": 0.19203866666666666,
        "n_valid": 719273,
        "n_unique": 145262,
        "n_novel": 144029
    },
    "@800000": {
        "validity": 0.95904375,
        "uniqueness": 0.1910625,
        "novelty": 0.1894825,
        "n_valid": 767235,
        "n_unique": 152850,
        "n_novel": 151586
    },
    "@850000": {
        "validity": 0.9590611764705882,
        "uniqueness": 0.1884105882352941,
        "novelty": 0.18689058823529411,
        "n_valid": 815202,
        "n_unique": 160149,
        "n_novel": 158857
    },
    "@900000": {
        "validity": 0.9589766666666667,
        "uniqueness": 0.18593555555555555,
        "novelty": 0.18447666666666668,
        "n_valid": 863079,
        "n_unique": 167342,
        "n_novel": 166029
    },
    "@950000": {
        "validity": 0.9589557894736842,
        "uniqueness": 0.1838221052631579,
        "novelty": 0.18241473684210527,
        "n_valid": 911008,
        "n_unique": 174631,
        "n_novel": 173294
    },
    "@1000000": {
        "validity": 0.959044,
        "uniqueness": 0.181703,
        "novelty": 0.180344,
        "n_valid": 959044,
        "n_unique": 181703,
        "n_novel": 180344
    }
}