{
    "@50000": {
        "validity": 0.92112,
        "uniqueness": 0.8784,
        "novelty": 0.86458,
        "n_valid": 46056,
        "n_unique": 43920,
        "n_novel": 43229
    },
    "@100000": {
        "validity": 0.92124,
        "uniqueness": 0.86146,
        "novelty": 0.84978,
        "n_valid": 92124,
        "n_unique": 86146,
        "n_novel": 84978
    },
    "@150000": {
        "validity": 0.9220066666666666,
        "uniqueness": 0.8505866666666667,
        "novelty": 0.8404733333333333,
        "n_valid": 138301,
        "n_unique": 127588,
        "n_novel": 126071
    },
    "@200000": {
        "validity": 0.92195,
        "uniqueness": 0.841095,
        "novelty": 0.83173,
        "n_valid": 184390,
        "n_unique": 168219,
        "n_novel": 166346
    },
    "@250000": {
        "validity": 0.922052,
        "uniqueness": 0.83318,
        "novelty": 0.824632,
        "n_valid": 230513,
        "n_unique": 208295,
        "n_novel": 206158
    },
    "@300000": {
        "validity": 0.9220933333333333,
        "uniqueness": 0.8271466666666667,
        "novelty": 0.8191,
        "n_valid": 276628,
        "n_unique": 248144,
        "n_novel": 245730
    },
    "@350000": {
        "validity": 0.9222714285714285,
        "uniqueness": 0.8218771428571429,
        "novelty": 0.8143485714285714,
        "n_valid": 322795,
        "n_unique": 287657,
        "n_novel": 285022
    },
    "@400000": {
        "validity": 0.9222875,
        "uniqueness": 0.81674,
        "novelty": 0.8095775,
        "n_valid": 368915,
        "n_unique": 326696,
        "n_novel": 323831
    },
    "@450000": {
        "validity": 0.9220111111111111,
        "uniqueness": 0.8122533333333334,
        "novelty": 0.8054133333333333,
        "n_valid": 414905,
        "n_unique": 365514,
        "n_novel": 362436
    },
    "@500000": {
        "validity": 0.92223,
        "uniqueness": 0.80825,
        "novelty": 0.801696,
        "n_valid": 461115,
        "n_unique": 404125,
        "n_novel": 400848
    },
    "@550000": {
        "validity": 0.9224309090909091,
        "uniqueness": 0.8048636363636363,
        "novelty": 0.7985509090909091,
        "n_valid": 507337,
        "n_unique": 442675,
        "n_novel": 439203
    },
    "@600000": {
        "validity": 0.922405,
        "uniqueness": 0.8014,
        "novelty": 0.79534,
        "n_valid": 553443,
        "n_unique": 480840,
        "n_novel": 477204
    },
    "@650000": {
        "validity": 0.9224446153846154,
        "uniqueness": 0.7981723076923077,
        "novelty": 0.792316923076923,
        "n_valid": 599589,
        "n_unique": 518812,
        "n_novel": 515006
    },
    "@700000": {
        "validity": 0.9225528571428572,
        "uniqueness": 0.7953585714285715,
        "novelty": 0.7896614285714286,
        "n_valid": 645787,
        "n_unique": 556751,
        "n_novel": 552763
    },
    "@750000": {
        "validity": 0.922588,
        "uniqueness": 0.7925146666666667,
        "novelty": 0.7869693333333333,
        "n_valid": 691941,
        "n_unique": 594386,
        "n_novel": 590227
    },
    "@800000": {
        "validity": 0.922425,
        "uniqueness": 0.78982875,
        "novelty": 0.78445125,
        "n_valid": 737940,
        "n_unique": 631863,
        "n_novel": 627561
    },
    "@850000": {
        "validity": 0.9224294117647058,
        "uniqueness": 0.7873164705882353,
        "novelty": 0.78208,
        "n_valid": 784065,
        "n_unique": 669219,
        "n_novel": 664768
    },
    "@900000": {
        "validity": 0.9223888888888889,
        "uniqueness": 0.7848377777777777,
        "novelty": 0.7797355555555555,
        "n_valid": 830150,
        "n_unique": 706354,
        "n_novel": 701762
    },
    "@950000": {
        "validity": 0.9224031578947368,
        "uniqueness": 0.7823652631578948,
        "novelty": 0.7773747368421052,
        "n_valid": 876283,
        "n_unique": 743247,
        "n_novel": 738506
    },
    "@1000000": {
        "validity": 0.922373,
        "uniqueness": 0.780021,
        "novelty": 0.775156,
        "n_valid": 922373,
        "n_unique": 780021,
        "n_novel": 775156
    }
}