{
    "@50000": {
        "validity": 0.9976,
        "uniqueness": 0.48744,
        "novelty": 0.46146,
        "n_valid": 49880,
        "n_unique": 24372,
        "n_novel": 23073
    },
    "@100000": {
        "validity": 0.99744,
        "uniqueness": 0.42723,
        "novelty": 0.40754,
        "n_valid": 99744,
        "n_unique": 42723,
        "n_novel": 40754
    },
    "@150000": {
        "validity": 0.9974333333333333,
        "uniqueness": 0.39221333333333336,
        "novelty": 0.37568,
        "n_valid": 149615,
        "n_unique": 58832,
        "n_novel": 56352
    },
    "@200000": {
        "validity": 0.99754,
        "uniqueness": 0.368975,
        "novelty": 0.3545,
        "n_valid": 199508,
        "n_unique": 73795,
        "n_novel": 70900
    },
    "@250000": {
        "validity": 0.997492,
        "uniqueness": 0.35134,
        "novelty": 0.33818,
        "n_valid": 249373,
        "n_unique": 87835,
        "n_novel": 84545
    },
    "@300000": {
        "validity": 0.9975166666666667,
        "uniqueness": 0.33647,
        "novelty": 0.32433,
        "n_valid": 299255,
        "n_unique": 100941,
        "n_novel": 97299
    },
    "@350000": {
        "validity": 0.9975485714285715,
        "uniqueness": 0.3248371428571429,
        "novelty": 0.31348857142857145,
        "n_valid": 349142,
        "n_unique": 113693,
        "n_novel": 109721
    },
    "@400000": {
        "validity": 0.99758,
        "uniqueness": 0.3145925,
        "novelty": 0.30395,
        "n_valid": 399032,
        "n_unique": 125837,
        "n_novel": 121580
    },
    "@450000": {
        "validity": 0.9975977777777778,
        "uniqueness": 0.3062111111111111,
        "novelty": 0.29614666666666667,
        "n_valid": 448919,
        "n_unique": 137795,
        "n_novel": 133266
    },
    "@500000": {
        "validity": 0.997564,
        "uniqueness": 0.298452,
        "novelty": 0.288866,
        "n_valid": 498782,
        "n_unique": 149226,
        "n_novel": 144433
    },
    "@550000": {
        "validity": 0.9975636363636363,
        "uniqueness": 0.29136727272727275,
        "novelty": 0.2822545454545455,
        "n_valid": 548660,
        "n_unique": 160252,
        "n_novel": 155240
    },
    "@600000": {
        "validity": 0.9975483333333334,
        "uniqueness": 0.285165,
        "novelty": 0.27647166666666667,
        "n_valid": 598529,
        "n_unique": 171099,
        "n_novel": 165883
    },
    "@650000": {
        "validity": 0.9975646153846154,
        "uniqueness": 0.27986153846153844,
        "novelty": 0.2714723076923077,
        "n_valid": 648417,
        "n_unique": 181910,
        "n_novel": 176457
    },
    "@700000": {
        "validity": 0.9975357142857143,
        "uniqueness": 0.2747257142857143,
        "novelty": 0.26663714285714285,
        "n_valid": 698275,
        "n_unique": 192308,
        "n_novel": 186646
    },
    "@750000": {
        "validity": 0.9975333333333334,
        "uniqueness": 0.26984,
        "novelty": 0.262044,
        "n_valid": 748150,
        "n_unique": 202380,
        "n_novel": 196533
    },
    "@800000": {
        "validity": 0.99755125,
        "uniqueness": 0.265225,
        "novelty": 0.2576875,
        "n_valid": 798041,
        "n_unique": 212180,
        "n_novel": 206150
    },
    "@850000": {
        "validity": 0.9975423529411764,
        "uniqueness": 0.2610870588235294,
        "novelty": 0.25377058823529414,
        "n_valid": 847911,
        "n_unique": 221924,
        "n_novel": 215705
    },
    "@900000": {
        "validity": 0.9975722222222222,
        "uniqueness": 0.2571977777777778,
        "novelty": 0.2501011111111111,
        "n_valid": 897815,
        "n_unique": 231478,
        "n_novel": 225091
    },
    "@950000": {
        "validity": 0.9975684210526315,
        "uniqueness": 0.25358315789473684,
        "novelty": 0.2466642105263158,
        "n_valid": 947690,
        "n_unique": 240904,
        "n_novel": 234331
    },
    "@1000000": {
        "validity": 0.997567,
        "uniqueness": 0.250227,
        "novelty": 0.243496,
        "n_valid": 997567,
        "n_unique": 250227,
        "n_novel": 243496
    }
}