{
    "@50000": {
        "validity": 0.9542,
        "uniqueness": 0.83992,
        "novelty": 0.8252,
        "n_valid": 47710,
        "n_unique": 41996,
        "n_novel": 41260
    },
    "@100000": {
        "validity": 0.95388,
        "uniqueness": 0.80627,
        "novelty": 0.79546,
        "n_valid": 95388,
        "n_unique": 80627,
        "n_novel": 79546
    },
    "@150000": {
        "validity": 0.9539533333333333,
        "uniqueness": 0.7829266666666667,
        "novelty": 0.7739333333333334,
        "n_valid": 143093,
        "n_unique": 117439,
        "n_novel": 116090
    },
    "@200000": {
        "validity": 0.953865,
        "uniqueness": 0.765595,
        "novelty": 0.757705,
        "n_valid": 190773,
        "n_unique": 153119,
        "n_novel": 151541
    },
    "@250000": {
        "validity": 0.953628,
        "uniqueness": 0.75188,
        "novelty": 0.744928,
        "n_valid": 238407,
        "n_unique": 187970,
        "n_novel": 186232
    },
    "@300000": {
        "validity": 0.9536,
        "uniqueness": 0.74066,
        "novelty": 0.7342466666666667,
        "n_valid": 286080,
        "n_unique": 222198,
        "n_novel": 220274
    },
    "@350000": {
        "validity": 0.9537571428571429,
        "uniqueness": 0.7310714285714286,
        "novelty": 0.72514,
        "n_valid": 333815,
        "n_unique": 255875,
        "n_novel": 253799
    },
    "@400000": {
        "validity": 0.9537075,
        "uniqueness": 0.7224925,
        "novelty": 0.7169825,
        "n_valid": 381483,
        "n_unique": 288997,
        "n_novel": 286793
    },
    "@450000": {
        "validity": 0.9536177777777778,
        "uniqueness": 0.7149933333333334,
        "novelty": 0.7098311111111111,
        "n_valid": 429128,
        "n_unique": 321747,
        "n_novel": 319424
    },
    "@500000": {
        "validity": 0.953782,
        "uniqueness": 0.70793,
        "novelty": 0.703082,
        "n_valid": 476891,
        "n_unique": 353965,
        "n_novel": 351541
    },
    "@550000": {
        "validity": 0.9537545454545454,
        "uniqueness": 0.7019218181818182,
        "novelty": 0.6973272727272727,
        "n_valid": 524565,
        "n_unique": 386057,
        "n_novel": 383530
    },
    "@600000": {
        "validity": 0.9537283333333333,
        "uniqueness": 0.6959716666666667,
        "novelty": 0.6916033333333333,
        "n_valid": 572237,
        "n_unique": 417583,
        "n_novel": 414962
    },
    "@650000": {
        "validity": 0.9538092307692307,
        "uniqueness": 0.6903230769230769,
        "novelty": 0.6861676923076923,
        "n_valid": 619976,
        "n_unique": 448710,
        "n_novel": 446009
    },
    "@700000": {
        "validity": 0.9538228571428572,
        "uniqueness": 0.6855085714285715,
        "novelty": 0.6815285714285715,
        "n_valid": 667676,
        "n_unique": 479856,
        "n_novel": 477070
    },
    "@750000": {
        "validity": 0.9538573333333333,
        "uniqueness": 0.6810733333333333,
        "novelty": 0.67726,
        "n_valid": 715393,
        "n_unique": 510805,
        "n_novel": 507945
    },
    "@800000": {
        "validity": 0.95387875,
        "uniqueness": 0.67675,
        "novelty": 0.6730625,
        "n_valid": 763103,
        "n_unique": 541400,
        "n_novel": 538450
    },
    "@850000": {
        "validity": 0.9538882352941176,
        "uniqueness": 0.6725070588235295,
        "novelty": 0.6689482352941176,
        "n_valid": 810805,
        "n_unique": 571631,
        "n_novel": 568606
    },
    "@900000": {
        "validity": 0.9538766666666667,
        "uniqueness": 0.6686722222222222,
        "novelty": 0.66523,
        "n_valid": 858489,
        "n_unique": 601805,
        "n_novel": 598707
    },
    "@950000": {
        "validity": 0.9538747368421052,
        "uniqueness": 0.6647463157894736,
        "novelty": 0.6614157894736842,
        "n_valid": 906181,
        "n_unique": 631509,
        "n_novel": 628345
    },
    "@1000000": {
        "validity": 0.953831,
        "uniqueness": 0.66124,
        "novelty": 0.658017,
        "n_valid": 953831,
        "n_unique": 661240,
        "n_novel": 658017
    }
}