{
    "@50000": {
        "validity": 0.99672,
        "uniqueness": 0.12544,
        "novelty": 0.12306,
        "n_valid": 49836,
        "n_unique": 6272,
        "n_novel": 6153
    },
    "@100000": {
        "validity": 0.99668,
        "uniqueness": 0.08331,
        "novelty": 0.08208,
        "n_valid": 99668,
        "n_unique": 8331,
        "n_novel": 8208
    },
    "@150000": {
        "validity": 0.9966466666666667,
        "uniqueness": 0.06451333333333334,
        "novelty": 0.06368666666666667,
        "n_valid": 149497,
        "n_unique": 9677,
        "n_novel": 9553
    },
    "@200000": {
        "validity": 0.99665,
        "uniqueness": 0.053555,
        "novelty": 0.05293,
        "n_valid": 199330,
        "n_unique": 10711,
        "n_novel": 10586
    },
    "@250000": {
        "validity": 0.996584,
        "uniqueness": 0.04646,
        "novelty": 0.045956,
        "n_valid": 249146,
        "n_unique": 11615,
        "n_novel": 11489
    },
    "@300000": {
        "validity": 0.9966466666666667,
        "uniqueness": 0.04106,
        "novelty": 0.04064,
        "n_valid": 298994,
        "n_unique": 12318,
        "n_novel": 12192
    },
    "@350000": {
        "validity": 0.9966114285714286,
        "uniqueness": 0.03702285714285714,
        "novelty": 0.03666285714285714,
        "n_valid": 348814,
        "n_unique": 12958,
        "n_novel": 12832
    },
    "@400000": {
        "validity": 0.99668,
        "uniqueness": 0.0338775,
        "novelty": 0.0335625,
        "n_valid": 398672,
        "n_unique": 13551,
        "n_novel": 13425
    },
    "@450000": {
        "validity": 0.9966733333333333,
        "uniqueness": 0.031282222222222225,
        "novelty": 0.031002222222222223,
        "n_valid": 448503,
        "n_unique": 14077,
        "n_novel": 13951
    },
    "@500000": {
        "validity": 0.99662,
        "uniqueness": 0.029084,
        "novelty": 0.028828,
        "n_valid": 498310,
        "n_unique": 14542,
        "n_novel": 14414
    },
    "@550000": {
        "validity": 0.9966254545454546,
        "uniqueness": 0.02725090909090909,
        "novelty": 0.02701818181818182,
        "n_valid": 548144,
        "n_unique": 14988,
        "n_novel": 14860
    },
    "@600000": {
        "validity": 0.9966283333333333,
        "uniqueness": 0.025628333333333333,
        "novelty": 0.025415,
        "n_valid": 597977,
        "n_unique": 15377,
        "n_novel": 15249
    },
    "@650000": {
        "validity": 0.9966261538461538,
        "uniqueness": 0.02422,
        "novelty": 0.024023076923076925,
        "n_valid": 647807,
        "n_unique": 15743,
        "n_novel": 15615
    },
    "@700000": {
        "validity": 0.9966242857142857,
        "uniqueness": 0.022984285714285714,
        "novelty": 0.02280142857142857,
        "n_valid": 697637,
        "n_unique": 16089,
        "n_novel": 15961
    },
    "@750000": {
        "validity": 0.996608,
        "uniqueness": 0.021917333333333334,
        "novelty": 0.021746666666666668,
        "n_valid": 747456,
        "n_unique": 16438,
        "n_novel": 16310
    },
    "@800000": {
        "validity": 0.9966175,
        "uniqueness": 0.020945,
        "novelty": 0.020785,
        "n_valid": 797294,
        "n_unique": 16756,
        "n_novel": 16628
    },
    "@850000": {
        "validity": 0.9965976470588235,
        "uniqueness": 0.020054117647058823,
        "novelty": 0.019903529411764705,
        "n_valid": 847108,
        "n_unique": 17046,
        "n_novel": 16918
    },
    "@900000": {
        "validity": 0.9965522222222222,
        "uniqueness": 0.019265555555555557,
        "novelty": 0.019123333333333332,
        "n_valid": 896897,
        "n_unique": 17339,
        "n_novel": 17211
    },
    "@950000": {
        "validity": 0.9965578947368421,
        "uniqueness": 0.01854842105263158,
        "novelty": 0.018413684210526315,
        "n_valid": 946730,
        "n_unique": 17621,
        "n_novel": 17493
    },
    "@1000000": {
        "validity": 0.996604,
        "uniqueness": 0.017892,
        "novelty": 0.017764,
        "n_valid": 996604,
        "n_unique": 17892,
        "n_novel": 17764
    }
}