{
    "@50000": {
        "validity": 0.83404,
        "uniqueness": 0.65534,
        "novelty": 0.6467,
        "n_valid": 41702,
        "n_unique": 32767,
        "n_novel": 32335
    },
    "@100000": {
        "validity": 0.83162,
        "uniqueness": 0.62379,
        "novelty": 0.61773,
        "n_valid": 83162,
        "n_unique": 62379,
        "n_novel": 61773
    },
    "@150000": {
        "validity": 0.8311066666666667,
        "uniqueness": 0.60452,
        "novelty": 0.5996533333333334,
        "n_valid": 124666,
        "n_unique": 90678,
        "n_novel": 89948
    },
    "@200000": {
        "validity": 0.83146,
        "uniqueness": 0.591245,
        "novelty": 0.587065,
        "n_valid": 166292,
        "n_unique": 118249,
        "n_novel": 117413
    },
    "@250000": {
        "validity": 0.8314,
        "uniqueness": 0.581596,
        "novelty": 0.577876,
        "n_valid": 207850,
        "n_unique": 145399,
        "n_novel": 144469
    },
    "@300000": {
        "validity": 0.83093,
        "uniqueness": 0.5717466666666666,
        "novelty": 0.5684266666666666,
        "n_valid": 249279,
        "n_unique": 171524,
        "n_novel": 170528
    },
    "@350000": {
        "validity": 0.8308828571428571,
        "uniqueness": 0.5643942857142857,
        "novelty": 0.5613542857142857,
        "n_valid": 290809,
        "n_unique": 197538,
        "n_novel": 196474
    },
    "@400000": {
        "validity": 0.830875,
        "uniqueness": 0.558085,
        "novelty": 0.55526,
        "n_valid": 332350,
        "n_unique": 223234,
        "n_novel": 222104
    },
    "@450000": {
        "validity": 0.8305844444444445,
        "uniqueness": 0.5524533333333334,
        "novelty": 0.5497888888888889,
        "n_valid": 373763,
        "n_unique": 248604,
        "n_novel": 247405
    },
    "@500000": {
        "validity": 0.830326,
        "uniqueness": 0.547642,
        "novelty": 0.545122,
        "n_valid": 415163,
        "n_unique": 273821,
        "n_novel": 272561
    },
    "@550000": {
        "validity": 0.8302618181818182,
        "uniqueness": 0.5428890909090909,
        "novelty": 0.5405036363636364,
        "n_valid": 456644,
        "n_unique": 298589,
        "n_novel": 297277
    },
    "@600000": {
        "validity": 0.8301783333333334,
        "uniqueness": 0.5387133333333334,
        "novelty": 0.53644,
        "n_valid": 498107,
        "n_unique": 323228,
        "n_novel": 321864
    },
    "@650000": {
        "validity": 0.8301338461538461,
        "uniqueness": 0.5352584615384616,
        "novelty": 0.5330769230769231,
        "n_valid": 539587,
        "n_unique": 347918,
        "n_novel": 346500
    },
    "@700000": {
        "validity": 0.8300785714285714,
        "uniqueness": 0.53178,
        "novelty": 0.5296585714285714,
        "n_valid": 581055,
        "n_unique": 372246,
        "n_novel": 370761
    },
    "@750000": {
        "validity": 0.8301173333333334,
        "uniqueness": 0.528704,
        "novelty": 0.526644,
        "n_valid": 622588,
        "n_unique": 396528,
        "n_novel": 394983
    },
    "@800000": {
        "validity": 0.8301225,
        "uniqueness": 0.52558,
        "novelty": 0.52359625,
        "n_valid": 664098,
        "n_unique": 420464,
        "n_novel": 418877
    },
    "@850000": {
        "validity": 0.8302176470588235,
        "uniqueness": 0.5226376470588235,
        "novelty": 0.5207329411764706,
        "n_valid": 705685,
        "n_unique": 444242,
        "n_novel": 442623
    },
    "@900000": {
        "validity": 0.83019,
        "uniqueness": 0.5200933333333333,
        "novelty": 0.5182488888888889,
        "n_valid": 747171,
        "n_unique": 468084,
        "n_novel": 466424
    },
    "@950000": {
        "validity": 0.8301515789473685,
        "uniqueness": 0.5173673684210527,
        "novelty": 0.5155894736842105,
        "n_valid": 788644,
        "n_unique": 491499,
        "n_novel": 489810
    },
    "@1000000": {
        "validity": 0.830105,
        "uniqueness": 0.514873,
        "novelty": 0.513145,
        "n_valid": 830105,
        "n_unique": 514873,
        "n_novel": 513145
    }
}