{
    "@50000": {
        "validity": 0.88218,
        "uniqueness": 0.66288,
        "novelty": 0.65112,
        "n_valid": 44109,
        "n_unique": 33144,
        "n_novel": 32556
    },
    "@100000": {
        "validity": 0.88325,
        "uniqueness": 0.63046,
        "novelty": 0.62187,
        "n_valid": 88325,
        "n_unique": 63046,
        "n_novel": 62187
    },
    "@150000": {
        "validity": 0.88364,
        "uniqueness": 0.6093266666666667,
        "novelty": 0.6022866666666666,
        "n_valid": 132546,
        "n_unique": 91399,
        "n_novel": 90343
    },
    "@200000": {
        "validity": 0.882955,
        "uniqueness": 0.59333,
        "novelty": 0.587215,
        "n_valid": 176591,
        "n_unique": 118666,
        "n_novel": 117443
    },
    "@250000": {
        "validity": 0.88292,
        "uniqueness": 0.580356,
        "novelty": 0.57486,
        "n_valid": 220730,
        "n_unique": 145089,
        "n_novel": 143715
    },
    "@300000": {
        "validity": 0.8834933333333334,
        "uniqueness": 0.5703666666666667,
        "novelty": 0.5652966666666667,
        "n_valid": 265048,
        "n_unique": 171110,
        "n_novel": 169589
    },
    "@350000": {
        "validity": 0.8837685714285715,
        "uniqueness": 0.5616114285714285,
        "novelty": 0.55688,
        "n_valid": 309319,
        "n_unique": 196564,
        "n_novel": 194908
    },
    "@400000": {
        "validity": 0.88388,
        "uniqueness": 0.5541475,
        "novelty": 0.54972,
        "n_valid": 353552,
        "n_unique": 221659,
        "n_novel": 219888
    },
    "@450000": {
        "validity": 0.8834311111111111,
        "uniqueness": 0.5473955555555555,
        "novelty": 0.5432511111111111,
        "n_valid": 397544,
        "n_unique": 246328,
        "n_novel": 244463
    },
    "@500000": {
        "validity": 0.88348,
        "uniqueness": 0.541404,
        "novelty": 0.537474,
        "n_valid": 441740,
        "n_unique": 270702,
        "n_novel": 268737
    },
    "@550000": {
        "validity": 0.8837345454545454,
        "uniqueness": 0.5367381818181818,
        "novelty": 0.5330090909090909,
        "n_valid": 486054,
        "n_unique": 295206,
        "n_novel": 293155
    },
    "@600000": {
        "validity": 0.8835316666666667,
        "uniqueness": 0.531855,
        "novelty": 0.52827,
        "n_valid": 530119,
        "n_unique": 319113,
        "n_novel": 316962
    },
    "@650000": {
        "validity": 0.8834630769230769,
        "uniqueness": 0.5276615384615385,
        "novelty": 0.5242107692307693,
        "n_valid": 574251,
        "n_unique": 342980,
        "n_novel": 340737
    },
    "@700000": {
        "validity": 0.8832842857142857,
        "uniqueness": 0.5235728571428572,
        "novelty": 0.5202514285714286,
        "n_valid": 618299,
        "n_unique": 366501,
        "n_novel": 364176
    },
    "@750000": {
        "validity": 0.883312,
        "uniqueness": 0.5198333333333334,
        "novelty": 0.5166146666666667,
        "n_valid": 662484,
        "n_unique": 389875,
        "n_novel": 387461
    },
    "@800000": {
        "validity": 0.88342125,
        "uniqueness": 0.51646125,
        "novelty": 0.51332875,
        "n_valid": 706737,
        "n_unique": 413169,
        "n_novel": 410663
    },
    "@850000": {
        "validity": 0.8834129411764706,
        "uniqueness": 0.5132282352941177,
        "novelty": 0.5101811764705882,
        "n_valid": 750901,
        "n_unique": 436244,
        "n_novel": 433654
    },
    "@900000": {
        "validity": 0.8834155555555555,
        "uniqueness": 0.5099822222222222,
        "novelty": 0.5070222222222223,
        "n_valid": 795074,
        "n_unique": 458984,
        "n_novel": 456320
    },
    "@950000": {
        "validity": 0.8834852631578948,
        "uniqueness": 0.5071378947368421,
        "novelty": 0.5042621052631578,
        "n_valid": 839311,
        "n_unique": 481781,
        "n_novel": 479049
    },
    "@1000000": {
        "validity": 0.883434,
        "uniqueness": 0.504361,
        "novelty": 0.501558,
        "n_valid": 883434,
        "n_unique": 504361,
        "n_novel": 501558
    }
}