{
    "@50000": {
        "validity": 0.85694,
        "uniqueness": 0.85258,
        "novelty": 0.84532,
        "n_valid": 42847,
        "n_unique": 42629,
        "n_novel": 42266
    },
    "@100000": {
        "validity": 0.85476,
        "uniqueness": 0.84822,
        "novelty": 0.84122,
        "n_valid": 85476,
        "n_unique": 84822,
        "n_novel": 84122
    },
    "@150000": {
        "validity": 0.8559266666666666,
        "uniqueness": 0.8479466666666666,
        "novelty": 0.8409666666666666,
        "n_valid": 128389,
        "n_unique": 127192,
        "n_novel": 126145
    },
    "@200000": {
        "validity": 0.856045,
        "uniqueness": 0.8469,
        "novelty": 0.840245,
        "n_valid": 171209,
        "n_unique": 169380,
        "n_novel": 168049
    },
    "@250000": {
        "validity": 0.856848,
        "uniqueness": 0.846504,
        "novelty": 0.840004,
        "n_valid": 214212,
        "n_unique": 211626,
        "n_novel": 210001
    },
    "@300000": {
        "validity": 0.8569266666666666,
        "uniqueness": 0.8455833333333334,
        "novelty": 0.8391966666666667,
        "n_valid": 257078,
        "n_unique": 253675,
        "n_novel": 251759
    },
    "@350000": {
        "validity": 0.8565685714285715,
        "uniqueness": 0.8443771428571428,
        "novelty": 0.8382085714285714,
        "n_valid": 299799,
        "n_unique": 295532,
        "n_novel": 293373
    },
    "@400000": {
        "validity": 0.856345,
        "uniqueness": 0.8432575,
        "novelty": 0.8372275,
        "n_valid": 342538,
        "n_unique": 337303,
        "n_novel": 334891
    },
    "@450000": {
        "validity": 0.8564111111111111,
        "uniqueness": 0.8425688888888889,
        "novelty": 0.8366644444444444,
        "n_valid": 385385,
        "n_unique": 379156,
        "n_novel": 376499
    },
    "@500000": {
        "validity": 0.856426,
        "uniqueness": 0.841846,
        "novelty": 0.835978,
        "n_valid": 428213,
        "n_unique": 420923,
        "n_novel": 417989
    },
    "@550000": {
        "validity": 0.8564327272727272,
        "uniqueness": 0.84104,
        "novelty": 0.8352981818181818,
        "n_valid": 471038,
        "n_unique": 462572,
        "n_novel": 459414
    },
    "@600000": {
        "validity": 0.856405,
        "uniqueness": 0.84041,
        "novelty": 0.83475,
        "n_valid": 513843,
        "n_unique": 504246,
        "n_novel": 500850
    },
    "@650000": {
        "validity": 0.8563615384615385,
        "uniqueness": 0.8397353846153847,
        "novelty": 0.8341492307692308,
        "n_valid": 556635,
        "n_unique": 545828,
        "n_novel": 542197
    },
    "@700000": {
        "validity": 0.8560471428571429,
        "uniqueness": 0.8389471428571429,
        "novelty": 0.8334314285714286,
        "n_valid": 599233,
        "n_unique": 587263,
        "n_novel": 583402
    },
    "@750000": {
        "validity": 0.8559133333333333,
        "uniqueness": 0.8383706666666667,
        "novelty": 0.832932,
        "n_valid": 641935,
        "n_unique": 628778,
        "n_novel": 624699
    },
    "@800000": {
        "validity": 0.85581375,
        "uniqueness": 0.8376875,
        "novelty": 0.83234125,
        "n_valid": 684651,
        "n_unique": 670150,
        "n_novel": 665873
    },
    "@850000": {
        "validity": 0.8558905882352941,
        "uniqueness": 0.837275294117647,
        "novelty": 0.8319917647058823,
        "n_valid": 727507,
        "n_unique": 711684,
        "n_novel": 707193
    },
    "@900000": {
        "validity": 0.8558922222222223,
        "uniqueness": 0.8367455555555555,
        "novelty": 0.8315055555555556,
        "n_valid": 770303,
        "n_unique": 753071,
        "n_novel": 748355
    },
    "@950000": {
        "validity": 0.855838947368421,
        "uniqueness": 0.8362452631578947,
        "novelty": 0.8310652631578948,
        "n_valid": 813047,
        "n_unique": 794433,
        "n_novel": 789512
    },
    "@1000000": {
        "validity": 0.855851,
        "uniqueness": 0.835801,
        "novelty": 0.830678,
        "n_valid": 855851,
        "n_unique": 835801,
        "n_novel": 830678
    }
}