{
    "train_loss": [
        0.6677488029003144,
        0.5488082468509674,
        0.48872980773448943,
        0.4594236820936203,
        0.4230290323495865,
        0.3947667419910431,
        0.36793357133865356,
        0.35246621668338773,
        0.32901012897491455,
        0.31297990381717683
    ],
    "val_loss": [
        0.5615436136722565,
        0.5264838561415672,
        0.49757658690214157,
        0.4749608486890793,
        0.47002841532230377,
        0.4653836488723755,
        0.4588237851858139,
        0.46138840168714523,
        0.46861284226179123,
        0.47331447899341583
    ]
}