{
    "@50000": {
        "validity": 0.31738,
        "uniqueness": 0.31526,
        "novelty": 0.31346,
        "n_valid": 15869,
        "n_unique": 15763,
        "n_novel": 15673
    },
    "@100000": {
        "validity": 0.31738,
        "uniqueness": 0.31445,
        "novelty": 0.31296,
        "n_valid": 31738,
        "n_unique": 31445,
        "n_novel": 31296
    },
    "@150000": {
        "validity": 0.31811333333333336,
        "uniqueness": 0.31455333333333335,
        "novelty": 0.3131333333333333,
        "n_valid": 47717,
        "n_unique": 47183,
        "n_novel": 46970
    },
    "@200000": {
        "validity": 0.317715,
        "uniqueness": 0.31346,
        "novelty": 0.312055,
        "n_valid": 63543,
        "n_unique": 62692,
        "n_novel": 62411
    },
    "@250000": {
        "validity": 0.317256,
        "uniqueness": 0.31246,
        "novelty": 0.311064,
        "n_valid": 79314,
        "n_unique": 78115,
        "n_novel": 77766
    },
    "@300000": {
        "validity": 0.3172066666666667,
        "uniqueness": 0.31193,
        "novelty": 0.31059,
        "n_valid": 95162,
        "n_unique": 93579,
        "n_novel": 93177
    },
    "@350000": {
        "validity": 0.31724,
        "uniqueness": 0.31164857142857144,
        "novelty": 0.3103057142857143,
        "n_valid": 111034,
        "n_unique": 109077,
        "n_novel": 108607
    },
    "@400000": {
        "validity": 0.3177975,
        "uniqueness": 0.3117025,
        "novelty": 0.3104275,
        "n_valid": 127119,
        "n_unique": 124681,
        "n_novel": 124171
    },
    "@450000": {
        "validity": 0.3181,
        "uniqueness": 0.3116088888888889,
        "novelty": 0.3103622222222222,
        "n_valid": 143145,
        "n_unique": 140224,
        "n_novel": 139663
    },
    "@500000": {
        "validity": 0.317904,
        "uniqueness": 0.311198,
        "novelty": 0.309962,
        "n_valid": 158952,
        "n_unique": 155599,
        "n_novel": 154981
    },
    "@550000": {
        "validity": 0.3183290909090909,
        "uniqueness": 0.3113127272727273,
        "novelty": 0.31009454545454546,
        "n_valid": 175081,
        "n_unique": 171222,
        "n_novel": 170552
    },
    "@600000": {
        "validity": 0.3179383333333333,
        "uniqueness": 0.3106816666666667,
        "novelty": 0.30948,
        "n_valid": 190763,
        "n_unique": 186409,
        "n_novel": 185688
    },
    "@650000": {
        "validity": 0.3180169230769231,
        "uniqueness": 0.31054923076923074,
        "novelty": 0.3093646153846154,
        "n_valid": 206711,
        "n_unique": 201857,
        "n_novel": 201087
    },
    "@700000": {
        "validity": 0.3180928571428571,
        "uniqueness": 0.3103714285714286,
        "novelty": 0.3091942857142857,
        "n_valid": 222665,
        "n_unique": 217260,
        "n_novel": 216436
    },
    "@750000": {
        "validity": 0.3180773333333333,
        "uniqueness": 0.31012266666666666,
        "novelty": 0.308952,
        "n_valid": 238558,
        "n_unique": 232592,
        "n_novel": 231714
    },
    "@800000": {
        "validity": 0.31821875,
        "uniqueness": 0.31004875,
        "novelty": 0.3089025,
        "n_valid": 254575,
        "n_unique": 248039,
        "n_novel": 247122
    },
    "@850000": {
        "validity": 0.3180905882352941,
        "uniqueness": 0.3096835294117647,
        "novelty": 0.3085482352941176,
        "n_valid": 270377,
        "n_unique": 263231,
        "n_novel": 262266
    },
    "@900000": {
        "validity": 0.3178677777777778,
        "uniqueness": 0.30925444444444444,
        "novelty": 0.3081211111111111,
        "n_valid": 286081,
        "n_unique": 278329,
        "n_novel": 277309
    },
    "@950000": {
        "validity": 0.3178673684210526,
        "uniqueness": 0.3090715789473684,
        "novelty": 0.30794736842105264,
        "n_valid": 301974,
        "n_unique": 293618,
        "n_novel": 292550
    },
    "@1000000": {
        "validity": 0.317787,
        "uniqueness": 0.308826,
        "novelty": 0.307719,
        "n_valid": 317787,
        "n_unique": 308826,
        "n_novel": 307719
    }
}