{
    "@50000": {
        "validity": 0.98112,
        "uniqueness": 0.61606,
        "novelty": 0.59502,
        "n_valid": 49056,
        "n_unique": 30803,
        "n_novel": 29751
    },
    "@100000": {
        "validity": 0.98086,
        "uniqueness": 0.56843,
        "novelty": 0.5519,
        "n_valid": 98086,
        "n_unique": 56843,
        "n_novel": 55190
    },
    "@150000": {
        "validity": 0.98108,
        "uniqueness": 0.53886,
        "novelty": 0.5249,
        "n_valid": 147162,
        "n_unique": 80829,
        "n_novel": 78735
    },
    "@200000": {
        "validity": 0.980815,
        "uniqueness": 0.51804,
        "novelty": 0.50548,
        "n_valid": 196163,
        "n_unique": 103608,
        "n_novel": 101096
    },
    "@250000": {
        "validity": 0.980868,
        "uniqueness": 0.50254,
        "novelty": 0.490884,
        "n_valid": 245217,
        "n_unique": 125635,
        "n_novel": 122721
    },
    "@300000": {
        "validity": 0.9809033333333333,
        "uniqueness": 0.48871333333333333,
        "novelty": 0.47784,
        "n_valid": 294271,
        "n_unique": 146614,
        "n_novel": 143352
    },
    "@350000": {
        "validity": 0.9809971428571429,
        "uniqueness": 0.47797142857142855,
        "novelty": 0.4677685714285714,
        "n_valid": 343349,
        "n_unique": 167290,
        "n_novel": 163719
    },
    "@400000": {
        "validity": 0.98104,
        "uniqueness": 0.468195,
        "novelty": 0.458585,
        "n_valid": 392416,
        "n_unique": 187278,
        "n_novel": 183434
    },
    "@450000": {
        "validity": 0.9809533333333333,
        "uniqueness": 0.46000444444444444,
        "novelty": 0.45093333333333335,
        "n_valid": 441429,
        "n_unique": 207002,
        "n_novel": 202920
    },
    "@500000": {
        "validity": 0.980954,
        "uniqueness": 0.452784,
        "novelty": 0.444162,
        "n_valid": 490477,
        "n_unique": 226392,
        "n_novel": 222081
    },
    "@550000": {
        "validity": 0.9809745454545454,
        "uniqueness": 0.4456981818181818,
        "novelty": 0.43744727272727274,
        "n_valid": 539536,
        "n_unique": 245134,
        "n_novel": 240596
    },
    "@600000": {
        "validity": 0.9810283333333333,
        "uniqueness": 0.439455,
        "novelty": 0.4315016666666667,
        "n_valid": 588617,
        "n_unique": 263673,
        "n_novel": 258901
    },
    "@650000": {
        "validity": 0.9810215384615385,
        "uniqueness": 0.43388615384615387,
        "novelty": 0.4262353846153846,
        "n_valid": 637664,
        "n_unique": 282026,
        "n_novel": 277053
    },
    "@700000": {
        "validity": 0.9810057142857143,
        "uniqueness": 0.4285957142857143,
        "novelty": 0.42117571428571426,
        "n_valid": 686704,
        "n_unique": 300017,
        "n_novel": 294823
    },
    "@750000": {
        "validity": 0.980952,
        "uniqueness": 0.423756,
        "novelty": 0.416552,
        "n_valid": 735714,
        "n_unique": 317817,
        "n_novel": 312414
    },
    "@800000": {
        "validity": 0.98093,
        "uniqueness": 0.41920375,
        "novelty": 0.41221375,
        "n_valid": 784744,
        "n_unique": 335363,
        "n_novel": 329771
    },
    "@850000": {
        "validity": 0.9809752941176471,
        "uniqueness": 0.41511882352941176,
        "novelty": 0.4083376470588235,
        "n_valid": 833829,
        "n_unique": 352851,
        "n_novel": 347087
    },
    "@900000": {
        "validity": 0.9809633333333333,
        "uniqueness": 0.4110522222222222,
        "novelty": 0.4044477777777778,
        "n_valid": 882867,
        "n_unique": 369947,
        "n_novel": 364003
    },
    "@950000": {
        "validity": 0.9809631578947369,
        "uniqueness": 0.4072936842105263,
        "novelty": 0.4008389473684211,
        "n_valid": 931915,
        "n_unique": 386929,
        "n_novel": 380797
    },
    "@1000000": {
        "validity": 0.980996,
        "uniqueness": 0.403684,
        "novelty": 0.397382,
        "n_valid": 980996,
        "n_unique": 403684,
        "n_novel": 397382
    }
}