{
    "@50000": {
        "validity": 0.9926,
        "uniqueness": 0.4327,
        "novelty": 0.4231,
        "n_valid": 49630,
        "n_unique": 21635,
        "n_novel": 21155
    },
    "@100000": {
        "validity": 0.99234,
        "uniqueness": 0.34772,
        "novelty": 0.34204,
        "n_valid": 99234,
        "n_unique": 34772,
        "n_novel": 34204
    },
    "@150000": {
        "validity": 0.99228,
        "uniqueness": 0.3023866666666667,
        "novelty": 0.29823333333333335,
        "n_valid": 148842,
        "n_unique": 45358,
        "n_novel": 44735
    },
    "@200000": {
        "validity": 0.992315,
        "uniqueness": 0.272535,
        "novelty": 0.269275,
        "n_valid": 198463,
        "n_unique": 54507,
        "n_novel": 53855
    },
    "@250000": {
        "validity": 0.99234,
        "uniqueness": 0.250516,
        "novelty": 0.247776,
        "n_valid": 248085,
        "n_unique": 62629,
        "n_novel": 61944
    },
    "@300000": {
        "validity": 0.9923666666666666,
        "uniqueness": 0.23366,
        "novelty": 0.23131666666666667,
        "n_valid": 297710,
        "n_unique": 70098,
        "n_novel": 69395
    },
    "@350000": {
        "validity": 0.9923971428571429,
        "uniqueness": 0.22022,
        "novelty": 0.21816857142857143,
        "n_valid": 347339,
        "n_unique": 77077,
        "n_novel": 76359
    },
    "@400000": {
        "validity": 0.9923375,
        "uniqueness": 0.20842,
        "novelty": 0.206585,
        "n_valid": 396935,
        "n_unique": 83368,
        "n_novel": 82634
    },
    "@450000": {
        "validity": 0.9922644444444444,
        "uniqueness": 0.19876,
        "novelty": 0.1971,
        "n_valid": 446519,
        "n_unique": 89442,
        "n_novel": 88695
    },
    "@500000": {
        "validity": 0.992246,
        "uniqueness": 0.190392,
        "novelty": 0.188874,
        "n_valid": 496123,
        "n_unique": 95196,
        "n_novel": 94437
    },
    "@550000": {
        "validity": 0.9922345454545455,
        "uniqueness": 0.18280727272727273,
        "novelty": 0.18140727272727272,
        "n_valid": 545729,
        "n_unique": 100544,
        "n_novel": 99774
    },
    "@600000": {
        "validity": 0.9921833333333333,
        "uniqueness": 0.175985,
        "novelty": 0.174695,
        "n_valid": 595310,
        "n_unique": 105591,
        "n_novel": 104817
    },
    "@650000": {
        "validity": 0.9921584615384615,
        "uniqueness": 0.17023384615384615,
        "novelty": 0.16903076923076923,
        "n_valid": 644903,
        "n_unique": 110652,
        "n_novel": 109870
    },
    "@700000": {
        "validity": 0.9921585714285714,
        "uniqueness": 0.16502857142857144,
        "novelty": 0.16390428571428572,
        "n_valid": 694511,
        "n_unique": 115520,
        "n_novel": 114733
    },
    "@750000": {
        "validity": 0.9921146666666667,
        "uniqueness": 0.16005466666666668,
        "novelty": 0.158996,
        "n_valid": 744086,
        "n_unique": 120041,
        "n_novel": 119247
    },
    "@800000": {
        "validity": 0.99212125,
        "uniqueness": 0.15551625,
        "novelty": 0.15451375,
        "n_valid": 793697,
        "n_unique": 124413,
        "n_novel": 123611
    },
    "@850000": {
        "validity": 0.9921576470588235,
        "uniqueness": 0.15143764705882354,
        "novelty": 0.15048470588235294,
        "n_valid": 843334,
        "n_unique": 128722,
        "n_novel": 127912
    },
    "@900000": {
        "validity": 0.9921511111111111,
        "uniqueness": 0.14753666666666668,
        "novelty": 0.14662777777777777,
        "n_valid": 892936,
        "n_unique": 132783,
        "n_novel": 131965
    },
    "@950000": {
        "validity": 0.9921442105263157,
        "uniqueness": 0.14398842105263157,
        "novelty": 0.1431242105263158,
        "n_valid": 942537,
        "n_unique": 136789,
        "n_novel": 135968
    },
    "@1000000": {
        "validity": 0.992111,
        "uniqueness": 0.140643,
        "novelty": 0.13982,
        "n_valid": 992111,
        "n_unique": 140643,
        "n_novel": 139820
    }
}