{
    "@50000": {
        "validity": 0.97264,
        "uniqueness": 0.8402,
        "novelty": 0.81644,
        "n_valid": 48632,
        "n_unique": 42010,
        "n_novel": 40822
    },
    "@100000": {
        "validity": 0.9736,
        "uniqueness": 0.80943,
        "novelty": 0.78982,
        "n_valid": 97360,
        "n_unique": 80943,
        "n_novel": 78982
    },
    "@150000": {
        "validity": 0.9733,
        "uniqueness": 0.78982,
        "novelty": 0.7722666666666667,
        "n_valid": 145995,
        "n_unique": 118473,
        "n_novel": 115840
    },
    "@200000": {
        "validity": 0.973385,
        "uniqueness": 0.775815,
        "novelty": 0.759655,
        "n_valid": 194677,
        "n_unique": 155163,
        "n_novel": 151931
    },
    "@250000": {
        "validity": 0.97348,
        "uniqueness": 0.764504,
        "novelty": 0.749288,
        "n_valid": 243370,
        "n_unique": 191126,
        "n_novel": 187322
    },
    "@300000": {
        "validity": 0.9733733333333333,
        "uniqueness": 0.7546133333333334,
        "novelty": 0.7402633333333334,
        "n_valid": 292012,
        "n_unique": 226384,
        "n_novel": 222079
    },
    "@350000": {
        "validity": 0.9733314285714286,
        "uniqueness": 0.74638,
        "novelty": 0.7326742857142857,
        "n_valid": 340666,
        "n_unique": 261233,
        "n_novel": 256436
    },
    "@400000": {
        "validity": 0.97331,
        "uniqueness": 0.738785,
        "novelty": 0.7256525,
        "n_valid": 389324,
        "n_unique": 295514,
        "n_novel": 290261
    },
    "@450000": {
        "validity": 0.9732822222222223,
        "uniqueness": 0.7324088888888889,
        "novelty": 0.7197866666666667,
        "n_valid": 437977,
        "n_unique": 329584,
        "n_novel": 323904
    },
    "@500000": {
        "validity": 0.973224,
        "uniqueness": 0.726562,
        "novelty": 0.714422,
        "n_valid": 486612,
        "n_unique": 363281,
        "n_novel": 357211
    },
    "@550000": {
        "validity": 0.9731636363636363,
        "uniqueness": 0.7211509090909091,
        "novelty": 0.7093890909090909,
        "n_valid": 535240,
        "n_unique": 396633,
        "n_novel": 390164
    },
    "@600000": {
        "validity": 0.9733083333333333,
        "uniqueness": 0.7163333333333334,
        "novelty": 0.7049433333333334,
        "n_valid": 583985,
        "n_unique": 429800,
        "n_novel": 422966
    },
    "@650000": {
        "validity": 0.9732892307692308,
        "uniqueness": 0.7116507692307692,
        "novelty": 0.70048,
        "n_valid": 632638,
        "n_unique": 462573,
        "n_novel": 455312
    },
    "@700000": {
        "validity": 0.9732328571428571,
        "uniqueness": 0.7071157142857143,
        "novelty": 0.6962642857142857,
        "n_valid": 681263,
        "n_unique": 494981,
        "n_novel": 487385
    },
    "@750000": {
        "validity": 0.9732173333333334,
        "uniqueness": 0.703404,
        "novelty": 0.6927826666666667,
        "n_valid": 729913,
        "n_unique": 527553,
        "n_novel": 519587
    },
    "@800000": {
        "validity": 0.97316375,
        "uniqueness": 0.6994,
        "novelty": 0.6890375,
        "n_valid": 778531,
        "n_unique": 559520,
        "n_novel": 551230
    },
    "@850000": {
        "validity": 0.9731223529411764,
        "uniqueness": 0.6957729411764706,
        "novelty": 0.6856141176470588,
        "n_valid": 827154,
        "n_unique": 591407,
        "n_novel": 582772
    },
    "@900000": {
        "validity": 0.9731222222222222,
        "uniqueness": 0.6922733333333333,
        "novelty": 0.6822944444444444,
        "n_valid": 875810,
        "n_unique": 623046,
        "n_novel": 614065
    },
    "@950000": {
        "validity": 0.9730831578947369,
        "uniqueness": 0.689141052631579,
        "novelty": 0.6793378947368421,
        "n_valid": 924429,
        "n_unique": 654684,
        "n_novel": 645371
    },
    "@1000000": {
        "validity": 0.973092,
        "uniqueness": 0.686092,
        "novelty": 0.676473,
        "n_valid": 973092,
        "n_unique": 686092,
        "n_novel": 676473
    }
}