{
    "@50000": {
        "validity": 0.52926,
        "uniqueness": 0.5105,
        "novelty": 0.5063,
        "n_valid": 26463,
        "n_unique": 25525,
        "n_novel": 25315
    },
    "@100000": {
        "validity": 0.52844,
        "uniqueness": 0.50519,
        "novelty": 0.50178,
        "n_valid": 52844,
        "n_unique": 50519,
        "n_novel": 50178
    },
    "@150000": {
        "validity": 0.52734,
        "uniqueness": 0.5009066666666666,
        "novelty": 0.4979133333333333,
        "n_valid": 79101,
        "n_unique": 75136,
        "n_novel": 74687
    },
    "@200000": {
        "validity": 0.52761,
        "uniqueness": 0.498725,
        "novelty": 0.49608,
        "n_valid": 105522,
        "n_unique": 99745,
        "n_novel": 99216
    },
    "@250000": {
        "validity": 0.526864,
        "uniqueness": 0.49628,
        "novelty": 0.493848,
        "n_valid": 131716,
        "n_unique": 124070,
        "n_novel": 123462
    },
    "@300000": {
        "validity": 0.5269966666666667,
        "uniqueness": 0.49474666666666667,
        "novelty": 0.49247,
        "n_valid": 158099,
        "n_unique": 148424,
        "n_novel": 147741
    },
    "@350000": {
        "validity": 0.5268685714285715,
        "uniqueness": 0.49326285714285717,
        "novelty": 0.4911142857142857,
        "n_valid": 184404,
        "n_unique": 172642,
        "n_novel": 171890
    },
    "@400000": {
        "validity": 0.5271425,
        "uniqueness": 0.4922725,
        "novelty": 0.490225,
        "n_valid": 210857,
        "n_unique": 196909,
        "n_novel": 196090
    },
    "@450000": {
        "validity": 0.52704,
        "uniqueness": 0.4909955555555556,
        "novelty": 0.4890177777777778,
        "n_valid": 237168,
        "n_unique": 220948,
        "n_novel": 220058
    },
    "@500000": {
        "validity": 0.527394,
        "uniqueness": 0.490206,
        "novelty": 0.488308,
        "n_valid": 263697,
        "n_unique": 245103,
        "n_novel": 244154
    },
    "@550000": {
        "validity": 0.5271327272727273,
        "uniqueness": 0.48894545454545457,
        "novelty": 0.4870909090909091,
        "n_valid": 289923,
        "n_unique": 268920,
        "n_novel": 267900
    },
    "@600000": {
        "validity": 0.5269083333333333,
        "uniqueness": 0.4878383333333333,
        "novelty": 0.48602833333333334,
        "n_valid": 316145,
        "n_unique": 292703,
        "n_novel": 291617
    },
    "@650000": {
        "validity": 0.5270615384615385,
        "uniqueness": 0.4871923076923077,
        "novelty": 0.4854276923076923,
        "n_valid": 342590,
        "n_unique": 316675,
        "n_novel": 315528
    },
    "@700000": {
        "validity": 0.5270214285714285,
        "uniqueness": 0.4864957142857143,
        "novelty": 0.48476857142857144,
        "n_valid": 368915,
        "n_unique": 340547,
        "n_novel": 339338
    },
    "@750000": {
        "validity": 0.527012,
        "uniqueness": 0.48574266666666666,
        "novelty": 0.4840413333333333,
        "n_valid": 395259,
        "n_unique": 364307,
        "n_novel": 363031
    },
    "@800000": {
        "validity": 0.526925,
        "uniqueness": 0.4849925,
        "novelty": 0.48332625,
        "n_valid": 421540,
        "n_unique": 387994,
        "n_novel": 386661
    },
    "@850000": {
        "validity": 0.5270058823529412,
        "uniqueness": 0.48440941176470587,
        "novelty": 0.4827741176470588,
        "n_valid": 447955,
        "n_unique": 411748,
        "n_novel": 410358
    },
    "@900000": {
        "validity": 0.5271177777777778,
        "uniqueness": 0.48381111111111114,
        "novelty": 0.4822,
        "n_valid": 474406,
        "n_unique": 435430,
        "n_novel": 433980
    },
    "@950000": {
        "validity": 0.52698,
        "uniqueness": 0.4830778947368421,
        "novelty": 0.48150631578947367,
        "n_valid": 500631,
        "n_unique": 458924,
        "n_novel": 457431
    },
    "@1000000": {
        "validity": 0.527039,
        "uniqueness": 0.482559,
        "novelty": 0.481022,
        "n_valid": 527039,
        "n_unique": 482559,
        "n_novel": 481022
    }
}