{
    "@50000": {
        "validity": 0.87648,
        "uniqueness": 0.84978,
        "novelty": 0.84206,
        "n_valid": 43824,
        "n_unique": 42489,
        "n_novel": 42103
    },
    "@100000": {
        "validity": 0.87474,
        "uniqueness": 0.84012,
        "novelty": 0.83377,
        "n_valid": 87474,
        "n_unique": 84012,
        "n_novel": 83377
    },
    "@150000": {
        "validity": 0.8750333333333333,
        "uniqueness": 0.8350866666666666,
        "novelty": 0.8294533333333334,
        "n_valid": 131255,
        "n_unique": 125263,
        "n_novel": 124418
    },
    "@200000": {
        "validity": 0.874845,
        "uniqueness": 0.8311,
        "novelty": 0.826015,
        "n_valid": 174969,
        "n_unique": 166220,
        "n_novel": 165203
    },
    "@250000": {
        "validity": 0.8748,
        "uniqueness": 0.827392,
        "novelty": 0.822688,
        "n_valid": 218700,
        "n_unique": 206848,
        "n_novel": 205672
    },
    "@300000": {
        "validity": 0.8748833333333333,
        "uniqueness": 0.8243933333333333,
        "novelty": 0.82003,
        "n_valid": 262465,
        "n_unique": 247318,
        "n_novel": 246009
    },
    "@350000": {
        "validity": 0.8750485714285714,
        "uniqueness": 0.8219514285714286,
        "novelty": 0.8178285714285715,
        "n_valid": 306267,
        "n_unique": 287683,
        "n_novel": 286240
    },
    "@400000": {
        "validity": 0.8750175,
        "uniqueness": 0.8197325,
        "novelty": 0.8157925,
        "n_valid": 350007,
        "n_unique": 327893,
        "n_novel": 326317
    },
    "@450000": {
        "validity": 0.8749866666666667,
        "uniqueness": 0.81756,
        "novelty": 0.81382,
        "n_valid": 393744,
        "n_unique": 367902,
        "n_novel": 366219
    },
    "@500000": {
        "validity": 0.875086,
        "uniqueness": 0.815638,
        "novelty": 0.812026,
        "n_valid": 437543,
        "n_unique": 407819,
        "n_novel": 406013
    },
    "@550000": {
        "validity": 0.8752436363636363,
        "uniqueness": 0.8141618181818182,
        "novelty": 0.8106654545454546,
        "n_valid": 481384,
        "n_unique": 447789,
        "n_novel": 445866
    },
    "@600000": {
        "validity": 0.874965,
        "uniqueness": 0.8122983333333333,
        "novelty": 0.8088883333333333,
        "n_valid": 524979,
        "n_unique": 487379,
        "n_novel": 485333
    },
    "@650000": {
        "validity": 0.8750892307692307,
        "uniqueness": 0.8108184615384615,
        "novelty": 0.8075323076923077,
        "n_valid": 568808,
        "n_unique": 527032,
        "n_novel": 524896
    },
    "@700000": {
        "validity": 0.8750071428571429,
        "uniqueness": 0.8091571428571429,
        "novelty": 0.8059557142857143,
        "n_valid": 612505,
        "n_unique": 566410,
        "n_novel": 564169
    },
    "@750000": {
        "validity": 0.8747346666666667,
        "uniqueness": 0.8075533333333333,
        "novelty": 0.804452,
        "n_valid": 656051,
        "n_unique": 605665,
        "n_novel": 603339
    },
    "@800000": {
        "validity": 0.87482375,
        "uniqueness": 0.80631375,
        "novelty": 0.80327375,
        "n_valid": 699859,
        "n_unique": 645051,
        "n_novel": 642619
    },
    "@850000": {
        "validity": 0.8748270588235294,
        "uniqueness": 0.8050717647058824,
        "novelty": 0.8021082352941177,
        "n_valid": 743603,
        "n_unique": 684311,
        "n_novel": 681792
    },
    "@900000": {
        "validity": 0.8748544444444445,
        "uniqueness": 0.8039155555555556,
        "novelty": 0.80101,
        "n_valid": 787369,
        "n_unique": 723524,
        "n_novel": 720909
    },
    "@950000": {
        "validity": 0.8748021052631579,
        "uniqueness": 0.8026221052631579,
        "novelty": 0.7997631578947368,
        "n_valid": 831062,
        "n_unique": 762491,
        "n_novel": 759775
    },
    "@1000000": {
        "validity": 0.87478,
        "uniqueness": 0.801435,
        "novelty": 0.798634,
        "n_valid": 874780,
        "n_unique": 801435,
        "n_novel": 798634
    }
}