{
    "@50000": {
        "validity": 0.98872,
        "uniqueness": 0.92992,
        "novelty": 0.89374,
        "n_valid": 49436,
        "n_unique": 46496,
        "n_novel": 44687
    },
    "@100000": {
        "validity": 0.98875,
        "uniqueness": 0.90368,
        "novelty": 0.87111,
        "n_valid": 98875,
        "n_unique": 90368,
        "n_novel": 87111
    },
    "@150000": {
        "validity": 0.9888666666666667,
        "uniqueness": 0.8856933333333333,
        "novelty": 0.8556266666666666,
        "n_valid": 148330,
        "n_unique": 132854,
        "n_novel": 128344
    },
    "@200000": {
        "validity": 0.98883,
        "uniqueness": 0.870605,
        "novelty": 0.842565,
        "n_valid": 197766,
        "n_unique": 174121,
        "n_novel": 168513
    },
    "@250000": {
        "validity": 0.988624,
        "uniqueness": 0.85806,
        "novelty": 0.83186,
        "n_valid": 247156,
        "n_unique": 214515,
        "n_novel": 207965
    },
    "@300000": {
        "validity": 0.9885366666666666,
        "uniqueness": 0.84778,
        "novelty": 0.823,
        "n_valid": 296561,
        "n_unique": 254334,
        "n_novel": 246900
    },
    "@350000": {
        "validity": 0.9885057142857143,
        "uniqueness": 0.8391828571428571,
        "novelty": 0.8156028571428572,
        "n_valid": 345977,
        "n_unique": 293714,
        "n_novel": 285461
    },
    "@400000": {
        "validity": 0.98849,
        "uniqueness": 0.8310475,
        "novelty": 0.8084125,
        "n_valid": 395396,
        "n_unique": 332419,
        "n_novel": 323365
    },
    "@450000": {
        "validity": 0.9884911111111111,
        "uniqueness": 0.8236888888888889,
        "novelty": 0.8020488888888889,
        "n_valid": 444821,
        "n_unique": 370660,
        "n_novel": 360922
    },
    "@500000": {
        "validity": 0.988398,
        "uniqueness": 0.81694,
        "novelty": 0.796056,
        "n_valid": 494199,
        "n_unique": 408470,
        "n_novel": 398028
    },
    "@550000": {
        "validity": 0.9883818181818181,
        "uniqueness": 0.8104927272727273,
        "novelty": 0.7901781818181818,
        "n_valid": 543610,
        "n_unique": 445771,
        "n_novel": 434598
    },
    "@600000": {
        "validity": 0.9883383333333333,
        "uniqueness": 0.8048983333333334,
        "novelty": 0.7851666666666667,
        "n_valid": 593003,
        "n_unique": 482939,
        "n_novel": 471100
    },
    "@650000": {
        "validity": 0.9883430769230769,
        "uniqueness": 0.7998138461538462,
        "novelty": 0.7806015384615385,
        "n_valid": 642423,
        "n_unique": 519879,
        "n_novel": 507391
    },
    "@700000": {
        "validity": 0.9883242857142858,
        "uniqueness": 0.7948571428571428,
        "novelty": 0.7761771428571429,
        "n_valid": 691827,
        "n_unique": 556400,
        "n_novel": 543324
    },
    "@750000": {
        "validity": 0.9882986666666667,
        "uniqueness": 0.790428,
        "novelty": 0.7722,
        "n_valid": 741224,
        "n_unique": 592821,
        "n_novel": 579150
    },
    "@800000": {
        "validity": 0.988365,
        "uniqueness": 0.785935,
        "novelty": 0.76819625,
        "n_valid": 790692,
        "n_unique": 628748,
        "n_novel": 614557
    },
    "@850000": {
        "validity": 0.9883882352941177,
        "uniqueness": 0.7818211764705882,
        "novelty": 0.7644588235294117,
        "n_valid": 840130,
        "n_unique": 664548,
        "n_novel": 649790
    },
    "@900000": {
        "validity": 0.9884011111111111,
        "uniqueness": 0.7779822222222222,
        "novelty": 0.7609833333333333,
        "n_valid": 889561,
        "n_unique": 700184,
        "n_novel": 684885
    },
    "@950000": {
        "validity": 0.9884147368421052,
        "uniqueness": 0.7741926315789474,
        "novelty": 0.7575736842105263,
        "n_valid": 938994,
        "n_unique": 735483,
        "n_novel": 719695
    },
    "@1000000": {
        "validity": 0.988444,
        "uniqueness": 0.770674,
        "novelty": 0.754406,
        "n_valid": 988444,
        "n_unique": 770674,
        "n_novel": 754406
    }
}