{
    "@50000": {
        "validity": 0.89574,
        "uniqueness": 0.84752,
        "novelty": 0.83846,
        "n_valid": 44787,
        "n_unique": 42376,
        "n_novel": 41923
    },
    "@100000": {
        "validity": 0.89546,
        "uniqueness": 0.83371,
        "novelty": 0.82593,
        "n_valid": 89546,
        "n_unique": 83371,
        "n_novel": 82593
    },
    "@150000": {
        "validity": 0.89518,
        "uniqueness": 0.8232533333333333,
        "novelty": 0.8164933333333333,
        "n_valid": 134277,
        "n_unique": 123488,
        "n_novel": 122474
    },
    "@200000": {
        "validity": 0.89478,
        "uniqueness": 0.8152,
        "novelty": 0.808965,
        "n_valid": 178956,
        "n_unique": 163040,
        "n_novel": 161793
    },
    "@250000": {
        "validity": 0.894456,
        "uniqueness": 0.808796,
        "novelty": 0.803076,
        "n_valid": 223614,
        "n_unique": 202199,
        "n_novel": 200769
    },
    "@300000": {
        "validity": 0.89449,
        "uniqueness": 0.80361,
        "novelty": 0.7982366666666667,
        "n_valid": 268347,
        "n_unique": 241083,
        "n_novel": 239471
    },
    "@350000": {
        "validity": 0.8944914285714286,
        "uniqueness": 0.7986914285714286,
        "novelty": 0.79354,
        "n_valid": 313072,
        "n_unique": 279542,
        "n_novel": 277739
    },
    "@400000": {
        "validity": 0.8948225,
        "uniqueness": 0.79425,
        "novelty": 0.7892875,
        "n_valid": 357929,
        "n_unique": 317700,
        "n_novel": 315715
    },
    "@450000": {
        "validity": 0.8947133333333334,
        "uniqueness": 0.7900577777777777,
        "novelty": 0.7853066666666667,
        "n_valid": 402621,
        "n_unique": 355526,
        "n_novel": 353388
    },
    "@500000": {
        "validity": 0.89473,
        "uniqueness": 0.78662,
        "novelty": 0.78203,
        "n_valid": 447365,
        "n_unique": 393310,
        "n_novel": 391015
    },
    "@550000": {
        "validity": 0.894870909090909,
        "uniqueness": 0.7835454545454545,
        "novelty": 0.7791218181818181,
        "n_valid": 492179,
        "n_unique": 430950,
        "n_novel": 428517
    },
    "@600000": {
        "validity": 0.8948083333333333,
        "uniqueness": 0.7803416666666667,
        "novelty": 0.7760266666666666,
        "n_valid": 536885,
        "n_unique": 468205,
        "n_novel": 465616
    },
    "@650000": {
        "validity": 0.8946169230769231,
        "uniqueness": 0.7772676923076923,
        "novelty": 0.7730723076923077,
        "n_valid": 581501,
        "n_unique": 505224,
        "n_novel": 502497
    },
    "@700000": {
        "validity": 0.8946857142857143,
        "uniqueness": 0.7744957142857143,
        "novelty": 0.7704,
        "n_valid": 626280,
        "n_unique": 542147,
        "n_novel": 539280
    },
    "@750000": {
        "validity": 0.8945173333333334,
        "uniqueness": 0.771772,
        "novelty": 0.7677653333333333,
        "n_valid": 670888,
        "n_unique": 578829,
        "n_novel": 575824
    },
    "@800000": {
        "validity": 0.89446625,
        "uniqueness": 0.76936125,
        "novelty": 0.76544625,
        "n_valid": 715573,
        "n_unique": 615489,
        "n_novel": 612357
    },
    "@850000": {
        "validity": 0.8943035294117647,
        "uniqueness": 0.7670188235294118,
        "novelty": 0.7631964705882353,
        "n_valid": 760158,
        "n_unique": 651966,
        "n_novel": 648717
    },
    "@900000": {
        "validity": 0.8942833333333333,
        "uniqueness": 0.7648211111111111,
        "novelty": 0.7610722222222223,
        "n_valid": 804855,
        "n_unique": 688339,
        "n_novel": 684965
    },
    "@950000": {
        "validity": 0.8943084210526315,
        "uniqueness": 0.7626705263157895,
        "novelty": 0.7589842105263158,
        "n_valid": 849593,
        "n_unique": 724537,
        "n_novel": 721035
    },
    "@1000000": {
        "validity": 0.894313,
        "uniqueness": 0.760696,
        "novelty": 0.757079,
        "n_valid": 894313,
        "n_unique": 760696,
        "n_novel": 757079
    }
}