{
    "@50000": {
        "validity": 0.94432,
        "uniqueness": 0.83534,
        "novelty": 0.82622,
        "n_valid": 47216,
        "n_unique": 41767,
        "n_novel": 41311
    },
    "@100000": {
        "validity": 0.94348,
        "uniqueness": 0.80923,
        "novelty": 0.80213,
        "n_valid": 94348,
        "n_unique": 80923,
        "n_novel": 80213
    },
    "@150000": {
        "validity": 0.94276,
        "uniqueness": 0.7930933333333333,
        "novelty": 0.78694,
        "n_valid": 141414,
        "n_unique": 118964,
        "n_novel": 118041
    },
    "@200000": {
        "validity": 0.94278,
        "uniqueness": 0.78069,
        "novelty": 0.775355,
        "n_valid": 188556,
        "n_unique": 156138,
        "n_novel": 155071
    },
    "@250000": {
        "validity": 0.942772,
        "uniqueness": 0.770672,
        "novelty": 0.765864,
        "n_valid": 235693,
        "n_unique": 192668,
        "n_novel": 191466
    },
    "@300000": {
        "validity": 0.9428066666666667,
        "uniqueness": 0.7624266666666667,
        "novelty": 0.7580166666666667,
        "n_valid": 282842,
        "n_unique": 228728,
        "n_novel": 227405
    },
    "@350000": {
        "validity": 0.9426942857142857,
        "uniqueness": 0.7556257142857142,
        "novelty": 0.7514914285714286,
        "n_valid": 329943,
        "n_unique": 264469,
        "n_novel": 263022
    },
    "@400000": {
        "validity": 0.9427775,
        "uniqueness": 0.7497975,
        "novelty": 0.745925,
        "n_valid": 377111,
        "n_unique": 299919,
        "n_novel": 298370
    },
    "@450000": {
        "validity": 0.9428555555555556,
        "uniqueness": 0.7441866666666667,
        "novelty": 0.7404955555555556,
        "n_valid": 424285,
        "n_unique": 334884,
        "n_novel": 333223
    },
    "@500000": {
        "validity": 0.942886,
        "uniqueness": 0.73923,
        "novelty": 0.735768,
        "n_valid": 471443,
        "n_unique": 369615,
        "n_novel": 367884
    },
    "@550000": {
        "validity": 0.9428981818181819,
        "uniqueness": 0.7346854545454545,
        "novelty": 0.7313545454545455,
        "n_valid": 518594,
        "n_unique": 404077,
        "n_novel": 402245
    },
    "@600000": {
        "validity": 0.942685,
        "uniqueness": 0.730135,
        "novelty": 0.7269616666666666,
        "n_valid": 565611,
        "n_unique": 438081,
        "n_novel": 436177
    },
    "@650000": {
        "validity": 0.9428261538461539,
        "uniqueness": 0.7263784615384615,
        "novelty": 0.7233107692307692,
        "n_valid": 612837,
        "n_unique": 472146,
        "n_novel": 470152
    },
    "@700000": {
        "validity": 0.9427585714285714,
        "uniqueness": 0.7225057142857143,
        "novelty": 0.7195357142857143,
        "n_valid": 659931,
        "n_unique": 505754,
        "n_novel": 503675
    },
    "@750000": {
        "validity": 0.9425613333333334,
        "uniqueness": 0.7190213333333333,
        "novelty": 0.7161506666666667,
        "n_valid": 706921,
        "n_unique": 539266,
        "n_novel": 537113
    },
    "@800000": {
        "validity": 0.94263875,
        "uniqueness": 0.715925,
        "novelty": 0.71314875,
        "n_valid": 754111,
        "n_unique": 572740,
        "n_novel": 570519
    },
    "@850000": {
        "validity": 0.9427,
        "uniqueness": 0.7127423529411765,
        "novelty": 0.7100305882352941,
        "n_valid": 801295,
        "n_unique": 605831,
        "n_novel": 603526
    },
    "@900000": {
        "validity": 0.9426533333333333,
        "uniqueness": 0.7097744444444445,
        "novelty": 0.7071366666666666,
        "n_valid": 848388,
        "n_unique": 638797,
        "n_novel": 636423
    },
    "@950000": {
        "validity": 0.9427273684210526,
        "uniqueness": 0.7070052631578947,
        "novelty": 0.7044505263157895,
        "n_valid": 895591,
        "n_unique": 671655,
        "n_novel": 669228
    },
    "@1000000": {
        "validity": 0.94272,
        "uniqueness": 0.70418,
        "novelty": 0.701681,
        "n_valid": 942720,
        "n_unique": 704180,
        "n_novel": 701681
    }
}