{
    "@50000": {
        "validity": 0.8901,
        "uniqueness": 0.54802,
        "novelty": 0.5402,
        "n_valid": 44505,
        "n_unique": 27401,
        "n_novel": 27010
    },
    "@100000": {
        "validity": 0.889,
        "uniqueness": 0.50263,
        "novelty": 0.49746,
        "n_valid": 88900,
        "n_unique": 50263,
        "n_novel": 49746
    },
    "@150000": {
        "validity": 0.8886,
        "uniqueness": 0.4759933333333333,
        "novelty": 0.47203333333333336,
        "n_valid": 133290,
        "n_unique": 71399,
        "n_novel": 70805
    },
    "@200000": {
        "validity": 0.888845,
        "uniqueness": 0.45758,
        "novelty": 0.454265,
        "n_valid": 177769,
        "n_unique": 91516,
        "n_novel": 90853
    },
    "@250000": {
        "validity": 0.88842,
        "uniqueness": 0.442296,
        "novelty": 0.439388,
        "n_valid": 222105,
        "n_unique": 110574,
        "n_novel": 109847
    },
    "@300000": {
        "validity": 0.8881033333333334,
        "uniqueness": 0.43,
        "novelty": 0.42741666666666667,
        "n_valid": 266431,
        "n_unique": 129000,
        "n_novel": 128225
    },
    "@350000": {
        "validity": 0.8879828571428572,
        "uniqueness": 0.41989714285714286,
        "novelty": 0.41754,
        "n_valid": 310794,
        "n_unique": 146964,
        "n_novel": 146139
    },
    "@400000": {
        "validity": 0.887795,
        "uniqueness": 0.4112375,
        "novelty": 0.40906,
        "n_valid": 355118,
        "n_unique": 164495,
        "n_novel": 163624
    },
    "@450000": {
        "validity": 0.88792,
        "uniqueness": 0.40422,
        "novelty": 0.4022177777777778,
        "n_valid": 399564,
        "n_unique": 181899,
        "n_novel": 180998
    },
    "@500000": {
        "validity": 0.887732,
        "uniqueness": 0.397582,
        "novelty": 0.395712,
        "n_valid": 443866,
        "n_unique": 198791,
        "n_novel": 197856
    },
    "@550000": {
        "validity": 0.88778,
        "uniqueness": 0.3916545454545455,
        "novelty": 0.38990545454545456,
        "n_valid": 488279,
        "n_unique": 215410,
        "n_novel": 214448
    },
    "@600000": {
        "validity": 0.8878283333333333,
        "uniqueness": 0.3864533333333333,
        "novelty": 0.38481666666666664,
        "n_valid": 532697,
        "n_unique": 231872,
        "n_novel": 230890
    },
    "@650000": {
        "validity": 0.8878753846153846,
        "uniqueness": 0.3815892307692308,
        "novelty": 0.3800169230769231,
        "n_valid": 577119,
        "n_unique": 248033,
        "n_novel": 247011
    },
    "@700000": {
        "validity": 0.8879142857142858,
        "uniqueness": 0.37724285714285716,
        "novelty": 0.3757457142857143,
        "n_valid": 621540,
        "n_unique": 264070,
        "n_novel": 263022
    },
    "@750000": {
        "validity": 0.8878266666666667,
        "uniqueness": 0.3731946666666667,
        "novelty": 0.371776,
        "n_valid": 665870,
        "n_unique": 279896,
        "n_novel": 278832
    },
    "@800000": {
        "validity": 0.88763375,
        "uniqueness": 0.3693975,
        "novelty": 0.36802125,
        "n_valid": 710107,
        "n_unique": 295518,
        "n_novel": 294417
    },
    "@850000": {
        "validity": 0.8876552941176471,
        "uniqueness": 0.3656858823529412,
        "novelty": 0.3643635294117647,
        "n_valid": 754507,
        "n_unique": 310833,
        "n_novel": 309709
    },
    "@900000": {
        "validity": 0.8876666666666667,
        "uniqueness": 0.3622633333333333,
        "novelty": 0.36099444444444445,
        "n_valid": 798900,
        "n_unique": 326037,
        "n_novel": 324895
    },
    "@950000": {
        "validity": 0.8876347368421053,
        "uniqueness": 0.3590084210526316,
        "novelty": 0.3577936842105263,
        "n_valid": 843253,
        "n_unique": 341058,
        "n_novel": 339904
    },
    "@1000000": {
        "validity": 0.887714,
        "uniqueness": 0.356072,
        "novelty": 0.354902,
        "n_valid": 887714,
        "n_unique": 356072,
        "n_novel": 354902
    }
}