{
    "@50000": {
        "validity": 0.47908,
        "uniqueness": 0.46568,
        "novelty": 0.46104,
        "n_valid": 23954,
        "n_unique": 23284,
        "n_novel": 23052
    },
    "@100000": {
        "validity": 0.47829,
        "uniqueness": 0.46057,
        "novelty": 0.45659,
        "n_valid": 47829,
        "n_unique": 46057,
        "n_novel": 45659
    },
    "@150000": {
        "validity": 0.4791066666666667,
        "uniqueness": 0.45856,
        "novelty": 0.45497333333333334,
        "n_valid": 71866,
        "n_unique": 68784,
        "n_novel": 68246
    },
    "@200000": {
        "validity": 0.47939,
        "uniqueness": 0.456135,
        "novelty": 0.45275,
        "n_valid": 95878,
        "n_unique": 91227,
        "n_novel": 90550
    },
    "@250000": {
        "validity": 0.479668,
        "uniqueness": 0.4545,
        "novelty": 0.451368,
        "n_valid": 119917,
        "n_unique": 113625,
        "n_novel": 112842
    },
    "@300000": {
        "validity": 0.47976,
        "uniqueness": 0.45307333333333333,
        "novelty": 0.45014,
        "n_valid": 143928,
        "n_unique": 135922,
        "n_novel": 135042
    },
    "@350000": {
        "validity": 0.48014285714285715,
        "uniqueness": 0.45218,
        "novelty": 0.4493742857142857,
        "n_valid": 168050,
        "n_unique": 158263,
        "n_novel": 157281
    },
    "@400000": {
        "validity": 0.479945,
        "uniqueness": 0.450565,
        "novelty": 0.4479025,
        "n_valid": 191978,
        "n_unique": 180226,
        "n_novel": 179161
    },
    "@450000": {
        "validity": 0.47969333333333336,
        "uniqueness": 0.44930888888888887,
        "novelty": 0.4467288888888889,
        "n_valid": 215862,
        "n_unique": 202189,
        "n_novel": 201028
    },
    "@500000": {
        "validity": 0.479656,
        "uniqueness": 0.448046,
        "novelty": 0.445562,
        "n_valid": 239828,
        "n_unique": 224023,
        "n_novel": 222781
    },
    "@550000": {
        "validity": 0.4797527272727273,
        "uniqueness": 0.4471418181818182,
        "novelty": 0.44471818181818185,
        "n_valid": 263864,
        "n_unique": 245928,
        "n_novel": 244595
    },
    "@600000": {
        "validity": 0.47931833333333335,
        "uniqueness": 0.4457716666666667,
        "novelty": 0.4434283333333333,
        "n_valid": 287591,
        "n_unique": 267463,
        "n_novel": 266057
    },
    "@650000": {
        "validity": 0.47911230769230767,
        "uniqueness": 0.44468615384615384,
        "novelty": 0.4423846153846154,
        "n_valid": 311423,
        "n_unique": 289046,
        "n_novel": 287550
    },
    "@700000": {
        "validity": 0.47886,
        "uniqueness": 0.4437557142857143,
        "novelty": 0.4415157142857143,
        "n_valid": 335202,
        "n_unique": 310629,
        "n_novel": 309061
    },
    "@750000": {
        "validity": 0.47858,
        "uniqueness": 0.44270933333333334,
        "novelty": 0.44052,
        "n_valid": 358935,
        "n_unique": 332032,
        "n_novel": 330390
    },
    "@800000": {
        "validity": 0.47843625,
        "uniqueness": 0.441865,
        "novelty": 0.43971125,
        "n_valid": 382749,
        "n_unique": 353492,
        "n_novel": 351769
    },
    "@850000": {
        "validity": 0.4782458823529412,
        "uniqueness": 0.4410070588235294,
        "novelty": 0.43889176470588237,
        "n_valid": 406509,
        "n_unique": 374856,
        "n_novel": 373058
    },
    "@900000": {
        "validity": 0.47822333333333333,
        "uniqueness": 0.44030555555555556,
        "novelty": 0.4382333333333333,
        "n_valid": 430401,
        "n_unique": 396275,
        "n_novel": 394410
    },
    "@950000": {
        "validity": 0.47841894736842105,
        "uniqueness": 0.43994421052631577,
        "novelty": 0.43790105263157897,
        "n_valid": 454498,
        "n_unique": 417947,
        "n_novel": 416006
    },
    "@1000000": {
        "validity": 0.47842,
        "uniqueness": 0.439404,
        "novelty": 0.437397,
        "n_valid": 478420,
        "n_unique": 439404,
        "n_novel": 437397
    }
}