{
    "@50000": {
        "validity": 0.91608,
        "uniqueness": 0.8042,
        "novelty": 0.78884,
        "n_valid": 45804,
        "n_unique": 40210,
        "n_novel": 39442
    },
    "@100000": {
        "validity": 0.91442,
        "uniqueness": 0.77106,
        "novelty": 0.7598,
        "n_valid": 91442,
        "n_unique": 77106,
        "n_novel": 75980
    },
    "@150000": {
        "validity": 0.9146733333333333,
        "uniqueness": 0.74942,
        "novelty": 0.7400533333333333,
        "n_valid": 137201,
        "n_unique": 112413,
        "n_novel": 111008
    },
    "@200000": {
        "validity": 0.913995,
        "uniqueness": 0.73265,
        "novelty": 0.72437,
        "n_valid": 182799,
        "n_unique": 146530,
        "n_novel": 144874
    },
    "@250000": {
        "validity": 0.91376,
        "uniqueness": 0.719832,
        "novelty": 0.712448,
        "n_valid": 228440,
        "n_unique": 179958,
        "n_novel": 178112
    },
    "@300000": {
        "validity": 0.9140066666666666,
        "uniqueness": 0.7099266666666667,
        "novelty": 0.7032,
        "n_valid": 274202,
        "n_unique": 212978,
        "n_novel": 210960
    },
    "@350000": {
        "validity": 0.9139628571428572,
        "uniqueness": 0.7006028571428572,
        "novelty": 0.6943657142857143,
        "n_valid": 319887,
        "n_unique": 245211,
        "n_novel": 243028
    },
    "@400000": {
        "validity": 0.9138775,
        "uniqueness": 0.6926125,
        "novelty": 0.68679,
        "n_valid": 365551,
        "n_unique": 277045,
        "n_novel": 274716
    },
    "@450000": {
        "validity": 0.9137777777777778,
        "uniqueness": 0.6854466666666666,
        "novelty": 0.6799733333333333,
        "n_valid": 411200,
        "n_unique": 308451,
        "n_novel": 305988
    },
    "@500000": {
        "validity": 0.913932,
        "uniqueness": 0.679276,
        "novelty": 0.674094,
        "n_valid": 456966,
        "n_unique": 339638,
        "n_novel": 337047
    },
    "@550000": {
        "validity": 0.9138290909090909,
        "uniqueness": 0.6732145454545455,
        "novelty": 0.6682890909090909,
        "n_valid": 502606,
        "n_unique": 370268,
        "n_novel": 367559
    },
    "@600000": {
        "validity": 0.9140083333333333,
        "uniqueness": 0.6678183333333333,
        "novelty": 0.6631033333333334,
        "n_valid": 548405,
        "n_unique": 400691,
        "n_novel": 397862
    },
    "@650000": {
        "validity": 0.9140569230769231,
        "uniqueness": 0.6629123076923077,
        "novelty": 0.6584046153846154,
        "n_valid": 594137,
        "n_unique": 430893,
        "n_novel": 427963
    },
    "@700000": {
        "validity": 0.91399,
        "uniqueness": 0.6585771428571429,
        "novelty": 0.6542642857142857,
        "n_valid": 639793,
        "n_unique": 461004,
        "n_novel": 457985
    },
    "@750000": {
        "validity": 0.9139266666666667,
        "uniqueness": 0.654228,
        "novelty": 0.6500826666666667,
        "n_valid": 685445,
        "n_unique": 490671,
        "n_novel": 487562
    },
    "@800000": {
        "validity": 0.91389125,
        "uniqueness": 0.64992625,
        "novelty": 0.64591,
        "n_valid": 731113,
        "n_unique": 519941,
        "n_novel": 516728
    },
    "@850000": {
        "validity": 0.9138870588235294,
        "uniqueness": 0.6461623529411765,
        "novelty": 0.6422717647058823,
        "n_valid": 776804,
        "n_unique": 549238,
        "n_novel": 545931
    },
    "@900000": {
        "validity": 0.9137955555555556,
        "uniqueness": 0.6424722222222222,
        "novelty": 0.6387211111111111,
        "n_valid": 822416,
        "n_unique": 578225,
        "n_novel": 574849
    },
    "@950000": {
        "validity": 0.9139252631578947,
        "uniqueness": 0.6390315789473684,
        "novelty": 0.6353936842105263,
        "n_valid": 868229,
        "n_unique": 607080,
        "n_novel": 603624
    },
    "@1000000": {
        "validity": 0.913902,
        "uniqueness": 0.635605,
        "novelty": 0.632071,
        "n_valid": 913902,
        "n_unique": 635605,
        "n_novel": 632071
    }
}