{
    "@50000": {
        "validity": 0.91024,
        "uniqueness": 0.90864,
        "novelty": 0.89722,
        "n_valid": 45512,
        "n_unique": 45432,
        "n_novel": 44861
    },
    "@100000": {
        "validity": 0.91099,
        "uniqueness": 0.90812,
        "novelty": 0.8973,
        "n_valid": 91099,
        "n_unique": 90812,
        "n_novel": 89730
    },
    "@150000": {
        "validity": 0.9111066666666666,
        "uniqueness": 0.9072133333333333,
        "novelty": 0.8966333333333333,
        "n_valid": 136666,
        "n_unique": 136082,
        "n_novel": 134495
    },
    "@200000": {
        "validity": 0.91101,
        "uniqueness": 0.90626,
        "novelty": 0.896065,
        "n_valid": 182202,
        "n_unique": 181252,
        "n_novel": 179213
    },
    "@250000": {
        "validity": 0.911012,
        "uniqueness": 0.905308,
        "novelty": 0.895184,
        "n_valid": 227753,
        "n_unique": 226327,
        "n_novel": 223796
    },
    "@300000": {
        "validity": 0.9110466666666667,
        "uniqueness": 0.9046666666666666,
        "novelty": 0.8947866666666666,
        "n_valid": 273314,
        "n_unique": 271400,
        "n_novel": 268436
    },
    "@350000": {
        "validity": 0.9111942857142857,
        "uniqueness": 0.9039885714285715,
        "novelty": 0.8942857142857142,
        "n_valid": 318918,
        "n_unique": 316396,
        "n_novel": 313000
    },
    "@400000": {
        "validity": 0.91127,
        "uniqueness": 0.9031725,
        "novelty": 0.893705,
        "n_valid": 364508,
        "n_unique": 361269,
        "n_novel": 357482
    },
    "@450000": {
        "validity": 0.9115044444444445,
        "uniqueness": 0.9027222222222222,
        "novelty": 0.8933622222222222,
        "n_valid": 410177,
        "n_unique": 406225,
        "n_novel": 402013
    },
    "@500000": {
        "validity": 0.911608,
        "uniqueness": 0.90224,
        "novelty": 0.893104,
        "n_valid": 455804,
        "n_unique": 451120,
        "n_novel": 446552
    },
    "@550000": {
        "validity": 0.91168,
        "uniqueness": 0.90164,
        "novelty": 0.8926181818181819,
        "n_valid": 501424,
        "n_unique": 495902,
        "n_novel": 490940
    },
    "@600000": {
        "validity": 0.9116416666666667,
        "uniqueness": 0.90107,
        "novelty": 0.8921483333333333,
        "n_valid": 546985,
        "n_unique": 540642,
        "n_novel": 535289
    },
    "@650000": {
        "validity": 0.9116369230769231,
        "uniqueness": 0.9005507692307693,
        "novelty": 0.891723076923077,
        "n_valid": 592564,
        "n_unique": 585358,
        "n_novel": 579620
    },
    "@700000": {
        "validity": 0.9116885714285714,
        "uniqueness": 0.90008,
        "novelty": 0.8913842857142857,
        "n_valid": 638182,
        "n_unique": 630056,
        "n_novel": 623969
    },
    "@750000": {
        "validity": 0.9115773333333334,
        "uniqueness": 0.899492,
        "novelty": 0.8909093333333333,
        "n_valid": 683683,
        "n_unique": 674619,
        "n_novel": 668182
    },
    "@800000": {
        "validity": 0.9115775,
        "uniqueness": 0.898925,
        "novelty": 0.8904675,
        "n_valid": 729262,
        "n_unique": 719140,
        "n_novel": 712374
    },
    "@850000": {
        "validity": 0.9116423529411765,
        "uniqueness": 0.8984576470588236,
        "novelty": 0.8901470588235294,
        "n_valid": 774896,
        "n_unique": 763689,
        "n_novel": 756625
    },
    "@900000": {
        "validity": 0.9115744444444445,
        "uniqueness": 0.8979022222222223,
        "novelty": 0.8897111111111111,
        "n_valid": 820417,
        "n_unique": 808112,
        "n_novel": 800740
    },
    "@950000": {
        "validity": 0.9116157894736842,
        "uniqueness": 0.8975505263157895,
        "novelty": 0.8894084210526316,
        "n_valid": 866035,
        "n_unique": 852673,
        "n_novel": 844938
    },
    "@1000000": {
        "validity": 0.911622,
        "uniqueness": 0.897165,
        "novelty": 0.889097,
        "n_valid": 911622,
        "n_unique": 897165,
        "n_novel": 889097
    }
}