{
    "@50000": {
        "validity": 0.83318,
        "uniqueness": 0.65478,
        "novelty": 0.64614,
        "n_valid": 41659,
        "n_unique": 32739,
        "n_novel": 32307
    },
    "@100000": {
        "validity": 0.83071,
        "uniqueness": 0.62326,
        "novelty": 0.6172,
        "n_valid": 83071,
        "n_unique": 62326,
        "n_novel": 61720
    },
    "@150000": {
        "validity": 0.83018,
        "uniqueness": 0.60412,
        "novelty": 0.5992533333333333,
        "n_valid": 124527,
        "n_unique": 90618,
        "n_novel": 89888
    },
    "@200000": {
        "validity": 0.83059,
        "uniqueness": 0.590975,
        "novelty": 0.5868,
        "n_valid": 166118,
        "n_unique": 118195,
        "n_novel": 117360
    },
    "@250000": {
        "validity": 0.830524,
        "uniqueness": 0.581376,
        "novelty": 0.57766,
        "n_valid": 207631,
        "n_unique": 145344,
        "n_novel": 144415
    },
    "@300000": {
        "validity": 0.83001,
        "uniqueness": 0.57157,
        "novelty": 0.5682533333333334,
        "n_valid": 249003,
        "n_unique": 171471,
        "n_novel": 170476
    },
    "@350000": {
        "validity": 0.8299628571428571,
        "uniqueness": 0.5642428571428572,
        "novelty": 0.5612057142857143,
        "n_valid": 290487,
        "n_unique": 197485,
        "n_novel": 196422
    },
    "@400000": {
        "validity": 0.8299375,
        "uniqueness": 0.5579725,
        "novelty": 0.55515,
        "n_valid": 331975,
        "n_unique": 223189,
        "n_novel": 222060
    },
    "@450000": {
        "validity": 0.8296622222222222,
        "uniqueness": 0.5523888888888889,
        "novelty": 0.5497244444444445,
        "n_valid": 373348,
        "n_unique": 248575,
        "n_novel": 247376
    },
    "@500000": {
        "validity": 0.82938,
        "uniqueness": 0.547572,
        "novelty": 0.54505,
        "n_valid": 414690,
        "n_unique": 273786,
        "n_novel": 272525
    },
    "@550000": {
        "validity": 0.8293381818181819,
        "uniqueness": 0.5428545454545455,
        "novelty": 0.5404690909090909,
        "n_valid": 456136,
        "n_unique": 298570,
        "n_novel": 297258
    },
    "@600000": {
        "validity": 0.8292316666666667,
        "uniqueness": 0.5386766666666667,
        "novelty": 0.5364033333333333,
        "n_valid": 497539,
        "n_unique": 323206,
        "n_novel": 321842
    },
    "@650000": {
        "validity": 0.8291907692307692,
        "uniqueness": 0.535236923076923,
        "novelty": 0.5330538461538461,
        "n_valid": 538974,
        "n_unique": 347904,
        "n_novel": 346485
    },
    "@700000": {
        "validity": 0.8291185714285715,
        "uniqueness": 0.5317542857142857,
        "novelty": 0.5296314285714285,
        "n_valid": 580383,
        "n_unique": 372228,
        "n_novel": 370742
    },
    "@750000": {
        "validity": 0.8291466666666667,
        "uniqueness": 0.5286706666666666,
        "novelty": 0.5266093333333334,
        "n_valid": 621860,
        "n_unique": 396503,
        "n_novel": 394957
    },
    "@800000": {
        "validity": 0.8291625,
        "uniqueness": 0.525575,
        "novelty": 0.52359,
        "n_valid": 663330,
        "n_unique": 420460,
        "n_novel": 418872
    },
    "@850000": {
        "validity": 0.8292764705882353,
        "uniqueness": 0.52266,
        "novelty": 0.5207541176470588,
        "n_valid": 704885,
        "n_unique": 444261,
        "n_novel": 442641
    },
    "@900000": {
        "validity": 0.8292355555555555,
        "uniqueness": 0.5201244444444444,
        "novelty": 0.51828,
        "n_valid": 746312,
        "n_unique": 468112,
        "n_novel": 466452
    },
    "@950000": {
        "validity": 0.8291926315789474,
        "uniqueness": 0.5173926315789473,
        "novelty": 0.5156147368421052,
        "n_valid": 787733,
        "n_unique": 491523,
        "n_novel": 489834
    },
    "@1000000": {
        "validity": 0.829154,
        "uniqueness": 0.514912,
        "novelty": 0.513184,
        "n_valid": 829154,
        "n_unique": 514912,
        "n_novel": 513184
    }
}