{
    "train_loss": [
        0.6849671721458435,
        0.5928864896297454,
        0.5444890767335892,
        0.5106980443000794,
        0.4819648951292038,
        0.4634742170572281
    ],
    "val_loss": [
        0.6142461746931076,
        0.6116015613079071,
        0.5979722291231155,
        0.6083677560091019,
        0.6070251017808914,
        0.6140258461236954
    ]
}