{
    "@50000": {
        "validity": 0.86278,
        "uniqueness": 0.85086,
        "novelty": 0.84512,
        "n_valid": 43139,
        "n_unique": 42543,
        "n_novel": 42256
    },
    "@100000": {
        "validity": 0.86174,
        "uniqueness": 0.84313,
        "novelty": 0.83761,
        "n_valid": 86174,
        "n_unique": 84313,
        "n_novel": 83761
    },
    "@150000": {
        "validity": 0.8621333333333333,
        "uniqueness": 0.8392066666666667,
        "novelty": 0.8341466666666667,
        "n_valid": 129320,
        "n_unique": 125881,
        "n_novel": 125122
    },
    "@200000": {
        "validity": 0.861815,
        "uniqueness": 0.83528,
        "novelty": 0.83044,
        "n_valid": 172363,
        "n_unique": 167056,
        "n_novel": 166088
    },
    "@250000": {
        "validity": 0.861896,
        "uniqueness": 0.832144,
        "novelty": 0.827492,
        "n_valid": 215474,
        "n_unique": 208036,
        "n_novel": 206873
    },
    "@300000": {
        "validity": 0.8620766666666667,
        "uniqueness": 0.8298,
        "novelty": 0.8252933333333333,
        "n_valid": 258623,
        "n_unique": 248940,
        "n_novel": 247588
    },
    "@350000": {
        "validity": 0.8623828571428571,
        "uniqueness": 0.8276971428571429,
        "novelty": 0.8233828571428572,
        "n_valid": 301834,
        "n_unique": 289694,
        "n_novel": 288184
    },
    "@400000": {
        "validity": 0.862475,
        "uniqueness": 0.8252875,
        "novelty": 0.8210675,
        "n_valid": 344990,
        "n_unique": 330115,
        "n_novel": 328427
    },
    "@450000": {
        "validity": 0.8625844444444445,
        "uniqueness": 0.82344,
        "novelty": 0.8193422222222222,
        "n_valid": 388163,
        "n_unique": 370548,
        "n_novel": 368704
    },
    "@500000": {
        "validity": 0.862686,
        "uniqueness": 0.821608,
        "novelty": 0.817594,
        "n_valid": 431343,
        "n_unique": 410804,
        "n_novel": 408797
    },
    "@550000": {
        "validity": 0.8626145454545454,
        "uniqueness": 0.8197618181818181,
        "novelty": 0.8158509090909091,
        "n_valid": 474438,
        "n_unique": 450869,
        "n_novel": 448718
    },
    "@600000": {
        "validity": 0.8626783333333333,
        "uniqueness": 0.8182066666666666,
        "novelty": 0.8144016666666667,
        "n_valid": 517607,
        "n_unique": 490924,
        "n_novel": 488641
    },
    "@650000": {
        "validity": 0.8625353846153846,
        "uniqueness": 0.8164923076923077,
        "novelty": 0.8127815384615384,
        "n_valid": 560648,
        "n_unique": 530720,
        "n_novel": 528308
    },
    "@700000": {
        "validity": 0.8623914285714286,
        "uniqueness": 0.81486,
        "novelty": 0.81123,
        "n_valid": 603674,
        "n_unique": 570402,
        "n_novel": 567861
    },
    "@750000": {
        "validity": 0.8625453333333334,
        "uniqueness": 0.8135493333333333,
        "novelty": 0.809992,
        "n_valid": 646909,
        "n_unique": 610162,
        "n_novel": 607494
    },
    "@800000": {
        "validity": 0.862515,
        "uniqueness": 0.81214375,
        "novelty": 0.808635,
        "n_valid": 690012,
        "n_unique": 649715,
        "n_novel": 646908
    },
    "@850000": {
        "validity": 0.8627011764705882,
        "uniqueness": 0.8110129411764706,
        "novelty": 0.8075435294117647,
        "n_valid": 733296,
        "n_unique": 689361,
        "n_novel": 686412
    },
    "@900000": {
        "validity": 0.8628033333333334,
        "uniqueness": 0.8098344444444444,
        "novelty": 0.8064077777777777,
        "n_valid": 776523,
        "n_unique": 728851,
        "n_novel": 725767
    },
    "@950000": {
        "validity": 0.8627494736842105,
        "uniqueness": 0.8086157894736842,
        "novelty": 0.8052431578947369,
        "n_valid": 819612,
        "n_unique": 768185,
        "n_novel": 764981
    },
    "@1000000": {
        "validity": 0.862882,
        "uniqueness": 0.807548,
        "novelty": 0.804239,
        "n_valid": 862882,
        "n_unique": 807548,
        "n_novel": 804239
    }
}