{
    "@50000": {
        "validity": 0.37948,
        "uniqueness": 0.37814,
        "novelty": 0.37598,
        "n_valid": 18974,
        "n_unique": 18907,
        "n_novel": 18799
    },
    "@100000": {
        "validity": 0.37665,
        "uniqueness": 0.37458,
        "novelty": 0.37254,
        "n_valid": 37665,
        "n_unique": 37458,
        "n_novel": 37254
    },
    "@150000": {
        "validity": 0.37568666666666667,
        "uniqueness": 0.37283333333333335,
        "novelty": 0.3708666666666667,
        "n_valid": 56353,
        "n_unique": 55925,
        "n_novel": 55630
    },
    "@200000": {
        "validity": 0.375875,
        "uniqueness": 0.37247,
        "novelty": 0.370505,
        "n_valid": 75175,
        "n_unique": 74494,
        "n_novel": 74101
    },
    "@250000": {
        "validity": 0.3761,
        "uniqueness": 0.372228,
        "novelty": 0.370336,
        "n_valid": 94025,
        "n_unique": 93057,
        "n_novel": 92584
    },
    "@300000": {
        "validity": 0.3765733333333333,
        "uniqueness": 0.3723033333333333,
        "novelty": 0.37045333333333336,
        "n_valid": 112972,
        "n_unique": 111691,
        "n_novel": 111136
    },
    "@350000": {
        "validity": 0.3763657142857143,
        "uniqueness": 0.37181142857142857,
        "novelty": 0.3700085714285714,
        "n_valid": 131728,
        "n_unique": 130134,
        "n_novel": 129503
    },
    "@400000": {
        "validity": 0.3761075,
        "uniqueness": 0.37122,
        "novelty": 0.3694625,
        "n_valid": 150443,
        "n_unique": 148488,
        "n_novel": 147785
    },
    "@450000": {
        "validity": 0.3764622222222222,
        "uniqueness": 0.37130444444444444,
        "novelty": 0.3695822222222222,
        "n_valid": 169408,
        "n_unique": 167087,
        "n_novel": 166312
    },
    "@500000": {
        "validity": 0.376518,
        "uniqueness": 0.371108,
        "novelty": 0.369428,
        "n_valid": 188259,
        "n_unique": 185554,
        "n_novel": 184714
    },
    "@550000": {
        "validity": 0.3766,
        "uniqueness": 0.3708690909090909,
        "novelty": 0.3692254545454545,
        "n_valid": 207130,
        "n_unique": 203978,
        "n_novel": 203074
    },
    "@600000": {
        "validity": 0.37657,
        "uniqueness": 0.37059333333333333,
        "novelty": 0.36899,
        "n_valid": 225942,
        "n_unique": 222356,
        "n_novel": 221394
    },
    "@650000": {
        "validity": 0.3763692307692308,
        "uniqueness": 0.3701153846153846,
        "novelty": 0.3685246153846154,
        "n_valid": 244640,
        "n_unique": 240575,
        "n_novel": 239541
    },
    "@700000": {
        "validity": 0.3764328571428571,
        "uniqueness": 0.36995,
        "novelty": 0.3683842857142857,
        "n_valid": 263503,
        "n_unique": 258965,
        "n_novel": 257869
    },
    "@750000": {
        "validity": 0.37636933333333333,
        "uniqueness": 0.369692,
        "novelty": 0.3681453333333333,
        "n_valid": 282277,
        "n_unique": 277269,
        "n_novel": 276109
    },
    "@800000": {
        "validity": 0.37650375,
        "uniqueness": 0.36960125,
        "novelty": 0.36807625,
        "n_valid": 301203,
        "n_unique": 295681,
        "n_novel": 294461
    },
    "@850000": {
        "validity": 0.3763152941176471,
        "uniqueness": 0.36923058823529414,
        "novelty": 0.3677141176470588,
        "n_valid": 319868,
        "n_unique": 313846,
        "n_novel": 312557
    },
    "@900000": {
        "validity": 0.37650666666666666,
        "uniqueness": 0.36921,
        "novelty": 0.3677077777777778,
        "n_valid": 338856,
        "n_unique": 332289,
        "n_novel": 330937
    },
    "@950000": {
        "validity": 0.3764494736842105,
        "uniqueness": 0.36899157894736845,
        "novelty": 0.3675052631578947,
        "n_valid": 357627,
        "n_unique": 350542,
        "n_novel": 349130
    },
    "@1000000": {
        "validity": 0.376314,
        "uniqueness": 0.368672,
        "novelty": 0.367196,
        "n_valid": 376314,
        "n_unique": 368672,
        "n_novel": 367196
    }
}