{
    "@50000": {
        "validity": 0.98128,
        "uniqueness": 0.95354,
        "novelty": 0.92082,
        "n_valid": 49064,
        "n_unique": 47677,
        "n_novel": 46041
    },
    "@100000": {
        "validity": 0.98105,
        "uniqueness": 0.9404,
        "novelty": 0.90978,
        "n_valid": 98105,
        "n_unique": 94040,
        "n_novel": 90978
    },
    "@150000": {
        "validity": 0.9809533333333333,
        "uniqueness": 0.93066,
        "novelty": 0.90206,
        "n_valid": 147143,
        "n_unique": 139599,
        "n_novel": 135309
    },
    "@200000": {
        "validity": 0.98094,
        "uniqueness": 0.92326,
        "novelty": 0.896405,
        "n_valid": 196188,
        "n_unique": 184652,
        "n_novel": 179281
    },
    "@250000": {
        "validity": 0.98102,
        "uniqueness": 0.916688,
        "novelty": 0.89128,
        "n_valid": 245255,
        "n_unique": 229172,
        "n_novel": 222820
    },
    "@300000": {
        "validity": 0.98099,
        "uniqueness": 0.9110233333333333,
        "novelty": 0.8867533333333333,
        "n_valid": 294297,
        "n_unique": 273307,
        "n_novel": 266026
    },
    "@350000": {
        "validity": 0.9809257142857143,
        "uniqueness": 0.9058971428571428,
        "novelty": 0.8825885714285714,
        "n_valid": 343324,
        "n_unique": 317064,
        "n_novel": 308906
    },
    "@400000": {
        "validity": 0.98098,
        "uniqueness": 0.9016125,
        "novelty": 0.8790575,
        "n_valid": 392392,
        "n_unique": 360645,
        "n_novel": 351623
    },
    "@450000": {
        "validity": 0.9809822222222222,
        "uniqueness": 0.8974511111111111,
        "novelty": 0.8754977777777778,
        "n_valid": 441442,
        "n_unique": 403853,
        "n_novel": 393974
    },
    "@500000": {
        "validity": 0.980898,
        "uniqueness": 0.89314,
        "novelty": 0.871668,
        "n_valid": 490449,
        "n_unique": 446570,
        "n_novel": 435834
    },
    "@550000": {
        "validity": 0.9809054545454545,
        "uniqueness": 0.8896690909090909,
        "novelty": 0.86874,
        "n_valid": 539498,
        "n_unique": 489318,
        "n_novel": 477807
    },
    "@600000": {
        "validity": 0.9808433333333333,
        "uniqueness": 0.8863216666666667,
        "novelty": 0.8658883333333334,
        "n_valid": 588506,
        "n_unique": 531793,
        "n_novel": 519533
    },
    "@650000": {
        "validity": 0.98082,
        "uniqueness": 0.8832476923076923,
        "novelty": 0.8632907692307692,
        "n_valid": 637533,
        "n_unique": 574111,
        "n_novel": 561139
    },
    "@700000": {
        "validity": 0.9808785714285714,
        "uniqueness": 0.88015,
        "novelty": 0.86065,
        "n_valid": 686615,
        "n_unique": 616105,
        "n_novel": 602455
    },
    "@750000": {
        "validity": 0.9809533333333333,
        "uniqueness": 0.8774853333333333,
        "novelty": 0.858368,
        "n_valid": 735715,
        "n_unique": 658114,
        "n_novel": 643776
    },
    "@800000": {
        "validity": 0.98091,
        "uniqueness": 0.87481125,
        "novelty": 0.856075,
        "n_valid": 784728,
        "n_unique": 699849,
        "n_novel": 684860
    },
    "@850000": {
        "validity": 0.9809741176470588,
        "uniqueness": 0.8722541176470588,
        "novelty": 0.8538882352941176,
        "n_valid": 833828,
        "n_unique": 741416,
        "n_novel": 725805
    },
    "@900000": {
        "validity": 0.9809944444444444,
        "uniqueness": 0.8697511111111111,
        "novelty": 0.8517122222222222,
        "n_valid": 882895,
        "n_unique": 782776,
        "n_novel": 766541
    },
    "@950000": {
        "validity": 0.9809726315789473,
        "uniqueness": 0.8674726315789474,
        "novelty": 0.849738947368421,
        "n_valid": 931924,
        "n_unique": 824099,
        "n_novel": 807252
    },
    "@1000000": {
        "validity": 0.981014,
        "uniqueness": 0.865213,
        "novelty": 0.847778,
        "n_valid": 981014,
        "n_unique": 865213,
        "n_novel": 847778
    }
}