{
    "@50000": {
        "validity": 0.70544,
        "uniqueness": 0.69884,
        "novelty": 0.6935,
        "n_valid": 35272,
        "n_unique": 34942,
        "n_novel": 34675
    },
    "@100000": {
        "validity": 0.70456,
        "uniqueness": 0.69498,
        "novelty": 0.69002,
        "n_valid": 70456,
        "n_unique": 69498,
        "n_novel": 69002
    },
    "@150000": {
        "validity": 0.7050133333333334,
        "uniqueness": 0.69326,
        "novelty": 0.6884,
        "n_valid": 105752,
        "n_unique": 103989,
        "n_novel": 103260
    },
    "@200000": {
        "validity": 0.70554,
        "uniqueness": 0.69202,
        "novelty": 0.687455,
        "n_valid": 141108,
        "n_unique": 138404,
        "n_novel": 137491
    },
    "@250000": {
        "validity": 0.704976,
        "uniqueness": 0.690172,
        "novelty": 0.6858,
        "n_valid": 176244,
        "n_unique": 172543,
        "n_novel": 171450
    },
    "@300000": {
        "validity": 0.7048033333333333,
        "uniqueness": 0.6887733333333333,
        "novelty": 0.6846333333333333,
        "n_valid": 211441,
        "n_unique": 206632,
        "n_novel": 205390
    },
    "@350000": {
        "validity": 0.7050057142857142,
        "uniqueness": 0.6876485714285714,
        "novelty": 0.6836,
        "n_valid": 246752,
        "n_unique": 240677,
        "n_novel": 239260
    },
    "@400000": {
        "validity": 0.7051125,
        "uniqueness": 0.6866525,
        "novelty": 0.6826625,
        "n_valid": 282045,
        "n_unique": 274661,
        "n_novel": 273065
    },
    "@450000": {
        "validity": 0.7048577777777778,
        "uniqueness": 0.6852866666666667,
        "novelty": 0.6813777777777777,
        "n_valid": 317186,
        "n_unique": 308379,
        "n_novel": 306620
    },
    "@500000": {
        "validity": 0.70493,
        "uniqueness": 0.684386,
        "novelty": 0.680588,
        "n_valid": 352465,
        "n_unique": 342193,
        "n_novel": 340294
    },
    "@550000": {
        "validity": 0.7051436363636364,
        "uniqueness": 0.6837090909090909,
        "novelty": 0.6799909090909091,
        "n_valid": 387829,
        "n_unique": 376040,
        "n_novel": 373995
    },
    "@600000": {
        "validity": 0.7050566666666667,
        "uniqueness": 0.6828583333333333,
        "novelty": 0.6792616666666667,
        "n_valid": 423034,
        "n_unique": 409715,
        "n_novel": 407557
    },
    "@650000": {
        "validity": 0.7049230769230769,
        "uniqueness": 0.6818707692307693,
        "novelty": 0.6782892307692308,
        "n_valid": 458200,
        "n_unique": 443216,
        "n_novel": 440888
    },
    "@700000": {
        "validity": 0.7051357142857143,
        "uniqueness": 0.6813357142857143,
        "novelty": 0.6777985714285715,
        "n_valid": 493595,
        "n_unique": 476935,
        "n_novel": 474459
    },
    "@750000": {
        "validity": 0.7049493333333333,
        "uniqueness": 0.6803293333333333,
        "novelty": 0.6768586666666667,
        "n_valid": 528712,
        "n_unique": 510247,
        "n_novel": 507644
    },
    "@800000": {
        "validity": 0.7050925,
        "uniqueness": 0.67981875,
        "novelty": 0.67641875,
        "n_valid": 564074,
        "n_unique": 543855,
        "n_novel": 541135
    },
    "@850000": {
        "validity": 0.705075294117647,
        "uniqueness": 0.6791776470588236,
        "novelty": 0.6758352941176471,
        "n_valid": 599314,
        "n_unique": 577301,
        "n_novel": 574460
    },
    "@900000": {
        "validity": 0.7049488888888888,
        "uniqueness": 0.6784522222222222,
        "novelty": 0.6751833333333334,
        "n_valid": 634454,
        "n_unique": 610607,
        "n_novel": 607665
    },
    "@950000": {
        "validity": 0.7049052631578947,
        "uniqueness": 0.6778494736842106,
        "novelty": 0.6746178947368421,
        "n_valid": 669660,
        "n_unique": 643957,
        "n_novel": 640887
    },
    "@1000000": {
        "validity": 0.704863,
        "uniqueness": 0.67725,
        "novelty": 0.674071,
        "n_valid": 704863,
        "n_unique": 677250,
        "n_novel": 674071
    }
}