{
    "@50000": {
        "validity": 0.84146,
        "uniqueness": 0.84034,
        "novelty": 0.83408,
        "n_valid": 42073,
        "n_unique": 42017,
        "n_novel": 41704
    },
    "@100000": {
        "validity": 0.8392,
        "uniqueness": 0.83682,
        "novelty": 0.83064,
        "n_valid": 83920,
        "n_unique": 83682,
        "n_novel": 83064
    },
    "@150000": {
        "validity": 0.8394133333333333,
        "uniqueness": 0.8361933333333333,
        "novelty": 0.8301066666666667,
        "n_valid": 125912,
        "n_unique": 125429,
        "n_novel": 124516
    },
    "@200000": {
        "validity": 0.84008,
        "uniqueness": 0.836195,
        "novelty": 0.83034,
        "n_valid": 168016,
        "n_unique": 167239,
        "n_novel": 166068
    },
    "@250000": {
        "validity": 0.839944,
        "uniqueness": 0.83532,
        "novelty": 0.829412,
        "n_valid": 209986,
        "n_unique": 208830,
        "n_novel": 207353
    },
    "@300000": {
        "validity": 0.8395733333333333,
        "uniqueness": 0.8344233333333333,
        "novelty": 0.82863,
        "n_valid": 251872,
        "n_unique": 250327,
        "n_novel": 248589
    },
    "@350000": {
        "validity": 0.8397971428571429,
        "uniqueness": 0.8341828571428571,
        "novelty": 0.8285428571428571,
        "n_valid": 293929,
        "n_unique": 291964,
        "n_novel": 289990
    },
    "@400000": {
        "validity": 0.83946,
        "uniqueness": 0.8333325,
        "novelty": 0.827815,
        "n_valid": 335784,
        "n_unique": 333333,
        "n_novel": 331126
    },
    "@450000": {
        "validity": 0.8395955555555555,
        "uniqueness": 0.83306,
        "novelty": 0.8276088888888888,
        "n_valid": 377818,
        "n_unique": 374877,
        "n_novel": 372424
    },
    "@500000": {
        "validity": 0.839732,
        "uniqueness": 0.832766,
        "novelty": 0.827346,
        "n_valid": 419866,
        "n_unique": 416383,
        "n_novel": 413673
    },
    "@550000": {
        "validity": 0.83984,
        "uniqueness": 0.8324690909090909,
        "novelty": 0.82714,
        "n_valid": 461912,
        "n_unique": 457858,
        "n_novel": 454927
    },
    "@600000": {
        "validity": 0.83985,
        "uniqueness": 0.8321783333333334,
        "novelty": 0.826905,
        "n_valid": 503910,
        "n_unique": 499307,
        "n_novel": 496143
    },
    "@650000": {
        "validity": 0.8397876923076923,
        "uniqueness": 0.8316953846153846,
        "novelty": 0.8264738461538461,
        "n_valid": 545862,
        "n_unique": 540602,
        "n_novel": 537208
    },
    "@700000": {
        "validity": 0.8397171428571428,
        "uniqueness": 0.8312714285714286,
        "novelty": 0.8261171428571429,
        "n_valid": 587802,
        "n_unique": 581890,
        "n_novel": 578282
    },
    "@750000": {
        "validity": 0.8394986666666666,
        "uniqueness": 0.8307373333333333,
        "novelty": 0.8256306666666666,
        "n_valid": 629624,
        "n_unique": 623053,
        "n_novel": 619223
    },
    "@800000": {
        "validity": 0.8394725,
        "uniqueness": 0.8303425,
        "novelty": 0.8253025,
        "n_valid": 671578,
        "n_unique": 664274,
        "n_novel": 660242
    },
    "@850000": {
        "validity": 0.8392294117647059,
        "uniqueness": 0.8298329411764706,
        "novelty": 0.82484,
        "n_valid": 713345,
        "n_unique": 705358,
        "n_novel": 701114
    },
    "@900000": {
        "validity": 0.8392422222222222,
        "uniqueness": 0.8295744444444444,
        "novelty": 0.8246377777777778,
        "n_valid": 755318,
        "n_unique": 746617,
        "n_novel": 742174
    },
    "@950000": {
        "validity": 0.839158947368421,
        "uniqueness": 0.8292157894736842,
        "novelty": 0.8243136842105263,
        "n_valid": 797201,
        "n_unique": 787755,
        "n_novel": 783098
    },
    "@1000000": {
        "validity": 0.83908,
        "uniqueness": 0.828909,
        "novelty": 0.824056,
        "n_valid": 839080,
        "n_unique": 828909,
        "n_novel": 824056
    }
}