{
    "@50000": {
        "validity": 0.8017,
        "uniqueness": 0.79646,
        "novelty": 0.78982,
        "n_valid": 40085,
        "n_unique": 39823,
        "n_novel": 39491
    },
    "@100000": {
        "validity": 0.79983,
        "uniqueness": 0.79239,
        "novelty": 0.78606,
        "n_valid": 79983,
        "n_unique": 79239,
        "n_novel": 78606
    },
    "@150000": {
        "validity": 0.7998,
        "uniqueness": 0.79032,
        "novelty": 0.7839866666666667,
        "n_valid": 119970,
        "n_unique": 118548,
        "n_novel": 117598
    },
    "@200000": {
        "validity": 0.79989,
        "uniqueness": 0.78886,
        "novelty": 0.7828,
        "n_valid": 159978,
        "n_unique": 157772,
        "n_novel": 156560
    },
    "@250000": {
        "validity": 0.800184,
        "uniqueness": 0.788108,
        "novelty": 0.78216,
        "n_valid": 200046,
        "n_unique": 197027,
        "n_novel": 195540
    },
    "@300000": {
        "validity": 0.8002,
        "uniqueness": 0.7869566666666666,
        "novelty": 0.7811533333333334,
        "n_valid": 240060,
        "n_unique": 236087,
        "n_novel": 234346
    },
    "@350000": {
        "validity": 0.8002485714285714,
        "uniqueness": 0.7860685714285714,
        "novelty": 0.7803914285714286,
        "n_valid": 280087,
        "n_unique": 275124,
        "n_novel": 273137
    },
    "@400000": {
        "validity": 0.79999,
        "uniqueness": 0.78477,
        "novelty": 0.779275,
        "n_valid": 319996,
        "n_unique": 313908,
        "n_novel": 311710
    },
    "@450000": {
        "validity": 0.79948,
        "uniqueness": 0.7833533333333333,
        "novelty": 0.7779711111111111,
        "n_valid": 359766,
        "n_unique": 352509,
        "n_novel": 350087
    },
    "@500000": {
        "validity": 0.799212,
        "uniqueness": 0.782172,
        "novelty": 0.776912,
        "n_valid": 399606,
        "n_unique": 391086,
        "n_novel": 388456
    },
    "@550000": {
        "validity": 0.7993145454545455,
        "uniqueness": 0.7815654545454546,
        "novelty": 0.7763527272727273,
        "n_valid": 439623,
        "n_unique": 429861,
        "n_novel": 426994
    },
    "@600000": {
        "validity": 0.7992966666666667,
        "uniqueness": 0.780835,
        "novelty": 0.7756466666666667,
        "n_valid": 479578,
        "n_unique": 468501,
        "n_novel": 465388
    },
    "@650000": {
        "validity": 0.7991615384615385,
        "uniqueness": 0.7799938461538461,
        "novelty": 0.7749046153846154,
        "n_valid": 519455,
        "n_unique": 506996,
        "n_novel": 503688
    },
    "@700000": {
        "validity": 0.7990842857142857,
        "uniqueness": 0.7792814285714286,
        "novelty": 0.7742614285714285,
        "n_valid": 559359,
        "n_unique": 545497,
        "n_novel": 541983
    },
    "@750000": {
        "validity": 0.799024,
        "uniqueness": 0.778628,
        "novelty": 0.7736946666666666,
        "n_valid": 599268,
        "n_unique": 583971,
        "n_novel": 580271
    },
    "@800000": {
        "validity": 0.79906375,
        "uniqueness": 0.77810625,
        "novelty": 0.773245,
        "n_valid": 639251,
        "n_unique": 622485,
        "n_novel": 618596
    },
    "@850000": {
        "validity": 0.79908,
        "uniqueness": 0.7775764705882353,
        "novelty": 0.7727929411764706,
        "n_valid": 679218,
        "n_unique": 660940,
        "n_novel": 656874
    },
    "@900000": {
        "validity": 0.7990133333333334,
        "uniqueness": 0.7770033333333334,
        "novelty": 0.7722566666666667,
        "n_valid": 719112,
        "n_unique": 699303,
        "n_novel": 695031
    },
    "@950000": {
        "validity": 0.7992263157894737,
        "uniqueness": 0.7767505263157894,
        "novelty": 0.772061052631579,
        "n_valid": 759265,
        "n_unique": 737913,
        "n_novel": 733458
    },
    "@1000000": {
        "validity": 0.799185,
        "uniqueness": 0.776289,
        "novelty": 0.771652,
        "n_valid": 799185,
        "n_unique": 776289,
        "n_novel": 771652
    }
}