{
    "@50000": {
        "validity": 0.7377,
        "uniqueness": 0.73552,
        "novelty": 0.73218,
        "n_valid": 36885,
        "n_unique": 36776,
        "n_novel": 36609
    },
    "@100000": {
        "validity": 0.7375,
        "uniqueness": 0.73422,
        "novelty": 0.7308,
        "n_valid": 73750,
        "n_unique": 73422,
        "n_novel": 73080
    },
    "@150000": {
        "validity": 0.7377533333333334,
        "uniqueness": 0.7333533333333333,
        "novelty": 0.7300666666666666,
        "n_valid": 110663,
        "n_unique": 110003,
        "n_novel": 109510
    },
    "@200000": {
        "validity": 0.737735,
        "uniqueness": 0.732375,
        "novelty": 0.729155,
        "n_valid": 147547,
        "n_unique": 146475,
        "n_novel": 145831
    },
    "@250000": {
        "validity": 0.737676,
        "uniqueness": 0.731552,
        "novelty": 0.728352,
        "n_valid": 184419,
        "n_unique": 182888,
        "n_novel": 182088
    },
    "@300000": {
        "validity": 0.7383033333333333,
        "uniqueness": 0.73143,
        "novelty": 0.7283433333333333,
        "n_valid": 221491,
        "n_unique": 219429,
        "n_novel": 218503
    },
    "@350000": {
        "validity": 0.7381942857142857,
        "uniqueness": 0.73064,
        "novelty": 0.72762,
        "n_valid": 258368,
        "n_unique": 255724,
        "n_novel": 254667
    },
    "@400000": {
        "validity": 0.73849,
        "uniqueness": 0.7302075,
        "novelty": 0.72724,
        "n_valid": 295396,
        "n_unique": 292083,
        "n_novel": 290896
    },
    "@450000": {
        "validity": 0.7389755555555556,
        "uniqueness": 0.7300866666666667,
        "novelty": 0.7271866666666666,
        "n_valid": 332539,
        "n_unique": 328539,
        "n_novel": 327234
    },
    "@500000": {
        "validity": 0.73913,
        "uniqueness": 0.729656,
        "novelty": 0.72679,
        "n_valid": 369565,
        "n_unique": 364828,
        "n_novel": 363395
    },
    "@550000": {
        "validity": 0.7390345454545455,
        "uniqueness": 0.7289854545454545,
        "novelty": 0.7261654545454546,
        "n_valid": 406469,
        "n_unique": 400942,
        "n_novel": 399391
    },
    "@600000": {
        "validity": 0.7388083333333333,
        "uniqueness": 0.7282433333333334,
        "novelty": 0.7254566666666666,
        "n_valid": 443285,
        "n_unique": 436946,
        "n_novel": 435274
    },
    "@650000": {
        "validity": 0.7389476923076923,
        "uniqueness": 0.7278815384615385,
        "novelty": 0.7251292307692307,
        "n_valid": 480316,
        "n_unique": 473123,
        "n_novel": 471334
    },
    "@700000": {
        "validity": 0.7388371428571429,
        "uniqueness": 0.72735,
        "novelty": 0.7246657142857142,
        "n_valid": 517186,
        "n_unique": 509145,
        "n_novel": 507266
    },
    "@750000": {
        "validity": 0.7389173333333333,
        "uniqueness": 0.7269626666666666,
        "novelty": 0.7243013333333334,
        "n_valid": 554188,
        "n_unique": 545222,
        "n_novel": 543226
    },
    "@800000": {
        "validity": 0.7389625,
        "uniqueness": 0.7265525,
        "novelty": 0.72393,
        "n_valid": 591170,
        "n_unique": 581242,
        "n_novel": 579144
    },
    "@850000": {
        "validity": 0.7391152941176471,
        "uniqueness": 0.7263152941176471,
        "novelty": 0.72372,
        "n_valid": 628248,
        "n_unique": 617368,
        "n_novel": 615162
    },
    "@900000": {
        "validity": 0.7389855555555556,
        "uniqueness": 0.7257433333333333,
        "novelty": 0.7231733333333333,
        "n_valid": 665087,
        "n_unique": 653169,
        "n_novel": 650856
    },
    "@950000": {
        "validity": 0.7391578947368421,
        "uniqueness": 0.7255263157894737,
        "novelty": 0.7229747368421052,
        "n_valid": 702200,
        "n_unique": 689250,
        "n_novel": 686826
    },
    "@1000000": {
        "validity": 0.739099,
        "uniqueness": 0.725025,
        "novelty": 0.722507,
        "n_valid": 739099,
        "n_unique": 725025,
        "n_novel": 722507
    }
}