{
    "@50000": {
        "validity": 0.4703,
        "uniqueness": 0.43484,
        "novelty": 0.41386,
        "n_valid": 23515,
        "n_unique": 21742,
        "n_novel": 20693
    },
    "@100000": {
        "validity": 0.46988,
        "uniqueness": 0.42694,
        "novelty": 0.40802,
        "n_valid": 46988,
        "n_unique": 42694,
        "n_novel": 40802
    },
    "@150000": {
        "validity": 0.46964666666666666,
        "uniqueness": 0.4213733333333333,
        "novelty": 0.4033333333333333,
        "n_valid": 70447,
        "n_unique": 63206,
        "n_novel": 60500
    },
    "@200000": {
        "validity": 0.46973,
        "uniqueness": 0.41737,
        "novelty": 0.40014,
        "n_valid": 93946,
        "n_unique": 83474,
        "n_novel": 80028
    },
    "@250000": {
        "validity": 0.4703,
        "uniqueness": 0.41408,
        "novelty": 0.397852,
        "n_valid": 117575,
        "n_unique": 103520,
        "n_novel": 99463
    },
    "@300000": {
        "validity": 0.4699433333333333,
        "uniqueness": 0.41069,
        "novelty": 0.39514666666666665,
        "n_valid": 140983,
        "n_unique": 123207,
        "n_novel": 118544
    },
    "@350000": {
        "validity": 0.4695485714285714,
        "uniqueness": 0.4075857142857143,
        "novelty": 0.39251142857142857,
        "n_valid": 164342,
        "n_unique": 142655,
        "n_novel": 137379
    },
    "@400000": {
        "validity": 0.469025,
        "uniqueness": 0.40489,
        "novelty": 0.3903825,
        "n_valid": 187610,
        "n_unique": 161956,
        "n_novel": 156153
    },
    "@450000": {
        "validity": 0.46927111111111114,
        "uniqueness": 0.4028333333333333,
        "novelty": 0.3887977777777778,
        "n_valid": 211172,
        "n_unique": 181275,
        "n_novel": 174959
    },
    "@500000": {
        "validity": 0.469652,
        "uniqueness": 0.40114,
        "novelty": 0.387518,
        "n_valid": 234826,
        "n_unique": 200570,
        "n_novel": 193759
    },
    "@550000": {
        "validity": 0.46944545454545455,
        "uniqueness": 0.39902363636363636,
        "novelty": 0.38582727272727274,
        "n_valid": 258195,
        "n_unique": 219463,
        "n_novel": 212205
    },
    "@600000": {
        "validity": 0.46973,
        "uniqueness": 0.3975283333333333,
        "novelty": 0.384715,
        "n_valid": 281838,
        "n_unique": 238517,
        "n_novel": 230829
    },
    "@650000": {
        "validity": 0.4696076923076923,
        "uniqueness": 0.3958123076923077,
        "novelty": 0.3833430769230769,
        "n_valid": 305245,
        "n_unique": 257278,
        "n_novel": 249173
    },
    "@700000": {
        "validity": 0.4692914285714286,
        "uniqueness": 0.3940757142857143,
        "novelty": 0.38196857142857144,
        "n_valid": 328504,
        "n_unique": 275853,
        "n_novel": 267378
    },
    "@750000": {
        "validity": 0.469276,
        "uniqueness": 0.3927506666666667,
        "novelty": 0.380936,
        "n_valid": 351957,
        "n_unique": 294563,
        "n_novel": 285702
    },
    "@800000": {
        "validity": 0.4693625,
        "uniqueness": 0.3913775,
        "novelty": 0.37982875,
        "n_valid": 375490,
        "n_unique": 313102,
        "n_novel": 303863
    },
    "@850000": {
        "validity": 0.4692588235294118,
        "uniqueness": 0.3899223529411765,
        "novelty": 0.3786176470588235,
        "n_valid": 398870,
        "n_unique": 331434,
        "n_novel": 321825
    },
    "@900000": {
        "validity": 0.4692688888888889,
        "uniqueness": 0.38856666666666667,
        "novelty": 0.37745,
        "n_valid": 422342,
        "n_unique": 349710,
        "n_novel": 339705
    },
    "@950000": {
        "validity": 0.4689715789473684,
        "uniqueness": 0.3870884210526316,
        "novelty": 0.37617894736842106,
        "n_valid": 445523,
        "n_unique": 367734,
        "n_novel": 357370
    },
    "@1000000": {
        "validity": 0.468831,
        "uniqueness": 0.385787,
        "novelty": 0.375104,
        "n_valid": 468831,
        "n_unique": 385787,
        "n_novel": 375104
    }
}