{
    "@50000": {
        "validity": 0.93182,
        "uniqueness": 0.42356,
        "novelty": 0.41588,
        "n_valid": 46591,
        "n_unique": 21178,
        "n_novel": 20794
    },
    "@100000": {
        "validity": 0.93191,
        "uniqueness": 0.37176,
        "novelty": 0.36703,
        "n_valid": 93191,
        "n_unique": 37176,
        "n_novel": 36703
    },
    "@150000": {
        "validity": 0.9320933333333333,
        "uniqueness": 0.34281333333333336,
        "novelty": 0.33936666666666665,
        "n_valid": 139814,
        "n_unique": 51422,
        "n_novel": 50905
    },
    "@200000": {
        "validity": 0.93163,
        "uniqueness": 0.323655,
        "novelty": 0.320835,
        "n_valid": 186326,
        "n_unique": 64731,
        "n_novel": 64167
    },
    "@250000": {
        "validity": 0.931556,
        "uniqueness": 0.309008,
        "novelty": 0.306572,
        "n_valid": 232889,
        "n_unique": 77252,
        "n_novel": 76643
    },
    "@300000": {
        "validity": 0.9314966666666666,
        "uniqueness": 0.29742,
        "novelty": 0.29529,
        "n_valid": 279449,
        "n_unique": 89226,
        "n_novel": 88587
    },
    "@350000": {
        "validity": 0.9315342857142858,
        "uniqueness": 0.28819428571428574,
        "novelty": 0.28627142857142857,
        "n_valid": 326037,
        "n_unique": 100868,
        "n_novel": 100195
    },
    "@400000": {
        "validity": 0.931745,
        "uniqueness": 0.2797,
        "novelty": 0.277945,
        "n_valid": 372698,
        "n_unique": 111880,
        "n_novel": 111178
    },
    "@450000": {
        "validity": 0.9317088888888889,
        "uniqueness": 0.27269777777777776,
        "novelty": 0.27108444444444446,
        "n_valid": 419269,
        "n_unique": 122714,
        "n_novel": 121988
    },
    "@500000": {
        "validity": 0.931616,
        "uniqueness": 0.266632,
        "novelty": 0.265146,
        "n_valid": 465808,
        "n_unique": 133316,
        "n_novel": 132573
    },
    "@550000": {
        "validity": 0.9315709090909091,
        "uniqueness": 0.26122545454545454,
        "novelty": 0.2598472727272727,
        "n_valid": 512364,
        "n_unique": 143674,
        "n_novel": 142916
    },
    "@600000": {
        "validity": 0.9315516666666667,
        "uniqueness": 0.2565516666666667,
        "novelty": 0.25525166666666665,
        "n_valid": 558931,
        "n_unique": 153931,
        "n_novel": 153151
    },
    "@650000": {
        "validity": 0.9314476923076923,
        "uniqueness": 0.2521323076923077,
        "novelty": 0.2509030769230769,
        "n_valid": 605441,
        "n_unique": 163886,
        "n_novel": 163087
    },
    "@700000": {
        "validity": 0.9314071428571429,
        "uniqueness": 0.24831285714285714,
        "novelty": 0.24715,
        "n_valid": 651985,
        "n_unique": 173819,
        "n_novel": 173005
    },
    "@750000": {
        "validity": 0.9314186666666666,
        "uniqueness": 0.24469866666666668,
        "novelty": 0.24359066666666668,
        "n_valid": 698564,
        "n_unique": 183524,
        "n_novel": 182693
    },
    "@800000": {
        "validity": 0.93127375,
        "uniqueness": 0.24119875,
        "novelty": 0.24014375,
        "n_valid": 745019,
        "n_unique": 192959,
        "n_novel": 192115
    },
    "@850000": {
        "validity": 0.9312541176470588,
        "uniqueness": 0.2381258823529412,
        "novelty": 0.23711294117647058,
        "n_valid": 791566,
        "n_unique": 202407,
        "n_novel": 201546
    },
    "@900000": {
        "validity": 0.9312477777777778,
        "uniqueness": 0.23537666666666668,
        "novelty": 0.23441,
        "n_valid": 838123,
        "n_unique": 211839,
        "n_novel": 210969
    },
    "@950000": {
        "validity": 0.9311978947368421,
        "uniqueness": 0.2327463157894737,
        "novelty": 0.23181894736842104,
        "n_valid": 884638,
        "n_unique": 221109,
        "n_novel": 220228
    },
    "@1000000": {
        "validity": 0.931177,
        "uniqueness": 0.230002,
        "novelty": 0.229109,
        "n_valid": 931177,
        "n_unique": 230002,
        "n_novel": 229109
    }
}