{
    "@50000": {
        "validity": 0.98442,
        "uniqueness": 0.94976,
        "novelty": 0.91422,
        "n_valid": 49221,
        "n_unique": 47488,
        "n_novel": 45711
    },
    "@100000": {
        "validity": 0.9835,
        "uniqueness": 0.93343,
        "novelty": 0.90195,
        "n_valid": 98350,
        "n_unique": 93343,
        "n_novel": 90195
    },
    "@150000": {
        "validity": 0.9836666666666667,
        "uniqueness": 0.9215866666666667,
        "novelty": 0.8929266666666666,
        "n_valid": 147550,
        "n_unique": 138238,
        "n_novel": 133939
    },
    "@200000": {
        "validity": 0.98359,
        "uniqueness": 0.913135,
        "novelty": 0.88612,
        "n_valid": 196718,
        "n_unique": 182627,
        "n_novel": 177224
    },
    "@250000": {
        "validity": 0.983536,
        "uniqueness": 0.904872,
        "novelty": 0.879176,
        "n_valid": 245884,
        "n_unique": 226218,
        "n_novel": 219794
    },
    "@300000": {
        "validity": 0.9832,
        "uniqueness": 0.8973933333333334,
        "novelty": 0.87283,
        "n_valid": 294960,
        "n_unique": 269218,
        "n_novel": 261849
    },
    "@350000": {
        "validity": 0.9831485714285715,
        "uniqueness": 0.89112,
        "novelty": 0.8675771428571428,
        "n_valid": 344102,
        "n_unique": 311892,
        "n_novel": 303652
    },
    "@400000": {
        "validity": 0.9832175,
        "uniqueness": 0.8854325,
        "novelty": 0.8627225,
        "n_valid": 393287,
        "n_unique": 354173,
        "n_novel": 345089
    },
    "@450000": {
        "validity": 0.9833,
        "uniqueness": 0.8800577777777778,
        "novelty": 0.8581533333333333,
        "n_valid": 442485,
        "n_unique": 396026,
        "n_novel": 386169
    },
    "@500000": {
        "validity": 0.983284,
        "uniqueness": 0.87573,
        "novelty": 0.854558,
        "n_valid": 491642,
        "n_unique": 437865,
        "n_novel": 427279
    },
    "@550000": {
        "validity": 0.98324,
        "uniqueness": 0.8713290909090909,
        "novelty": 0.8507618181818182,
        "n_valid": 540782,
        "n_unique": 479231,
        "n_novel": 467919
    },
    "@600000": {
        "validity": 0.9832133333333334,
        "uniqueness": 0.8672033333333333,
        "novelty": 0.8472116666666667,
        "n_valid": 589928,
        "n_unique": 520322,
        "n_novel": 508327
    },
    "@650000": {
        "validity": 0.9832061538461538,
        "uniqueness": 0.8633861538461538,
        "novelty": 0.84388,
        "n_valid": 639084,
        "n_unique": 561201,
        "n_novel": 548522
    },
    "@700000": {
        "validity": 0.9831357142857143,
        "uniqueness": 0.8596257142857143,
        "novelty": 0.8405771428571429,
        "n_valid": 688195,
        "n_unique": 601738,
        "n_novel": 588404
    },
    "@750000": {
        "validity": 0.9831733333333333,
        "uniqueness": 0.8564546666666667,
        "novelty": 0.8378453333333333,
        "n_valid": 737380,
        "n_unique": 642341,
        "n_novel": 628384
    },
    "@800000": {
        "validity": 0.9832325,
        "uniqueness": 0.85326625,
        "novelty": 0.8350375,
        "n_valid": 786586,
        "n_unique": 682613,
        "n_novel": 668030
    },
    "@850000": {
        "validity": 0.9832917647058823,
        "uniqueness": 0.8503529411764705,
        "novelty": 0.8324823529411765,
        "n_valid": 835798,
        "n_unique": 722800,
        "n_novel": 707610
    },
    "@900000": {
        "validity": 0.9832911111111111,
        "uniqueness": 0.8473688888888888,
        "novelty": 0.8298733333333334,
        "n_valid": 884962,
        "n_unique": 762632,
        "n_novel": 746886
    },
    "@950000": {
        "validity": 0.9832368421052632,
        "uniqueness": 0.8446631578947369,
        "novelty": 0.8274852631578947,
        "n_valid": 934075,
        "n_unique": 802430,
        "n_novel": 786111
    },
    "@1000000": {
        "validity": 0.983269,
        "uniqueness": 0.84206,
        "novelty": 0.825179,
        "n_valid": 983269,
        "n_unique": 842060,
        "n_novel": 825179
    }
}