{
    "@50000": {
        "validity": 0.9572,
        "uniqueness": 0.83278,
        "novelty": 0.81714,
        "n_valid": 47860,
        "n_unique": 41639,
        "n_novel": 40857
    },
    "@100000": {
        "validity": 0.95651,
        "uniqueness": 0.79908,
        "novelty": 0.78658,
        "n_valid": 95651,
        "n_unique": 79908,
        "n_novel": 78658
    },
    "@150000": {
        "validity": 0.95688,
        "uniqueness": 0.7770266666666666,
        "novelty": 0.7664866666666666,
        "n_valid": 143532,
        "n_unique": 116554,
        "n_novel": 114973
    },
    "@200000": {
        "validity": 0.9566,
        "uniqueness": 0.76143,
        "novelty": 0.752105,
        "n_valid": 191320,
        "n_unique": 152286,
        "n_novel": 150421
    },
    "@250000": {
        "validity": 0.956388,
        "uniqueness": 0.749128,
        "novelty": 0.740612,
        "n_valid": 239097,
        "n_unique": 187282,
        "n_novel": 185153
    },
    "@300000": {
        "validity": 0.95637,
        "uniqueness": 0.7389933333333333,
        "novelty": 0.7312233333333333,
        "n_valid": 286911,
        "n_unique": 221698,
        "n_novel": 219367
    },
    "@350000": {
        "validity": 0.9561771428571428,
        "uniqueness": 0.7304828571428571,
        "novelty": 0.7232714285714286,
        "n_valid": 334662,
        "n_unique": 255669,
        "n_novel": 253145
    },
    "@400000": {
        "validity": 0.9560025,
        "uniqueness": 0.7226075,
        "novelty": 0.715885,
        "n_valid": 382401,
        "n_unique": 289043,
        "n_novel": 286354
    },
    "@450000": {
        "validity": 0.9558577777777778,
        "uniqueness": 0.7153711111111111,
        "novelty": 0.70904,
        "n_valid": 430136,
        "n_unique": 321917,
        "n_novel": 319068
    },
    "@500000": {
        "validity": 0.956014,
        "uniqueness": 0.709024,
        "novelty": 0.702936,
        "n_valid": 478007,
        "n_unique": 354512,
        "n_novel": 351468
    },
    "@550000": {
        "validity": 0.9559236363636363,
        "uniqueness": 0.703370909090909,
        "novelty": 0.6975272727272728,
        "n_valid": 525758,
        "n_unique": 386854,
        "n_novel": 383640
    },
    "@600000": {
        "validity": 0.9557683333333333,
        "uniqueness": 0.6977733333333334,
        "novelty": 0.6921616666666667,
        "n_valid": 573461,
        "n_unique": 418664,
        "n_novel": 415297
    },
    "@650000": {
        "validity": 0.9558230769230769,
        "uniqueness": 0.6926815384615385,
        "novelty": 0.6872784615384615,
        "n_valid": 621285,
        "n_unique": 450243,
        "n_novel": 446731
    },
    "@700000": {
        "validity": 0.9557128571428571,
        "uniqueness": 0.68815,
        "novelty": 0.6829357142857143,
        "n_valid": 668999,
        "n_unique": 481705,
        "n_novel": 478055
    },
    "@750000": {
        "validity": 0.955756,
        "uniqueness": 0.6839613333333333,
        "novelty": 0.6789173333333334,
        "n_valid": 716817,
        "n_unique": 512971,
        "n_novel": 509188
    },
    "@800000": {
        "validity": 0.95574,
        "uniqueness": 0.68003,
        "novelty": 0.67510125,
        "n_valid": 764592,
        "n_unique": 544024,
        "n_novel": 540081
    },
    "@850000": {
        "validity": 0.9557164705882353,
        "uniqueness": 0.67616,
        "novelty": 0.671355294117647,
        "n_valid": 812359,
        "n_unique": 574736,
        "n_novel": 570652
    },
    "@900000": {
        "validity": 0.9556333333333333,
        "uniqueness": 0.6724211111111111,
        "novelty": 0.6677155555555555,
        "n_valid": 860070,
        "n_unique": 605179,
        "n_novel": 600944
    },
    "@950000": {
        "validity": 0.9556315789473684,
        "uniqueness": 0.6691621052631579,
        "novelty": 0.6645663157894737,
        "n_valid": 907850,
        "n_unique": 635704,
        "n_novel": 631338
    },
    "@1000000": {
        "validity": 0.955666,
        "uniqueness": 0.665929,
        "novelty": 0.661455,
        "n_valid": 955666,
        "n_unique": 665929,
        "n_novel": 661455
    }
}