{
    "@50000": {
        "validity": 0.4815,
        "uniqueness": 0.47962,
        "novelty": 0.477,
        "n_valid": 24075,
        "n_unique": 23981,
        "n_novel": 23850
    },
    "@100000": {
        "validity": 0.48028,
        "uniqueness": 0.47759,
        "novelty": 0.47536,
        "n_valid": 48028,
        "n_unique": 47759,
        "n_novel": 47536
    },
    "@150000": {
        "validity": 0.4787266666666667,
        "uniqueness": 0.47533333333333333,
        "novelty": 0.47304666666666667,
        "n_valid": 71809,
        "n_unique": 71300,
        "n_novel": 70957
    },
    "@200000": {
        "validity": 0.478855,
        "uniqueness": 0.47484,
        "novelty": 0.47256,
        "n_valid": 95771,
        "n_unique": 94968,
        "n_novel": 94512
    },
    "@250000": {
        "validity": 0.478416,
        "uniqueness": 0.473956,
        "novelty": 0.471736,
        "n_valid": 119604,
        "n_unique": 118489,
        "n_novel": 117934
    },
    "@300000": {
        "validity": 0.47828333333333334,
        "uniqueness": 0.47325,
        "novelty": 0.47106333333333333,
        "n_valid": 143485,
        "n_unique": 141975,
        "n_novel": 141319
    },
    "@350000": {
        "validity": 0.47817714285714286,
        "uniqueness": 0.4727057142857143,
        "novelty": 0.47053428571428574,
        "n_valid": 167362,
        "n_unique": 165447,
        "n_novel": 164687
    },
    "@400000": {
        "validity": 0.4782225,
        "uniqueness": 0.4722725,
        "novelty": 0.47016,
        "n_valid": 191289,
        "n_unique": 188909,
        "n_novel": 188064
    },
    "@450000": {
        "validity": 0.47842222222222225,
        "uniqueness": 0.4720511111111111,
        "novelty": 0.46998222222222225,
        "n_valid": 215290,
        "n_unique": 212423,
        "n_novel": 211492
    },
    "@500000": {
        "validity": 0.478148,
        "uniqueness": 0.47145,
        "novelty": 0.469408,
        "n_valid": 239074,
        "n_unique": 235725,
        "n_novel": 234704
    },
    "@550000": {
        "validity": 0.4783363636363636,
        "uniqueness": 0.47127454545454545,
        "novelty": 0.46928,
        "n_valid": 263085,
        "n_unique": 259201,
        "n_novel": 258104
    },
    "@600000": {
        "validity": 0.47812166666666667,
        "uniqueness": 0.47078,
        "novelty": 0.4688116666666667,
        "n_valid": 286873,
        "n_unique": 282468,
        "n_novel": 281287
    },
    "@650000": {
        "validity": 0.47836307692307695,
        "uniqueness": 0.47074,
        "novelty": 0.46879692307692306,
        "n_valid": 310936,
        "n_unique": 305981,
        "n_novel": 304718
    },
    "@700000": {
        "validity": 0.47819142857142855,
        "uniqueness": 0.47031142857142855,
        "novelty": 0.46839857142857144,
        "n_valid": 334734,
        "n_unique": 329218,
        "n_novel": 327879
    },
    "@750000": {
        "validity": 0.47819866666666666,
        "uniqueness": 0.47004666666666667,
        "novelty": 0.46814666666666666,
        "n_valid": 358649,
        "n_unique": 352535,
        "n_novel": 351110
    },
    "@800000": {
        "validity": 0.478015,
        "uniqueness": 0.46962875,
        "novelty": 0.46776625,
        "n_valid": 382412,
        "n_unique": 375703,
        "n_novel": 374213
    },
    "@850000": {
        "validity": 0.47765411764705884,
        "uniqueness": 0.46905411764705884,
        "novelty": 0.4672223529411765,
        "n_valid": 406006,
        "n_unique": 398696,
        "n_novel": 397139
    },
    "@900000": {
        "validity": 0.47768666666666665,
        "uniqueness": 0.46885666666666664,
        "novelty": 0.46705,
        "n_valid": 429918,
        "n_unique": 421971,
        "n_novel": 420345
    },
    "@950000": {
        "validity": 0.47763263157894736,
        "uniqueness": 0.4686252631578947,
        "novelty": 0.4668242105263158,
        "n_valid": 453751,
        "n_unique": 445194,
        "n_novel": 443483
    },
    "@1000000": {
        "validity": 0.47778,
        "uniqueness": 0.468564,
        "novelty": 0.466791,
        "n_valid": 477780,
        "n_unique": 468564,
        "n_novel": 466791
    }
}