{
    "@50000": {
        "validity": 0.99676,
        "uniqueness": 0.15352,
        "novelty": 0.14486,
        "n_valid": 49838,
        "n_unique": 7676,
        "n_novel": 7243
    },
    "@100000": {
        "validity": 0.99705,
        "uniqueness": 0.12494,
        "novelty": 0.11901,
        "n_valid": 99705,
        "n_unique": 12494,
        "n_novel": 11901
    },
    "@150000": {
        "validity": 0.9970066666666667,
        "uniqueness": 0.10959333333333333,
        "novelty": 0.10498,
        "n_valid": 149551,
        "n_unique": 16439,
        "n_novel": 15747
    },
    "@200000": {
        "validity": 0.997005,
        "uniqueness": 0.09933,
        "novelty": 0.095405,
        "n_valid": 199401,
        "n_unique": 19866,
        "n_novel": 19081
    },
    "@250000": {
        "validity": 0.996996,
        "uniqueness": 0.091664,
        "novelty": 0.088188,
        "n_valid": 249249,
        "n_unique": 22916,
        "n_novel": 22047
    },
    "@300000": {
        "validity": 0.9970233333333334,
        "uniqueness": 0.0857,
        "novelty": 0.08260333333333333,
        "n_valid": 299107,
        "n_unique": 25710,
        "n_novel": 24781
    },
    "@350000": {
        "validity": 0.9970771428571429,
        "uniqueness": 0.08132571428571428,
        "novelty": 0.07846,
        "n_valid": 348977,
        "n_unique": 28464,
        "n_novel": 27461
    },
    "@400000": {
        "validity": 0.9971125,
        "uniqueness": 0.0775575,
        "novelty": 0.074925,
        "n_valid": 398845,
        "n_unique": 31023,
        "n_novel": 29970
    },
    "@450000": {
        "validity": 0.9971133333333333,
        "uniqueness": 0.07440222222222222,
        "novelty": 0.07193111111111111,
        "n_valid": 448701,
        "n_unique": 33481,
        "n_novel": 32369
    },
    "@500000": {
        "validity": 0.997106,
        "uniqueness": 0.07177,
        "novelty": 0.06946,
        "n_valid": 498553,
        "n_unique": 35885,
        "n_novel": 34730
    },
    "@550000": {
        "validity": 0.9971236363636363,
        "uniqueness": 0.06941272727272728,
        "novelty": 0.06721454545454546,
        "n_valid": 548418,
        "n_unique": 38177,
        "n_novel": 36968
    },
    "@600000": {
        "validity": 0.9971616666666666,
        "uniqueness": 0.06727333333333334,
        "novelty": 0.065195,
        "n_valid": 598297,
        "n_unique": 40364,
        "n_novel": 39117
    },
    "@650000": {
        "validity": 0.9971723076923077,
        "uniqueness": 0.06527538461538461,
        "novelty": 0.06329384615384616,
        "n_valid": 648162,
        "n_unique": 42429,
        "n_novel": 41141
    },
    "@700000": {
        "validity": 0.9971614285714285,
        "uniqueness": 0.06359714285714285,
        "novelty": 0.061694285714285715,
        "n_valid": 698013,
        "n_unique": 44518,
        "n_novel": 43186
    },
    "@750000": {
        "validity": 0.9971586666666666,
        "uniqueness": 0.062030666666666665,
        "novelty": 0.060216,
        "n_valid": 747869,
        "n_unique": 46523,
        "n_novel": 45162
    },
    "@800000": {
        "validity": 0.99716375,
        "uniqueness": 0.0605325,
        "novelty": 0.05879,
        "n_valid": 797731,
        "n_unique": 48426,
        "n_novel": 47032
    },
    "@850000": {
        "validity": 0.997164705882353,
        "uniqueness": 0.05916235294117647,
        "novelty": 0.05749176470588235,
        "n_valid": 847590,
        "n_unique": 50288,
        "n_novel": 48868
    },
    "@900000": {
        "validity": 0.9971588888888889,
        "uniqueness": 0.05795,
        "novelty": 0.05633111111111111,
        "n_valid": 897443,
        "n_unique": 52155,
        "n_novel": 50698
    },
    "@950000": {
        "validity": 0.9971705263157895,
        "uniqueness": 0.056806315789473684,
        "novelty": 0.05523473684210526,
        "n_valid": 947312,
        "n_unique": 53966,
        "n_novel": 52473
    },
    "@1000000": {
        "validity": 0.997172,
        "uniqueness": 0.055682,
        "novelty": 0.054143,
        "n_valid": 997172,
        "n_unique": 55682,
        "n_novel": 54143
    }
}