{
    "@50000": {
        "validity": 0.93316,
        "uniqueness": 0.77948,
        "novelty": 0.76102,
        "n_valid": 46658,
        "n_unique": 38974,
        "n_novel": 38051
    },
    "@100000": {
        "validity": 0.93321,
        "uniqueness": 0.74183,
        "novelty": 0.72822,
        "n_valid": 93321,
        "n_unique": 74183,
        "n_novel": 72822
    },
    "@150000": {
        "validity": 0.93422,
        "uniqueness": 0.71914,
        "novelty": 0.7077066666666667,
        "n_valid": 140133,
        "n_unique": 107871,
        "n_novel": 106156
    },
    "@200000": {
        "validity": 0.93423,
        "uniqueness": 0.702095,
        "novelty": 0.69188,
        "n_valid": 186846,
        "n_unique": 140419,
        "n_novel": 138376
    },
    "@250000": {
        "validity": 0.934188,
        "uniqueness": 0.688284,
        "novelty": 0.679016,
        "n_valid": 233547,
        "n_unique": 172071,
        "n_novel": 169754
    },
    "@300000": {
        "validity": 0.9343633333333333,
        "uniqueness": 0.6775266666666667,
        "novelty": 0.6689733333333333,
        "n_valid": 280309,
        "n_unique": 203258,
        "n_novel": 200692
    },
    "@350000": {
        "validity": 0.9344228571428571,
        "uniqueness": 0.6681428571428571,
        "novelty": 0.6601314285714286,
        "n_valid": 327048,
        "n_unique": 233850,
        "n_novel": 231046
    },
    "@400000": {
        "validity": 0.934505,
        "uniqueness": 0.6599875,
        "novelty": 0.6524575,
        "n_valid": 373802,
        "n_unique": 263995,
        "n_novel": 260983
    },
    "@450000": {
        "validity": 0.9346844444444444,
        "uniqueness": 0.6526644444444445,
        "novelty": 0.6455488888888888,
        "n_valid": 420608,
        "n_unique": 293699,
        "n_novel": 290497
    },
    "@500000": {
        "validity": 0.93469,
        "uniqueness": 0.645916,
        "novelty": 0.639116,
        "n_valid": 467345,
        "n_unique": 322958,
        "n_novel": 319558
    },
    "@550000": {
        "validity": 0.9347836363636364,
        "uniqueness": 0.6396581818181818,
        "novelty": 0.6331145454545455,
        "n_valid": 514131,
        "n_unique": 351812,
        "n_novel": 348213
    },
    "@600000": {
        "validity": 0.934825,
        "uniqueness": 0.6341883333333334,
        "novelty": 0.6279083333333333,
        "n_valid": 560895,
        "n_unique": 380513,
        "n_novel": 376745
    },
    "@650000": {
        "validity": 0.9347276923076923,
        "uniqueness": 0.6290769230769231,
        "novelty": 0.6230353846153847,
        "n_valid": 607573,
        "n_unique": 408900,
        "n_novel": 404973
    },
    "@700000": {
        "validity": 0.93471,
        "uniqueness": 0.6242114285714285,
        "novelty": 0.6183957142857143,
        "n_valid": 654297,
        "n_unique": 436948,
        "n_novel": 432877
    },
    "@750000": {
        "validity": 0.9346373333333333,
        "uniqueness": 0.619744,
        "novelty": 0.614144,
        "n_valid": 700978,
        "n_unique": 464808,
        "n_novel": 460608
    },
    "@800000": {
        "validity": 0.93462875,
        "uniqueness": 0.615545,
        "novelty": 0.61010125,
        "n_valid": 747703,
        "n_unique": 492436,
        "n_novel": 488081
    },
    "@850000": {
        "validity": 0.9346623529411765,
        "uniqueness": 0.61172,
        "novelty": 0.6064435294117647,
        "n_valid": 794463,
        "n_unique": 519962,
        "n_novel": 515477
    },
    "@900000": {
        "validity": 0.9346044444444445,
        "uniqueness": 0.6081411111111111,
        "novelty": 0.6030188888888889,
        "n_valid": 841144,
        "n_unique": 547327,
        "n_novel": 542717
    },
    "@950000": {
        "validity": 0.9346494736842105,
        "uniqueness": 0.604441052631579,
        "novelty": 0.5994568421052632,
        "n_valid": 887917,
        "n_unique": 574219,
        "n_novel": 569484
    },
    "@1000000": {
        "validity": 0.93463,
        "uniqueness": 0.601258,
        "novelty": 0.596392,
        "n_valid": 934630,
        "n_unique": 601258,
        "n_novel": 596392
    }
}