{
    "@50000": {
        "validity": 0.99252,
        "uniqueness": 0.87394,
        "novelty": 0.83672,
        "n_valid": 49626,
        "n_unique": 43697,
        "n_novel": 41836
    },
    "@100000": {
        "validity": 0.99269,
        "uniqueness": 0.8322,
        "novelty": 0.80157,
        "n_valid": 99269,
        "n_unique": 83220,
        "n_novel": 80157
    },
    "@150000": {
        "validity": 0.99268,
        "uniqueness": 0.80312,
        "novelty": 0.77678,
        "n_valid": 148902,
        "n_unique": 120468,
        "n_novel": 116517
    },
    "@200000": {
        "validity": 0.992545,
        "uniqueness": 0.78132,
        "novelty": 0.757315,
        "n_valid": 198509,
        "n_unique": 156264,
        "n_novel": 151463
    },
    "@250000": {
        "validity": 0.992528,
        "uniqueness": 0.762928,
        "novelty": 0.74102,
        "n_valid": 248132,
        "n_unique": 190732,
        "n_novel": 185255
    },
    "@300000": {
        "validity": 0.99257,
        "uniqueness": 0.7484066666666667,
        "novelty": 0.7281333333333333,
        "n_valid": 297771,
        "n_unique": 224522,
        "n_novel": 218440
    },
    "@350000": {
        "validity": 0.9924314285714285,
        "uniqueness": 0.7355514285714285,
        "novelty": 0.7164457142857142,
        "n_valid": 347351,
        "n_unique": 257443,
        "n_novel": 250756
    },
    "@400000": {
        "validity": 0.992435,
        "uniqueness": 0.7242225,
        "novelty": 0.70619,
        "n_valid": 396974,
        "n_unique": 289689,
        "n_novel": 282476
    },
    "@450000": {
        "validity": 0.9924688888888888,
        "uniqueness": 0.7130666666666666,
        "novelty": 0.6958888888888889,
        "n_valid": 446611,
        "n_unique": 320880,
        "n_novel": 313150
    },
    "@500000": {
        "validity": 0.992472,
        "uniqueness": 0.70416,
        "novelty": 0.687858,
        "n_valid": 496236,
        "n_unique": 352080,
        "n_novel": 343929
    },
    "@550000": {
        "validity": 0.9924818181818181,
        "uniqueness": 0.6957145454545455,
        "novelty": 0.6800945454545455,
        "n_valid": 545865,
        "n_unique": 382643,
        "n_novel": 374052
    },
    "@600000": {
        "validity": 0.9924766666666667,
        "uniqueness": 0.687695,
        "novelty": 0.6727483333333333,
        "n_valid": 595486,
        "n_unique": 412617,
        "n_novel": 403649
    },
    "@650000": {
        "validity": 0.9924907692307692,
        "uniqueness": 0.6804492307692308,
        "novelty": 0.6660769230769231,
        "n_valid": 645119,
        "n_unique": 442292,
        "n_novel": 432950
    },
    "@700000": {
        "validity": 0.9924471428571429,
        "uniqueness": 0.6735742857142857,
        "novelty": 0.6597328571428571,
        "n_valid": 694713,
        "n_unique": 471502,
        "n_novel": 461813
    },
    "@750000": {
        "validity": 0.992444,
        "uniqueness": 0.6673893333333333,
        "novelty": 0.6540266666666666,
        "n_valid": 744333,
        "n_unique": 500542,
        "n_novel": 490520
    },
    "@800000": {
        "validity": 0.99246875,
        "uniqueness": 0.66148375,
        "novelty": 0.6485275,
        "n_valid": 793975,
        "n_unique": 529187,
        "n_novel": 518822
    },
    "@850000": {
        "validity": 0.9925070588235294,
        "uniqueness": 0.6560905882352941,
        "novelty": 0.6434941176470588,
        "n_valid": 843631,
        "n_unique": 557677,
        "n_novel": 546970
    },
    "@900000": {
        "validity": 0.9925244444444444,
        "uniqueness": 0.6506555555555555,
        "novelty": 0.6384311111111111,
        "n_valid": 893272,
        "n_unique": 585590,
        "n_novel": 574588
    },
    "@950000": {
        "validity": 0.9925094736842105,
        "uniqueness": 0.6456021052631579,
        "novelty": 0.63372,
        "n_valid": 942884,
        "n_unique": 613322,
        "n_novel": 602034
    },
    "@1000000": {
        "validity": 0.992541,
        "uniqueness": 0.640668,
        "novelty": 0.629103,
        "n_valid": 992541,
        "n_unique": 640668,
        "n_novel": 629103
    }
}