{
    "@50000": {
        "validity": 0.97262,
        "uniqueness": 0.95996,
        "novelty": 0.9306,
        "n_valid": 48631,
        "n_unique": 47998,
        "n_novel": 46530
    },
    "@100000": {
        "validity": 0.9718,
        "uniqueness": 0.95153,
        "novelty": 0.92375,
        "n_valid": 97180,
        "n_unique": 95153,
        "n_novel": 92375
    },
    "@150000": {
        "validity": 0.9718866666666667,
        "uniqueness": 0.9454533333333334,
        "novelty": 0.9187066666666667,
        "n_valid": 145783,
        "n_unique": 141818,
        "n_novel": 137806
    },
    "@200000": {
        "validity": 0.971665,
        "uniqueness": 0.94029,
        "novelty": 0.914495,
        "n_valid": 194333,
        "n_unique": 188058,
        "n_novel": 182899
    },
    "@250000": {
        "validity": 0.971824,
        "uniqueness": 0.935864,
        "novelty": 0.911064,
        "n_valid": 242956,
        "n_unique": 233966,
        "n_novel": 227766
    },
    "@300000": {
        "validity": 0.9717766666666666,
        "uniqueness": 0.93168,
        "novelty": 0.9078433333333333,
        "n_valid": 291533,
        "n_unique": 279504,
        "n_novel": 272353
    },
    "@350000": {
        "validity": 0.9718571428571429,
        "uniqueness": 0.9279857142857143,
        "novelty": 0.9048914285714286,
        "n_valid": 340150,
        "n_unique": 324795,
        "n_novel": 316712
    },
    "@400000": {
        "validity": 0.9717175,
        "uniqueness": 0.9244925,
        "novelty": 0.9021,
        "n_valid": 388687,
        "n_unique": 369797,
        "n_novel": 360840
    },
    "@450000": {
        "validity": 0.9716822222222222,
        "uniqueness": 0.9210733333333333,
        "novelty": 0.8992688888888889,
        "n_valid": 437257,
        "n_unique": 414483,
        "n_novel": 404671
    },
    "@500000": {
        "validity": 0.971808,
        "uniqueness": 0.918436,
        "novelty": 0.897246,
        "n_valid": 485904,
        "n_unique": 459218,
        "n_novel": 448623
    },
    "@550000": {
        "validity": 0.9717927272727273,
        "uniqueness": 0.91576,
        "novelty": 0.895089090909091,
        "n_valid": 534486,
        "n_unique": 503668,
        "n_novel": 492299
    },
    "@600000": {
        "validity": 0.9717616666666666,
        "uniqueness": 0.9132483333333333,
        "novelty": 0.8930666666666667,
        "n_valid": 583057,
        "n_unique": 547949,
        "n_novel": 535840
    },
    "@650000": {
        "validity": 0.9717076923076923,
        "uniqueness": 0.9107061538461538,
        "novelty": 0.8909369230769231,
        "n_valid": 631610,
        "n_unique": 591959,
        "n_novel": 579109
    },
    "@700000": {
        "validity": 0.9716185714285714,
        "uniqueness": 0.9084142857142857,
        "novelty": 0.8890214285714285,
        "n_valid": 680133,
        "n_unique": 635890,
        "n_novel": 622315
    },
    "@750000": {
        "validity": 0.971664,
        "uniqueness": 0.9062893333333333,
        "novelty": 0.8872213333333333,
        "n_valid": 728748,
        "n_unique": 679717,
        "n_novel": 665416
    },
    "@800000": {
        "validity": 0.97165125,
        "uniqueness": 0.90423125,
        "novelty": 0.8855225,
        "n_valid": 777321,
        "n_unique": 723385,
        "n_novel": 708418
    },
    "@850000": {
        "validity": 0.9716635294117647,
        "uniqueness": 0.9023635294117647,
        "novelty": 0.8839458823529411,
        "n_valid": 825914,
        "n_unique": 767009,
        "n_novel": 751354
    },
    "@900000": {
        "validity": 0.9717622222222222,
        "uniqueness": 0.90055,
        "novelty": 0.8824322222222222,
        "n_valid": 874586,
        "n_unique": 810495,
        "n_novel": 794189
    },
    "@950000": {
        "validity": 0.9717747368421052,
        "uniqueness": 0.8988884210526316,
        "novelty": 0.8810568421052631,
        "n_valid": 923186,
        "n_unique": 853944,
        "n_novel": 837004
    },
    "@1000000": {
        "validity": 0.971694,
        "uniqueness": 0.897086,
        "novelty": 0.879543,
        "n_valid": 971694,
        "n_unique": 897086,
        "n_novel": 879543
    }
}