{
    "@50000": {
        "validity": 0.89266,
        "uniqueness": 0.83512,
        "novelty": 0.8179,
        "n_valid": 44633,
        "n_unique": 41756,
        "n_novel": 40895
    },
    "@100000": {
        "validity": 0.89148,
        "uniqueness": 0.81479,
        "novelty": 0.80099,
        "n_valid": 89148,
        "n_unique": 81479,
        "n_novel": 80099
    },
    "@150000": {
        "validity": 0.8906133333333334,
        "uniqueness": 0.8012133333333333,
        "novelty": 0.7891,
        "n_valid": 133592,
        "n_unique": 120182,
        "n_novel": 118365
    },
    "@200000": {
        "validity": 0.8901,
        "uniqueness": 0.79024,
        "novelty": 0.779385,
        "n_valid": 178020,
        "n_unique": 158048,
        "n_novel": 155877
    },
    "@250000": {
        "validity": 0.890044,
        "uniqueness": 0.781876,
        "novelty": 0.771948,
        "n_valid": 222511,
        "n_unique": 195469,
        "n_novel": 192987
    },
    "@300000": {
        "validity": 0.8900266666666666,
        "uniqueness": 0.77533,
        "novelty": 0.76613,
        "n_valid": 267008,
        "n_unique": 232599,
        "n_novel": 229839
    },
    "@350000": {
        "validity": 0.8901885714285714,
        "uniqueness": 0.7695371428571428,
        "novelty": 0.7609457142857143,
        "n_valid": 311566,
        "n_unique": 269338,
        "n_novel": 266331
    },
    "@400000": {
        "validity": 0.8902475,
        "uniqueness": 0.7645925,
        "novelty": 0.7564275,
        "n_valid": 356099,
        "n_unique": 305837,
        "n_novel": 302571
    },
    "@450000": {
        "validity": 0.8900777777777777,
        "uniqueness": 0.7597422222222222,
        "novelty": 0.7519466666666667,
        "n_valid": 400535,
        "n_unique": 341884,
        "n_novel": 338376
    },
    "@500000": {
        "validity": 0.890282,
        "uniqueness": 0.75594,
        "novelty": 0.74849,
        "n_valid": 445141,
        "n_unique": 377970,
        "n_novel": 374245
    },
    "@550000": {
        "validity": 0.8901854545454545,
        "uniqueness": 0.7520381818181818,
        "novelty": 0.7448563636363636,
        "n_valid": 489602,
        "n_unique": 413621,
        "n_novel": 409671
    },
    "@600000": {
        "validity": 0.8900566666666667,
        "uniqueness": 0.748495,
        "novelty": 0.7415533333333333,
        "n_valid": 534034,
        "n_unique": 449097,
        "n_novel": 444932
    },
    "@650000": {
        "validity": 0.8899523076923077,
        "uniqueness": 0.7448984615384615,
        "novelty": 0.73822,
        "n_valid": 578469,
        "n_unique": 484184,
        "n_novel": 479843
    },
    "@700000": {
        "validity": 0.8898842857142857,
        "uniqueness": 0.7418714285714286,
        "novelty": 0.7354514285714285,
        "n_valid": 622919,
        "n_unique": 519310,
        "n_novel": 514816
    },
    "@750000": {
        "validity": 0.889832,
        "uniqueness": 0.738852,
        "novelty": 0.7326186666666666,
        "n_valid": 667374,
        "n_unique": 554139,
        "n_novel": 549464
    },
    "@800000": {
        "validity": 0.88987625,
        "uniqueness": 0.7360625,
        "novelty": 0.72998,
        "n_valid": 711901,
        "n_unique": 588850,
        "n_novel": 583984
    },
    "@850000": {
        "validity": 0.8899870588235295,
        "uniqueness": 0.7335376470588235,
        "novelty": 0.7276176470588235,
        "n_valid": 756489,
        "n_unique": 623507,
        "n_novel": 618475
    },
    "@900000": {
        "validity": 0.8900422222222222,
        "uniqueness": 0.7311511111111111,
        "novelty": 0.7254011111111112,
        "n_valid": 801038,
        "n_unique": 658036,
        "n_novel": 652861
    },
    "@950000": {
        "validity": 0.8901547368421052,
        "uniqueness": 0.7286978947368421,
        "novelty": 0.7230936842105263,
        "n_valid": 845647,
        "n_unique": 692263,
        "n_novel": 686939
    },
    "@1000000": {
        "validity": 0.890112,
        "uniqueness": 0.726346,
        "novelty": 0.720876,
        "n_valid": 890112,
        "n_unique": 726346,
        "n_novel": 720876
    }
}