{
    "@50000": {
        "validity": 0.93536,
        "uniqueness": 0.8635,
        "novelty": 0.85606,
        "n_valid": 46768,
        "n_unique": 43175,
        "n_novel": 42803
    },
    "@100000": {
        "validity": 0.93401,
        "uniqueness": 0.83729,
        "novelty": 0.83096,
        "n_valid": 93401,
        "n_unique": 83729,
        "n_novel": 83096
    },
    "@150000": {
        "validity": 0.9335066666666667,
        "uniqueness": 0.82056,
        "novelty": 0.81508,
        "n_valid": 140026,
        "n_unique": 123084,
        "n_novel": 122262
    },
    "@200000": {
        "validity": 0.932835,
        "uniqueness": 0.807385,
        "novelty": 0.80232,
        "n_valid": 186567,
        "n_unique": 161477,
        "n_novel": 160464
    },
    "@250000": {
        "validity": 0.9324,
        "uniqueness": 0.796624,
        "novelty": 0.791892,
        "n_valid": 233100,
        "n_unique": 199156,
        "n_novel": 197973
    },
    "@300000": {
        "validity": 0.93246,
        "uniqueness": 0.7883266666666666,
        "novelty": 0.7839133333333334,
        "n_valid": 279738,
        "n_unique": 236498,
        "n_novel": 235174
    },
    "@350000": {
        "validity": 0.9322828571428572,
        "uniqueness": 0.7804057142857143,
        "novelty": 0.77616,
        "n_valid": 326299,
        "n_unique": 273142,
        "n_novel": 271656
    },
    "@400000": {
        "validity": 0.9321975,
        "uniqueness": 0.77403,
        "novelty": 0.7699675,
        "n_valid": 372879,
        "n_unique": 309612,
        "n_novel": 307987
    },
    "@450000": {
        "validity": 0.9322266666666666,
        "uniqueness": 0.7680066666666666,
        "novelty": 0.7640444444444444,
        "n_valid": 419502,
        "n_unique": 345603,
        "n_novel": 343820
    },
    "@500000": {
        "validity": 0.932166,
        "uniqueness": 0.763096,
        "novelty": 0.759268,
        "n_valid": 466083,
        "n_unique": 381548,
        "n_novel": 379634
    },
    "@550000": {
        "validity": 0.9322654545454545,
        "uniqueness": 0.7584854545454546,
        "novelty": 0.7548018181818181,
        "n_valid": 512746,
        "n_unique": 417167,
        "n_novel": 415141
    },
    "@600000": {
        "validity": 0.932395,
        "uniqueness": 0.7542083333333334,
        "novelty": 0.75063,
        "n_valid": 559437,
        "n_unique": 452525,
        "n_novel": 450378
    },
    "@650000": {
        "validity": 0.9322584615384616,
        "uniqueness": 0.7501092307692308,
        "novelty": 0.7466446153846154,
        "n_valid": 605968,
        "n_unique": 487571,
        "n_novel": 485319
    },
    "@700000": {
        "validity": 0.93247,
        "uniqueness": 0.7465357142857143,
        "novelty": 0.7431742857142857,
        "n_valid": 652729,
        "n_unique": 522575,
        "n_novel": 520222
    },
    "@750000": {
        "validity": 0.9325653333333334,
        "uniqueness": 0.743004,
        "novelty": 0.7397333333333334,
        "n_valid": 699424,
        "n_unique": 557253,
        "n_novel": 554800
    },
    "@800000": {
        "validity": 0.93259125,
        "uniqueness": 0.73986,
        "novelty": 0.73662875,
        "n_valid": 746073,
        "n_unique": 591888,
        "n_novel": 589303
    },
    "@850000": {
        "validity": 0.9326294117647059,
        "uniqueness": 0.7365176470588235,
        "novelty": 0.7333529411764705,
        "n_valid": 792735,
        "n_unique": 626040,
        "n_novel": 623350
    },
    "@900000": {
        "validity": 0.9326288888888888,
        "uniqueness": 0.7335111111111111,
        "novelty": 0.7304122222222222,
        "n_valid": 839366,
        "n_unique": 660160,
        "n_novel": 657371
    },
    "@950000": {
        "validity": 0.9326768421052631,
        "uniqueness": 0.7307431578947369,
        "novelty": 0.7277042105263158,
        "n_valid": 886043,
        "n_unique": 694206,
        "n_novel": 691319
    },
    "@1000000": {
        "validity": 0.932734,
        "uniqueness": 0.728195,
        "novelty": 0.725214,
        "n_valid": 932734,
        "n_unique": 728195,
        "n_novel": 725214
    }
}