{
    "@50000": {
        "validity": 0.99558,
        "uniqueness": 0.1526,
        "novelty": 0.15026,
        "n_valid": 49779,
        "n_unique": 7630,
        "n_novel": 7513
    },
    "@100000": {
        "validity": 0.99557,
        "uniqueness": 0.10567,
        "novelty": 0.10445,
        "n_valid": 99557,
        "n_unique": 10567,
        "n_novel": 10445
    },
    "@150000": {
        "validity": 0.9954866666666666,
        "uniqueness": 0.08332,
        "novelty": 0.08250666666666667,
        "n_valid": 149323,
        "n_unique": 12498,
        "n_novel": 12376
    },
    "@200000": {
        "validity": 0.995415,
        "uniqueness": 0.06989,
        "novelty": 0.069265,
        "n_valid": 199083,
        "n_unique": 13978,
        "n_novel": 13853
    },
    "@250000": {
        "validity": 0.995456,
        "uniqueness": 0.060664,
        "novelty": 0.06016,
        "n_valid": 248864,
        "n_unique": 15166,
        "n_novel": 15040
    },
    "@300000": {
        "validity": 0.99544,
        "uniqueness": 0.05393333333333333,
        "novelty": 0.05351,
        "n_valid": 298632,
        "n_unique": 16180,
        "n_novel": 16053
    },
    "@350000": {
        "validity": 0.9954285714285714,
        "uniqueness": 0.048842857142857146,
        "novelty": 0.04848,
        "n_valid": 348400,
        "n_unique": 17095,
        "n_novel": 16968
    },
    "@400000": {
        "validity": 0.9954725,
        "uniqueness": 0.0445875,
        "novelty": 0.04427,
        "n_valid": 398189,
        "n_unique": 17835,
        "n_novel": 17708
    },
    "@450000": {
        "validity": 0.9955466666666667,
        "uniqueness": 0.040995555555555556,
        "novelty": 0.04071333333333333,
        "n_valid": 447996,
        "n_unique": 18448,
        "n_novel": 18321
    },
    "@500000": {
        "validity": 0.995524,
        "uniqueness": 0.0381,
        "novelty": 0.037846,
        "n_valid": 497762,
        "n_unique": 19050,
        "n_novel": 18923
    },
    "@550000": {
        "validity": 0.9955490909090909,
        "uniqueness": 0.03559818181818182,
        "novelty": 0.035367272727272726,
        "n_valid": 547552,
        "n_unique": 19579,
        "n_novel": 19452
    },
    "@600000": {
        "validity": 0.995575,
        "uniqueness": 0.033468333333333336,
        "novelty": 0.033256666666666664,
        "n_valid": 597345,
        "n_unique": 20081,
        "n_novel": 19954
    },
    "@650000": {
        "validity": 0.995576923076923,
        "uniqueness": 0.03166153846153846,
        "novelty": 0.031466153846153845,
        "n_valid": 647125,
        "n_unique": 20580,
        "n_novel": 20453
    },
    "@700000": {
        "validity": 0.9955814285714286,
        "uniqueness": 0.030042857142857142,
        "novelty": 0.02986142857142857,
        "n_valid": 696907,
        "n_unique": 21030,
        "n_novel": 20903
    },
    "@750000": {
        "validity": 0.99558,
        "uniqueness": 0.028616,
        "novelty": 0.028446666666666665,
        "n_valid": 746685,
        "n_unique": 21462,
        "n_novel": 21335
    },
    "@800000": {
        "validity": 0.9956,
        "uniqueness": 0.027315,
        "novelty": 0.02715625,
        "n_valid": 796480,
        "n_unique": 21852,
        "n_novel": 21725
    },
    "@850000": {
        "validity": 0.9955894117647058,
        "uniqueness": 0.02617058823529412,
        "novelty": 0.026021176470588235,
        "n_valid": 846251,
        "n_unique": 22245,
        "n_novel": 22118
    },
    "@900000": {
        "validity": 0.9956011111111112,
        "uniqueness": 0.02508777777777778,
        "novelty": 0.024946666666666666,
        "n_valid": 896041,
        "n_unique": 22579,
        "n_novel": 22452
    },
    "@950000": {
        "validity": 0.9955768421052632,
        "uniqueness": 0.024149473684210526,
        "novelty": 0.02401578947368421,
        "n_valid": 945798,
        "n_unique": 22942,
        "n_novel": 22815
    },
    "@1000000": {
        "validity": 0.995568,
        "uniqueness": 0.02326,
        "novelty": 0.023133,
        "n_valid": 995568,
        "n_unique": 23260,
        "n_novel": 23133
    }
}