{
    "@50000": {
        "validity": 0.98558,
        "uniqueness": 0.4352,
        "novelty": 0.4186,
        "n_valid": 49279,
        "n_unique": 21760,
        "n_novel": 20930
    },
    "@100000": {
        "validity": 0.98575,
        "uniqueness": 0.38715,
        "novelty": 0.37437,
        "n_valid": 98575,
        "n_unique": 38715,
        "n_novel": 37437
    },
    "@150000": {
        "validity": 0.98584,
        "uniqueness": 0.3602,
        "novelty": 0.3493266666666667,
        "n_valid": 147876,
        "n_unique": 54030,
        "n_novel": 52399
    },
    "@200000": {
        "validity": 0.98565,
        "uniqueness": 0.341825,
        "novelty": 0.33215,
        "n_valid": 197130,
        "n_unique": 68365,
        "n_novel": 66430
    },
    "@250000": {
        "validity": 0.985756,
        "uniqueness": 0.327368,
        "novelty": 0.31854,
        "n_valid": 246439,
        "n_unique": 81842,
        "n_novel": 79635
    },
    "@300000": {
        "validity": 0.98582,
        "uniqueness": 0.31589666666666666,
        "novelty": 0.30772666666666665,
        "n_valid": 295746,
        "n_unique": 94769,
        "n_novel": 92318
    },
    "@350000": {
        "validity": 0.9857142857142858,
        "uniqueness": 0.30615714285714285,
        "novelty": 0.2984257142857143,
        "n_valid": 345000,
        "n_unique": 107155,
        "n_novel": 104449
    },
    "@400000": {
        "validity": 0.9857375,
        "uniqueness": 0.2981825,
        "novelty": 0.2908975,
        "n_valid": 394295,
        "n_unique": 119273,
        "n_novel": 116359
    },
    "@450000": {
        "validity": 0.9857355555555556,
        "uniqueness": 0.29141333333333336,
        "novelty": 0.2845155555555556,
        "n_valid": 443581,
        "n_unique": 131136,
        "n_novel": 128032
    },
    "@500000": {
        "validity": 0.985696,
        "uniqueness": 0.285464,
        "novelty": 0.278884,
        "n_valid": 492848,
        "n_unique": 142732,
        "n_novel": 139442
    },
    "@550000": {
        "validity": 0.9856909090909091,
        "uniqueness": 0.2798290909090909,
        "novelty": 0.2734836363636364,
        "n_valid": 542130,
        "n_unique": 153906,
        "n_novel": 150416
    },
    "@600000": {
        "validity": 0.9857283333333333,
        "uniqueness": 0.27493,
        "novelty": 0.26880333333333334,
        "n_valid": 591437,
        "n_unique": 164958,
        "n_novel": 161282
    },
    "@650000": {
        "validity": 0.985716923076923,
        "uniqueness": 0.27074,
        "novelty": 0.26482153846153844,
        "n_valid": 640716,
        "n_unique": 175981,
        "n_novel": 172134
    },
    "@700000": {
        "validity": 0.9857857142857143,
        "uniqueness": 0.26664571428571426,
        "novelty": 0.26091714285714285,
        "n_valid": 690050,
        "n_unique": 186652,
        "n_novel": 182642
    },
    "@750000": {
        "validity": 0.9857973333333333,
        "uniqueness": 0.2628,
        "novelty": 0.2572506666666667,
        "n_valid": 739348,
        "n_unique": 197100,
        "n_novel": 192938
    },
    "@800000": {
        "validity": 0.98582375,
        "uniqueness": 0.2592375,
        "novelty": 0.253865,
        "n_valid": 788659,
        "n_unique": 207390,
        "n_novel": 203092
    },
    "@850000": {
        "validity": 0.985815294117647,
        "uniqueness": 0.25571529411764704,
        "novelty": 0.2504988235294118,
        "n_valid": 837943,
        "n_unique": 217358,
        "n_novel": 212924
    },
    "@900000": {
        "validity": 0.9858666666666667,
        "uniqueness": 0.25268111111111113,
        "novelty": 0.2476188888888889,
        "n_valid": 887280,
        "n_unique": 227413,
        "n_novel": 222857
    },
    "@950000": {
        "validity": 0.9858684210526316,
        "uniqueness": 0.24980210526315788,
        "novelty": 0.24487263157894737,
        "n_valid": 936575,
        "n_unique": 237312,
        "n_novel": 232629
    },
    "@1000000": {
        "validity": 0.985862,
        "uniqueness": 0.247166,
        "novelty": 0.242353,
        "n_valid": 985862,
        "n_unique": 247166,
        "n_novel": 242353
    }
}