{
    "@50000": {
        "validity": 0.86608,
        "uniqueness": 0.8546,
        "novelty": 0.84634,
        "n_valid": 43304,
        "n_unique": 42730,
        "n_novel": 42317
    },
    "@100000": {
        "validity": 0.86629,
        "uniqueness": 0.85078,
        "novelty": 0.84311,
        "n_valid": 86629,
        "n_unique": 85078,
        "n_novel": 84311
    },
    "@150000": {
        "validity": 0.86684,
        "uniqueness": 0.84822,
        "novelty": 0.8410266666666667,
        "n_valid": 130026,
        "n_unique": 127233,
        "n_novel": 126154
    },
    "@200000": {
        "validity": 0.866665,
        "uniqueness": 0.84613,
        "novelty": 0.83924,
        "n_valid": 173333,
        "n_unique": 169226,
        "n_novel": 167848
    },
    "@250000": {
        "validity": 0.867004,
        "uniqueness": 0.844472,
        "novelty": 0.837824,
        "n_valid": 216751,
        "n_unique": 211118,
        "n_novel": 209456
    },
    "@300000": {
        "validity": 0.8671133333333333,
        "uniqueness": 0.8427333333333333,
        "novelty": 0.8362866666666666,
        "n_valid": 260134,
        "n_unique": 252820,
        "n_novel": 250886
    },
    "@350000": {
        "validity": 0.8668114285714286,
        "uniqueness": 0.84062,
        "novelty": 0.8343885714285715,
        "n_valid": 303384,
        "n_unique": 294217,
        "n_novel": 292036
    },
    "@400000": {
        "validity": 0.86691,
        "uniqueness": 0.8394175,
        "novelty": 0.8333125,
        "n_valid": 346764,
        "n_unique": 335767,
        "n_novel": 333325
    },
    "@450000": {
        "validity": 0.8668555555555556,
        "uniqueness": 0.8379244444444445,
        "novelty": 0.8319755555555556,
        "n_valid": 390085,
        "n_unique": 377066,
        "n_novel": 374389
    },
    "@500000": {
        "validity": 0.86691,
        "uniqueness": 0.836696,
        "novelty": 0.830846,
        "n_valid": 433455,
        "n_unique": 418348,
        "n_novel": 415423
    },
    "@550000": {
        "validity": 0.867010909090909,
        "uniqueness": 0.8357272727272728,
        "novelty": 0.8299527272727273,
        "n_valid": 476856,
        "n_unique": 459650,
        "n_novel": 456474
    },
    "@600000": {
        "validity": 0.8668166666666667,
        "uniqueness": 0.83444,
        "novelty": 0.8287266666666666,
        "n_valid": 520090,
        "n_unique": 500664,
        "n_novel": 497236
    },
    "@650000": {
        "validity": 0.8669030769230769,
        "uniqueness": 0.8334907692307693,
        "novelty": 0.8278430769230769,
        "n_valid": 563487,
        "n_unique": 541769,
        "n_novel": 538098
    },
    "@700000": {
        "validity": 0.8669842857142858,
        "uniqueness": 0.8325414285714285,
        "novelty": 0.8269871428571428,
        "n_valid": 606889,
        "n_unique": 582779,
        "n_novel": 578891
    },
    "@750000": {
        "validity": 0.8668426666666667,
        "uniqueness": 0.8315226666666666,
        "novelty": 0.8260573333333333,
        "n_valid": 650132,
        "n_unique": 623642,
        "n_novel": 619543
    },
    "@800000": {
        "validity": 0.86673875,
        "uniqueness": 0.8304925,
        "novelty": 0.82509875,
        "n_valid": 693391,
        "n_unique": 664394,
        "n_novel": 660079
    },
    "@850000": {
        "validity": 0.86648,
        "uniqueness": 0.8293341176470588,
        "novelty": 0.8240317647058824,
        "n_valid": 736508,
        "n_unique": 704934,
        "n_novel": 700427
    },
    "@900000": {
        "validity": 0.8665244444444444,
        "uniqueness": 0.82858,
        "novelty": 0.82336,
        "n_valid": 779872,
        "n_unique": 745722,
        "n_novel": 741024
    },
    "@950000": {
        "validity": 0.8663852631578948,
        "uniqueness": 0.827758947368421,
        "novelty": 0.8225894736842105,
        "n_valid": 823066,
        "n_unique": 786371,
        "n_novel": 781460
    },
    "@1000000": {
        "validity": 0.866399,
        "uniqueness": 0.826912,
        "novelty": 0.821828,
        "n_valid": 866399,
        "n_unique": 826912,
        "n_novel": 821828
    }
}