{
    "@50000": {
        "validity": 0.43698,
        "uniqueness": 0.4349,
        "novelty": 0.43272,
        "n_valid": 21849,
        "n_unique": 21745,
        "n_novel": 21636
    },
    "@100000": {
        "validity": 0.43372,
        "uniqueness": 0.43071,
        "novelty": 0.42864,
        "n_valid": 43372,
        "n_unique": 43071,
        "n_novel": 42864
    },
    "@150000": {
        "validity": 0.4344866666666667,
        "uniqueness": 0.4306,
        "novelty": 0.42858666666666667,
        "n_valid": 65173,
        "n_unique": 64590,
        "n_novel": 64288
    },
    "@200000": {
        "validity": 0.43405,
        "uniqueness": 0.429475,
        "novelty": 0.427565,
        "n_valid": 86810,
        "n_unique": 85895,
        "n_novel": 85513
    },
    "@250000": {
        "validity": 0.433548,
        "uniqueness": 0.428664,
        "novelty": 0.426796,
        "n_valid": 108387,
        "n_unique": 107166,
        "n_novel": 106699
    },
    "@300000": {
        "validity": 0.43407666666666667,
        "uniqueness": 0.42869666666666667,
        "novelty": 0.42692,
        "n_valid": 130223,
        "n_unique": 128609,
        "n_novel": 128076
    },
    "@350000": {
        "validity": 0.4336628571428571,
        "uniqueness": 0.4279057142857143,
        "novelty": 0.4261114285714286,
        "n_valid": 151782,
        "n_unique": 149767,
        "n_novel": 149139
    },
    "@400000": {
        "validity": 0.433755,
        "uniqueness": 0.4275925,
        "novelty": 0.4258475,
        "n_valid": 173502,
        "n_unique": 171037,
        "n_novel": 170339
    },
    "@450000": {
        "validity": 0.43376444444444445,
        "uniqueness": 0.4273111111111111,
        "novelty": 0.42562222222222224,
        "n_valid": 195194,
        "n_unique": 192290,
        "n_novel": 191530
    },
    "@500000": {
        "validity": 0.43381,
        "uniqueness": 0.427062,
        "novelty": 0.425408,
        "n_valid": 216905,
        "n_unique": 213531,
        "n_novel": 212704
    },
    "@550000": {
        "validity": 0.4337981818181818,
        "uniqueness": 0.42670545454545455,
        "novelty": 0.4250709090909091,
        "n_valid": 238589,
        "n_unique": 234688,
        "n_novel": 233789
    },
    "@600000": {
        "validity": 0.43376,
        "uniqueness": 0.42636,
        "novelty": 0.42474,
        "n_valid": 260256,
        "n_unique": 255816,
        "n_novel": 254844
    },
    "@650000": {
        "validity": 0.43416307692307693,
        "uniqueness": 0.4265323076923077,
        "novelty": 0.4249184615384615,
        "n_valid": 282206,
        "n_unique": 277246,
        "n_novel": 276197
    },
    "@700000": {
        "validity": 0.4342642857142857,
        "uniqueness": 0.42639714285714286,
        "novelty": 0.4248042857142857,
        "n_valid": 303985,
        "n_unique": 298478,
        "n_novel": 297363
    },
    "@750000": {
        "validity": 0.434112,
        "uniqueness": 0.426004,
        "novelty": 0.4244306666666667,
        "n_valid": 325584,
        "n_unique": 319503,
        "n_novel": 318323
    },
    "@800000": {
        "validity": 0.43420125,
        "uniqueness": 0.4258625,
        "novelty": 0.42429375,
        "n_valid": 347361,
        "n_unique": 340690,
        "n_novel": 339435
    },
    "@850000": {
        "validity": 0.4343435294117647,
        "uniqueness": 0.42578823529411763,
        "novelty": 0.42424823529411765,
        "n_valid": 369192,
        "n_unique": 361920,
        "n_novel": 360611
    },
    "@900000": {
        "validity": 0.43451222222222224,
        "uniqueness": 0.4257433333333333,
        "novelty": 0.4242222222222222,
        "n_valid": 391061,
        "n_unique": 383169,
        "n_novel": 381800
    },
    "@950000": {
        "validity": 0.43445263157894737,
        "uniqueness": 0.4254905263157895,
        "novelty": 0.4239863157894737,
        "n_valid": 412730,
        "n_unique": 404216,
        "n_novel": 402787
    },
    "@1000000": {
        "validity": 0.434343,
        "uniqueness": 0.42518,
        "novelty": 0.423691,
        "n_valid": 434343,
        "n_unique": 425180,
        "n_novel": 423691
    }
}