{
    "@50000": {
        "validity": 0.99626,
        "uniqueness": 0.58,
        "novelty": 0.56054,
        "n_valid": 49813,
        "n_unique": 29000,
        "n_novel": 28027
    },
    "@100000": {
        "validity": 0.99625,
        "uniqueness": 0.51492,
        "novelty": 0.50023,
        "n_valid": 99625,
        "n_unique": 51492,
        "n_novel": 50023
    },
    "@150000": {
        "validity": 0.9962066666666667,
        "uniqueness": 0.47694,
        "novelty": 0.4642866666666667,
        "n_valid": 149431,
        "n_unique": 71541,
        "n_novel": 69643
    },
    "@200000": {
        "validity": 0.9963,
        "uniqueness": 0.4495,
        "novelty": 0.43819,
        "n_valid": 199260,
        "n_unique": 89900,
        "n_novel": 87638
    },
    "@250000": {
        "validity": 0.996244,
        "uniqueness": 0.4288,
        "novelty": 0.418548,
        "n_valid": 249061,
        "n_unique": 107200,
        "n_novel": 104637
    },
    "@300000": {
        "validity": 0.99623,
        "uniqueness": 0.41258,
        "novelty": 0.40308333333333335,
        "n_valid": 298869,
        "n_unique": 123774,
        "n_novel": 120925
    },
    "@350000": {
        "validity": 0.9961628571428571,
        "uniqueness": 0.39869714285714286,
        "novelty": 0.3898114285714286,
        "n_valid": 348657,
        "n_unique": 139544,
        "n_novel": 136434
    },
    "@400000": {
        "validity": 0.9961675,
        "uniqueness": 0.3870825,
        "novelty": 0.378755,
        "n_valid": 398467,
        "n_unique": 154833,
        "n_novel": 151502
    },
    "@450000": {
        "validity": 0.9961688888888889,
        "uniqueness": 0.37696,
        "novelty": 0.3690911111111111,
        "n_valid": 448276,
        "n_unique": 169632,
        "n_novel": 166091
    },
    "@500000": {
        "validity": 0.996194,
        "uniqueness": 0.367714,
        "novelty": 0.360288,
        "n_valid": 498097,
        "n_unique": 183857,
        "n_novel": 180144
    },
    "@550000": {
        "validity": 0.9961836363636364,
        "uniqueness": 0.3598454545454545,
        "novelty": 0.35269636363636364,
        "n_valid": 547901,
        "n_unique": 197915,
        "n_novel": 193983
    },
    "@600000": {
        "validity": 0.996165,
        "uniqueness": 0.3525,
        "novelty": 0.3456416666666667,
        "n_valid": 597699,
        "n_unique": 211500,
        "n_novel": 207385
    },
    "@650000": {
        "validity": 0.9961738461538462,
        "uniqueness": 0.34594153846153847,
        "novelty": 0.3393323076923077,
        "n_valid": 647513,
        "n_unique": 224862,
        "n_novel": 220566
    },
    "@700000": {
        "validity": 0.9961728571428572,
        "uniqueness": 0.34003285714285714,
        "novelty": 0.33364714285714286,
        "n_valid": 697321,
        "n_unique": 238023,
        "n_novel": 233553
    },
    "@750000": {
        "validity": 0.996168,
        "uniqueness": 0.3346173333333333,
        "novelty": 0.32844666666666666,
        "n_valid": 747126,
        "n_unique": 250963,
        "n_novel": 246335
    },
    "@800000": {
        "validity": 0.9961725,
        "uniqueness": 0.32942375,
        "novelty": 0.3234625,
        "n_valid": 796938,
        "n_unique": 263539,
        "n_novel": 258770
    },
    "@850000": {
        "validity": 0.9961682352941177,
        "uniqueness": 0.3247764705882353,
        "novelty": 0.31899176470588236,
        "n_valid": 846743,
        "n_unique": 276060,
        "n_novel": 271143
    },
    "@900000": {
        "validity": 0.9961866666666667,
        "uniqueness": 0.32040444444444444,
        "novelty": 0.31476777777777776,
        "n_valid": 896568,
        "n_unique": 288364,
        "n_novel": 283291
    },
    "@950000": {
        "validity": 0.9962073684210526,
        "uniqueness": 0.3163736842105263,
        "novelty": 0.31090526315789474,
        "n_valid": 946397,
        "n_unique": 300555,
        "n_novel": 295360
    },
    "@1000000": {
        "validity": 0.996243,
        "uniqueness": 0.31243,
        "novelty": 0.307107,
        "n_valid": 996243,
        "n_unique": 312430,
        "n_novel": 307107
    }
}