{
    "@50000": {
        "validity": 0.92102,
        "uniqueness": 0.89036,
        "novelty": 0.87516,
        "n_valid": 46051,
        "n_unique": 44518,
        "n_novel": 43758
    },
    "@100000": {
        "validity": 0.92042,
        "uniqueness": 0.88055,
        "novelty": 0.86706,
        "n_valid": 92042,
        "n_unique": 88055,
        "n_novel": 86706
    },
    "@150000": {
        "validity": 0.9205266666666667,
        "uniqueness": 0.87436,
        "novelty": 0.8620066666666667,
        "n_valid": 138079,
        "n_unique": 131154,
        "n_novel": 129301
    },
    "@200000": {
        "validity": 0.92029,
        "uniqueness": 0.86916,
        "novelty": 0.857635,
        "n_valid": 184058,
        "n_unique": 173832,
        "n_novel": 171527
    },
    "@250000": {
        "validity": 0.920936,
        "uniqueness": 0.865852,
        "novelty": 0.854784,
        "n_valid": 230234,
        "n_unique": 216463,
        "n_novel": 213696
    },
    "@300000": {
        "validity": 0.9209233333333333,
        "uniqueness": 0.8618866666666667,
        "novelty": 0.85128,
        "n_valid": 276277,
        "n_unique": 258566,
        "n_novel": 255384
    },
    "@350000": {
        "validity": 0.9207085714285714,
        "uniqueness": 0.8585057142857143,
        "novelty": 0.84826,
        "n_valid": 322248,
        "n_unique": 300477,
        "n_novel": 296891
    },
    "@400000": {
        "validity": 0.9207775,
        "uniqueness": 0.8556425,
        "novelty": 0.8457225,
        "n_valid": 368311,
        "n_unique": 342257,
        "n_novel": 338289
    },
    "@450000": {
        "validity": 0.9207666666666666,
        "uniqueness": 0.8530666666666666,
        "novelty": 0.8433688888888888,
        "n_valid": 414345,
        "n_unique": 383880,
        "n_novel": 379516
    },
    "@500000": {
        "validity": 0.920632,
        "uniqueness": 0.850394,
        "novelty": 0.840956,
        "n_valid": 460316,
        "n_unique": 425197,
        "n_novel": 420478
    },
    "@550000": {
        "validity": 0.9207854545454546,
        "uniqueness": 0.8483727272727273,
        "novelty": 0.8390945454545454,
        "n_valid": 506432,
        "n_unique": 466605,
        "n_novel": 461502
    },
    "@600000": {
        "validity": 0.9206083333333334,
        "uniqueness": 0.84605,
        "novelty": 0.83697,
        "n_valid": 552365,
        "n_unique": 507630,
        "n_novel": 502182
    },
    "@650000": {
        "validity": 0.9207984615384616,
        "uniqueness": 0.8441969230769231,
        "novelty": 0.8353076923076923,
        "n_valid": 598519,
        "n_unique": 548728,
        "n_novel": 542950
    },
    "@700000": {
        "validity": 0.9208371428571429,
        "uniqueness": 0.8422242857142858,
        "novelty": 0.8335071428571429,
        "n_valid": 644586,
        "n_unique": 589557,
        "n_novel": 583455
    },
    "@750000": {
        "validity": 0.920856,
        "uniqueness": 0.8405226666666666,
        "novelty": 0.8319733333333333,
        "n_valid": 690642,
        "n_unique": 630392,
        "n_novel": 623980
    },
    "@800000": {
        "validity": 0.92088375,
        "uniqueness": 0.83899125,
        "novelty": 0.83056875,
        "n_valid": 736707,
        "n_unique": 671193,
        "n_novel": 664455
    },
    "@850000": {
        "validity": 0.920924705882353,
        "uniqueness": 0.8374082352941177,
        "novelty": 0.8291352941176471,
        "n_valid": 782786,
        "n_unique": 711797,
        "n_novel": 704765
    },
    "@900000": {
        "validity": 0.9208555555555555,
        "uniqueness": 0.8357922222222223,
        "novelty": 0.8276455555555555,
        "n_valid": 828770,
        "n_unique": 752213,
        "n_novel": 744881
    },
    "@950000": {
        "validity": 0.9207557894736842,
        "uniqueness": 0.8343315789473684,
        "novelty": 0.8263031578947369,
        "n_valid": 874718,
        "n_unique": 792615,
        "n_novel": 784988
    },
    "@1000000": {
        "validity": 0.920777,
        "uniqueness": 0.833034,
        "novelty": 0.825118,
        "n_valid": 920777,
        "n_unique": 833034,
        "n_novel": 825118
    }
}