{
    "@50000": {
        "validity": 0.99662,
        "uniqueness": 0.33604,
        "novelty": 0.32672,
        "n_valid": 49831,
        "n_unique": 16802,
        "n_novel": 16336
    },
    "@100000": {
        "validity": 0.99692,
        "uniqueness": 0.2584,
        "novelty": 0.25318,
        "n_valid": 99692,
        "n_unique": 25840,
        "n_novel": 25318
    },
    "@150000": {
        "validity": 0.9969,
        "uniqueness": 0.21788666666666667,
        "novelty": 0.21414666666666668,
        "n_valid": 149535,
        "n_unique": 32683,
        "n_novel": 32122
    },
    "@200000": {
        "validity": 0.996945,
        "uniqueness": 0.19264,
        "novelty": 0.189755,
        "n_valid": 199389,
        "n_unique": 38528,
        "n_novel": 37951
    },
    "@250000": {
        "validity": 0.996992,
        "uniqueness": 0.174156,
        "novelty": 0.171788,
        "n_valid": 249248,
        "n_unique": 43539,
        "n_novel": 42947
    },
    "@300000": {
        "validity": 0.99695,
        "uniqueness": 0.16056333333333334,
        "novelty": 0.15853333333333333,
        "n_valid": 299085,
        "n_unique": 48169,
        "n_novel": 47560
    },
    "@350000": {
        "validity": 0.9968457142857143,
        "uniqueness": 0.14943428571428571,
        "novelty": 0.14767714285714287,
        "n_valid": 348896,
        "n_unique": 52302,
        "n_novel": 51687
    },
    "@400000": {
        "validity": 0.996825,
        "uniqueness": 0.14017,
        "novelty": 0.1386225,
        "n_valid": 398730,
        "n_unique": 56068,
        "n_novel": 55449
    },
    "@450000": {
        "validity": 0.9967577777777777,
        "uniqueness": 0.1321488888888889,
        "novelty": 0.13075777777777778,
        "n_valid": 448541,
        "n_unique": 59467,
        "n_novel": 58841
    },
    "@500000": {
        "validity": 0.996762,
        "uniqueness": 0.125688,
        "novelty": 0.124414,
        "n_valid": 498381,
        "n_unique": 62844,
        "n_novel": 62207
    },
    "@550000": {
        "validity": 0.9967563636363637,
        "uniqueness": 0.11994181818181818,
        "novelty": 0.11877636363636364,
        "n_valid": 548216,
        "n_unique": 65968,
        "n_novel": 65327
    },
    "@600000": {
        "validity": 0.9967183333333334,
        "uniqueness": 0.11482833333333334,
        "novelty": 0.11374666666666666,
        "n_valid": 598031,
        "n_unique": 68897,
        "n_novel": 68248
    },
    "@650000": {
        "validity": 0.99676,
        "uniqueness": 0.11031846153846153,
        "novelty": 0.1093123076923077,
        "n_valid": 647894,
        "n_unique": 71707,
        "n_novel": 71053
    },
    "@700000": {
        "validity": 0.9967557142857143,
        "uniqueness": 0.10627142857142857,
        "novelty": 0.10533428571428571,
        "n_valid": 697729,
        "n_unique": 74390,
        "n_novel": 73734
    },
    "@750000": {
        "validity": 0.9967773333333333,
        "uniqueness": 0.10250266666666667,
        "novelty": 0.101624,
        "n_valid": 747583,
        "n_unique": 76877,
        "n_novel": 76218
    },
    "@800000": {
        "validity": 0.99677375,
        "uniqueness": 0.0991975,
        "novelty": 0.09836875,
        "n_valid": 797419,
        "n_unique": 79358,
        "n_novel": 78695
    },
    "@850000": {
        "validity": 0.9967682352941176,
        "uniqueness": 0.09619294117647059,
        "novelty": 0.09541058823529412,
        "n_valid": 847253,
        "n_unique": 81764,
        "n_novel": 81099
    },
    "@900000": {
        "validity": 0.9967466666666667,
        "uniqueness": 0.09342444444444445,
        "novelty": 0.09268555555555555,
        "n_valid": 897072,
        "n_unique": 84082,
        "n_novel": 83417
    },
    "@950000": {
        "validity": 0.9967684210526315,
        "uniqueness": 0.09079473684210526,
        "novelty": 0.09009473684210527,
        "n_valid": 946930,
        "n_unique": 86255,
        "n_novel": 85590
    },
    "@1000000": {
        "validity": 0.996759,
        "uniqueness": 0.088437,
        "novelty": 0.08777,
        "n_valid": 996759,
        "n_unique": 88437,
        "n_novel": 87770
    }
}