{
    "@50000": {
        "validity": 0.98802,
        "uniqueness": 0.93972,
        "novelty": 0.90198,
        "n_valid": 49401,
        "n_unique": 46986,
        "n_novel": 45099
    },
    "@100000": {
        "validity": 0.98759,
        "uniqueness": 0.91747,
        "novelty": 0.88399,
        "n_valid": 98759,
        "n_unique": 91747,
        "n_novel": 88399
    },
    "@150000": {
        "validity": 0.9879066666666667,
        "uniqueness": 0.9035333333333333,
        "novelty": 0.8729666666666667,
        "n_valid": 148186,
        "n_unique": 135530,
        "n_novel": 130945
    },
    "@200000": {
        "validity": 0.9876,
        "uniqueness": 0.89163,
        "novelty": 0.863225,
        "n_valid": 197520,
        "n_unique": 178326,
        "n_novel": 172645
    },
    "@250000": {
        "validity": 0.98748,
        "uniqueness": 0.881956,
        "novelty": 0.855112,
        "n_valid": 246870,
        "n_unique": 220489,
        "n_novel": 213778
    },
    "@300000": {
        "validity": 0.9876366666666667,
        "uniqueness": 0.8740566666666667,
        "novelty": 0.84841,
        "n_valid": 296291,
        "n_unique": 262217,
        "n_novel": 254523
    },
    "@350000": {
        "validity": 0.9877885714285715,
        "uniqueness": 0.8667542857142857,
        "novelty": 0.8422114285714286,
        "n_valid": 345726,
        "n_unique": 303364,
        "n_novel": 294774
    },
    "@400000": {
        "validity": 0.987885,
        "uniqueness": 0.85976,
        "novelty": 0.8362375,
        "n_valid": 395154,
        "n_unique": 343904,
        "n_novel": 334495
    },
    "@450000": {
        "validity": 0.9879311111111111,
        "uniqueness": 0.8538955555555555,
        "novelty": 0.8312622222222222,
        "n_valid": 444569,
        "n_unique": 384253,
        "n_novel": 374068
    },
    "@500000": {
        "validity": 0.987918,
        "uniqueness": 0.848406,
        "novelty": 0.826502,
        "n_valid": 493959,
        "n_unique": 424203,
        "n_novel": 413251
    },
    "@550000": {
        "validity": 0.9879145454545455,
        "uniqueness": 0.84318,
        "novelty": 0.82194,
        "n_valid": 543353,
        "n_unique": 463749,
        "n_novel": 452067
    },
    "@600000": {
        "validity": 0.9879066666666667,
        "uniqueness": 0.8385283333333333,
        "novelty": 0.8179266666666667,
        "n_valid": 592744,
        "n_unique": 503117,
        "n_novel": 490756
    },
    "@650000": {
        "validity": 0.9879076923076923,
        "uniqueness": 0.8341661538461539,
        "novelty": 0.8140830769230769,
        "n_valid": 642140,
        "n_unique": 542208,
        "n_novel": 529154
    },
    "@700000": {
        "validity": 0.9879285714285714,
        "uniqueness": 0.8297042857142857,
        "novelty": 0.8101157142857143,
        "n_valid": 691550,
        "n_unique": 580793,
        "n_novel": 567081
    },
    "@750000": {
        "validity": 0.987924,
        "uniqueness": 0.8255813333333333,
        "novelty": 0.8064693333333334,
        "n_valid": 740943,
        "n_unique": 619186,
        "n_novel": 604852
    },
    "@800000": {
        "validity": 0.9879025,
        "uniqueness": 0.821895,
        "novelty": 0.80324,
        "n_valid": 790322,
        "n_unique": 657516,
        "n_novel": 642592
    },
    "@850000": {
        "validity": 0.9878423529411765,
        "uniqueness": 0.8183023529411765,
        "novelty": 0.8000694117647059,
        "n_valid": 839666,
        "n_unique": 695557,
        "n_novel": 680059
    },
    "@900000": {
        "validity": 0.9878333333333333,
        "uniqueness": 0.8149233333333333,
        "novelty": 0.7970822222222222,
        "n_valid": 889050,
        "n_unique": 733431,
        "n_novel": 717374
    },
    "@950000": {
        "validity": 0.9878252631578948,
        "uniqueness": 0.8116336842105263,
        "novelty": 0.7941736842105264,
        "n_valid": 938434,
        "n_unique": 771052,
        "n_novel": 754465
    },
    "@1000000": {
        "validity": 0.987831,
        "uniqueness": 0.808347,
        "novelty": 0.791256,
        "n_valid": 987831,
        "n_unique": 808347,
        "n_novel": 791256
    }
}