{
    "@50000": {
        "validity": 0.9806,
        "uniqueness": 0.75484,
        "novelty": 0.72848,
        "n_valid": 49030,
        "n_unique": 37742,
        "n_novel": 36424
    },
    "@100000": {
        "validity": 0.98123,
        "uniqueness": 0.71278,
        "novelty": 0.69055,
        "n_valid": 98123,
        "n_unique": 71278,
        "n_novel": 69055
    },
    "@150000": {
        "validity": 0.98082,
        "uniqueness": 0.68682,
        "novelty": 0.6673066666666667,
        "n_valid": 147123,
        "n_unique": 103023,
        "n_novel": 100096
    },
    "@200000": {
        "validity": 0.98061,
        "uniqueness": 0.66806,
        "novelty": 0.649945,
        "n_valid": 196122,
        "n_unique": 133612,
        "n_novel": 129989
    },
    "@250000": {
        "validity": 0.980616,
        "uniqueness": 0.65396,
        "novelty": 0.637216,
        "n_valid": 245154,
        "n_unique": 163490,
        "n_novel": 159304
    },
    "@300000": {
        "validity": 0.98067,
        "uniqueness": 0.64254,
        "novelty": 0.6267833333333334,
        "n_valid": 294201,
        "n_unique": 192762,
        "n_novel": 188035
    },
    "@350000": {
        "validity": 0.9806257142857143,
        "uniqueness": 0.6327514285714285,
        "novelty": 0.6177114285714286,
        "n_valid": 343219,
        "n_unique": 221463,
        "n_novel": 216199
    },
    "@400000": {
        "validity": 0.9805925,
        "uniqueness": 0.624015,
        "novelty": 0.609705,
        "n_valid": 392237,
        "n_unique": 249606,
        "n_novel": 243882
    },
    "@450000": {
        "validity": 0.9805955555555556,
        "uniqueness": 0.6166466666666667,
        "novelty": 0.6029488888888889,
        "n_valid": 441268,
        "n_unique": 277491,
        "n_novel": 271327
    },
    "@500000": {
        "validity": 0.980482,
        "uniqueness": 0.60976,
        "novelty": 0.596636,
        "n_valid": 490241,
        "n_unique": 304880,
        "n_novel": 298318
    },
    "@550000": {
        "validity": 0.9805,
        "uniqueness": 0.6033945454545454,
        "novelty": 0.5907327272727273,
        "n_valid": 539275,
        "n_unique": 331867,
        "n_novel": 324903
    },
    "@600000": {
        "validity": 0.980505,
        "uniqueness": 0.5974466666666667,
        "novelty": 0.58521,
        "n_valid": 588303,
        "n_unique": 358468,
        "n_novel": 351126
    },
    "@650000": {
        "validity": 0.9804953846153847,
        "uniqueness": 0.5922738461538462,
        "novelty": 0.5804138461538462,
        "n_valid": 637322,
        "n_unique": 384978,
        "n_novel": 377269
    },
    "@700000": {
        "validity": 0.98053,
        "uniqueness": 0.5874271428571428,
        "novelty": 0.5758971428571429,
        "n_valid": 686371,
        "n_unique": 411199,
        "n_novel": 403128
    },
    "@750000": {
        "validity": 0.9804813333333333,
        "uniqueness": 0.5828626666666666,
        "novelty": 0.5715933333333333,
        "n_valid": 735361,
        "n_unique": 437147,
        "n_novel": 428695
    },
    "@800000": {
        "validity": 0.98054125,
        "uniqueness": 0.57841375,
        "novelty": 0.56745875,
        "n_valid": 784433,
        "n_unique": 462731,
        "n_novel": 453967
    },
    "@850000": {
        "validity": 0.9804635294117647,
        "uniqueness": 0.5743588235294118,
        "novelty": 0.5636729411764706,
        "n_valid": 833394,
        "n_unique": 488205,
        "n_novel": 479122
    },
    "@900000": {
        "validity": 0.9804588888888889,
        "uniqueness": 0.5705133333333333,
        "novelty": 0.5600444444444445,
        "n_valid": 882413,
        "n_unique": 513462,
        "n_novel": 504040
    },
    "@950000": {
        "validity": 0.9804431578947368,
        "uniqueness": 0.5668715789473684,
        "novelty": 0.5566221052631579,
        "n_valid": 931421,
        "n_unique": 538528,
        "n_novel": 528791
    },
    "@1000000": {
        "validity": 0.980471,
        "uniqueness": 0.56337,
        "novelty": 0.553343,
        "n_valid": 980471,
        "n_unique": 563370,
        "n_novel": 553343
    }
}