{
    "@50000": {
        "validity": 0.51194,
        "uniqueness": 0.46772,
        "novelty": 0.44204,
        "n_valid": 25597,
        "n_unique": 23386,
        "n_novel": 22102
    },
    "@100000": {
        "validity": 0.51189,
        "uniqueness": 0.4535,
        "novelty": 0.43173,
        "n_valid": 51189,
        "n_unique": 45350,
        "n_novel": 43173
    },
    "@150000": {
        "validity": 0.51318,
        "uniqueness": 0.4460866666666667,
        "novelty": 0.4262533333333333,
        "n_valid": 76977,
        "n_unique": 66913,
        "n_novel": 63938
    },
    "@200000": {
        "validity": 0.51205,
        "uniqueness": 0.43831,
        "novelty": 0.41984,
        "n_valid": 102410,
        "n_unique": 87662,
        "n_novel": 83968
    },
    "@250000": {
        "validity": 0.5127,
        "uniqueness": 0.432752,
        "novelty": 0.415276,
        "n_valid": 128175,
        "n_unique": 108188,
        "n_novel": 103819
    },
    "@300000": {
        "validity": 0.51245,
        "uniqueness": 0.4276933333333333,
        "novelty": 0.4110533333333333,
        "n_valid": 153735,
        "n_unique": 128308,
        "n_novel": 123316
    },
    "@350000": {
        "validity": 0.51248,
        "uniqueness": 0.4235714285714286,
        "novelty": 0.4075542857142857,
        "n_valid": 179368,
        "n_unique": 148250,
        "n_novel": 142644
    },
    "@400000": {
        "validity": 0.5123175,
        "uniqueness": 0.4199825,
        "novelty": 0.4045725,
        "n_valid": 204927,
        "n_unique": 167993,
        "n_novel": 161829
    },
    "@450000": {
        "validity": 0.5120977777777778,
        "uniqueness": 0.4164088888888889,
        "novelty": 0.4015444444444444,
        "n_valid": 230444,
        "n_unique": 187384,
        "n_novel": 180695
    },
    "@500000": {
        "validity": 0.51197,
        "uniqueness": 0.413008,
        "novelty": 0.398778,
        "n_valid": 255985,
        "n_unique": 206504,
        "n_novel": 199389
    },
    "@550000": {
        "validity": 0.5120745454545454,
        "uniqueness": 0.41017818181818183,
        "novelty": 0.3964309090909091,
        "n_valid": 281641,
        "n_unique": 225598,
        "n_novel": 218037
    },
    "@600000": {
        "validity": 0.5123133333333333,
        "uniqueness": 0.40791,
        "novelty": 0.39455833333333334,
        "n_valid": 307388,
        "n_unique": 244746,
        "n_novel": 236735
    },
    "@650000": {
        "validity": 0.5119907692307692,
        "uniqueness": 0.40517384615384616,
        "novelty": 0.39219384615384617,
        "n_valid": 332794,
        "n_unique": 263363,
        "n_novel": 254926
    },
    "@700000": {
        "validity": 0.5119,
        "uniqueness": 0.40285857142857145,
        "novelty": 0.3901957142857143,
        "n_valid": 358330,
        "n_unique": 282001,
        "n_novel": 273137
    },
    "@750000": {
        "validity": 0.511912,
        "uniqueness": 0.40068933333333334,
        "novelty": 0.3883493333333333,
        "n_valid": 383934,
        "n_unique": 300517,
        "n_novel": 291262
    },
    "@800000": {
        "validity": 0.5120875,
        "uniqueness": 0.39880625,
        "novelty": 0.38673375,
        "n_valid": 409670,
        "n_unique": 319045,
        "n_novel": 309387
    },
    "@850000": {
        "validity": 0.5120917647058824,
        "uniqueness": 0.3969694117647059,
        "novelty": 0.3851482352941176,
        "n_valid": 435278,
        "n_unique": 337424,
        "n_novel": 327376
    },
    "@900000": {
        "validity": 0.5121188888888889,
        "uniqueness": 0.3951577777777778,
        "novelty": 0.38358333333333333,
        "n_valid": 460907,
        "n_unique": 355642,
        "n_novel": 345225
    },
    "@950000": {
        "validity": 0.51218,
        "uniqueness": 0.3934252631578947,
        "novelty": 0.3821136842105263,
        "n_valid": 486571,
        "n_unique": 373754,
        "n_novel": 363008
    },
    "@1000000": {
        "validity": 0.512138,
        "uniqueness": 0.391671,
        "novelty": 0.380586,
        "n_valid": 512138,
        "n_unique": 391671,
        "n_novel": 380586
    }
}