{
    "@50000": {
        "validity": 0.98542,
        "uniqueness": 0.69196,
        "novelty": 0.66716,
        "n_valid": 49271,
        "n_unique": 34598,
        "n_novel": 33358
    },
    "@100000": {
        "validity": 0.98596,
        "uniqueness": 0.64447,
        "novelty": 0.62472,
        "n_valid": 98596,
        "n_unique": 64447,
        "n_novel": 62472
    },
    "@150000": {
        "validity": 0.98576,
        "uniqueness": 0.6169933333333333,
        "novelty": 0.5997866666666667,
        "n_valid": 147864,
        "n_unique": 92549,
        "n_novel": 89968
    },
    "@200000": {
        "validity": 0.985805,
        "uniqueness": 0.596765,
        "novelty": 0.58152,
        "n_valid": 197161,
        "n_unique": 119353,
        "n_novel": 116304
    },
    "@250000": {
        "validity": 0.9856,
        "uniqueness": 0.580772,
        "novelty": 0.56668,
        "n_valid": 246400,
        "n_unique": 145193,
        "n_novel": 141670
    },
    "@300000": {
        "validity": 0.9856966666666667,
        "uniqueness": 0.5675566666666667,
        "novelty": 0.5544733333333334,
        "n_valid": 295709,
        "n_unique": 170267,
        "n_novel": 166342
    },
    "@350000": {
        "validity": 0.9856914285714286,
        "uniqueness": 0.5561742857142857,
        "novelty": 0.5438514285714285,
        "n_valid": 344992,
        "n_unique": 194661,
        "n_novel": 190348
    },
    "@400000": {
        "validity": 0.985555,
        "uniqueness": 0.546065,
        "novelty": 0.5343625,
        "n_valid": 394222,
        "n_unique": 218426,
        "n_novel": 213745
    },
    "@450000": {
        "validity": 0.9855266666666667,
        "uniqueness": 0.5374355555555556,
        "novelty": 0.5262733333333334,
        "n_valid": 443487,
        "n_unique": 241846,
        "n_novel": 236823
    },
    "@500000": {
        "validity": 0.985596,
        "uniqueness": 0.529796,
        "novelty": 0.519114,
        "n_valid": 492798,
        "n_unique": 264898,
        "n_novel": 259557
    },
    "@550000": {
        "validity": 0.9856945454545455,
        "uniqueness": 0.5228109090909091,
        "novelty": 0.5125890909090909,
        "n_valid": 542132,
        "n_unique": 287546,
        "n_novel": 281924
    },
    "@600000": {
        "validity": 0.98565,
        "uniqueness": 0.51692,
        "novelty": 0.5070466666666666,
        "n_valid": 591390,
        "n_unique": 310152,
        "n_novel": 304228
    },
    "@650000": {
        "validity": 0.9856492307692307,
        "uniqueness": 0.5113353846153846,
        "novelty": 0.5017276923076923,
        "n_valid": 640672,
        "n_unique": 332368,
        "n_novel": 326123
    },
    "@700000": {
        "validity": 0.9855842857142857,
        "uniqueness": 0.50583,
        "novelty": 0.49651142857142855,
        "n_valid": 689909,
        "n_unique": 354081,
        "n_novel": 347558
    },
    "@750000": {
        "validity": 0.98558,
        "uniqueness": 0.5011546666666666,
        "novelty": 0.49205333333333334,
        "n_valid": 739185,
        "n_unique": 375866,
        "n_novel": 369040
    },
    "@800000": {
        "validity": 0.98556125,
        "uniqueness": 0.49643875,
        "novelty": 0.48757875,
        "n_valid": 788449,
        "n_unique": 397151,
        "n_novel": 390063
    },
    "@850000": {
        "validity": 0.9855317647058823,
        "uniqueness": 0.4919694117647059,
        "novelty": 0.48333764705882354,
        "n_valid": 837702,
        "n_unique": 418174,
        "n_novel": 410837
    },
    "@900000": {
        "validity": 0.9855033333333333,
        "uniqueness": 0.48794333333333334,
        "novelty": 0.47951333333333335,
        "n_valid": 886953,
        "n_unique": 439149,
        "n_novel": 431562
    },
    "@950000": {
        "validity": 0.9855231578947369,
        "uniqueness": 0.4839863157894737,
        "novelty": 0.4757357894736842,
        "n_valid": 936247,
        "n_unique": 459787,
        "n_novel": 451949
    },
    "@1000000": {
        "validity": 0.985535,
        "uniqueness": 0.480303,
        "novelty": 0.472228,
        "n_valid": 985535,
        "n_unique": 480303,
        "n_novel": 472228
    }
}