{
    "@50000": {
        "validity": 0.42714,
        "uniqueness": 0.42512,
        "novelty": 0.4215,
        "n_valid": 21357,
        "n_unique": 21256,
        "n_novel": 21075
    },
    "@100000": {
        "validity": 0.42646,
        "uniqueness": 0.42341,
        "novelty": 0.42022,
        "n_valid": 42646,
        "n_unique": 42341,
        "n_novel": 42022
    },
    "@150000": {
        "validity": 0.42567333333333335,
        "uniqueness": 0.4215933333333333,
        "novelty": 0.4185466666666667,
        "n_valid": 63851,
        "n_unique": 63239,
        "n_novel": 62782
    },
    "@200000": {
        "validity": 0.42527,
        "uniqueness": 0.42051,
        "novelty": 0.417695,
        "n_valid": 85054,
        "n_unique": 84102,
        "n_novel": 83539
    },
    "@250000": {
        "validity": 0.424944,
        "uniqueness": 0.4195,
        "novelty": 0.416864,
        "n_valid": 106236,
        "n_unique": 104875,
        "n_novel": 104216
    },
    "@300000": {
        "validity": 0.42519666666666667,
        "uniqueness": 0.4191,
        "novelty": 0.41657333333333335,
        "n_valid": 127559,
        "n_unique": 125730,
        "n_novel": 124972
    },
    "@350000": {
        "validity": 0.42538,
        "uniqueness": 0.4190028571428571,
        "novelty": 0.4165542857142857,
        "n_valid": 148883,
        "n_unique": 146651,
        "n_novel": 145794
    },
    "@400000": {
        "validity": 0.4252625,
        "uniqueness": 0.41845,
        "novelty": 0.4160575,
        "n_valid": 170105,
        "n_unique": 167380,
        "n_novel": 166423
    },
    "@450000": {
        "validity": 0.4252888888888889,
        "uniqueness": 0.41799555555555556,
        "novelty": 0.41566888888888887,
        "n_valid": 191380,
        "n_unique": 188098,
        "n_novel": 187051
    },
    "@500000": {
        "validity": 0.425692,
        "uniqueness": 0.418016,
        "novelty": 0.415736,
        "n_valid": 212846,
        "n_unique": 209008,
        "n_novel": 207868
    },
    "@550000": {
        "validity": 0.4257254545454545,
        "uniqueness": 0.4176509090909091,
        "novelty": 0.41544545454545456,
        "n_valid": 234149,
        "n_unique": 229708,
        "n_novel": 228495
    },
    "@600000": {
        "validity": 0.42571,
        "uniqueness": 0.41729333333333335,
        "novelty": 0.41512666666666664,
        "n_valid": 255426,
        "n_unique": 250376,
        "n_novel": 249076
    },
    "@650000": {
        "validity": 0.4255969230769231,
        "uniqueness": 0.41686153846153845,
        "novelty": 0.41472461538461536,
        "n_valid": 276638,
        "n_unique": 270960,
        "n_novel": 269571
    },
    "@700000": {
        "validity": 0.42570142857142856,
        "uniqueness": 0.41669142857142855,
        "novelty": 0.4145871428571429,
        "n_valid": 297991,
        "n_unique": 291684,
        "n_novel": 290211
    },
    "@750000": {
        "validity": 0.42581066666666667,
        "uniqueness": 0.416476,
        "novelty": 0.414396,
        "n_valid": 319358,
        "n_unique": 312357,
        "n_novel": 310797
    },
    "@800000": {
        "validity": 0.42558625,
        "uniqueness": 0.41605,
        "novelty": 0.41400375,
        "n_valid": 340469,
        "n_unique": 332840,
        "n_novel": 331203
    },
    "@850000": {
        "validity": 0.42551058823529414,
        "uniqueness": 0.41578588235294117,
        "novelty": 0.4137576470588235,
        "n_valid": 361684,
        "n_unique": 353418,
        "n_novel": 351694
    },
    "@900000": {
        "validity": 0.42563666666666666,
        "uniqueness": 0.41564555555555555,
        "novelty": 0.4136433333333333,
        "n_valid": 383073,
        "n_unique": 374081,
        "n_novel": 372279
    },
    "@950000": {
        "validity": 0.42552842105263156,
        "uniqueness": 0.41527157894736844,
        "novelty": 0.41329263157894736,
        "n_valid": 404252,
        "n_unique": 394508,
        "n_novel": 392628
    },
    "@1000000": {
        "validity": 0.425636,
        "uniqueness": 0.415121,
        "novelty": 0.413173,
        "n_valid": 425636,
        "n_unique": 415121,
        "n_novel": 413173
    }
}