{
    "@50000": {
        "validity": 0.99964,
        "uniqueness": 0.08218,
        "novelty": 0.08056,
        "n_valid": 49982,
        "n_unique": 4109,
        "n_novel": 4028
    },
    "@100000": {
        "validity": 0.99957,
        "uniqueness": 0.05354,
        "novelty": 0.05272,
        "n_valid": 99957,
        "n_unique": 5354,
        "n_novel": 5272
    },
    "@150000": {
        "validity": 0.9996266666666667,
        "uniqueness": 0.04153333333333333,
        "novelty": 0.040986666666666664,
        "n_valid": 149944,
        "n_unique": 6230,
        "n_novel": 6148
    },
    "@200000": {
        "validity": 0.99962,
        "uniqueness": 0.03448,
        "novelty": 0.03407,
        "n_valid": 199924,
        "n_unique": 6896,
        "n_novel": 6814
    },
    "@250000": {
        "validity": 0.999648,
        "uniqueness": 0.02958,
        "novelty": 0.029252,
        "n_valid": 249912,
        "n_unique": 7395,
        "n_novel": 7313
    },
    "@300000": {
        "validity": 0.9996466666666667,
        "uniqueness": 0.026106666666666667,
        "novelty": 0.02583,
        "n_valid": 299894,
        "n_unique": 7832,
        "n_novel": 7749
    },
    "@350000": {
        "validity": 0.99966,
        "uniqueness": 0.02346857142857143,
        "novelty": 0.023231428571428573,
        "n_valid": 349881,
        "n_unique": 8214,
        "n_novel": 8131
    },
    "@400000": {
        "validity": 0.9996475,
        "uniqueness": 0.02141,
        "novelty": 0.0212025,
        "n_valid": 399859,
        "n_unique": 8564,
        "n_novel": 8481
    },
    "@450000": {
        "validity": 0.9996333333333334,
        "uniqueness": 0.01966888888888889,
        "novelty": 0.019484444444444443,
        "n_valid": 449835,
        "n_unique": 8851,
        "n_novel": 8768
    },
    "@500000": {
        "validity": 0.999634,
        "uniqueness": 0.018234,
        "novelty": 0.018066,
        "n_valid": 499817,
        "n_unique": 9117,
        "n_novel": 9033
    },
    "@550000": {
        "validity": 0.99964,
        "uniqueness": 0.017107272727272728,
        "novelty": 0.016954545454545455,
        "n_valid": 549802,
        "n_unique": 9409,
        "n_novel": 9325
    },
    "@600000": {
        "validity": 0.9996216666666666,
        "uniqueness": 0.016076666666666666,
        "novelty": 0.015936666666666665,
        "n_valid": 599773,
        "n_unique": 9646,
        "n_novel": 9562
    },
    "@650000": {
        "validity": 0.9996276923076923,
        "uniqueness": 0.015158461538461539,
        "novelty": 0.015029230769230769,
        "n_valid": 649758,
        "n_unique": 9853,
        "n_novel": 9769
    },
    "@700000": {
        "validity": 0.9996314285714286,
        "uniqueness": 0.014357142857142857,
        "novelty": 0.014237142857142858,
        "n_valid": 699742,
        "n_unique": 10050,
        "n_novel": 9966
    },
    "@750000": {
        "validity": 0.9996466666666667,
        "uniqueness": 0.013630666666666666,
        "novelty": 0.013518666666666667,
        "n_valid": 749735,
        "n_unique": 10223,
        "n_novel": 10139
    },
    "@800000": {
        "validity": 0.9996475,
        "uniqueness": 0.0130175,
        "novelty": 0.0129125,
        "n_valid": 799718,
        "n_unique": 10414,
        "n_novel": 10330
    },
    "@850000": {
        "validity": 0.9996541176470588,
        "uniqueness": 0.012456470588235295,
        "novelty": 0.012357647058823529,
        "n_valid": 849706,
        "n_unique": 10588,
        "n_novel": 10504
    },
    "@900000": {
        "validity": 0.9996566666666666,
        "uniqueness": 0.011925555555555556,
        "novelty": 0.011832222222222221,
        "n_valid": 899691,
        "n_unique": 10733,
        "n_novel": 10649
    },
    "@950000": {
        "validity": 0.9996526315789473,
        "uniqueness": 0.011446315789473685,
        "novelty": 0.011357894736842105,
        "n_valid": 949670,
        "n_unique": 10874,
        "n_novel": 10790
    },
    "@1000000": {
        "validity": 0.99965,
        "uniqueness": 0.011004,
        "novelty": 0.01092,
        "n_valid": 999650,
        "n_unique": 11004,
        "n_novel": 10920
    }
}