{
    "@50000": {
        "validity": 0.88726,
        "uniqueness": 0.8594,
        "novelty": 0.8462,
        "n_valid": 44363,
        "n_unique": 42970,
        "n_novel": 42310
    },
    "@100000": {
        "validity": 0.88862,
        "uniqueness": 0.84914,
        "novelty": 0.83785,
        "n_valid": 88862,
        "n_unique": 84914,
        "n_novel": 83785
    },
    "@150000": {
        "validity": 0.8890133333333333,
        "uniqueness": 0.8411733333333333,
        "novelty": 0.8312333333333334,
        "n_valid": 133352,
        "n_unique": 126176,
        "n_novel": 124685
    },
    "@200000": {
        "validity": 0.88916,
        "uniqueness": 0.8348,
        "novelty": 0.82557,
        "n_valid": 177832,
        "n_unique": 166960,
        "n_novel": 165114
    },
    "@250000": {
        "validity": 0.888856,
        "uniqueness": 0.82858,
        "novelty": 0.820056,
        "n_valid": 222214,
        "n_unique": 207145,
        "n_novel": 205014
    },
    "@300000": {
        "validity": 0.88924,
        "uniqueness": 0.8246,
        "novelty": 0.8164733333333334,
        "n_valid": 266772,
        "n_unique": 247380,
        "n_novel": 244942
    },
    "@350000": {
        "validity": 0.8892085714285715,
        "uniqueness": 0.8206685714285714,
        "novelty": 0.8129914285714286,
        "n_valid": 311223,
        "n_unique": 287234,
        "n_novel": 284547
    },
    "@400000": {
        "validity": 0.8892225,
        "uniqueness": 0.8167175,
        "novelty": 0.8093275,
        "n_valid": 355689,
        "n_unique": 326687,
        "n_novel": 323731
    },
    "@450000": {
        "validity": 0.8891555555555556,
        "uniqueness": 0.8136355555555556,
        "novelty": 0.8065133333333333,
        "n_valid": 400120,
        "n_unique": 366136,
        "n_novel": 362931
    },
    "@500000": {
        "validity": 0.889338,
        "uniqueness": 0.810794,
        "novelty": 0.803918,
        "n_valid": 444669,
        "n_unique": 405397,
        "n_novel": 401959
    },
    "@550000": {
        "validity": 0.8895218181818182,
        "uniqueness": 0.8082836363636363,
        "novelty": 0.8016581818181818,
        "n_valid": 489237,
        "n_unique": 444556,
        "n_novel": 440912
    },
    "@600000": {
        "validity": 0.8896,
        "uniqueness": 0.805835,
        "novelty": 0.7994666666666667,
        "n_valid": 533760,
        "n_unique": 483501,
        "n_novel": 479680
    },
    "@650000": {
        "validity": 0.8895138461538461,
        "uniqueness": 0.8032830769230769,
        "novelty": 0.7970953846153847,
        "n_valid": 578184,
        "n_unique": 522134,
        "n_novel": 518112
    },
    "@700000": {
        "validity": 0.8895242857142858,
        "uniqueness": 0.8011071428571429,
        "novelty": 0.7950714285714285,
        "n_valid": 622667,
        "n_unique": 560775,
        "n_novel": 556550
    },
    "@750000": {
        "validity": 0.8894613333333333,
        "uniqueness": 0.798848,
        "novelty": 0.7929426666666667,
        "n_valid": 667096,
        "n_unique": 599136,
        "n_novel": 594707
    },
    "@800000": {
        "validity": 0.88930875,
        "uniqueness": 0.79680625,
        "novelty": 0.79105375,
        "n_valid": 711447,
        "n_unique": 637445,
        "n_novel": 632843
    },
    "@850000": {
        "validity": 0.8893458823529412,
        "uniqueness": 0.7948847058823529,
        "novelty": 0.7892835294117647,
        "n_valid": 755944,
        "n_unique": 675652,
        "n_novel": 670891
    },
    "@900000": {
        "validity": 0.8893333333333333,
        "uniqueness": 0.79307,
        "novelty": 0.78758,
        "n_valid": 800400,
        "n_unique": 713763,
        "n_novel": 708822
    },
    "@950000": {
        "validity": 0.8894126315789473,
        "uniqueness": 0.7912757894736843,
        "novelty": 0.7858936842105263,
        "n_valid": 844942,
        "n_unique": 751712,
        "n_novel": 746599
    },
    "@1000000": {
        "validity": 0.88949,
        "uniqueness": 0.789604,
        "novelty": 0.784332,
        "n_valid": 889490,
        "n_unique": 789604,
        "n_novel": 784332
    }
}