{
    "@50000": {
        "validity": 0.95516,
        "uniqueness": 0.864,
        "novelty": 0.85282,
        "n_valid": 47758,
        "n_unique": 43200,
        "n_novel": 42641
    },
    "@100000": {
        "validity": 0.95453,
        "uniqueness": 0.8289,
        "novelty": 0.82029,
        "n_valid": 95453,
        "n_unique": 82890,
        "n_novel": 82029
    },
    "@150000": {
        "validity": 0.9548733333333334,
        "uniqueness": 0.8068333333333333,
        "novelty": 0.7995733333333334,
        "n_valid": 143231,
        "n_unique": 121025,
        "n_novel": 119936
    },
    "@200000": {
        "validity": 0.95497,
        "uniqueness": 0.789985,
        "novelty": 0.78349,
        "n_valid": 190994,
        "n_unique": 157997,
        "n_novel": 156698
    },
    "@250000": {
        "validity": 0.955116,
        "uniqueness": 0.776208,
        "novelty": 0.770252,
        "n_valid": 238779,
        "n_unique": 194052,
        "n_novel": 192563
    },
    "@300000": {
        "validity": 0.9550066666666667,
        "uniqueness": 0.7646833333333334,
        "novelty": 0.7592,
        "n_valid": 286502,
        "n_unique": 229405,
        "n_novel": 227760
    },
    "@350000": {
        "validity": 0.9549971428571429,
        "uniqueness": 0.7545657142857143,
        "novelty": 0.7494542857142857,
        "n_valid": 334249,
        "n_unique": 264098,
        "n_novel": 262309
    },
    "@400000": {
        "validity": 0.9549075,
        "uniqueness": 0.74599,
        "novelty": 0.7411775,
        "n_valid": 381963,
        "n_unique": 298396,
        "n_novel": 296471
    },
    "@450000": {
        "validity": 0.9548955555555556,
        "uniqueness": 0.7378955555555555,
        "novelty": 0.73336,
        "n_valid": 429703,
        "n_unique": 332053,
        "n_novel": 330012
    },
    "@500000": {
        "validity": 0.954942,
        "uniqueness": 0.730854,
        "novelty": 0.726544,
        "n_valid": 477471,
        "n_unique": 365427,
        "n_novel": 363272
    },
    "@550000": {
        "validity": 0.9548,
        "uniqueness": 0.7243381818181818,
        "novelty": 0.720250909090909,
        "n_valid": 525140,
        "n_unique": 398386,
        "n_novel": 396138
    },
    "@600000": {
        "validity": 0.9548266666666667,
        "uniqueness": 0.718335,
        "novelty": 0.7144033333333333,
        "n_valid": 572896,
        "n_unique": 431001,
        "n_novel": 428642
    },
    "@650000": {
        "validity": 0.9548246153846154,
        "uniqueness": 0.7126907692307692,
        "novelty": 0.7089292307692308,
        "n_valid": 620636,
        "n_unique": 463249,
        "n_novel": 460804
    },
    "@700000": {
        "validity": 0.9549114285714285,
        "uniqueness": 0.7074228571428571,
        "novelty": 0.7038142857142857,
        "n_valid": 668438,
        "n_unique": 495196,
        "n_novel": 492670
    },
    "@750000": {
        "validity": 0.9550106666666667,
        "uniqueness": 0.7027146666666667,
        "novelty": 0.6992453333333334,
        "n_valid": 716258,
        "n_unique": 527036,
        "n_novel": 524434
    },
    "@800000": {
        "validity": 0.9550125,
        "uniqueness": 0.69825875,
        "novelty": 0.69492375,
        "n_valid": 764010,
        "n_unique": 558607,
        "n_novel": 555939
    },
    "@850000": {
        "validity": 0.9549941176470588,
        "uniqueness": 0.6938117647058824,
        "novelty": 0.6905917647058823,
        "n_valid": 811745,
        "n_unique": 589740,
        "n_novel": 587003
    },
    "@900000": {
        "validity": 0.9550022222222222,
        "uniqueness": 0.6897055555555556,
        "novelty": 0.6865844444444444,
        "n_valid": 859502,
        "n_unique": 620735,
        "n_novel": 617926
    },
    "@950000": {
        "validity": 0.9549957894736842,
        "uniqueness": 0.6858673684210527,
        "novelty": 0.6828284210526315,
        "n_valid": 907246,
        "n_unique": 651574,
        "n_novel": 648687
    },
    "@1000000": {
        "validity": 0.954955,
        "uniqueness": 0.682422,
        "novelty": 0.679469,
        "n_valid": 954955,
        "n_unique": 682422,
        "n_novel": 679469
    }
}