{
    "@50000": {
        "validity": 0.98784,
        "uniqueness": 0.55146,
        "novelty": 0.53248,
        "n_valid": 49392,
        "n_unique": 27573,
        "n_novel": 26624
    },
    "@100000": {
        "validity": 0.98794,
        "uniqueness": 0.49361,
        "novelty": 0.47996,
        "n_valid": 98794,
        "n_unique": 49361,
        "n_novel": 47996
    },
    "@150000": {
        "validity": 0.9879733333333334,
        "uniqueness": 0.46037333333333336,
        "novelty": 0.44876,
        "n_valid": 148196,
        "n_unique": 69056,
        "n_novel": 67314
    },
    "@200000": {
        "validity": 0.987885,
        "uniqueness": 0.436285,
        "novelty": 0.42611,
        "n_valid": 197577,
        "n_unique": 87257,
        "n_novel": 85222
    },
    "@250000": {
        "validity": 0.988024,
        "uniqueness": 0.418012,
        "novelty": 0.40896,
        "n_valid": 247006,
        "n_unique": 104503,
        "n_novel": 102240
    },
    "@300000": {
        "validity": 0.9880033333333333,
        "uniqueness": 0.40341,
        "novelty": 0.39524333333333334,
        "n_valid": 296401,
        "n_unique": 121023,
        "n_novel": 118573
    },
    "@350000": {
        "validity": 0.9880171428571428,
        "uniqueness": 0.39146285714285717,
        "novelty": 0.3839,
        "n_valid": 345806,
        "n_unique": 137012,
        "n_novel": 134365
    },
    "@400000": {
        "validity": 0.9880475,
        "uniqueness": 0.3814275,
        "novelty": 0.3743525,
        "n_valid": 395219,
        "n_unique": 152571,
        "n_novel": 149741
    },
    "@450000": {
        "validity": 0.9880133333333333,
        "uniqueness": 0.37239777777777777,
        "novelty": 0.3656622222222222,
        "n_valid": 444606,
        "n_unique": 167579,
        "n_novel": 164548
    },
    "@500000": {
        "validity": 0.988086,
        "uniqueness": 0.36439,
        "novelty": 0.358012,
        "n_valid": 494043,
        "n_unique": 182195,
        "n_novel": 179006
    },
    "@550000": {
        "validity": 0.9881472727272728,
        "uniqueness": 0.3576490909090909,
        "novelty": 0.3515981818181818,
        "n_valid": 543481,
        "n_unique": 196707,
        "n_novel": 193379
    },
    "@600000": {
        "validity": 0.9880783333333333,
        "uniqueness": 0.3511916666666667,
        "novelty": 0.345405,
        "n_valid": 592847,
        "n_unique": 210715,
        "n_novel": 207243
    },
    "@650000": {
        "validity": 0.9881230769230769,
        "uniqueness": 0.3454323076923077,
        "novelty": 0.3398923076923077,
        "n_valid": 642280,
        "n_unique": 224531,
        "n_novel": 220930
    },
    "@700000": {
        "validity": 0.9881385714285714,
        "uniqueness": 0.33995285714285717,
        "novelty": 0.3345985714285714,
        "n_valid": 691697,
        "n_unique": 237967,
        "n_novel": 234219
    },
    "@750000": {
        "validity": 0.9881573333333333,
        "uniqueness": 0.3349546666666667,
        "novelty": 0.32974933333333334,
        "n_valid": 741118,
        "n_unique": 251216,
        "n_novel": 247312
    },
    "@800000": {
        "validity": 0.988175,
        "uniqueness": 0.3301575,
        "novelty": 0.32513875,
        "n_valid": 790540,
        "n_unique": 264126,
        "n_novel": 260111
    },
    "@850000": {
        "validity": 0.9881976470588235,
        "uniqueness": 0.3259529411764706,
        "novelty": 0.3210776470588235,
        "n_valid": 839968,
        "n_unique": 277060,
        "n_novel": 272916
    },
    "@900000": {
        "validity": 0.9881644444444444,
        "uniqueness": 0.32187333333333334,
        "novelty": 0.3171377777777778,
        "n_valid": 889348,
        "n_unique": 289686,
        "n_novel": 285424
    },
    "@950000": {
        "validity": 0.9881957894736842,
        "uniqueness": 0.31800736842105265,
        "novelty": 0.3133978947368421,
        "n_valid": 938786,
        "n_unique": 302107,
        "n_novel": 297728
    },
    "@1000000": {
        "validity": 0.988196,
        "uniqueness": 0.314589,
        "novelty": 0.310087,
        "n_valid": 988196,
        "n_unique": 314589,
        "n_novel": 310087
    }
}