{
    "@50000": {
        "validity": 0.9704,
        "uniqueness": 0.7352,
        "novelty": 0.72878,
        "n_valid": 48520,
        "n_unique": 36760,
        "n_novel": 36439
    },
    "@100000": {
        "validity": 0.96972,
        "uniqueness": 0.6835,
        "novelty": 0.67944,
        "n_valid": 96972,
        "n_unique": 68350,
        "n_novel": 67944
    },
    "@150000": {
        "validity": 0.9695266666666666,
        "uniqueness": 0.6516,
        "novelty": 0.6485,
        "n_valid": 145429,
        "n_unique": 97740,
        "n_novel": 97275
    },
    "@200000": {
        "validity": 0.969355,
        "uniqueness": 0.62863,
        "novelty": 0.626065,
        "n_valid": 193871,
        "n_unique": 125726,
        "n_novel": 125213
    },
    "@250000": {
        "validity": 0.969288,
        "uniqueness": 0.610152,
        "novelty": 0.607952,
        "n_valid": 242322,
        "n_unique": 152538,
        "n_novel": 151988
    },
    "@300000": {
        "validity": 0.9693066666666666,
        "uniqueness": 0.5951333333333333,
        "novelty": 0.59316,
        "n_valid": 290792,
        "n_unique": 178540,
        "n_novel": 177948
    },
    "@350000": {
        "validity": 0.9694685714285715,
        "uniqueness": 0.5820314285714285,
        "novelty": 0.5802428571428572,
        "n_valid": 339314,
        "n_unique": 203711,
        "n_novel": 203085
    },
    "@400000": {
        "validity": 0.9696525,
        "uniqueness": 0.5710825,
        "novelty": 0.5694775,
        "n_valid": 387861,
        "n_unique": 228433,
        "n_novel": 227791
    },
    "@450000": {
        "validity": 0.9696133333333333,
        "uniqueness": 0.5607488888888889,
        "novelty": 0.5592555555555555,
        "n_valid": 436326,
        "n_unique": 252337,
        "n_novel": 251665
    },
    "@500000": {
        "validity": 0.969678,
        "uniqueness": 0.552068,
        "novelty": 0.550678,
        "n_valid": 484839,
        "n_unique": 276034,
        "n_novel": 275339
    },
    "@550000": {
        "validity": 0.9695854545454545,
        "uniqueness": 0.5442272727272728,
        "novelty": 0.5429290909090909,
        "n_valid": 533272,
        "n_unique": 299325,
        "n_novel": 298611
    },
    "@600000": {
        "validity": 0.9697016666666667,
        "uniqueness": 0.5370116666666667,
        "novelty": 0.5357983333333334,
        "n_valid": 581821,
        "n_unique": 322207,
        "n_novel": 321479
    },
    "@650000": {
        "validity": 0.9696476923076923,
        "uniqueness": 0.5301984615384615,
        "novelty": 0.5290553846153846,
        "n_valid": 630271,
        "n_unique": 344629,
        "n_novel": 343886
    },
    "@700000": {
        "validity": 0.9696242857142857,
        "uniqueness": 0.5241128571428572,
        "novelty": 0.5230357142857143,
        "n_valid": 678737,
        "n_unique": 366879,
        "n_novel": 366125
    },
    "@750000": {
        "validity": 0.9695786666666667,
        "uniqueness": 0.5184573333333333,
        "novelty": 0.5174333333333333,
        "n_valid": 727184,
        "n_unique": 388843,
        "n_novel": 388075
    },
    "@800000": {
        "validity": 0.96955625,
        "uniqueness": 0.51318625,
        "novelty": 0.51221,
        "n_valid": 775645,
        "n_unique": 410549,
        "n_novel": 409768
    },
    "@850000": {
        "validity": 0.9695517647058823,
        "uniqueness": 0.5081541176470589,
        "novelty": 0.5072211764705883,
        "n_valid": 824119,
        "n_unique": 431931,
        "n_novel": 431138
    },
    "@900000": {
        "validity": 0.9695777777777778,
        "uniqueness": 0.5033911111111111,
        "novelty": 0.5024888888888889,
        "n_valid": 872620,
        "n_unique": 453052,
        "n_novel": 452240
    },
    "@950000": {
        "validity": 0.9695536842105263,
        "uniqueness": 0.4987536842105263,
        "novelty": 0.4978884210526316,
        "n_valid": 921076,
        "n_unique": 473816,
        "n_novel": 472994
    },
    "@1000000": {
        "validity": 0.96955,
        "uniqueness": 0.494728,
        "novelty": 0.493893,
        "n_valid": 969550,
        "n_unique": 494728,
        "n_novel": 493893
    }
}