{
    "@50000": {
        "validity": 0.98814,
        "uniqueness": 0.5603,
        "novelty": 0.54946,
        "n_valid": 49407,
        "n_unique": 28015,
        "n_novel": 27473
    },
    "@100000": {
        "validity": 0.98879,
        "uniqueness": 0.5041,
        "novelty": 0.49659,
        "n_valid": 98879,
        "n_unique": 50410,
        "n_novel": 49659
    },
    "@150000": {
        "validity": 0.9889466666666666,
        "uniqueness": 0.46944,
        "novelty": 0.4634333333333333,
        "n_valid": 148342,
        "n_unique": 70416,
        "n_novel": 69515
    },
    "@200000": {
        "validity": 0.98885,
        "uniqueness": 0.44667,
        "novelty": 0.44151,
        "n_valid": 197770,
        "n_unique": 89334,
        "n_novel": 88302
    },
    "@250000": {
        "validity": 0.988728,
        "uniqueness": 0.429052,
        "novelty": 0.424464,
        "n_valid": 247182,
        "n_unique": 107263,
        "n_novel": 106116
    },
    "@300000": {
        "validity": 0.9887866666666667,
        "uniqueness": 0.41452333333333335,
        "novelty": 0.41037,
        "n_valid": 296636,
        "n_unique": 124357,
        "n_novel": 123111
    },
    "@350000": {
        "validity": 0.9887171428571428,
        "uniqueness": 0.40251714285714285,
        "novelty": 0.3986685714285714,
        "n_valid": 346051,
        "n_unique": 140881,
        "n_novel": 139534
    },
    "@400000": {
        "validity": 0.98869,
        "uniqueness": 0.3922275,
        "novelty": 0.38865,
        "n_valid": 395476,
        "n_unique": 156891,
        "n_novel": 155460
    },
    "@450000": {
        "validity": 0.9887222222222222,
        "uniqueness": 0.3830044444444444,
        "novelty": 0.37965333333333334,
        "n_valid": 444925,
        "n_unique": 172352,
        "n_novel": 170844
    },
    "@500000": {
        "validity": 0.988716,
        "uniqueness": 0.375272,
        "novelty": 0.372108,
        "n_valid": 494358,
        "n_unique": 187636,
        "n_novel": 186054
    },
    "@550000": {
        "validity": 0.9885981818181818,
        "uniqueness": 0.36820909090909093,
        "novelty": 0.3652345454545455,
        "n_valid": 543729,
        "n_unique": 202515,
        "n_novel": 200879
    },
    "@600000": {
        "validity": 0.98859,
        "uniqueness": 0.36187833333333336,
        "novelty": 0.35906166666666667,
        "n_valid": 593154,
        "n_unique": 217127,
        "n_novel": 215437
    },
    "@650000": {
        "validity": 0.9886292307692308,
        "uniqueness": 0.3563584615384615,
        "novelty": 0.35366615384615385,
        "n_valid": 642609,
        "n_unique": 231633,
        "n_novel": 229883
    },
    "@700000": {
        "validity": 0.9886357142857143,
        "uniqueness": 0.3511814285714286,
        "novelty": 0.34860142857142856,
        "n_valid": 692045,
        "n_unique": 245827,
        "n_novel": 244021
    },
    "@750000": {
        "validity": 0.9886866666666667,
        "uniqueness": 0.3463466666666667,
        "novelty": 0.34387866666666667,
        "n_valid": 741515,
        "n_unique": 259760,
        "n_novel": 257909
    },
    "@800000": {
        "validity": 0.98870375,
        "uniqueness": 0.341905,
        "novelty": 0.33953,
        "n_valid": 790963,
        "n_unique": 273524,
        "n_novel": 271624
    },
    "@850000": {
        "validity": 0.9886682352941176,
        "uniqueness": 0.3375964705882353,
        "novelty": 0.3352952941176471,
        "n_valid": 840368,
        "n_unique": 286957,
        "n_novel": 285001
    },
    "@900000": {
        "validity": 0.9886466666666667,
        "uniqueness": 0.3335533333333333,
        "novelty": 0.33133555555555555,
        "n_valid": 889782,
        "n_unique": 300198,
        "n_novel": 298202
    },
    "@950000": {
        "validity": 0.9886221052631579,
        "uniqueness": 0.33014,
        "novelty": 0.3279852631578947,
        "n_valid": 939191,
        "n_unique": 313633,
        "n_novel": 311586
    },
    "@1000000": {
        "validity": 0.988614,
        "uniqueness": 0.326696,
        "novelty": 0.3246,
        "n_valid": 988614,
        "n_unique": 326696,
        "n_novel": 324600
    }
}