{
    "@50000": {
        "validity": 0.89438,
        "uniqueness": 0.81136,
        "novelty": 0.80166,
        "n_valid": 44719,
        "n_unique": 40568,
        "n_novel": 40083
    },
    "@100000": {
        "validity": 0.89464,
        "uniqueness": 0.78666,
        "novelty": 0.77877,
        "n_valid": 89464,
        "n_unique": 78666,
        "n_novel": 77877
    },
    "@150000": {
        "validity": 0.8954,
        "uniqueness": 0.77024,
        "novelty": 0.76354,
        "n_valid": 134310,
        "n_unique": 115536,
        "n_novel": 114531
    },
    "@200000": {
        "validity": 0.895505,
        "uniqueness": 0.75717,
        "novelty": 0.751295,
        "n_valid": 179101,
        "n_unique": 151434,
        "n_novel": 150259
    },
    "@250000": {
        "validity": 0.89586,
        "uniqueness": 0.746292,
        "novelty": 0.74094,
        "n_valid": 223965,
        "n_unique": 186573,
        "n_novel": 185235
    },
    "@300000": {
        "validity": 0.8960433333333333,
        "uniqueness": 0.7371933333333334,
        "novelty": 0.7322433333333334,
        "n_valid": 268813,
        "n_unique": 221158,
        "n_novel": 219673
    },
    "@350000": {
        "validity": 0.8955914285714286,
        "uniqueness": 0.7288828571428572,
        "novelty": 0.7242485714285715,
        "n_valid": 313457,
        "n_unique": 255109,
        "n_novel": 253487
    },
    "@400000": {
        "validity": 0.895435,
        "uniqueness": 0.7216075,
        "novelty": 0.717205,
        "n_valid": 358174,
        "n_unique": 288643,
        "n_novel": 286882
    },
    "@450000": {
        "validity": 0.8957333333333334,
        "uniqueness": 0.7152911111111111,
        "novelty": 0.71112,
        "n_valid": 403080,
        "n_unique": 321881,
        "n_novel": 320004
    },
    "@500000": {
        "validity": 0.895758,
        "uniqueness": 0.709688,
        "novelty": 0.705714,
        "n_valid": 447879,
        "n_unique": 354844,
        "n_novel": 352857
    },
    "@550000": {
        "validity": 0.8956654545454545,
        "uniqueness": 0.7043109090909091,
        "novelty": 0.7004854545454545,
        "n_valid": 492616,
        "n_unique": 387371,
        "n_novel": 385267
    },
    "@600000": {
        "validity": 0.8956816666666667,
        "uniqueness": 0.699745,
        "novelty": 0.6960783333333334,
        "n_valid": 537409,
        "n_unique": 419847,
        "n_novel": 417647
    },
    "@650000": {
        "validity": 0.8957538461538461,
        "uniqueness": 0.6954846153846154,
        "novelty": 0.6919492307692308,
        "n_valid": 582240,
        "n_unique": 452065,
        "n_novel": 449767
    },
    "@700000": {
        "validity": 0.89568,
        "uniqueness": 0.6913585714285714,
        "novelty": 0.6879642857142857,
        "n_valid": 626976,
        "n_unique": 483951,
        "n_novel": 481575
    },
    "@750000": {
        "validity": 0.8955586666666666,
        "uniqueness": 0.6874013333333333,
        "novelty": 0.6841346666666667,
        "n_valid": 671669,
        "n_unique": 515551,
        "n_novel": 513101
    },
    "@800000": {
        "validity": 0.89560625,
        "uniqueness": 0.6836425,
        "novelty": 0.68048375,
        "n_valid": 716485,
        "n_unique": 546914,
        "n_novel": 544387
    },
    "@850000": {
        "validity": 0.8955658823529412,
        "uniqueness": 0.6801105882352941,
        "novelty": 0.6770541176470588,
        "n_valid": 761231,
        "n_unique": 578094,
        "n_novel": 575496
    },
    "@900000": {
        "validity": 0.8956833333333334,
        "uniqueness": 0.6770644444444445,
        "novelty": 0.6740866666666666,
        "n_valid": 806115,
        "n_unique": 609358,
        "n_novel": 606678
    },
    "@950000": {
        "validity": 0.8958073684210527,
        "uniqueness": 0.6740347368421052,
        "novelty": 0.6711378947368422,
        "n_valid": 851017,
        "n_unique": 640333,
        "n_novel": 637581
    },
    "@1000000": {
        "validity": 0.895926,
        "uniqueness": 0.67111,
        "novelty": 0.6683,
        "n_valid": 895926,
        "n_unique": 671110,
        "n_novel": 668300
    }
}