{
    "@50000": {
        "validity": 0.99218,
        "uniqueness": 0.92812,
        "novelty": 0.87676,
        "n_valid": 49609,
        "n_unique": 46406,
        "n_novel": 43838
    },
    "@100000": {
        "validity": 0.99186,
        "uniqueness": 0.897,
        "novelty": 0.85307,
        "n_valid": 99186,
        "n_unique": 89700,
        "n_novel": 85307
    },
    "@150000": {
        "validity": 0.99196,
        "uniqueness": 0.8768866666666667,
        "novelty": 0.8379733333333333,
        "n_valid": 148794,
        "n_unique": 131533,
        "n_novel": 125696
    },
    "@200000": {
        "validity": 0.99194,
        "uniqueness": 0.8613,
        "novelty": 0.825665,
        "n_valid": 198388,
        "n_unique": 172260,
        "n_novel": 165133
    },
    "@250000": {
        "validity": 0.991808,
        "uniqueness": 0.848164,
        "novelty": 0.815548,
        "n_valid": 247952,
        "n_unique": 212041,
        "n_novel": 203887
    },
    "@300000": {
        "validity": 0.9918833333333333,
        "uniqueness": 0.83687,
        "novelty": 0.80626,
        "n_valid": 297565,
        "n_unique": 251061,
        "n_novel": 241878
    },
    "@350000": {
        "validity": 0.9918714285714286,
        "uniqueness": 0.8269028571428572,
        "novelty": 0.7979685714285715,
        "n_valid": 347155,
        "n_unique": 289416,
        "n_novel": 279289
    },
    "@400000": {
        "validity": 0.99187,
        "uniqueness": 0.8180675,
        "novelty": 0.7906625,
        "n_valid": 396748,
        "n_unique": 327227,
        "n_novel": 316265
    },
    "@450000": {
        "validity": 0.9919333333333333,
        "uniqueness": 0.8097133333333333,
        "novelty": 0.7835844444444444,
        "n_valid": 446370,
        "n_unique": 364371,
        "n_novel": 352613
    },
    "@500000": {
        "validity": 0.991928,
        "uniqueness": 0.802196,
        "novelty": 0.777102,
        "n_valid": 495964,
        "n_unique": 401098,
        "n_novel": 388551
    },
    "@550000": {
        "validity": 0.9919927272727272,
        "uniqueness": 0.795510909090909,
        "novelty": 0.771429090909091,
        "n_valid": 545596,
        "n_unique": 437531,
        "n_novel": 424286
    },
    "@600000": {
        "validity": 0.9919833333333333,
        "uniqueness": 0.789275,
        "novelty": 0.766,
        "n_valid": 595190,
        "n_unique": 473565,
        "n_novel": 459600
    },
    "@650000": {
        "validity": 0.9920338461538462,
        "uniqueness": 0.7834461538461538,
        "novelty": 0.7609323076923077,
        "n_valid": 644822,
        "n_unique": 509240,
        "n_novel": 494606
    },
    "@700000": {
        "validity": 0.9920328571428572,
        "uniqueness": 0.7780142857142858,
        "novelty": 0.75614,
        "n_valid": 694423,
        "n_unique": 544610,
        "n_novel": 529298
    },
    "@750000": {
        "validity": 0.9920053333333333,
        "uniqueness": 0.7727866666666666,
        "novelty": 0.7515613333333333,
        "n_valid": 744004,
        "n_unique": 579590,
        "n_novel": 563671
    },
    "@800000": {
        "validity": 0.9920025,
        "uniqueness": 0.7680225,
        "novelty": 0.74747125,
        "n_valid": 793602,
        "n_unique": 614418,
        "n_novel": 597977
    },
    "@850000": {
        "validity": 0.9919752941176471,
        "uniqueness": 0.7634129411764706,
        "novelty": 0.74346,
        "n_valid": 843179,
        "n_unique": 648901,
        "n_novel": 631941
    },
    "@900000": {
        "validity": 0.9919622222222222,
        "uniqueness": 0.7591433333333333,
        "novelty": 0.7397044444444445,
        "n_valid": 892766,
        "n_unique": 683229,
        "n_novel": 665734
    },
    "@950000": {
        "validity": 0.9919821052631579,
        "uniqueness": 0.754761052631579,
        "novelty": 0.7358526315789473,
        "n_valid": 942383,
        "n_unique": 717023,
        "n_novel": 699060
    },
    "@1000000": {
        "validity": 0.991962,
        "uniqueness": 0.750718,
        "novelty": 0.732267,
        "n_valid": 991962,
        "n_unique": 750718,
        "n_novel": 732267
    }
}