{
    "@50000": {
        "validity": 0.98236,
        "uniqueness": 0.94894,
        "novelty": 0.91508,
        "n_valid": 49118,
        "n_unique": 47447,
        "n_novel": 45754
    },
    "@100000": {
        "validity": 0.9821,
        "uniqueness": 0.93376,
        "novelty": 0.90354,
        "n_valid": 98210,
        "n_unique": 93376,
        "n_novel": 90354
    },
    "@150000": {
        "validity": 0.98234,
        "uniqueness": 0.9238866666666666,
        "novelty": 0.8957333333333334,
        "n_valid": 147351,
        "n_unique": 138583,
        "n_novel": 134360
    },
    "@200000": {
        "validity": 0.982015,
        "uniqueness": 0.915345,
        "novelty": 0.888805,
        "n_valid": 196403,
        "n_unique": 183069,
        "n_novel": 177761
    },
    "@250000": {
        "validity": 0.981828,
        "uniqueness": 0.908296,
        "novelty": 0.88298,
        "n_valid": 245457,
        "n_unique": 227074,
        "n_novel": 220745
    },
    "@300000": {
        "validity": 0.9820466666666666,
        "uniqueness": 0.9023866666666667,
        "novelty": 0.8781766666666667,
        "n_valid": 294614,
        "n_unique": 270716,
        "n_novel": 263453
    },
    "@350000": {
        "validity": 0.9821057142857142,
        "uniqueness": 0.8970514285714286,
        "novelty": 0.87372,
        "n_valid": 343737,
        "n_unique": 313968,
        "n_novel": 305802
    },
    "@400000": {
        "validity": 0.9822525,
        "uniqueness": 0.89194,
        "novelty": 0.8694225,
        "n_valid": 392901,
        "n_unique": 356776,
        "n_novel": 347769
    },
    "@450000": {
        "validity": 0.9822822222222222,
        "uniqueness": 0.8874844444444444,
        "novelty": 0.86572,
        "n_valid": 442027,
        "n_unique": 399368,
        "n_novel": 389574
    },
    "@500000": {
        "validity": 0.982312,
        "uniqueness": 0.883426,
        "novelty": 0.86222,
        "n_valid": 491156,
        "n_unique": 441713,
        "n_novel": 431110
    },
    "@550000": {
        "validity": 0.9823127272727272,
        "uniqueness": 0.8794290909090909,
        "novelty": 0.8586781818181818,
        "n_valid": 540272,
        "n_unique": 483686,
        "n_novel": 472273
    },
    "@600000": {
        "validity": 0.9823516666666666,
        "uniqueness": 0.8758733333333333,
        "novelty": 0.855655,
        "n_valid": 589411,
        "n_unique": 525524,
        "n_novel": 513393
    },
    "@650000": {
        "validity": 0.9823092307692308,
        "uniqueness": 0.8725615384615385,
        "novelty": 0.852716923076923,
        "n_valid": 638501,
        "n_unique": 567165,
        "n_novel": 554266
    },
    "@700000": {
        "validity": 0.9823071428571428,
        "uniqueness": 0.8692042857142858,
        "novelty": 0.8497557142857143,
        "n_valid": 687615,
        "n_unique": 608443,
        "n_novel": 594829
    },
    "@750000": {
        "validity": 0.9823533333333333,
        "uniqueness": 0.8660773333333334,
        "novelty": 0.8470506666666666,
        "n_valid": 736765,
        "n_unique": 649558,
        "n_novel": 635288
    },
    "@800000": {
        "validity": 0.98236625,
        "uniqueness": 0.863165,
        "novelty": 0.8445575,
        "n_valid": 785893,
        "n_unique": 690532,
        "n_novel": 675646
    },
    "@850000": {
        "validity": 0.9823223529411764,
        "uniqueness": 0.8604341176470588,
        "novelty": 0.8422188235294118,
        "n_valid": 834974,
        "n_unique": 731369,
        "n_novel": 715886
    },
    "@900000": {
        "validity": 0.9823233333333333,
        "uniqueness": 0.8579855555555556,
        "novelty": 0.8400988888888888,
        "n_valid": 884091,
        "n_unique": 772187,
        "n_novel": 756089
    },
    "@950000": {
        "validity": 0.9823221052631579,
        "uniqueness": 0.8554252631578947,
        "novelty": 0.8378452631578948,
        "n_valid": 933206,
        "n_unique": 812654,
        "n_novel": 795953
    },
    "@1000000": {
        "validity": 0.982359,
        "uniqueness": 0.852984,
        "novelty": 0.83573,
        "n_valid": 982359,
        "n_unique": 852984,
        "n_novel": 835730
    }
}