{
    "@50000": {
        "validity": 0.97546,
        "uniqueness": 0.55418,
        "novelty": 0.5407,
        "n_valid": 48773,
        "n_unique": 27709,
        "n_novel": 27035
    },
    "@100000": {
        "validity": 0.97502,
        "uniqueness": 0.47856,
        "novelty": 0.46987,
        "n_valid": 97502,
        "n_unique": 47856,
        "n_novel": 46987
    },
    "@150000": {
        "validity": 0.9752866666666666,
        "uniqueness": 0.43558,
        "novelty": 0.42889333333333335,
        "n_valid": 146293,
        "n_unique": 65337,
        "n_novel": 64334
    },
    "@200000": {
        "validity": 0.975405,
        "uniqueness": 0.40666,
        "novelty": 0.40121,
        "n_valid": 195081,
        "n_unique": 81332,
        "n_novel": 80242
    },
    "@250000": {
        "validity": 0.975596,
        "uniqueness": 0.384668,
        "novelty": 0.379984,
        "n_valid": 243899,
        "n_unique": 96167,
        "n_novel": 94996
    },
    "@300000": {
        "validity": 0.9755166666666667,
        "uniqueness": 0.36662,
        "novelty": 0.36246,
        "n_valid": 292655,
        "n_unique": 109986,
        "n_novel": 108738
    },
    "@350000": {
        "validity": 0.9754914285714286,
        "uniqueness": 0.35262,
        "novelty": 0.34890571428571426,
        "n_valid": 341422,
        "n_unique": 123417,
        "n_novel": 122117
    },
    "@400000": {
        "validity": 0.97567,
        "uniqueness": 0.3399525,
        "novelty": 0.336635,
        "n_valid": 390268,
        "n_unique": 135981,
        "n_novel": 134654
    },
    "@450000": {
        "validity": 0.9756266666666666,
        "uniqueness": 0.32916222222222224,
        "novelty": 0.3261288888888889,
        "n_valid": 439032,
        "n_unique": 148123,
        "n_novel": 146758
    },
    "@500000": {
        "validity": 0.975646,
        "uniqueness": 0.320108,
        "novelty": 0.317306,
        "n_valid": 487823,
        "n_unique": 160054,
        "n_novel": 158653
    },
    "@550000": {
        "validity": 0.9756527272727272,
        "uniqueness": 0.3116563636363636,
        "novelty": 0.30905818181818184,
        "n_valid": 536609,
        "n_unique": 171411,
        "n_novel": 169982
    },
    "@600000": {
        "validity": 0.97569,
        "uniqueness": 0.3040966666666667,
        "novelty": 0.3016683333333333,
        "n_valid": 585414,
        "n_unique": 182458,
        "n_novel": 181001
    },
    "@650000": {
        "validity": 0.9756476923076923,
        "uniqueness": 0.29722461538461536,
        "novelty": 0.2949307692307692,
        "n_valid": 634171,
        "n_unique": 193196,
        "n_novel": 191705
    },
    "@700000": {
        "validity": 0.9756128571428572,
        "uniqueness": 0.29119,
        "novelty": 0.2890342857142857,
        "n_valid": 682929,
        "n_unique": 203833,
        "n_novel": 202324
    },
    "@750000": {
        "validity": 0.975612,
        "uniqueness": 0.28569866666666666,
        "novelty": 0.283652,
        "n_valid": 731709,
        "n_unique": 214274,
        "n_novel": 212739
    },
    "@800000": {
        "validity": 0.97561375,
        "uniqueness": 0.28024,
        "novelty": 0.27829125,
        "n_valid": 780491,
        "n_unique": 224192,
        "n_novel": 222633
    },
    "@850000": {
        "validity": 0.9756329411764706,
        "uniqueness": 0.27531176470588237,
        "novelty": 0.27345176470588234,
        "n_valid": 829288,
        "n_unique": 234015,
        "n_novel": 232434
    },
    "@900000": {
        "validity": 0.9756033333333334,
        "uniqueness": 0.2709722222222222,
        "novelty": 0.2691988888888889,
        "n_valid": 878043,
        "n_unique": 243875,
        "n_novel": 242279
    },
    "@950000": {
        "validity": 0.9755873684210526,
        "uniqueness": 0.26660105263157896,
        "novelty": 0.2649010526315789,
        "n_valid": 926808,
        "n_unique": 253271,
        "n_novel": 251656
    },
    "@1000000": {
        "validity": 0.975558,
        "uniqueness": 0.262718,
        "novelty": 0.261086,
        "n_valid": 975558,
        "n_unique": 262718,
        "n_novel": 261086
    }
}