{
    "@50000": {
        "validity": 0.99512,
        "uniqueness": 0.90074,
        "novelty": 0.84948,
        "n_valid": 49756,
        "n_unique": 45037,
        "n_novel": 42474
    },
    "@100000": {
        "validity": 0.9949,
        "uniqueness": 0.86736,
        "novelty": 0.82374,
        "n_valid": 99490,
        "n_unique": 86736,
        "n_novel": 82374
    },
    "@150000": {
        "validity": 0.99478,
        "uniqueness": 0.84356,
        "novelty": 0.80472,
        "n_valid": 149217,
        "n_unique": 126534,
        "n_novel": 120708
    },
    "@200000": {
        "validity": 0.994795,
        "uniqueness": 0.82489,
        "novelty": 0.789055,
        "n_valid": 198959,
        "n_unique": 164978,
        "n_novel": 157811
    },
    "@250000": {
        "validity": 0.994664,
        "uniqueness": 0.81036,
        "novelty": 0.776952,
        "n_valid": 248666,
        "n_unique": 202590,
        "n_novel": 194238
    },
    "@300000": {
        "validity": 0.9945233333333333,
        "uniqueness": 0.7979966666666667,
        "novelty": 0.7665633333333334,
        "n_valid": 298357,
        "n_unique": 239399,
        "n_novel": 229969
    },
    "@350000": {
        "validity": 0.9945542857142857,
        "uniqueness": 0.7874485714285714,
        "novelty": 0.7576228571428572,
        "n_valid": 348094,
        "n_unique": 275607,
        "n_novel": 265168
    },
    "@400000": {
        "validity": 0.9946375,
        "uniqueness": 0.7780025,
        "novelty": 0.74957,
        "n_valid": 397855,
        "n_unique": 311201,
        "n_novel": 299828
    },
    "@450000": {
        "validity": 0.9945822222222223,
        "uniqueness": 0.7693177777777778,
        "novelty": 0.7421355555555555,
        "n_valid": 447562,
        "n_unique": 346193,
        "n_novel": 333961
    },
    "@500000": {
        "validity": 0.99462,
        "uniqueness": 0.761612,
        "novelty": 0.735456,
        "n_valid": 497310,
        "n_unique": 380806,
        "n_novel": 367728
    },
    "@550000": {
        "validity": 0.99466,
        "uniqueness": 0.7545763636363636,
        "novelty": 0.7294072727272727,
        "n_valid": 547063,
        "n_unique": 415017,
        "n_novel": 401174
    },
    "@600000": {
        "validity": 0.9946816666666667,
        "uniqueness": 0.74799,
        "novelty": 0.7236283333333333,
        "n_valid": 596809,
        "n_unique": 448794,
        "n_novel": 434177
    },
    "@650000": {
        "validity": 0.9946830769230769,
        "uniqueness": 0.7417384615384616,
        "novelty": 0.7180984615384616,
        "n_valid": 646544,
        "n_unique": 482130,
        "n_novel": 466764
    },
    "@700000": {
        "validity": 0.9946714285714285,
        "uniqueness": 0.7359257142857143,
        "novelty": 0.71302,
        "n_valid": 696270,
        "n_unique": 515148,
        "n_novel": 499114
    },
    "@750000": {
        "validity": 0.9946866666666667,
        "uniqueness": 0.7305133333333333,
        "novelty": 0.7082893333333333,
        "n_valid": 746015,
        "n_unique": 547885,
        "n_novel": 531217
    },
    "@800000": {
        "validity": 0.99469625,
        "uniqueness": 0.72553125,
        "novelty": 0.70382875,
        "n_valid": 795757,
        "n_unique": 580425,
        "n_novel": 563063
    },
    "@850000": {
        "validity": 0.9947070588235294,
        "uniqueness": 0.7205117647058824,
        "novelty": 0.6993482352941176,
        "n_valid": 845501,
        "n_unique": 612435,
        "n_novel": 594446
    },
    "@900000": {
        "validity": 0.9947222222222222,
        "uniqueness": 0.7158555555555556,
        "novelty": 0.6951744444444444,
        "n_valid": 895250,
        "n_unique": 644270,
        "n_novel": 625657
    },
    "@950000": {
        "validity": 0.9947221052631579,
        "uniqueness": 0.7114557894736843,
        "novelty": 0.6912810526315789,
        "n_valid": 944986,
        "n_unique": 675883,
        "n_novel": 656717
    },
    "@1000000": {
        "validity": 0.994719,
        "uniqueness": 0.707452,
        "novelty": 0.687738,
        "n_valid": 994719,
        "n_unique": 707452,
        "n_novel": 687738
    }
}