{
    "@50000": {
        "validity": 0.97784,
        "uniqueness": 0.66924,
        "novelty": 0.6472,
        "n_valid": 48892,
        "n_unique": 33462,
        "n_novel": 32360
    },
    "@100000": {
        "validity": 0.9776,
        "uniqueness": 0.62539,
        "novelty": 0.60768,
        "n_valid": 97760,
        "n_unique": 62539,
        "n_novel": 60768
    },
    "@150000": {
        "validity": 0.9777266666666666,
        "uniqueness": 0.5979,
        "novelty": 0.58272,
        "n_valid": 146659,
        "n_unique": 89685,
        "n_novel": 87408
    },
    "@200000": {
        "validity": 0.97752,
        "uniqueness": 0.577905,
        "novelty": 0.5642,
        "n_valid": 195504,
        "n_unique": 115581,
        "n_novel": 112840
    },
    "@250000": {
        "validity": 0.977652,
        "uniqueness": 0.563432,
        "novelty": 0.550656,
        "n_valid": 244413,
        "n_unique": 140858,
        "n_novel": 137664
    },
    "@300000": {
        "validity": 0.97774,
        "uniqueness": 0.5510366666666666,
        "novelty": 0.5389733333333333,
        "n_valid": 293322,
        "n_unique": 165311,
        "n_novel": 161692
    },
    "@350000": {
        "validity": 0.9778457142857143,
        "uniqueness": 0.541,
        "novelty": 0.5296085714285714,
        "n_valid": 342246,
        "n_unique": 189350,
        "n_novel": 185363
    },
    "@400000": {
        "validity": 0.9779375,
        "uniqueness": 0.5316,
        "novelty": 0.52083,
        "n_valid": 391175,
        "n_unique": 212640,
        "n_novel": 208332
    },
    "@450000": {
        "validity": 0.9778755555555556,
        "uniqueness": 0.5236688888888889,
        "novelty": 0.5134577777777778,
        "n_valid": 440044,
        "n_unique": 235651,
        "n_novel": 231056
    },
    "@500000": {
        "validity": 0.977878,
        "uniqueness": 0.516706,
        "novelty": 0.506932,
        "n_valid": 488939,
        "n_unique": 258353,
        "n_novel": 253466
    },
    "@550000": {
        "validity": 0.9778872727272727,
        "uniqueness": 0.5097981818181818,
        "novelty": 0.5004,
        "n_valid": 537838,
        "n_unique": 280389,
        "n_novel": 275220
    },
    "@600000": {
        "validity": 0.9779516666666667,
        "uniqueness": 0.5037833333333334,
        "novelty": 0.4946966666666667,
        "n_valid": 586771,
        "n_unique": 302270,
        "n_novel": 296818
    },
    "@650000": {
        "validity": 0.9779138461538461,
        "uniqueness": 0.49831230769230767,
        "novelty": 0.4895415384615385,
        "n_valid": 635644,
        "n_unique": 323903,
        "n_novel": 318202
    },
    "@700000": {
        "validity": 0.97791,
        "uniqueness": 0.49332714285714285,
        "novelty": 0.4847657142857143,
        "n_valid": 684537,
        "n_unique": 345329,
        "n_novel": 339336
    },
    "@750000": {
        "validity": 0.97784,
        "uniqueness": 0.488616,
        "novelty": 0.48029066666666664,
        "n_valid": 733380,
        "n_unique": 366462,
        "n_novel": 360218
    },
    "@800000": {
        "validity": 0.97783,
        "uniqueness": 0.48418625,
        "novelty": 0.47607875,
        "n_valid": 782264,
        "n_unique": 387349,
        "n_novel": 380863
    },
    "@850000": {
        "validity": 0.9778823529411764,
        "uniqueness": 0.4800235294117647,
        "novelty": 0.47213764705882355,
        "n_valid": 831200,
        "n_unique": 408020,
        "n_novel": 401317
    },
    "@900000": {
        "validity": 0.9778911111111112,
        "uniqueness": 0.47626111111111114,
        "novelty": 0.4685588888888889,
        "n_valid": 880102,
        "n_unique": 428635,
        "n_novel": 421703
    },
    "@950000": {
        "validity": 0.9778926315789473,
        "uniqueness": 0.4726621052631579,
        "novelty": 0.4651105263157895,
        "n_valid": 928998,
        "n_unique": 449029,
        "n_novel": 441855
    },
    "@1000000": {
        "validity": 0.977893,
        "uniqueness": 0.469187,
        "novelty": 0.461798,
        "n_valid": 977893,
        "n_unique": 469187,
        "n_novel": 461798
    }
}