{
    "@50000": {
        "validity": 1.0,
        "uniqueness": 0.00058,
        "novelty": 0.00048,
        "n_valid": 50000,
        "n_unique": 29,
        "n_novel": 24
    },
    "@100000": {
        "validity": 1.0,
        "uniqueness": 0.00029,
        "novelty": 0.00024,
        "n_valid": 100000,
        "n_unique": 29,
        "n_novel": 24
    },
    "@150000": {
        "validity": 1.0,
        "uniqueness": 0.00019333333333333333,
        "novelty": 0.00016,
        "n_valid": 150000,
        "n_unique": 29,
        "n_novel": 24
    },
    "@200000": {
        "validity": 1.0,
        "uniqueness": 0.000145,
        "novelty": 0.00012,
        "n_valid": 200000,
        "n_unique": 29,
        "n_novel": 24
    },
    "@250000": {
        "validity": 1.0,
        "uniqueness": 0.000116,
        "novelty": 9.6e-05,
        "n_valid": 250000,
        "n_unique": 29,
        "n_novel": 24
    },
    "@300000": {
        "validity": 1.0,
        "uniqueness": 9.666666666666667e-05,
        "novelty": 8e-05,
        "n_valid": 300000,
        "n_unique": 29,
        "n_novel": 24
    },
    "@350000": {
        "validity": 1.0,
        "uniqueness": 8.285714285714286e-05,
        "novelty": 6.857142857142857e-05,
        "n_valid": 350000,
        "n_unique": 29,
        "n_novel": 24
    },
    "@400000": {
        "validity": 1.0,
        "uniqueness": 7.25e-05,
        "novelty": 6e-05,
        "n_valid": 400000,
        "n_unique": 29,
        "n_novel": 24
    },
    "@450000": {
        "validity": 1.0,
        "uniqueness": 6.444444444444444e-05,
        "novelty": 5.333333333333333e-05,
        "n_valid": 450000,
        "n_unique": 29,
        "n_novel": 24
    },
    "@500000": {
        "validity": 1.0,
        "uniqueness": 5.8e-05,
        "novelty": 4.8e-05,
        "n_valid": 500000,
        "n_unique": 29,
        "n_novel": 24
    },
    "@550000": {
        "validity": 1.0,
        "uniqueness": 5.272727272727273e-05,
        "novelty": 4.3636363636363636e-05,
        "n_valid": 550000,
        "n_unique": 29,
        "n_novel": 24
    },
    "@600000": {
        "validity": 1.0,
        "uniqueness": 4.8333333333333334e-05,
        "novelty": 4e-05,
        "n_valid": 600000,
        "n_unique": 29,
        "n_novel": 24
    },
    "@650000": {
        "validity": 1.0,
        "uniqueness": 4.461538461538462e-05,
        "novelty": 3.692307692307692e-05,
        "n_valid": 650000,
        "n_unique": 29,
        "n_novel": 24
    },
    "@700000": {
        "validity": 1.0,
        "uniqueness": 4.142857142857143e-05,
        "novelty": 3.4285714285714284e-05,
        "n_valid": 700000,
        "n_unique": 29,
        "n_novel": 24
    },
    "@750000": {
        "validity": 1.0,
        "uniqueness": 3.866666666666667e-05,
        "novelty": 3.2e-05,
        "n_valid": 750000,
        "n_unique": 29,
        "n_novel": 24
    },
    "@800000": {
        "validity": 1.0,
        "uniqueness": 3.625e-05,
        "novelty": 3e-05,
        "n_valid": 800000,
        "n_unique": 29,
        "n_novel": 24
    },
    "@850000": {
        "validity": 1.0,
        "uniqueness": 3.4117647058823526e-05,
        "novelty": 2.823529411764706e-05,
        "n_valid": 850000,
        "n_unique": 29,
        "n_novel": 24
    },
    "@900000": {
        "validity": 1.0,
        "uniqueness": 3.222222222222222e-05,
        "novelty": 2.6666666666666667e-05,
        "n_valid": 900000,
        "n_unique": 29,
        "n_novel": 24
    },
    "@950000": {
        "validity": 1.0,
        "uniqueness": 3.0526315789473684e-05,
        "novelty": 2.526315789473684e-05,
        "n_valid": 950000,
        "n_unique": 29,
        "n_novel": 24
    },
    "@1000000": {
        "validity": 1.0,
        "uniqueness": 2.9e-05,
        "novelty": 2.4e-05,
        "n_valid": 1000000,
        "n_unique": 29,
        "n_novel": 24
    }
}