{
    "@50000": {
        "validity": 0.9856,
        "uniqueness": 0.96512,
        "novelty": 0.9258,
        "n_valid": 49280,
        "n_unique": 48256,
        "n_novel": 46290
    },
    "@100000": {
        "validity": 0.98553,
        "uniqueness": 0.95609,
        "novelty": 0.91993,
        "n_valid": 98553,
        "n_unique": 95609,
        "n_novel": 91993
    },
    "@150000": {
        "validity": 0.9854733333333333,
        "uniqueness": 0.9484066666666666,
        "novelty": 0.9142533333333334,
        "n_valid": 147821,
        "n_unique": 142261,
        "n_novel": 137138
    },
    "@200000": {
        "validity": 0.985575,
        "uniqueness": 0.94225,
        "novelty": 0.90988,
        "n_valid": 197115,
        "n_unique": 188450,
        "n_novel": 181976
    },
    "@250000": {
        "validity": 0.985804,
        "uniqueness": 0.937144,
        "novelty": 0.9061,
        "n_valid": 246451,
        "n_unique": 234286,
        "n_novel": 226525
    },
    "@300000": {
        "validity": 0.9859633333333333,
        "uniqueness": 0.9326466666666666,
        "novelty": 0.90287,
        "n_valid": 295789,
        "n_unique": 279794,
        "n_novel": 270861
    },
    "@350000": {
        "validity": 0.9858542857142857,
        "uniqueness": 0.9278485714285715,
        "novelty": 0.8991428571428571,
        "n_valid": 345049,
        "n_unique": 324747,
        "n_novel": 314700
    },
    "@400000": {
        "validity": 0.985855,
        "uniqueness": 0.924245,
        "novelty": 0.89658,
        "n_valid": 394342,
        "n_unique": 369698,
        "n_novel": 358632
    },
    "@450000": {
        "validity": 0.9859022222222222,
        "uniqueness": 0.92044,
        "novelty": 0.8936444444444445,
        "n_valid": 443656,
        "n_unique": 414198,
        "n_novel": 402140
    },
    "@500000": {
        "validity": 0.985946,
        "uniqueness": 0.917146,
        "novelty": 0.891098,
        "n_valid": 492973,
        "n_unique": 458573,
        "n_novel": 445549
    },
    "@550000": {
        "validity": 0.9859618181818182,
        "uniqueness": 0.9139854545454545,
        "novelty": 0.8886018181818182,
        "n_valid": 542279,
        "n_unique": 502692,
        "n_novel": 488731
    },
    "@600000": {
        "validity": 0.9859583333333334,
        "uniqueness": 0.9111766666666666,
        "novelty": 0.88645,
        "n_valid": 591575,
        "n_unique": 546706,
        "n_novel": 531870
    },
    "@650000": {
        "validity": 0.9859138461538461,
        "uniqueness": 0.9083723076923077,
        "novelty": 0.8842476923076923,
        "n_valid": 640844,
        "n_unique": 590442,
        "n_novel": 574761
    },
    "@700000": {
        "validity": 0.9858828571428572,
        "uniqueness": 0.9057485714285715,
        "novelty": 0.8821842857142858,
        "n_valid": 690118,
        "n_unique": 634024,
        "n_novel": 617529
    },
    "@750000": {
        "validity": 0.9858786666666667,
        "uniqueness": 0.9031866666666667,
        "novelty": 0.8800946666666667,
        "n_valid": 739409,
        "n_unique": 677390,
        "n_novel": 660071
    },
    "@800000": {
        "validity": 0.9859375,
        "uniqueness": 0.9009175,
        "novelty": 0.87833,
        "n_valid": 788750,
        "n_unique": 720734,
        "n_novel": 702664
    },
    "@850000": {
        "validity": 0.9859035294117647,
        "uniqueness": 0.89854,
        "novelty": 0.8763576470588236,
        "n_valid": 838018,
        "n_unique": 763759,
        "n_novel": 744904
    },
    "@900000": {
        "validity": 0.98589,
        "uniqueness": 0.8964033333333333,
        "novelty": 0.8746066666666666,
        "n_valid": 887301,
        "n_unique": 806763,
        "n_novel": 787146
    },
    "@950000": {
        "validity": 0.9859263157894737,
        "uniqueness": 0.8944115789473684,
        "novelty": 0.8729726315789473,
        "n_valid": 936630,
        "n_unique": 849691,
        "n_novel": 829324
    },
    "@1000000": {
        "validity": 0.985977,
        "uniqueness": 0.892355,
        "novelty": 0.871286,
        "n_valid": 985977,
        "n_unique": 892355,
        "n_novel": 871286
    }
}