{
    "@50000": {
        "validity": 0.79072,
        "uniqueness": 0.70882,
        "novelty": 0.6981,
        "n_valid": 39536,
        "n_unique": 35441,
        "n_novel": 34905
    },
    "@100000": {
        "validity": 0.78969,
        "uniqueness": 0.68736,
        "novelty": 0.67938,
        "n_valid": 78969,
        "n_unique": 68736,
        "n_novel": 67938
    },
    "@150000": {
        "validity": 0.79078,
        "uniqueness": 0.6750266666666667,
        "novelty": 0.66838,
        "n_valid": 118617,
        "n_unique": 101254,
        "n_novel": 100257
    },
    "@200000": {
        "validity": 0.79085,
        "uniqueness": 0.66523,
        "novelty": 0.659455,
        "n_valid": 158170,
        "n_unique": 133046,
        "n_novel": 131891
    },
    "@250000": {
        "validity": 0.79018,
        "uniqueness": 0.656364,
        "novelty": 0.651132,
        "n_valid": 197545,
        "n_unique": 164091,
        "n_novel": 162783
    },
    "@300000": {
        "validity": 0.7905466666666666,
        "uniqueness": 0.6496033333333333,
        "novelty": 0.64476,
        "n_valid": 237164,
        "n_unique": 194881,
        "n_novel": 193428
    },
    "@350000": {
        "validity": 0.7909314285714286,
        "uniqueness": 0.6434657142857143,
        "novelty": 0.6389171428571429,
        "n_valid": 276826,
        "n_unique": 225213,
        "n_novel": 223621
    },
    "@400000": {
        "validity": 0.790945,
        "uniqueness": 0.63813,
        "novelty": 0.6338625,
        "n_valid": 316378,
        "n_unique": 255252,
        "n_novel": 253545
    },
    "@450000": {
        "validity": 0.7910155555555556,
        "uniqueness": 0.6334422222222222,
        "novelty": 0.6294444444444445,
        "n_valid": 355957,
        "n_unique": 285049,
        "n_novel": 283250
    },
    "@500000": {
        "validity": 0.790974,
        "uniqueness": 0.629216,
        "novelty": 0.625406,
        "n_valid": 395487,
        "n_unique": 314608,
        "n_novel": 312703
    },
    "@550000": {
        "validity": 0.7909981818181818,
        "uniqueness": 0.6252927272727272,
        "novelty": 0.6216563636363637,
        "n_valid": 435049,
        "n_unique": 343911,
        "n_novel": 341911
    },
    "@600000": {
        "validity": 0.7909633333333334,
        "uniqueness": 0.62156,
        "novelty": 0.61806,
        "n_valid": 474578,
        "n_unique": 372936,
        "n_novel": 370836
    },
    "@650000": {
        "validity": 0.7908907692307693,
        "uniqueness": 0.6184015384615384,
        "novelty": 0.6150430769230769,
        "n_valid": 514079,
        "n_unique": 401961,
        "n_novel": 399778
    },
    "@700000": {
        "validity": 0.7907271428571429,
        "uniqueness": 0.6155028571428571,
        "novelty": 0.6122714285714286,
        "n_valid": 553509,
        "n_unique": 430852,
        "n_novel": 428590
    },
    "@750000": {
        "validity": 0.790728,
        "uniqueness": 0.6127426666666667,
        "novelty": 0.6096186666666666,
        "n_valid": 593046,
        "n_unique": 459557,
        "n_novel": 457214
    },
    "@800000": {
        "validity": 0.79048375,
        "uniqueness": 0.61006,
        "novelty": 0.60701875,
        "n_valid": 632387,
        "n_unique": 488048,
        "n_novel": 485615
    },
    "@850000": {
        "validity": 0.7905,
        "uniqueness": 0.6073870588235294,
        "novelty": 0.6044388235294118,
        "n_valid": 671925,
        "n_unique": 516279,
        "n_novel": 513773
    },
    "@900000": {
        "validity": 0.7904522222222222,
        "uniqueness": 0.6048255555555555,
        "novelty": 0.6019622222222222,
        "n_valid": 711407,
        "n_unique": 544343,
        "n_novel": 541766
    },
    "@950000": {
        "validity": 0.7904536842105263,
        "uniqueness": 0.602561052631579,
        "novelty": 0.5997631578947369,
        "n_valid": 750931,
        "n_unique": 572433,
        "n_novel": 569775
    },
    "@1000000": {
        "validity": 0.790524,
        "uniqueness": 0.600394,
        "novelty": 0.597652,
        "n_valid": 790524,
        "n_unique": 600394,
        "n_novel": 597652
    }
}