{
    "@50000": {
        "validity": 0.97758,
        "uniqueness": 0.69646,
        "novelty": 0.67388,
        "n_valid": 48879,
        "n_unique": 34823,
        "n_novel": 33694
    },
    "@100000": {
        "validity": 0.97717,
        "uniqueness": 0.65457,
        "novelty": 0.63588,
        "n_valid": 97717,
        "n_unique": 65457,
        "n_novel": 63588
    },
    "@150000": {
        "validity": 0.9773866666666666,
        "uniqueness": 0.6286066666666666,
        "novelty": 0.6124933333333333,
        "n_valid": 146608,
        "n_unique": 94291,
        "n_novel": 91874
    },
    "@200000": {
        "validity": 0.97719,
        "uniqueness": 0.609845,
        "novelty": 0.59522,
        "n_valid": 195438,
        "n_unique": 121969,
        "n_novel": 119044
    },
    "@250000": {
        "validity": 0.977208,
        "uniqueness": 0.596172,
        "novelty": 0.582448,
        "n_valid": 244302,
        "n_unique": 149043,
        "n_novel": 145612
    },
    "@300000": {
        "validity": 0.9772733333333333,
        "uniqueness": 0.5841133333333334,
        "novelty": 0.57119,
        "n_valid": 293182,
        "n_unique": 175234,
        "n_novel": 171357
    },
    "@350000": {
        "validity": 0.9774257142857142,
        "uniqueness": 0.5742714285714285,
        "novelty": 0.56208,
        "n_valid": 342099,
        "n_unique": 200995,
        "n_novel": 196728
    },
    "@400000": {
        "validity": 0.9774925,
        "uniqueness": 0.56527,
        "novelty": 0.5537375,
        "n_valid": 390997,
        "n_unique": 226108,
        "n_novel": 221495
    },
    "@450000": {
        "validity": 0.9774488888888889,
        "uniqueness": 0.5578644444444445,
        "novelty": 0.5469066666666667,
        "n_valid": 439852,
        "n_unique": 251039,
        "n_novel": 246108
    },
    "@500000": {
        "validity": 0.977392,
        "uniqueness": 0.55121,
        "novelty": 0.54064,
        "n_valid": 488696,
        "n_unique": 275605,
        "n_novel": 270320
    },
    "@550000": {
        "validity": 0.9774254545454546,
        "uniqueness": 0.5448272727272727,
        "novelty": 0.534649090909091,
        "n_valid": 537584,
        "n_unique": 299655,
        "n_novel": 294057
    },
    "@600000": {
        "validity": 0.97744,
        "uniqueness": 0.5388466666666667,
        "novelty": 0.5290016666666667,
        "n_valid": 586464,
        "n_unique": 323308,
        "n_novel": 317401
    },
    "@650000": {
        "validity": 0.9774292307692307,
        "uniqueness": 0.5334923076923077,
        "novelty": 0.5239553846153846,
        "n_valid": 635329,
        "n_unique": 346770,
        "n_novel": 340571
    },
    "@700000": {
        "validity": 0.9774457142857143,
        "uniqueness": 0.5286728571428572,
        "novelty": 0.5193585714285714,
        "n_valid": 684212,
        "n_unique": 370071,
        "n_novel": 363551
    },
    "@750000": {
        "validity": 0.9773826666666666,
        "uniqueness": 0.524136,
        "novelty": 0.5150653333333334,
        "n_valid": 733037,
        "n_unique": 393102,
        "n_novel": 386299
    },
    "@800000": {
        "validity": 0.97738,
        "uniqueness": 0.51987125,
        "novelty": 0.511035,
        "n_valid": 781904,
        "n_unique": 415897,
        "n_novel": 408828
    },
    "@850000": {
        "validity": 0.9774505882352941,
        "uniqueness": 0.5157788235294117,
        "novelty": 0.507184705882353,
        "n_valid": 830833,
        "n_unique": 438412,
        "n_novel": 431107
    },
    "@900000": {
        "validity": 0.9774577777777778,
        "uniqueness": 0.5121233333333334,
        "novelty": 0.5037255555555555,
        "n_valid": 879712,
        "n_unique": 460911,
        "n_novel": 453353
    },
    "@950000": {
        "validity": 0.97748,
        "uniqueness": 0.508678947368421,
        "novelty": 0.5004347368421053,
        "n_valid": 928606,
        "n_unique": 483245,
        "n_novel": 475413
    },
    "@1000000": {
        "validity": 0.977501,
        "uniqueness": 0.505396,
        "novelty": 0.497313,
        "n_valid": 977501,
        "n_unique": 505396,
        "n_novel": 497313
    }
}