{
    "@50000": {
        "validity": 0.26886,
        "uniqueness": 0.26768,
        "novelty": 0.26702,
        "n_valid": 13443,
        "n_unique": 13384,
        "n_novel": 13351
    },
    "@100000": {
        "validity": 0.26955,
        "uniqueness": 0.26775,
        "novelty": 0.26701,
        "n_valid": 26955,
        "n_unique": 26775,
        "n_novel": 26701
    },
    "@150000": {
        "validity": 0.27102,
        "uniqueness": 0.26874,
        "novelty": 0.26802,
        "n_valid": 40653,
        "n_unique": 40311,
        "n_novel": 40203
    },
    "@200000": {
        "validity": 0.270725,
        "uniqueness": 0.268,
        "novelty": 0.26729,
        "n_valid": 54145,
        "n_unique": 53600,
        "n_novel": 53458
    },
    "@250000": {
        "validity": 0.270504,
        "uniqueness": 0.267384,
        "novelty": 0.266652,
        "n_valid": 67626,
        "n_unique": 66846,
        "n_novel": 66663
    },
    "@300000": {
        "validity": 0.2705766666666667,
        "uniqueness": 0.26722666666666667,
        "novelty": 0.26649333333333336,
        "n_valid": 81173,
        "n_unique": 80168,
        "n_novel": 79948
    },
    "@350000": {
        "validity": 0.27032,
        "uniqueness": 0.2666685714285714,
        "novelty": 0.26596,
        "n_valid": 94612,
        "n_unique": 93334,
        "n_novel": 93086
    },
    "@400000": {
        "validity": 0.270005,
        "uniqueness": 0.2661725,
        "novelty": 0.2654675,
        "n_valid": 108002,
        "n_unique": 106469,
        "n_novel": 106187
    },
    "@450000": {
        "validity": 0.27043333333333336,
        "uniqueness": 0.26640444444444444,
        "novelty": 0.26571555555555554,
        "n_valid": 121695,
        "n_unique": 119882,
        "n_novel": 119572
    },
    "@500000": {
        "validity": 0.270302,
        "uniqueness": 0.26612,
        "novelty": 0.265432,
        "n_valid": 135151,
        "n_unique": 133060,
        "n_novel": 132716
    },
    "@550000": {
        "validity": 0.27049636363636365,
        "uniqueness": 0.2661581818181818,
        "novelty": 0.2654854545454545,
        "n_valid": 148773,
        "n_unique": 146387,
        "n_novel": 146017
    },
    "@600000": {
        "validity": 0.270735,
        "uniqueness": 0.2661983333333333,
        "novelty": 0.265535,
        "n_valid": 162441,
        "n_unique": 159719,
        "n_novel": 159321
    },
    "@650000": {
        "validity": 0.2707476923076923,
        "uniqueness": 0.26606615384615384,
        "novelty": 0.2654,
        "n_valid": 175986,
        "n_unique": 172943,
        "n_novel": 172510
    },
    "@700000": {
        "validity": 0.2708714285714286,
        "uniqueness": 0.2660085714285714,
        "novelty": 0.26534285714285716,
        "n_valid": 189610,
        "n_unique": 186206,
        "n_novel": 185740
    },
    "@750000": {
        "validity": 0.2709546666666667,
        "uniqueness": 0.26597333333333334,
        "novelty": 0.26531866666666665,
        "n_valid": 203216,
        "n_unique": 199480,
        "n_novel": 198989
    },
    "@800000": {
        "validity": 0.27095875,
        "uniqueness": 0.26585,
        "novelty": 0.26519625,
        "n_valid": 216767,
        "n_unique": 212680,
        "n_novel": 212157
    },
    "@850000": {
        "validity": 0.2709258823529412,
        "uniqueness": 0.2656729411764706,
        "novelty": 0.26502470588235294,
        "n_valid": 230287,
        "n_unique": 225822,
        "n_novel": 225271
    },
    "@900000": {
        "validity": 0.27102444444444446,
        "uniqueness": 0.2656233333333333,
        "novelty": 0.26498222222222223,
        "n_valid": 243922,
        "n_unique": 239061,
        "n_novel": 238484
    },
    "@950000": {
        "validity": 0.27098105263157896,
        "uniqueness": 0.26544842105263156,
        "novelty": 0.2648178947368421,
        "n_valid": 257432,
        "n_unique": 252176,
        "n_novel": 251577
    },
    "@1000000": {
        "validity": 0.270979,
        "uniqueness": 0.265341,
        "novelty": 0.264713,
        "n_valid": 270979,
        "n_unique": 265341,
        "n_novel": 264713
    }
}