{
    "@50000": {
        "validity": 0.99744,
        "uniqueness": 0.57518,
        "novelty": 0.54966,
        "n_valid": 49872,
        "n_unique": 28759,
        "n_novel": 27483
    },
    "@100000": {
        "validity": 0.99749,
        "uniqueness": 0.50327,
        "novelty": 0.48389,
        "n_valid": 99749,
        "n_unique": 50327,
        "n_novel": 48389
    },
    "@150000": {
        "validity": 0.9974133333333334,
        "uniqueness": 0.46264,
        "novelty": 0.44615333333333335,
        "n_valid": 149612,
        "n_unique": 69396,
        "n_novel": 66923
    },
    "@200000": {
        "validity": 0.99748,
        "uniqueness": 0.43589,
        "novelty": 0.421285,
        "n_valid": 199496,
        "n_unique": 87178,
        "n_novel": 84257
    },
    "@250000": {
        "validity": 0.99748,
        "uniqueness": 0.415216,
        "novelty": 0.402068,
        "n_valid": 249370,
        "n_unique": 103804,
        "n_novel": 100517
    },
    "@300000": {
        "validity": 0.9974633333333334,
        "uniqueness": 0.39793,
        "novelty": 0.38583,
        "n_valid": 299239,
        "n_unique": 119379,
        "n_novel": 115749
    },
    "@350000": {
        "validity": 0.9973942857142857,
        "uniqueness": 0.3840485714285714,
        "novelty": 0.37272285714285713,
        "n_valid": 349088,
        "n_unique": 134417,
        "n_novel": 130453
    },
    "@400000": {
        "validity": 0.99739,
        "uniqueness": 0.3719025,
        "novelty": 0.361235,
        "n_valid": 398956,
        "n_unique": 148761,
        "n_novel": 144494
    },
    "@450000": {
        "validity": 0.9973355555555555,
        "uniqueness": 0.3614688888888889,
        "novelty": 0.35138888888888886,
        "n_valid": 448801,
        "n_unique": 162661,
        "n_novel": 158125
    },
    "@500000": {
        "validity": 0.997318,
        "uniqueness": 0.352682,
        "novelty": 0.3431,
        "n_valid": 498659,
        "n_unique": 176341,
        "n_novel": 171550
    },
    "@550000": {
        "validity": 0.9973145454545455,
        "uniqueness": 0.3444836363636364,
        "novelty": 0.33529454545454546,
        "n_valid": 548523,
        "n_unique": 189466,
        "n_novel": 184412
    },
    "@600000": {
        "validity": 0.9973166666666666,
        "uniqueness": 0.3372116666666667,
        "novelty": 0.3283783333333333,
        "n_valid": 598390,
        "n_unique": 202327,
        "n_novel": 197027
    },
    "@650000": {
        "validity": 0.9973184615384615,
        "uniqueness": 0.33029384615384616,
        "novelty": 0.32178307692307695,
        "n_valid": 648257,
        "n_unique": 214691,
        "n_novel": 209159
    },
    "@700000": {
        "validity": 0.9973242857142857,
        "uniqueness": 0.3242085714285714,
        "novelty": 0.31599571428571427,
        "n_valid": 698127,
        "n_unique": 226946,
        "n_novel": 221197
    },
    "@750000": {
        "validity": 0.9973266666666667,
        "uniqueness": 0.318692,
        "novelty": 0.3107626666666667,
        "n_valid": 747995,
        "n_unique": 239019,
        "n_novel": 233072
    },
    "@800000": {
        "validity": 0.99732875,
        "uniqueness": 0.31341875,
        "novelty": 0.30572625,
        "n_valid": 797863,
        "n_unique": 250735,
        "n_novel": 244581
    },
    "@850000": {
        "validity": 0.9973141176470588,
        "uniqueness": 0.30864117647058825,
        "novelty": 0.30118117647058823,
        "n_valid": 847717,
        "n_unique": 262345,
        "n_novel": 256004
    },
    "@900000": {
        "validity": 0.9973411111111111,
        "uniqueness": 0.30430111111111113,
        "novelty": 0.2970433333333333,
        "n_valid": 897607,
        "n_unique": 273871,
        "n_novel": 267339
    },
    "@950000": {
        "validity": 0.9973547368421053,
        "uniqueness": 0.30021894736842103,
        "novelty": 0.29315157894736843,
        "n_valid": 947487,
        "n_unique": 285208,
        "n_novel": 278494
    },
    "@1000000": {
        "validity": 0.997352,
        "uniqueness": 0.296241,
        "novelty": 0.28936,
        "n_valid": 997352,
        "n_unique": 296241,
        "n_novel": 289360
    }
}