{
    "@50000": {
        "validity": 0.32882,
        "uniqueness": 0.32064,
        "novelty": 0.3178,
        "n_valid": 16441,
        "n_unique": 16032,
        "n_novel": 15890
    },
    "@100000": {
        "validity": 0.3291,
        "uniqueness": 0.31793,
        "novelty": 0.31549,
        "n_valid": 32910,
        "n_unique": 31793,
        "n_novel": 31549
    },
    "@150000": {
        "validity": 0.32736,
        "uniqueness": 0.3139533333333333,
        "novelty": 0.3115466666666667,
        "n_valid": 49104,
        "n_unique": 47093,
        "n_novel": 46732
    },
    "@200000": {
        "validity": 0.326235,
        "uniqueness": 0.31119,
        "novelty": 0.308935,
        "n_valid": 65247,
        "n_unique": 62238,
        "n_novel": 61787
    },
    "@250000": {
        "validity": 0.326288,
        "uniqueness": 0.31004,
        "novelty": 0.307972,
        "n_valid": 81572,
        "n_unique": 77510,
        "n_novel": 76993
    },
    "@300000": {
        "validity": 0.32681,
        "uniqueness": 0.3094266666666667,
        "novelty": 0.30740666666666666,
        "n_valid": 98043,
        "n_unique": 92828,
        "n_novel": 92222
    },
    "@350000": {
        "validity": 0.32696,
        "uniqueness": 0.3086342857142857,
        "novelty": 0.30664,
        "n_valid": 114436,
        "n_unique": 108022,
        "n_novel": 107324
    },
    "@400000": {
        "validity": 0.327145,
        "uniqueness": 0.307795,
        "novelty": 0.3058875,
        "n_valid": 130858,
        "n_unique": 123118,
        "n_novel": 122355
    },
    "@450000": {
        "validity": 0.3272555555555556,
        "uniqueness": 0.3070733333333333,
        "novelty": 0.3052377777777778,
        "n_valid": 147265,
        "n_unique": 138183,
        "n_novel": 137357
    },
    "@500000": {
        "validity": 0.327318,
        "uniqueness": 0.306448,
        "novelty": 0.3047,
        "n_valid": 163659,
        "n_unique": 153224,
        "n_novel": 152350
    },
    "@550000": {
        "validity": 0.3275763636363636,
        "uniqueness": 0.3060327272727273,
        "novelty": 0.30432,
        "n_valid": 180167,
        "n_unique": 168318,
        "n_novel": 167376
    },
    "@600000": {
        "validity": 0.327595,
        "uniqueness": 0.305385,
        "novelty": 0.3037433333333333,
        "n_valid": 196557,
        "n_unique": 183231,
        "n_novel": 182246
    },
    "@650000": {
        "validity": 0.3277492307692308,
        "uniqueness": 0.30500153846153844,
        "novelty": 0.30339846153846156,
        "n_valid": 213037,
        "n_unique": 198251,
        "n_novel": 197209
    },
    "@700000": {
        "validity": 0.3276742857142857,
        "uniqueness": 0.3044671428571429,
        "novelty": 0.3029157142857143,
        "n_valid": 229372,
        "n_unique": 213127,
        "n_novel": 212041
    },
    "@750000": {
        "validity": 0.32754133333333335,
        "uniqueness": 0.30390266666666665,
        "novelty": 0.30239333333333335,
        "n_valid": 245656,
        "n_unique": 227927,
        "n_novel": 226795
    },
    "@800000": {
        "validity": 0.327455,
        "uniqueness": 0.30347375,
        "novelty": 0.30197625,
        "n_valid": 261964,
        "n_unique": 242779,
        "n_novel": 241581
    },
    "@850000": {
        "validity": 0.3273623529411765,
        "uniqueness": 0.30294823529411763,
        "novelty": 0.3014764705882353,
        "n_valid": 278258,
        "n_unique": 257506,
        "n_novel": 256255
    },
    "@900000": {
        "validity": 0.3272144444444444,
        "uniqueness": 0.3023622222222222,
        "novelty": 0.30091666666666667,
        "n_valid": 294493,
        "n_unique": 272126,
        "n_novel": 270825
    },
    "@950000": {
        "validity": 0.32715684210526313,
        "uniqueness": 0.30195684210526313,
        "novelty": 0.30053473684210524,
        "n_valid": 310799,
        "n_unique": 286859,
        "n_novel": 285508
    },
    "@1000000": {
        "validity": 0.327159,
        "uniqueness": 0.301543,
        "novelty": 0.300145,
        "n_valid": 327159,
        "n_unique": 301543,
        "n_novel": 300145
    }
}