{
    "@50000": {
        "validity": 0.98216,
        "uniqueness": 0.94102,
        "novelty": 0.89192,
        "n_valid": 49108,
        "n_unique": 47051,
        "n_novel": 44596
    },
    "@100000": {
        "validity": 0.98212,
        "uniqueness": 0.92072,
        "novelty": 0.8775,
        "n_valid": 98212,
        "n_unique": 92072,
        "n_novel": 87750
    },
    "@150000": {
        "validity": 0.9823133333333334,
        "uniqueness": 0.9069866666666667,
        "novelty": 0.86738,
        "n_valid": 147347,
        "n_unique": 136048,
        "n_novel": 130107
    },
    "@200000": {
        "validity": 0.98238,
        "uniqueness": 0.895795,
        "novelty": 0.858695,
        "n_valid": 196476,
        "n_unique": 179159,
        "n_novel": 171739
    },
    "@250000": {
        "validity": 0.982532,
        "uniqueness": 0.886264,
        "novelty": 0.851396,
        "n_valid": 245633,
        "n_unique": 221566,
        "n_novel": 212849
    },
    "@300000": {
        "validity": 0.98241,
        "uniqueness": 0.8775933333333333,
        "novelty": 0.8445933333333333,
        "n_valid": 294723,
        "n_unique": 263278,
        "n_novel": 253378
    },
    "@350000": {
        "validity": 0.9825742857142857,
        "uniqueness": 0.8707285714285714,
        "novelty": 0.8393085714285714,
        "n_valid": 343901,
        "n_unique": 304755,
        "n_novel": 293758
    },
    "@400000": {
        "validity": 0.9824875,
        "uniqueness": 0.8641375,
        "novelty": 0.8341225,
        "n_valid": 392995,
        "n_unique": 345655,
        "n_novel": 333649
    },
    "@450000": {
        "validity": 0.9825533333333333,
        "uniqueness": 0.8577177777777778,
        "novelty": 0.8288355555555555,
        "n_valid": 442149,
        "n_unique": 385973,
        "n_novel": 372976
    },
    "@500000": {
        "validity": 0.982594,
        "uniqueness": 0.852404,
        "novelty": 0.8245,
        "n_valid": 491297,
        "n_unique": 426202,
        "n_novel": 412250
    },
    "@550000": {
        "validity": 0.9826436363636364,
        "uniqueness": 0.8472727272727273,
        "novelty": 0.8202345454545454,
        "n_valid": 540454,
        "n_unique": 466000,
        "n_novel": 451129
    },
    "@600000": {
        "validity": 0.9826866666666667,
        "uniqueness": 0.8424433333333333,
        "novelty": 0.8161933333333333,
        "n_valid": 589612,
        "n_unique": 505466,
        "n_novel": 489716
    },
    "@650000": {
        "validity": 0.9826892307692308,
        "uniqueness": 0.8380953846153846,
        "novelty": 0.81256,
        "n_valid": 638748,
        "n_unique": 544762,
        "n_novel": 528164
    },
    "@700000": {
        "validity": 0.9827114285714286,
        "uniqueness": 0.8339542857142858,
        "novelty": 0.8091114285714286,
        "n_valid": 687898,
        "n_unique": 583768,
        "n_novel": 566378
    },
    "@750000": {
        "validity": 0.982716,
        "uniqueness": 0.8297146666666667,
        "novelty": 0.8055,
        "n_valid": 737037,
        "n_unique": 622286,
        "n_novel": 604125
    },
    "@800000": {
        "validity": 0.98267125,
        "uniqueness": 0.8257875,
        "novelty": 0.80214375,
        "n_valid": 786137,
        "n_unique": 660630,
        "n_novel": 641715
    },
    "@850000": {
        "validity": 0.98268,
        "uniqueness": 0.8221929411764706,
        "novelty": 0.7990211764705882,
        "n_valid": 835278,
        "n_unique": 698864,
        "n_novel": 679168
    },
    "@900000": {
        "validity": 0.9827033333333334,
        "uniqueness": 0.8187766666666667,
        "novelty": 0.7960944444444444,
        "n_valid": 884433,
        "n_unique": 736899,
        "n_novel": 716485
    },
    "@950000": {
        "validity": 0.9827505263157895,
        "uniqueness": 0.8156431578947368,
        "novelty": 0.7934357894736842,
        "n_valid": 933613,
        "n_unique": 774861,
        "n_novel": 753764
    },
    "@1000000": {
        "validity": 0.98276,
        "uniqueness": 0.812493,
        "novelty": 0.790695,
        "n_valid": 982760,
        "n_unique": 812493,
        "n_novel": 790695
    }
}