{
    "@50000": {
        "validity": 0.98608,
        "uniqueness": 0.69032,
        "novelty": 0.66538,
        "n_valid": 49304,
        "n_unique": 34516,
        "n_novel": 33269
    },
    "@100000": {
        "validity": 0.98591,
        "uniqueness": 0.64435,
        "novelty": 0.62457,
        "n_valid": 98591,
        "n_unique": 64435,
        "n_novel": 62457
    },
    "@150000": {
        "validity": 0.98594,
        "uniqueness": 0.6161066666666667,
        "novelty": 0.5990266666666667,
        "n_valid": 147891,
        "n_unique": 92416,
        "n_novel": 89854
    },
    "@200000": {
        "validity": 0.98581,
        "uniqueness": 0.59482,
        "novelty": 0.579475,
        "n_valid": 197162,
        "n_unique": 118964,
        "n_novel": 115895
    },
    "@250000": {
        "validity": 0.985932,
        "uniqueness": 0.578636,
        "novelty": 0.56468,
        "n_valid": 246483,
        "n_unique": 144659,
        "n_novel": 141170
    },
    "@300000": {
        "validity": 0.9859966666666666,
        "uniqueness": 0.5660833333333334,
        "novelty": 0.5531633333333333,
        "n_valid": 295799,
        "n_unique": 169825,
        "n_novel": 165949
    },
    "@350000": {
        "validity": 0.9859085714285715,
        "uniqueness": 0.5549942857142857,
        "novelty": 0.5428,
        "n_valid": 345068,
        "n_unique": 194248,
        "n_novel": 189980
    },
    "@400000": {
        "validity": 0.9858325,
        "uniqueness": 0.5455825,
        "novelty": 0.53398,
        "n_valid": 394333,
        "n_unique": 218233,
        "n_novel": 213592
    },
    "@450000": {
        "validity": 0.9857466666666667,
        "uniqueness": 0.5369022222222222,
        "novelty": 0.5257688888888888,
        "n_valid": 443586,
        "n_unique": 241606,
        "n_novel": 236596
    },
    "@500000": {
        "validity": 0.985766,
        "uniqueness": 0.529032,
        "novelty": 0.51841,
        "n_valid": 492883,
        "n_unique": 264516,
        "n_novel": 259205
    },
    "@550000": {
        "validity": 0.9858709090909091,
        "uniqueness": 0.5223563636363636,
        "novelty": 0.5121418181818181,
        "n_valid": 542229,
        "n_unique": 287296,
        "n_novel": 281678
    },
    "@600000": {
        "validity": 0.9857866666666667,
        "uniqueness": 0.5160983333333333,
        "novelty": 0.5062783333333334,
        "n_valid": 591472,
        "n_unique": 309659,
        "n_novel": 303767
    },
    "@650000": {
        "validity": 0.9858353846153847,
        "uniqueness": 0.5104,
        "novelty": 0.5009107692307693,
        "n_valid": 640793,
        "n_unique": 331760,
        "n_novel": 325592
    },
    "@700000": {
        "validity": 0.9858728571428571,
        "uniqueness": 0.5051671428571428,
        "novelty": 0.4959642857142857,
        "n_valid": 690111,
        "n_unique": 353617,
        "n_novel": 347175
    },
    "@750000": {
        "validity": 0.9858546666666667,
        "uniqueness": 0.500236,
        "novelty": 0.49125066666666667,
        "n_valid": 739391,
        "n_unique": 375177,
        "n_novel": 368438
    },
    "@800000": {
        "validity": 0.9858675,
        "uniqueness": 0.49557125,
        "novelty": 0.48680875,
        "n_valid": 788694,
        "n_unique": 396457,
        "n_novel": 389447
    },
    "@850000": {
        "validity": 0.9858529411764706,
        "uniqueness": 0.4914129411764706,
        "novelty": 0.4828529411764706,
        "n_valid": 837975,
        "n_unique": 417701,
        "n_novel": 410425
    },
    "@900000": {
        "validity": 0.9858033333333334,
        "uniqueness": 0.48714,
        "novelty": 0.47876444444444444,
        "n_valid": 887223,
        "n_unique": 438426,
        "n_novel": 430888
    },
    "@950000": {
        "validity": 0.9858515789473684,
        "uniqueness": 0.4831357894736842,
        "novelty": 0.4749136842105263,
        "n_valid": 936559,
        "n_unique": 458979,
        "n_novel": 451168
    },
    "@1000000": {
        "validity": 0.985846,
        "uniqueness": 0.479682,
        "novelty": 0.471638,
        "n_valid": 985846,
        "n_unique": 479682,
        "n_novel": 471638
    }
}