{
    "@50000": {
        "validity": 0.88594,
        "uniqueness": 0.86954,
        "novelty": 0.8637,
        "n_valid": 44297,
        "n_unique": 43477,
        "n_novel": 43185
    },
    "@100000": {
        "validity": 0.88557,
        "uniqueness": 0.86047,
        "novelty": 0.85487,
        "n_valid": 88557,
        "n_unique": 86047,
        "n_novel": 85487
    },
    "@150000": {
        "validity": 0.8860066666666667,
        "uniqueness": 0.8546666666666667,
        "novelty": 0.8496066666666666,
        "n_valid": 132901,
        "n_unique": 128200,
        "n_novel": 127441
    },
    "@200000": {
        "validity": 0.885785,
        "uniqueness": 0.84968,
        "novelty": 0.84484,
        "n_valid": 177157,
        "n_unique": 169936,
        "n_novel": 168968
    },
    "@250000": {
        "validity": 0.885648,
        "uniqueness": 0.84546,
        "novelty": 0.840852,
        "n_valid": 221412,
        "n_unique": 211365,
        "n_novel": 210213
    },
    "@300000": {
        "validity": 0.88565,
        "uniqueness": 0.8421133333333334,
        "novelty": 0.8376533333333334,
        "n_valid": 265695,
        "n_unique": 252634,
        "n_novel": 251296
    },
    "@350000": {
        "validity": 0.88564,
        "uniqueness": 0.8390171428571429,
        "novelty": 0.8347828571428572,
        "n_valid": 309974,
        "n_unique": 293656,
        "n_novel": 292174
    },
    "@400000": {
        "validity": 0.88549,
        "uniqueness": 0.8357925,
        "novelty": 0.8316925,
        "n_valid": 354196,
        "n_unique": 334317,
        "n_novel": 332677
    },
    "@450000": {
        "validity": 0.8855844444444444,
        "uniqueness": 0.8332711111111111,
        "novelty": 0.8292977777777778,
        "n_valid": 398513,
        "n_unique": 374972,
        "n_novel": 373184
    },
    "@500000": {
        "validity": 0.885762,
        "uniqueness": 0.83102,
        "novelty": 0.827174,
        "n_valid": 442881,
        "n_unique": 415510,
        "n_novel": 413587
    },
    "@550000": {
        "validity": 0.8858618181818182,
        "uniqueness": 0.8288872727272727,
        "novelty": 0.8251745454545455,
        "n_valid": 487224,
        "n_unique": 455888,
        "n_novel": 453846
    },
    "@600000": {
        "validity": 0.8856266666666667,
        "uniqueness": 0.8266316666666667,
        "novelty": 0.8230333333333333,
        "n_valid": 531376,
        "n_unique": 495979,
        "n_novel": 493820
    },
    "@650000": {
        "validity": 0.8854338461538461,
        "uniqueness": 0.8244461538461538,
        "novelty": 0.8209446153846154,
        "n_valid": 575532,
        "n_unique": 535890,
        "n_novel": 533614
    },
    "@700000": {
        "validity": 0.8855171428571429,
        "uniqueness": 0.8226928571428571,
        "novelty": 0.8192485714285714,
        "n_valid": 619862,
        "n_unique": 575885,
        "n_novel": 573474
    },
    "@750000": {
        "validity": 0.8856373333333334,
        "uniqueness": 0.821016,
        "novelty": 0.817648,
        "n_valid": 664228,
        "n_unique": 615762,
        "n_novel": 613236
    },
    "@800000": {
        "validity": 0.8855075,
        "uniqueness": 0.8191925,
        "novelty": 0.8158775,
        "n_valid": 708406,
        "n_unique": 655354,
        "n_novel": 652702
    },
    "@850000": {
        "validity": 0.8854741176470589,
        "uniqueness": 0.8175435294117647,
        "novelty": 0.8142811764705883,
        "n_valid": 752653,
        "n_unique": 694912,
        "n_novel": 692139
    },
    "@900000": {
        "validity": 0.8855955555555556,
        "uniqueness": 0.8161333333333334,
        "novelty": 0.8129266666666667,
        "n_valid": 797036,
        "n_unique": 734520,
        "n_novel": 731634
    },
    "@950000": {
        "validity": 0.8855473684210526,
        "uniqueness": 0.8146178947368421,
        "novelty": 0.8114736842105263,
        "n_valid": 841270,
        "n_unique": 773887,
        "n_novel": 770900
    },
    "@1000000": {
        "validity": 0.88563,
        "uniqueness": 0.813282,
        "novelty": 0.810205,
        "n_valid": 885630,
        "n_unique": 813282,
        "n_novel": 810205
    }
}