{
    "train_loss": [
        0.6346376955509185,
        0.545516499876976,
        0.48809400498867034,
        0.43557990193367
    ],
    "val_loss": [
        0.5828491300344467,
        0.5830646753311157,
        0.5843675881624222,
        0.5928382128477097
    ]
}