{
    "@50000": {
        "validity": 0.99016,
        "uniqueness": 0.47892,
        "novelty": 0.45952,
        "n_valid": 49508,
        "n_unique": 23946,
        "n_novel": 22976
    },
    "@100000": {
        "validity": 0.98996,
        "uniqueness": 0.42377,
        "novelty": 0.40943,
        "n_valid": 98996,
        "n_unique": 42377,
        "n_novel": 40943
    },
    "@150000": {
        "validity": 0.9896666666666667,
        "uniqueness": 0.3915,
        "novelty": 0.37962,
        "n_valid": 148450,
        "n_unique": 58725,
        "n_novel": 56943
    },
    "@200000": {
        "validity": 0.989695,
        "uniqueness": 0.370585,
        "novelty": 0.3601,
        "n_valid": 197939,
        "n_unique": 74117,
        "n_novel": 72020
    },
    "@250000": {
        "validity": 0.989696,
        "uniqueness": 0.354768,
        "novelty": 0.345324,
        "n_valid": 247424,
        "n_unique": 88692,
        "n_novel": 86331
    },
    "@300000": {
        "validity": 0.9898,
        "uniqueness": 0.3424433333333333,
        "novelty": 0.33380333333333334,
        "n_valid": 296940,
        "n_unique": 102733,
        "n_novel": 100141
    },
    "@350000": {
        "validity": 0.9897742857142857,
        "uniqueness": 0.3322685714285714,
        "novelty": 0.32430285714285717,
        "n_valid": 346421,
        "n_unique": 116294,
        "n_novel": 113506
    },
    "@400000": {
        "validity": 0.98975,
        "uniqueness": 0.3229375,
        "novelty": 0.31545,
        "n_valid": 395900,
        "n_unique": 129175,
        "n_novel": 126180
    },
    "@450000": {
        "validity": 0.9897822222222222,
        "uniqueness": 0.3146111111111111,
        "novelty": 0.30759333333333333,
        "n_valid": 445402,
        "n_unique": 141575,
        "n_novel": 138417
    },
    "@500000": {
        "validity": 0.989854,
        "uniqueness": 0.30747,
        "novelty": 0.30079,
        "n_valid": 494927,
        "n_unique": 153735,
        "n_novel": 150395
    },
    "@550000": {
        "validity": 0.9897836363636363,
        "uniqueness": 0.3013181818181818,
        "novelty": 0.2949309090909091,
        "n_valid": 544381,
        "n_unique": 165725,
        "n_novel": 162212
    },
    "@600000": {
        "validity": 0.9898383333333334,
        "uniqueness": 0.29576833333333336,
        "novelty": 0.28965,
        "n_valid": 593903,
        "n_unique": 177461,
        "n_novel": 173790
    },
    "@650000": {
        "validity": 0.9898292307692308,
        "uniqueness": 0.2906846153846154,
        "novelty": 0.28482,
        "n_valid": 643389,
        "n_unique": 188945,
        "n_novel": 185133
    },
    "@700000": {
        "validity": 0.98977,
        "uniqueness": 0.2860857142857143,
        "novelty": 0.2804114285714286,
        "n_valid": 692839,
        "n_unique": 200260,
        "n_novel": 196288
    },
    "@750000": {
        "validity": 0.989764,
        "uniqueness": 0.2817093333333333,
        "novelty": 0.27620133333333335,
        "n_valid": 742323,
        "n_unique": 211282,
        "n_novel": 207151
    },
    "@800000": {
        "validity": 0.98973,
        "uniqueness": 0.2776775,
        "novelty": 0.27233875,
        "n_valid": 791784,
        "n_unique": 222142,
        "n_novel": 217871
    },
    "@850000": {
        "validity": 0.9897494117647059,
        "uniqueness": 0.2741411764705882,
        "novelty": 0.26898,
        "n_valid": 841287,
        "n_unique": 233020,
        "n_novel": 228633
    },
    "@900000": {
        "validity": 0.9897988888888889,
        "uniqueness": 0.2707188888888889,
        "novelty": 0.2657322222222222,
        "n_valid": 890819,
        "n_unique": 243647,
        "n_novel": 239159
    },
    "@950000": {
        "validity": 0.9897873684210526,
        "uniqueness": 0.2674157894736842,
        "novelty": 0.26255894736842106,
        "n_valid": 940298,
        "n_unique": 254045,
        "n_novel": 249431
    },
    "@1000000": {
        "validity": 0.98981,
        "uniqueness": 0.264455,
        "novelty": 0.259736,
        "n_valid": 989810,
        "n_unique": 264455,
        "n_novel": 259736
    }
}