{
    "@50000": {
        "validity": 0.8816,
        "uniqueness": 0.8809,
        "novelty": 0.87266,
        "n_valid": 44080,
        "n_unique": 44045,
        "n_novel": 43633
    },
    "@100000": {
        "validity": 0.88013,
        "uniqueness": 0.87871,
        "novelty": 0.87072,
        "n_valid": 88013,
        "n_unique": 87871,
        "n_novel": 87072
    },
    "@150000": {
        "validity": 0.88022,
        "uniqueness": 0.8782133333333333,
        "novelty": 0.8702666666666666,
        "n_valid": 132033,
        "n_unique": 131732,
        "n_novel": 130540
    },
    "@200000": {
        "validity": 0.880695,
        "uniqueness": 0.87829,
        "novelty": 0.870465,
        "n_valid": 176139,
        "n_unique": 175658,
        "n_novel": 174093
    },
    "@250000": {
        "validity": 0.881028,
        "uniqueness": 0.878184,
        "novelty": 0.870544,
        "n_valid": 220257,
        "n_unique": 219546,
        "n_novel": 217636
    },
    "@300000": {
        "validity": 0.8805433333333333,
        "uniqueness": 0.87726,
        "novelty": 0.8696733333333333,
        "n_valid": 264163,
        "n_unique": 263178,
        "n_novel": 260902
    },
    "@350000": {
        "validity": 0.8807028571428571,
        "uniqueness": 0.87696,
        "novelty": 0.8695057142857143,
        "n_valid": 308246,
        "n_unique": 306936,
        "n_novel": 304327
    },
    "@400000": {
        "validity": 0.880715,
        "uniqueness": 0.876595,
        "novelty": 0.86921,
        "n_valid": 352286,
        "n_unique": 350638,
        "n_novel": 347684
    },
    "@450000": {
        "validity": 0.8809266666666666,
        "uniqueness": 0.8763866666666666,
        "novelty": 0.8690644444444444,
        "n_valid": 396417,
        "n_unique": 394374,
        "n_novel": 391079
    },
    "@500000": {
        "validity": 0.88113,
        "uniqueness": 0.876276,
        "novelty": 0.869084,
        "n_valid": 440565,
        "n_unique": 438138,
        "n_novel": 434542
    },
    "@550000": {
        "validity": 0.881229090909091,
        "uniqueness": 0.8760309090909091,
        "novelty": 0.8689581818181819,
        "n_valid": 484676,
        "n_unique": 481817,
        "n_novel": 477927
    },
    "@600000": {
        "validity": 0.88102,
        "uniqueness": 0.875475,
        "novelty": 0.868475,
        "n_valid": 528612,
        "n_unique": 525285,
        "n_novel": 521085
    },
    "@650000": {
        "validity": 0.8810215384615384,
        "uniqueness": 0.8751476923076923,
        "novelty": 0.8682169230769231,
        "n_valid": 572664,
        "n_unique": 568846,
        "n_novel": 564341
    },
    "@700000": {
        "validity": 0.8809914285714285,
        "uniqueness": 0.8747928571428571,
        "novelty": 0.8679557142857143,
        "n_valid": 616694,
        "n_unique": 612355,
        "n_novel": 607569
    },
    "@750000": {
        "validity": 0.8809306666666666,
        "uniqueness": 0.874448,
        "novelty": 0.8676653333333333,
        "n_valid": 660698,
        "n_unique": 655836,
        "n_novel": 650749
    },
    "@800000": {
        "validity": 0.8809125,
        "uniqueness": 0.87410125,
        "novelty": 0.86737375,
        "n_valid": 704730,
        "n_unique": 699281,
        "n_novel": 693899
    },
    "@850000": {
        "validity": 0.8808341176470589,
        "uniqueness": 0.8737741176470588,
        "novelty": 0.8671364705882353,
        "n_valid": 748709,
        "n_unique": 742708,
        "n_novel": 737066
    },
    "@900000": {
        "validity": 0.8808622222222222,
        "uniqueness": 0.8734866666666666,
        "novelty": 0.8668888888888889,
        "n_valid": 792776,
        "n_unique": 786138,
        "n_novel": 780200
    },
    "@950000": {
        "validity": 0.8809242105263158,
        "uniqueness": 0.8732673684210527,
        "novelty": 0.8667315789473684,
        "n_valid": 836878,
        "n_unique": 829604,
        "n_novel": 823395
    },
    "@1000000": {
        "validity": 0.880948,
        "uniqueness": 0.873008,
        "novelty": 0.866513,
        "n_valid": 880948,
        "n_unique": 873008,
        "n_novel": 866513
    }
}