{
    "@50000": {
        "validity": 0.97994,
        "uniqueness": 0.95906,
        "novelty": 0.92418,
        "n_valid": 48997,
        "n_unique": 47953,
        "n_novel": 46209
    },
    "@100000": {
        "validity": 0.97955,
        "uniqueness": 0.94624,
        "novelty": 0.914,
        "n_valid": 97955,
        "n_unique": 94624,
        "n_novel": 91400
    },
    "@150000": {
        "validity": 0.9795533333333334,
        "uniqueness": 0.93692,
        "novelty": 0.9063333333333333,
        "n_valid": 146933,
        "n_unique": 140538,
        "n_novel": 135950
    },
    "@200000": {
        "validity": 0.97946,
        "uniqueness": 0.92923,
        "novelty": 0.900235,
        "n_valid": 195892,
        "n_unique": 185846,
        "n_novel": 180047
    },
    "@250000": {
        "validity": 0.979576,
        "uniqueness": 0.922368,
        "novelty": 0.89484,
        "n_valid": 244894,
        "n_unique": 230592,
        "n_novel": 223710
    },
    "@300000": {
        "validity": 0.9795833333333334,
        "uniqueness": 0.9164133333333333,
        "novelty": 0.8901333333333333,
        "n_valid": 293875,
        "n_unique": 274924,
        "n_novel": 267040
    },
    "@350000": {
        "validity": 0.9796171428571429,
        "uniqueness": 0.9108485714285715,
        "novelty": 0.8856085714285714,
        "n_valid": 342866,
        "n_unique": 318797,
        "n_novel": 309963
    },
    "@400000": {
        "validity": 0.9794675,
        "uniqueness": 0.90575,
        "novelty": 0.88139,
        "n_valid": 391787,
        "n_unique": 362300,
        "n_novel": 352556
    },
    "@450000": {
        "validity": 0.9793666666666667,
        "uniqueness": 0.9008511111111112,
        "novelty": 0.8772577777777778,
        "n_valid": 440715,
        "n_unique": 405383,
        "n_novel": 394766
    },
    "@500000": {
        "validity": 0.979464,
        "uniqueness": 0.896984,
        "novelty": 0.87414,
        "n_valid": 489732,
        "n_unique": 448492,
        "n_novel": 437070
    },
    "@550000": {
        "validity": 0.9794745454545455,
        "uniqueness": 0.8932509090909091,
        "novelty": 0.8710436363636364,
        "n_valid": 538711,
        "n_unique": 491288,
        "n_novel": 479074
    },
    "@600000": {
        "validity": 0.97949,
        "uniqueness": 0.8898483333333334,
        "novelty": 0.8682666666666666,
        "n_valid": 587694,
        "n_unique": 533909,
        "n_novel": 520960
    },
    "@650000": {
        "validity": 0.9793753846153846,
        "uniqueness": 0.8864492307692308,
        "novelty": 0.865423076923077,
        "n_valid": 636594,
        "n_unique": 576192,
        "n_novel": 562525
    },
    "@700000": {
        "validity": 0.9793171428571429,
        "uniqueness": 0.8832442857142857,
        "novelty": 0.8627071428571429,
        "n_valid": 685522,
        "n_unique": 618271,
        "n_novel": 603895
    },
    "@750000": {
        "validity": 0.9793533333333333,
        "uniqueness": 0.88022,
        "novelty": 0.860128,
        "n_valid": 734515,
        "n_unique": 660165,
        "n_novel": 645096
    },
    "@800000": {
        "validity": 0.9793675,
        "uniqueness": 0.87733,
        "novelty": 0.85769125,
        "n_valid": 783494,
        "n_unique": 701864,
        "n_novel": 686153
    },
    "@850000": {
        "validity": 0.9793694117647059,
        "uniqueness": 0.8745764705882353,
        "novelty": 0.8552976470588235,
        "n_valid": 832464,
        "n_unique": 743390,
        "n_novel": 727003
    },
    "@900000": {
        "validity": 0.9794133333333334,
        "uniqueness": 0.8718233333333333,
        "novelty": 0.8529588888888889,
        "n_valid": 881472,
        "n_unique": 784641,
        "n_novel": 767663
    },
    "@950000": {
        "validity": 0.9794526315789474,
        "uniqueness": 0.8693494736842106,
        "novelty": 0.8508221052631579,
        "n_valid": 930480,
        "n_unique": 825882,
        "n_novel": 808281
    },
    "@1000000": {
        "validity": 0.979427,
        "uniqueness": 0.866954,
        "novelty": 0.848749,
        "n_valid": 979427,
        "n_unique": 866954,
        "n_novel": 848749
    }
}