{
    "@50000": {
        "validity": 0.95978,
        "uniqueness": 0.61434,
        "novelty": 0.60394,
        "n_valid": 47989,
        "n_unique": 30717,
        "n_novel": 30197
    },
    "@100000": {
        "validity": 0.95923,
        "uniqueness": 0.5479,
        "novelty": 0.5414,
        "n_valid": 95923,
        "n_unique": 54790,
        "n_novel": 54140
    },
    "@150000": {
        "validity": 0.95948,
        "uniqueness": 0.5073866666666667,
        "novelty": 0.5025133333333334,
        "n_valid": 143922,
        "n_unique": 76108,
        "n_novel": 75377
    },
    "@200000": {
        "validity": 0.959445,
        "uniqueness": 0.480165,
        "novelty": 0.476225,
        "n_valid": 191889,
        "n_unique": 96033,
        "n_novel": 95245
    },
    "@250000": {
        "validity": 0.959484,
        "uniqueness": 0.459732,
        "novelty": 0.456376,
        "n_valid": 239871,
        "n_unique": 114933,
        "n_novel": 114094
    },
    "@300000": {
        "validity": 0.9596166666666667,
        "uniqueness": 0.4429766666666667,
        "novelty": 0.4400733333333333,
        "n_valid": 287885,
        "n_unique": 132893,
        "n_novel": 132022
    },
    "@350000": {
        "validity": 0.9595085714285714,
        "uniqueness": 0.4289,
        "novelty": 0.4262914285714286,
        "n_valid": 335828,
        "n_unique": 150115,
        "n_novel": 149202
    },
    "@400000": {
        "validity": 0.9594375,
        "uniqueness": 0.4172775,
        "novelty": 0.4149325,
        "n_valid": 383775,
        "n_unique": 166911,
        "n_novel": 165973
    },
    "@450000": {
        "validity": 0.95938,
        "uniqueness": 0.40672,
        "novelty": 0.40456888888888887,
        "n_valid": 431721,
        "n_unique": 183024,
        "n_novel": 182056
    },
    "@500000": {
        "validity": 0.959418,
        "uniqueness": 0.397914,
        "novelty": 0.395946,
        "n_valid": 479709,
        "n_unique": 198957,
        "n_novel": 197973
    },
    "@550000": {
        "validity": 0.9594290909090909,
        "uniqueness": 0.3896181818181818,
        "novelty": 0.38780909090909094,
        "n_valid": 527686,
        "n_unique": 214290,
        "n_novel": 213295
    },
    "@600000": {
        "validity": 0.9593366666666666,
        "uniqueness": 0.38217,
        "novelty": 0.38046833333333335,
        "n_valid": 575602,
        "n_unique": 229302,
        "n_novel": 228281
    },
    "@650000": {
        "validity": 0.9593353846153846,
        "uniqueness": 0.37535846153846153,
        "novelty": 0.3737569230769231,
        "n_valid": 623568,
        "n_unique": 243983,
        "n_novel": 242942
    },
    "@700000": {
        "validity": 0.9592985714285714,
        "uniqueness": 0.3694071428571429,
        "novelty": 0.36788857142857145,
        "n_valid": 671509,
        "n_unique": 258585,
        "n_novel": 257522
    },
    "@750000": {
        "validity": 0.9593266666666667,
        "uniqueness": 0.363748,
        "novelty": 0.362312,
        "n_valid": 719495,
        "n_unique": 272811,
        "n_novel": 271734
    },
    "@800000": {
        "validity": 0.95928375,
        "uniqueness": 0.35838,
        "novelty": 0.35701625,
        "n_valid": 767427,
        "n_unique": 286704,
        "n_novel": 285613
    },
    "@850000": {
        "validity": 0.9592870588235294,
        "uniqueness": 0.35330823529411765,
        "novelty": 0.3520070588235294,
        "n_valid": 815394,
        "n_unique": 300312,
        "n_novel": 299206
    },
    "@900000": {
        "validity": 0.9592433333333333,
        "uniqueness": 0.34886,
        "novelty": 0.3476122222222222,
        "n_valid": 863319,
        "n_unique": 313974,
        "n_novel": 312851
    },
    "@950000": {
        "validity": 0.959198947368421,
        "uniqueness": 0.34428,
        "novelty": 0.34309263157894737,
        "n_valid": 911239,
        "n_unique": 327066,
        "n_novel": 325938
    },
    "@1000000": {
        "validity": 0.959198,
        "uniqueness": 0.340303,
        "novelty": 0.339166,
        "n_valid": 959198,
        "n_unique": 340303,
        "n_novel": 339166
    }
}