{
    "@50000": {
        "validity": 0.87658,
        "uniqueness": 0.84988,
        "novelty": 0.84216,
        "n_valid": 43829,
        "n_unique": 42494,
        "n_novel": 42108
    },
    "@100000": {
        "validity": 0.87485,
        "uniqueness": 0.84023,
        "novelty": 0.83388,
        "n_valid": 87485,
        "n_unique": 84023,
        "n_novel": 83388
    },
    "@150000": {
        "validity": 0.8751466666666666,
        "uniqueness": 0.8352,
        "novelty": 0.8295666666666667,
        "n_valid": 131272,
        "n_unique": 125280,
        "n_novel": 124435
    },
    "@200000": {
        "validity": 0.87497,
        "uniqueness": 0.831225,
        "novelty": 0.82614,
        "n_valid": 174994,
        "n_unique": 166245,
        "n_novel": 165228
    },
    "@250000": {
        "validity": 0.874916,
        "uniqueness": 0.827504,
        "novelty": 0.8228,
        "n_valid": 218729,
        "n_unique": 206876,
        "n_novel": 205700
    },
    "@300000": {
        "validity": 0.87499,
        "uniqueness": 0.8244933333333333,
        "novelty": 0.82013,
        "n_valid": 262497,
        "n_unique": 247348,
        "n_novel": 246039
    },
    "@350000": {
        "validity": 0.8751485714285714,
        "uniqueness": 0.8220457142857143,
        "novelty": 0.8179228571428572,
        "n_valid": 306302,
        "n_unique": 287716,
        "n_novel": 286273
    },
    "@400000": {
        "validity": 0.8751125,
        "uniqueness": 0.8198225,
        "novelty": 0.8158825,
        "n_valid": 350045,
        "n_unique": 327929,
        "n_novel": 326353
    },
    "@450000": {
        "validity": 0.8750777777777777,
        "uniqueness": 0.8176466666666666,
        "novelty": 0.8139066666666667,
        "n_valid": 393785,
        "n_unique": 367941,
        "n_novel": 366258
    },
    "@500000": {
        "validity": 0.875176,
        "uniqueness": 0.815724,
        "novelty": 0.812112,
        "n_valid": 437588,
        "n_unique": 407862,
        "n_novel": 406056
    },
    "@550000": {
        "validity": 0.8753254545454545,
        "uniqueness": 0.81424,
        "novelty": 0.8107436363636363,
        "n_valid": 481429,
        "n_unique": 447832,
        "n_novel": 445909
    },
    "@600000": {
        "validity": 0.8750483333333333,
        "uniqueness": 0.812375,
        "novelty": 0.808965,
        "n_valid": 525029,
        "n_unique": 487425,
        "n_novel": 485379
    },
    "@650000": {
        "validity": 0.8751707692307692,
        "uniqueness": 0.8108938461538462,
        "novelty": 0.8076076923076924,
        "n_valid": 568861,
        "n_unique": 527081,
        "n_novel": 524945
    },
    "@700000": {
        "validity": 0.8750871428571428,
        "uniqueness": 0.80923,
        "novelty": 0.8060285714285714,
        "n_valid": 612561,
        "n_unique": 566461,
        "n_novel": 564220
    },
    "@750000": {
        "validity": 0.874816,
        "uniqueness": 0.807628,
        "novelty": 0.8045266666666666,
        "n_valid": 656112,
        "n_unique": 605721,
        "n_novel": 603395
    },
    "@800000": {
        "validity": 0.8749075,
        "uniqueness": 0.80638875,
        "novelty": 0.80334875,
        "n_valid": 699926,
        "n_unique": 645111,
        "n_novel": 642679
    },
    "@850000": {
        "validity": 0.8749117647058824,
        "uniqueness": 0.8051470588235294,
        "novelty": 0.8021835294117647,
        "n_valid": 743675,
        "n_unique": 684375,
        "n_novel": 681856
    },
    "@900000": {
        "validity": 0.8749355555555556,
        "uniqueness": 0.8039877777777777,
        "novelty": 0.8010822222222223,
        "n_valid": 787442,
        "n_unique": 723589,
        "n_novel": 720974
    },
    "@950000": {
        "validity": 0.8748863157894737,
        "uniqueness": 0.8026968421052632,
        "novelty": 0.7998378947368421,
        "n_valid": 831142,
        "n_unique": 762562,
        "n_novel": 759846
    },
    "@1000000": {
        "validity": 0.874866,
        "uniqueness": 0.801512,
        "novelty": 0.798711,
        "n_valid": 874866,
        "n_unique": 801512,
        "n_novel": 798711
    }
}