{
    "train_loss": [
        0.623862624168396,
        0.5310658544301987,
        0.4716530829668045,
        0.43086608350276945,
        0.38954796493053434
    ],
    "val_loss": [
        0.5802565664052963,
        0.5746159702539444,
        0.575377568602562,
        0.578645870089531,
        0.5959218889474869
    ]
}