{
    "@50000": {
        "validity": 0.7998,
        "uniqueness": 0.79582,
        "novelty": 0.78896,
        "n_valid": 39990,
        "n_unique": 39791,
        "n_novel": 39448
    },
    "@100000": {
        "validity": 0.80135,
        "uniqueness": 0.79449,
        "novelty": 0.7884,
        "n_valid": 80135,
        "n_unique": 79449,
        "n_novel": 78840
    },
    "@150000": {
        "validity": 0.8000933333333333,
        "uniqueness": 0.7911733333333333,
        "novelty": 0.78526,
        "n_valid": 120014,
        "n_unique": 118676,
        "n_novel": 117789
    },
    "@200000": {
        "validity": 0.79925,
        "uniqueness": 0.788775,
        "novelty": 0.783085,
        "n_valid": 159850,
        "n_unique": 157755,
        "n_novel": 156617
    },
    "@250000": {
        "validity": 0.798988,
        "uniqueness": 0.78704,
        "novelty": 0.78164,
        "n_valid": 199747,
        "n_unique": 196760,
        "n_novel": 195410
    },
    "@300000": {
        "validity": 0.7983,
        "uniqueness": 0.78481,
        "novelty": 0.7795766666666667,
        "n_valid": 239490,
        "n_unique": 235443,
        "n_novel": 233873
    },
    "@350000": {
        "validity": 0.7984228571428571,
        "uniqueness": 0.78376,
        "novelty": 0.77862,
        "n_valid": 279448,
        "n_unique": 274316,
        "n_novel": 272517
    },
    "@400000": {
        "validity": 0.7984325,
        "uniqueness": 0.782605,
        "novelty": 0.7776225,
        "n_valid": 319373,
        "n_unique": 313042,
        "n_novel": 311049
    },
    "@450000": {
        "validity": 0.7982777777777778,
        "uniqueness": 0.7816088888888889,
        "novelty": 0.7767488888888889,
        "n_valid": 359225,
        "n_unique": 351724,
        "n_novel": 349537
    },
    "@500000": {
        "validity": 0.798252,
        "uniqueness": 0.780566,
        "novelty": 0.77585,
        "n_valid": 399126,
        "n_unique": 390283,
        "n_novel": 387925
    },
    "@550000": {
        "validity": 0.7984236363636363,
        "uniqueness": 0.7799781818181818,
        "novelty": 0.7753163636363636,
        "n_valid": 439133,
        "n_unique": 428988,
        "n_novel": 426424
    },
    "@600000": {
        "validity": 0.7982366666666667,
        "uniqueness": 0.7789466666666667,
        "novelty": 0.774375,
        "n_valid": 478942,
        "n_unique": 467368,
        "n_novel": 464625
    },
    "@650000": {
        "validity": 0.7984969230769231,
        "uniqueness": 0.7784076923076924,
        "novelty": 0.7739030769230769,
        "n_valid": 519023,
        "n_unique": 505965,
        "n_novel": 503037
    },
    "@700000": {
        "validity": 0.7983614285714286,
        "uniqueness": 0.7774942857142857,
        "novelty": 0.7730771428571429,
        "n_valid": 558853,
        "n_unique": 544246,
        "n_novel": 541154
    },
    "@750000": {
        "validity": 0.7982293333333333,
        "uniqueness": 0.7766533333333333,
        "novelty": 0.7722986666666667,
        "n_valid": 598672,
        "n_unique": 582490,
        "n_novel": 579224
    },
    "@800000": {
        "validity": 0.79812,
        "uniqueness": 0.7758225,
        "novelty": 0.7715275,
        "n_valid": 638496,
        "n_unique": 620658,
        "n_novel": 617222
    },
    "@850000": {
        "validity": 0.79822,
        "uniqueness": 0.775284705882353,
        "novelty": 0.7710576470588235,
        "n_valid": 678487,
        "n_unique": 658992,
        "n_novel": 655399
    },
    "@900000": {
        "validity": 0.7981766666666666,
        "uniqueness": 0.7746511111111111,
        "novelty": 0.7704866666666667,
        "n_valid": 718359,
        "n_unique": 697186,
        "n_novel": 693438
    },
    "@950000": {
        "validity": 0.7981452631578947,
        "uniqueness": 0.7739589473684211,
        "novelty": 0.7698547368421053,
        "n_valid": 758238,
        "n_unique": 735261,
        "n_novel": 731362
    },
    "@1000000": {
        "validity": 0.798157,
        "uniqueness": 0.773329,
        "novelty": 0.769285,
        "n_valid": 798157,
        "n_unique": 773329,
        "n_novel": 769285
    }
}