{
    "@50000": {
        "validity": 0.95508,
        "uniqueness": 0.55112,
        "novelty": 0.54512,
        "n_valid": 47754,
        "n_unique": 27556,
        "n_novel": 27256
    },
    "@100000": {
        "validity": 0.95516,
        "uniqueness": 0.49214,
        "novelty": 0.48792,
        "n_valid": 95516,
        "n_unique": 49214,
        "n_novel": 48792
    },
    "@150000": {
        "validity": 0.9559266666666667,
        "uniqueness": 0.45763333333333334,
        "novelty": 0.4542,
        "n_valid": 143389,
        "n_unique": 68645,
        "n_novel": 68130
    },
    "@200000": {
        "validity": 0.956245,
        "uniqueness": 0.43403,
        "novelty": 0.43111,
        "n_valid": 191249,
        "n_unique": 86806,
        "n_novel": 86222
    },
    "@250000": {
        "validity": 0.95644,
        "uniqueness": 0.416568,
        "novelty": 0.413932,
        "n_valid": 239110,
        "n_unique": 104142,
        "n_novel": 103483
    },
    "@300000": {
        "validity": 0.9567033333333334,
        "uniqueness": 0.40271,
        "novelty": 0.40025,
        "n_valid": 287011,
        "n_unique": 120813,
        "n_novel": 120075
    },
    "@350000": {
        "validity": 0.9563657142857143,
        "uniqueness": 0.3913257142857143,
        "novelty": 0.38907714285714284,
        "n_valid": 334728,
        "n_unique": 136964,
        "n_novel": 136177
    },
    "@400000": {
        "validity": 0.9564225,
        "uniqueness": 0.381395,
        "novelty": 0.37932,
        "n_valid": 382569,
        "n_unique": 152558,
        "n_novel": 151728
    },
    "@450000": {
        "validity": 0.9562288888888889,
        "uniqueness": 0.37261555555555553,
        "novelty": 0.37067555555555554,
        "n_valid": 430303,
        "n_unique": 167677,
        "n_novel": 166804
    },
    "@500000": {
        "validity": 0.956244,
        "uniqueness": 0.36486,
        "novelty": 0.363016,
        "n_valid": 478122,
        "n_unique": 182430,
        "n_novel": 181508
    },
    "@550000": {
        "validity": 0.9560890909090909,
        "uniqueness": 0.3577909090909091,
        "novelty": 0.35605818181818183,
        "n_valid": 525849,
        "n_unique": 196785,
        "n_novel": 195832
    },
    "@600000": {
        "validity": 0.95622,
        "uniqueness": 0.35126,
        "novelty": 0.34961333333333333,
        "n_valid": 573732,
        "n_unique": 210756,
        "n_novel": 209768
    },
    "@650000": {
        "validity": 0.9563630769230769,
        "uniqueness": 0.3455153846153846,
        "novelty": 0.3439569230769231,
        "n_valid": 621636,
        "n_unique": 224585,
        "n_novel": 223572
    },
    "@700000": {
        "validity": 0.9564257142857143,
        "uniqueness": 0.34061285714285716,
        "novelty": 0.33911,
        "n_valid": 669498,
        "n_unique": 238429,
        "n_novel": 237377
    },
    "@750000": {
        "validity": 0.9564346666666667,
        "uniqueness": 0.335736,
        "novelty": 0.33429733333333334,
        "n_valid": 717326,
        "n_unique": 251802,
        "n_novel": 250723
    },
    "@800000": {
        "validity": 0.9564525,
        "uniqueness": 0.33143375,
        "novelty": 0.33004375,
        "n_valid": 765162,
        "n_unique": 265147,
        "n_novel": 264035
    },
    "@850000": {
        "validity": 0.9564588235294118,
        "uniqueness": 0.3274623529411765,
        "novelty": 0.32612117647058825,
        "n_valid": 812990,
        "n_unique": 278343,
        "n_novel": 277203
    },
    "@900000": {
        "validity": 0.9564244444444444,
        "uniqueness": 0.3236233333333333,
        "novelty": 0.32231666666666664,
        "n_valid": 860782,
        "n_unique": 291261,
        "n_novel": 290085
    },
    "@950000": {
        "validity": 0.9563642105263158,
        "uniqueness": 0.319901052631579,
        "novelty": 0.31863157894736843,
        "n_valid": 908546,
        "n_unique": 303906,
        "n_novel": 302700
    },
    "@1000000": {
        "validity": 0.95641,
        "uniqueness": 0.31645,
        "novelty": 0.315217,
        "n_valid": 956410,
        "n_unique": 316450,
        "n_novel": 315217
    }
}