{
    "@50000": {
        "validity": 0.59944,
        "uniqueness": 0.59526,
        "novelty": 0.58916,
        "n_valid": 29972,
        "n_unique": 29763,
        "n_novel": 29458
    },
    "@100000": {
        "validity": 0.60219,
        "uniqueness": 0.59618,
        "novelty": 0.59066,
        "n_valid": 60219,
        "n_unique": 59618,
        "n_novel": 59066
    },
    "@150000": {
        "validity": 0.6013333333333334,
        "uniqueness": 0.5938133333333333,
        "novelty": 0.5884933333333333,
        "n_valid": 90200,
        "n_unique": 89072,
        "n_novel": 88274
    },
    "@200000": {
        "validity": 0.602095,
        "uniqueness": 0.593135,
        "novelty": 0.58818,
        "n_valid": 120419,
        "n_unique": 118627,
        "n_novel": 117636
    },
    "@250000": {
        "validity": 0.601388,
        "uniqueness": 0.59118,
        "novelty": 0.586552,
        "n_valid": 150347,
        "n_unique": 147795,
        "n_novel": 146638
    },
    "@300000": {
        "validity": 0.6015433333333333,
        "uniqueness": 0.5904333333333334,
        "novelty": 0.58608,
        "n_valid": 180463,
        "n_unique": 177130,
        "n_novel": 175824
    },
    "@350000": {
        "validity": 0.6015342857142857,
        "uniqueness": 0.5897428571428571,
        "novelty": 0.5855171428571428,
        "n_valid": 210537,
        "n_unique": 206410,
        "n_novel": 204931
    },
    "@400000": {
        "validity": 0.6017175,
        "uniqueness": 0.589115,
        "novelty": 0.58502,
        "n_valid": 240687,
        "n_unique": 235646,
        "n_novel": 234008
    },
    "@450000": {
        "validity": 0.6018266666666666,
        "uniqueness": 0.5885688888888889,
        "novelty": 0.5846177777777778,
        "n_valid": 270822,
        "n_unique": 264856,
        "n_novel": 263078
    },
    "@500000": {
        "validity": 0.602004,
        "uniqueness": 0.58798,
        "novelty": 0.584114,
        "n_valid": 301002,
        "n_unique": 293990,
        "n_novel": 292057
    },
    "@550000": {
        "validity": 0.6017981818181818,
        "uniqueness": 0.5871945454545454,
        "novelty": 0.5834090909090909,
        "n_valid": 330989,
        "n_unique": 322957,
        "n_novel": 320875
    },
    "@600000": {
        "validity": 0.6016783333333333,
        "uniqueness": 0.5865766666666666,
        "novelty": 0.5828616666666666,
        "n_valid": 361007,
        "n_unique": 351946,
        "n_novel": 349717
    },
    "@650000": {
        "validity": 0.6018507692307692,
        "uniqueness": 0.5862215384615385,
        "novelty": 0.58262,
        "n_valid": 391203,
        "n_unique": 381044,
        "n_novel": 378703
    },
    "@700000": {
        "validity": 0.6018942857142857,
        "uniqueness": 0.58571,
        "novelty": 0.5821485714285715,
        "n_valid": 421326,
        "n_unique": 409997,
        "n_novel": 407504
    },
    "@750000": {
        "validity": 0.6018813333333334,
        "uniqueness": 0.5852026666666666,
        "novelty": 0.581712,
        "n_valid": 451411,
        "n_unique": 438902,
        "n_novel": 436284
    },
    "@800000": {
        "validity": 0.60168875,
        "uniqueness": 0.584555,
        "novelty": 0.58113625,
        "n_valid": 481351,
        "n_unique": 467644,
        "n_novel": 464909
    },
    "@850000": {
        "validity": 0.6017011764705882,
        "uniqueness": 0.5841447058823529,
        "novelty": 0.5807729411764706,
        "n_valid": 511446,
        "n_unique": 496523,
        "n_novel": 493657
    },
    "@900000": {
        "validity": 0.6018011111111111,
        "uniqueness": 0.5838077777777778,
        "novelty": 0.5804911111111111,
        "n_valid": 541621,
        "n_unique": 525427,
        "n_novel": 522442
    },
    "@950000": {
        "validity": 0.6018473684210527,
        "uniqueness": 0.5834463157894737,
        "novelty": 0.5801852631578948,
        "n_valid": 571755,
        "n_unique": 554274,
        "n_novel": 551176
    },
    "@1000000": {
        "validity": 0.601916,
        "uniqueness": 0.583075,
        "novelty": 0.579866,
        "n_valid": 601916,
        "n_unique": 583075,
        "n_novel": 579866
    }
}