{
    "@50000": {
        "validity": 0.74924,
        "uniqueness": 0.74726,
        "novelty": 0.7444,
        "n_valid": 37462,
        "n_unique": 37363,
        "n_novel": 37220
    },
    "@100000": {
        "validity": 0.74941,
        "uniqueness": 0.74662,
        "novelty": 0.74386,
        "n_valid": 74941,
        "n_unique": 74662,
        "n_novel": 74386
    },
    "@150000": {
        "validity": 0.7497266666666667,
        "uniqueness": 0.7463133333333334,
        "novelty": 0.7435733333333333,
        "n_valid": 112459,
        "n_unique": 111947,
        "n_novel": 111536
    },
    "@200000": {
        "validity": 0.74978,
        "uniqueness": 0.745885,
        "novelty": 0.743165,
        "n_valid": 149956,
        "n_unique": 149177,
        "n_novel": 148633
    },
    "@250000": {
        "validity": 0.749928,
        "uniqueness": 0.74562,
        "novelty": 0.742872,
        "n_valid": 187482,
        "n_unique": 186405,
        "n_novel": 185718
    },
    "@300000": {
        "validity": 0.75023,
        "uniqueness": 0.74561,
        "novelty": 0.7429333333333333,
        "n_valid": 225069,
        "n_unique": 223683,
        "n_novel": 222880
    },
    "@350000": {
        "validity": 0.7499885714285714,
        "uniqueness": 0.7449657142857142,
        "novelty": 0.7423114285714286,
        "n_valid": 262496,
        "n_unique": 260738,
        "n_novel": 259809
    },
    "@400000": {
        "validity": 0.7502525,
        "uniqueness": 0.7448725,
        "novelty": 0.742275,
        "n_valid": 300101,
        "n_unique": 297949,
        "n_novel": 296910
    },
    "@450000": {
        "validity": 0.7501888888888889,
        "uniqueness": 0.7445688888888888,
        "novelty": 0.7419955555555555,
        "n_valid": 337585,
        "n_unique": 335056,
        "n_novel": 333898
    },
    "@500000": {
        "validity": 0.750296,
        "uniqueness": 0.74446,
        "novelty": 0.741876,
        "n_valid": 375148,
        "n_unique": 372230,
        "n_novel": 370938
    },
    "@550000": {
        "validity": 0.7501709090909091,
        "uniqueness": 0.7440745454545454,
        "novelty": 0.7414472727272727,
        "n_valid": 412594,
        "n_unique": 409241,
        "n_novel": 407796
    },
    "@600000": {
        "validity": 0.7499933333333333,
        "uniqueness": 0.7436566666666666,
        "novelty": 0.7410766666666667,
        "n_valid": 449996,
        "n_unique": 446194,
        "n_novel": 444646
    },
    "@650000": {
        "validity": 0.7499107692307693,
        "uniqueness": 0.7433430769230769,
        "novelty": 0.7408030769230769,
        "n_valid": 487442,
        "n_unique": 483173,
        "n_novel": 481522
    },
    "@700000": {
        "validity": 0.7497871428571429,
        "uniqueness": 0.7429642857142857,
        "novelty": 0.74043,
        "n_valid": 524851,
        "n_unique": 520075,
        "n_novel": 518301
    },
    "@750000": {
        "validity": 0.7499506666666667,
        "uniqueness": 0.742964,
        "novelty": 0.7404586666666667,
        "n_valid": 562463,
        "n_unique": 557223,
        "n_novel": 555344
    },
    "@800000": {
        "validity": 0.74979,
        "uniqueness": 0.74259,
        "novelty": 0.7401025,
        "n_valid": 599832,
        "n_unique": 594072,
        "n_novel": 592082
    },
    "@850000": {
        "validity": 0.7497364705882353,
        "uniqueness": 0.7423658823529412,
        "novelty": 0.7399105882352941,
        "n_valid": 637276,
        "n_unique": 631011,
        "n_novel": 628924
    },
    "@900000": {
        "validity": 0.7496444444444444,
        "uniqueness": 0.74212,
        "novelty": 0.7396955555555556,
        "n_valid": 674680,
        "n_unique": 667908,
        "n_novel": 665726
    },
    "@950000": {
        "validity": 0.7494347368421053,
        "uniqueness": 0.7417484210526316,
        "novelty": 0.7393305263157894,
        "n_valid": 711963,
        "n_unique": 704661,
        "n_novel": 702364
    },
    "@1000000": {
        "validity": 0.74936,
        "uniqueness": 0.74151,
        "novelty": 0.739118,
        "n_valid": 749360,
        "n_unique": 741510,
        "n_novel": 739118
    }
}