{
    "@50000": {
        "validity": 0.84522,
        "uniqueness": 0.84412,
        "novelty": 0.83788,
        "n_valid": 42261,
        "n_unique": 42206,
        "n_novel": 41894
    },
    "@100000": {
        "validity": 0.84542,
        "uniqueness": 0.84338,
        "novelty": 0.83765,
        "n_valid": 84542,
        "n_unique": 84338,
        "n_novel": 83765
    },
    "@150000": {
        "validity": 0.8452333333333333,
        "uniqueness": 0.8425,
        "novelty": 0.8369266666666667,
        "n_valid": 126785,
        "n_unique": 126375,
        "n_novel": 125539
    },
    "@200000": {
        "validity": 0.845145,
        "uniqueness": 0.84203,
        "novelty": 0.8366,
        "n_valid": 169029,
        "n_unique": 168406,
        "n_novel": 167320
    },
    "@250000": {
        "validity": 0.84466,
        "uniqueness": 0.841076,
        "novelty": 0.835688,
        "n_valid": 211165,
        "n_unique": 210269,
        "n_novel": 208922
    },
    "@300000": {
        "validity": 0.8446933333333333,
        "uniqueness": 0.8407066666666667,
        "novelty": 0.8354433333333333,
        "n_valid": 253408,
        "n_unique": 252212,
        "n_novel": 250633
    },
    "@350000": {
        "validity": 0.8446057142857143,
        "uniqueness": 0.8401514285714285,
        "novelty": 0.8349885714285714,
        "n_valid": 295612,
        "n_unique": 294053,
        "n_novel": 292246
    },
    "@400000": {
        "validity": 0.8443,
        "uniqueness": 0.839385,
        "novelty": 0.834295,
        "n_valid": 337720,
        "n_unique": 335754,
        "n_novel": 333718
    },
    "@450000": {
        "validity": 0.8442822222222223,
        "uniqueness": 0.8390844444444444,
        "novelty": 0.8340844444444444,
        "n_valid": 379927,
        "n_unique": 377588,
        "n_novel": 375338
    },
    "@500000": {
        "validity": 0.844636,
        "uniqueness": 0.839182,
        "novelty": 0.834192,
        "n_valid": 422318,
        "n_unique": 419591,
        "n_novel": 417096
    },
    "@550000": {
        "validity": 0.8448127272727273,
        "uniqueness": 0.8390090909090909,
        "novelty": 0.8340781818181818,
        "n_valid": 464647,
        "n_unique": 461455,
        "n_novel": 458743
    },
    "@600000": {
        "validity": 0.844645,
        "uniqueness": 0.8385816666666667,
        "novelty": 0.8337133333333333,
        "n_valid": 506787,
        "n_unique": 503149,
        "n_novel": 500228
    },
    "@650000": {
        "validity": 0.844596923076923,
        "uniqueness": 0.8382415384615385,
        "novelty": 0.83344,
        "n_valid": 548988,
        "n_unique": 544857,
        "n_novel": 541736
    },
    "@700000": {
        "validity": 0.8445742857142857,
        "uniqueness": 0.8379671428571429,
        "novelty": 0.8331971428571429,
        "n_valid": 591202,
        "n_unique": 586577,
        "n_novel": 583238
    },
    "@750000": {
        "validity": 0.8446333333333333,
        "uniqueness": 0.8377826666666667,
        "novelty": 0.833092,
        "n_valid": 633475,
        "n_unique": 628337,
        "n_novel": 624819
    },
    "@800000": {
        "validity": 0.84465375,
        "uniqueness": 0.83754125,
        "novelty": 0.83288,
        "n_valid": 675723,
        "n_unique": 670033,
        "n_novel": 666304
    },
    "@850000": {
        "validity": 0.8446,
        "uniqueness": 0.83724,
        "novelty": 0.832655294117647,
        "n_valid": 717910,
        "n_unique": 711654,
        "n_novel": 707757
    },
    "@900000": {
        "validity": 0.8445755555555555,
        "uniqueness": 0.8369822222222222,
        "novelty": 0.8324322222222222,
        "n_valid": 760118,
        "n_unique": 753284,
        "n_novel": 749189
    },
    "@950000": {
        "validity": 0.8444673684210526,
        "uniqueness": 0.8366336842105263,
        "novelty": 0.8321063157894737,
        "n_valid": 802244,
        "n_unique": 794802,
        "n_novel": 790501
    },
    "@1000000": {
        "validity": 0.844607,
        "uniqueness": 0.836537,
        "novelty": 0.832049,
        "n_valid": 844607,
        "n_unique": 836537,
        "n_novel": 832049
    }
}