{
    "@50000": {
        "validity": 0.87066,
        "uniqueness": 0.85748,
        "novelty": 0.84774,
        "n_valid": 43533,
        "n_unique": 42874,
        "n_novel": 42387
    },
    "@100000": {
        "validity": 0.86938,
        "uniqueness": 0.85113,
        "novelty": 0.84233,
        "n_valid": 86938,
        "n_unique": 85113,
        "n_novel": 84233
    },
    "@150000": {
        "validity": 0.8693266666666667,
        "uniqueness": 0.8475466666666667,
        "novelty": 0.8393933333333333,
        "n_valid": 130399,
        "n_unique": 127132,
        "n_novel": 125909
    },
    "@200000": {
        "validity": 0.869,
        "uniqueness": 0.844605,
        "novelty": 0.836745,
        "n_valid": 173800,
        "n_unique": 168921,
        "n_novel": 167349
    },
    "@250000": {
        "validity": 0.869376,
        "uniqueness": 0.842664,
        "novelty": 0.835048,
        "n_valid": 217344,
        "n_unique": 210666,
        "n_novel": 208762
    },
    "@300000": {
        "validity": 0.8697133333333333,
        "uniqueness": 0.8407833333333333,
        "novelty": 0.8333133333333334,
        "n_valid": 260914,
        "n_unique": 252235,
        "n_novel": 249994
    },
    "@350000": {
        "validity": 0.86992,
        "uniqueness": 0.8391942857142857,
        "novelty": 0.8319942857142857,
        "n_valid": 304472,
        "n_unique": 293718,
        "n_novel": 291198
    },
    "@400000": {
        "validity": 0.86989,
        "uniqueness": 0.83736,
        "novelty": 0.83033,
        "n_valid": 347956,
        "n_unique": 334944,
        "n_novel": 332132
    },
    "@450000": {
        "validity": 0.8695422222222222,
        "uniqueness": 0.8354555555555555,
        "novelty": 0.8285622222222222,
        "n_valid": 391294,
        "n_unique": 375955,
        "n_novel": 372853
    },
    "@500000": {
        "validity": 0.86949,
        "uniqueness": 0.834014,
        "novelty": 0.827204,
        "n_valid": 434745,
        "n_unique": 417007,
        "n_novel": 413602
    },
    "@550000": {
        "validity": 0.8695563636363637,
        "uniqueness": 0.8327872727272727,
        "novelty": 0.8261018181818182,
        "n_valid": 478256,
        "n_unique": 458033,
        "n_novel": 454356
    },
    "@600000": {
        "validity": 0.8696216666666666,
        "uniqueness": 0.831705,
        "novelty": 0.82512,
        "n_valid": 521773,
        "n_unique": 499023,
        "n_novel": 495072
    },
    "@650000": {
        "validity": 0.8696523076923077,
        "uniqueness": 0.8305553846153846,
        "novelty": 0.8240907692307692,
        "n_valid": 565274,
        "n_unique": 539861,
        "n_novel": 535659
    },
    "@700000": {
        "validity": 0.8697028571428571,
        "uniqueness": 0.8293557142857143,
        "novelty": 0.8230028571428571,
        "n_valid": 608792,
        "n_unique": 580549,
        "n_novel": 576102
    },
    "@750000": {
        "validity": 0.8697733333333333,
        "uniqueness": 0.8285373333333333,
        "novelty": 0.8223333333333334,
        "n_valid": 652330,
        "n_unique": 621403,
        "n_novel": 616750
    },
    "@800000": {
        "validity": 0.86967375,
        "uniqueness": 0.82748625,
        "novelty": 0.8213825,
        "n_valid": 695739,
        "n_unique": 661989,
        "n_novel": 657106
    },
    "@850000": {
        "validity": 0.8697541176470588,
        "uniqueness": 0.8265494117647059,
        "novelty": 0.8205317647058824,
        "n_valid": 739291,
        "n_unique": 702567,
        "n_novel": 697452
    },
    "@900000": {
        "validity": 0.86979,
        "uniqueness": 0.8256744444444445,
        "novelty": 0.8197366666666667,
        "n_valid": 782811,
        "n_unique": 743107,
        "n_novel": 737763
    },
    "@950000": {
        "validity": 0.8696484210526316,
        "uniqueness": 0.8247252631578947,
        "novelty": 0.8188736842105263,
        "n_valid": 826166,
        "n_unique": 783489,
        "n_novel": 777930
    },
    "@1000000": {
        "validity": 0.869558,
        "uniqueness": 0.823814,
        "novelty": 0.818023,
        "n_valid": 869558,
        "n_unique": 823814,
        "n_novel": 818023
    }
}