{
    "@50000": {
        "validity": 0.91828,
        "uniqueness": 0.91634,
        "novelty": 0.90482,
        "n_valid": 45914,
        "n_unique": 45817,
        "n_novel": 45241
    },
    "@100000": {
        "validity": 0.9174,
        "uniqueness": 0.9143,
        "novelty": 0.90284,
        "n_valid": 91740,
        "n_unique": 91430,
        "n_novel": 90284
    },
    "@150000": {
        "validity": 0.9176266666666667,
        "uniqueness": 0.9136866666666666,
        "novelty": 0.9024533333333333,
        "n_valid": 137644,
        "n_unique": 137053,
        "n_novel": 135368
    },
    "@200000": {
        "validity": 0.91791,
        "uniqueness": 0.91316,
        "novelty": 0.90218,
        "n_valid": 183582,
        "n_unique": 182632,
        "n_novel": 180436
    },
    "@250000": {
        "validity": 0.917944,
        "uniqueness": 0.912248,
        "novelty": 0.901388,
        "n_valid": 229486,
        "n_unique": 228062,
        "n_novel": 225347
    },
    "@300000": {
        "validity": 0.91778,
        "uniqueness": 0.9115166666666666,
        "novelty": 0.90086,
        "n_valid": 275334,
        "n_unique": 273455,
        "n_novel": 270258
    },
    "@350000": {
        "validity": 0.9177542857142857,
        "uniqueness": 0.9109057142857143,
        "novelty": 0.9005257142857143,
        "n_valid": 321214,
        "n_unique": 318817,
        "n_novel": 315184
    },
    "@400000": {
        "validity": 0.9177375,
        "uniqueness": 0.9102825,
        "novelty": 0.9000825,
        "n_valid": 367095,
        "n_unique": 364113,
        "n_novel": 360033
    },
    "@450000": {
        "validity": 0.9178444444444445,
        "uniqueness": 0.9097555555555555,
        "novelty": 0.8997444444444445,
        "n_valid": 413030,
        "n_unique": 409390,
        "n_novel": 404885
    },
    "@500000": {
        "validity": 0.917858,
        "uniqueness": 0.909238,
        "novelty": 0.899374,
        "n_valid": 458929,
        "n_unique": 454619,
        "n_novel": 449687
    },
    "@550000": {
        "validity": 0.91804,
        "uniqueness": 0.9088854545454546,
        "novelty": 0.8991945454545455,
        "n_valid": 504922,
        "n_unique": 499887,
        "n_novel": 494557
    },
    "@600000": {
        "validity": 0.918005,
        "uniqueness": 0.9082933333333333,
        "novelty": 0.89872,
        "n_valid": 550803,
        "n_unique": 544976,
        "n_novel": 539232
    },
    "@650000": {
        "validity": 0.9179492307692307,
        "uniqueness": 0.9076938461538462,
        "novelty": 0.898236923076923,
        "n_valid": 596667,
        "n_unique": 590001,
        "n_novel": 583854
    },
    "@700000": {
        "validity": 0.9177928571428572,
        "uniqueness": 0.9070171428571429,
        "novelty": 0.8976942857142857,
        "n_valid": 642455,
        "n_unique": 634912,
        "n_novel": 628386
    },
    "@750000": {
        "validity": 0.9177,
        "uniqueness": 0.906476,
        "novelty": 0.89728,
        "n_valid": 688275,
        "n_unique": 679857,
        "n_novel": 672960
    },
    "@800000": {
        "validity": 0.917735,
        "uniqueness": 0.9060225,
        "novelty": 0.89692625,
        "n_valid": 734188,
        "n_unique": 724818,
        "n_novel": 717541
    },
    "@850000": {
        "validity": 0.9178564705882353,
        "uniqueness": 0.9057717647058824,
        "novelty": 0.8968235294117647,
        "n_valid": 780178,
        "n_unique": 769906,
        "n_novel": 762300
    },
    "@900000": {
        "validity": 0.9179077777777778,
        "uniqueness": 0.9054222222222222,
        "novelty": 0.8965511111111111,
        "n_valid": 826117,
        "n_unique": 814880,
        "n_novel": 806896
    },
    "@950000": {
        "validity": 0.9180126315789474,
        "uniqueness": 0.9051452631578948,
        "novelty": 0.8963705263157895,
        "n_valid": 872112,
        "n_unique": 859888,
        "n_novel": 851552
    },
    "@1000000": {
        "validity": 0.918018,
        "uniqueness": 0.904792,
        "novelty": 0.896079,
        "n_valid": 918018,
        "n_unique": 904792,
        "n_novel": 896079
    }
}