{
    "@50000": {
        "validity": 0.97246,
        "uniqueness": 0.61912,
        "novelty": 0.6104,
        "n_valid": 48623,
        "n_unique": 30956,
        "n_novel": 30520
    },
    "@100000": {
        "validity": 0.97169,
        "uniqueness": 0.56284,
        "novelty": 0.55676,
        "n_valid": 97169,
        "n_unique": 56284,
        "n_novel": 55676
    },
    "@150000": {
        "validity": 0.9718533333333333,
        "uniqueness": 0.5284533333333333,
        "novelty": 0.52342,
        "n_valid": 145778,
        "n_unique": 79268,
        "n_novel": 78513
    },
    "@200000": {
        "validity": 0.97178,
        "uniqueness": 0.50457,
        "novelty": 0.500225,
        "n_valid": 194356,
        "n_unique": 100914,
        "n_novel": 100045
    },
    "@250000": {
        "validity": 0.971524,
        "uniqueness": 0.485992,
        "novelty": 0.482128,
        "n_valid": 242881,
        "n_unique": 121498,
        "n_novel": 120532
    },
    "@300000": {
        "validity": 0.97154,
        "uniqueness": 0.47131,
        "novelty": 0.4677733333333333,
        "n_valid": 291462,
        "n_unique": 141393,
        "n_novel": 140332
    },
    "@350000": {
        "validity": 0.97172,
        "uniqueness": 0.4592685714285714,
        "novelty": 0.45598,
        "n_valid": 340102,
        "n_unique": 160744,
        "n_novel": 159593
    },
    "@400000": {
        "validity": 0.971635,
        "uniqueness": 0.44865,
        "novelty": 0.445535,
        "n_valid": 388654,
        "n_unique": 179460,
        "n_novel": 178214
    },
    "@450000": {
        "validity": 0.9716844444444445,
        "uniqueness": 0.43921333333333334,
        "novelty": 0.4362711111111111,
        "n_valid": 437258,
        "n_unique": 197646,
        "n_novel": 196322
    },
    "@500000": {
        "validity": 0.97178,
        "uniqueness": 0.431334,
        "novelty": 0.428524,
        "n_valid": 485890,
        "n_unique": 215667,
        "n_novel": 214262
    },
    "@550000": {
        "validity": 0.9718563636363636,
        "uniqueness": 0.4242672727272727,
        "novelty": 0.4216,
        "n_valid": 534521,
        "n_unique": 233347,
        "n_novel": 231880
    },
    "@600000": {
        "validity": 0.971925,
        "uniqueness": 0.4174116666666667,
        "novelty": 0.41484666666666664,
        "n_valid": 583155,
        "n_unique": 250447,
        "n_novel": 248908
    },
    "@650000": {
        "validity": 0.9719169230769231,
        "uniqueness": 0.4116353846153846,
        "novelty": 0.4091753846153846,
        "n_valid": 631746,
        "n_unique": 267563,
        "n_novel": 265964
    },
    "@700000": {
        "validity": 0.9718271428571429,
        "uniqueness": 0.40622285714285716,
        "novelty": 0.40386428571428573,
        "n_valid": 680279,
        "n_unique": 284356,
        "n_novel": 282705
    },
    "@750000": {
        "validity": 0.9718066666666667,
        "uniqueness": 0.40101333333333333,
        "novelty": 0.398756,
        "n_valid": 728855,
        "n_unique": 300760,
        "n_novel": 299067
    },
    "@800000": {
        "validity": 0.97178375,
        "uniqueness": 0.396245,
        "novelty": 0.39406375,
        "n_valid": 777427,
        "n_unique": 316996,
        "n_novel": 315251
    },
    "@850000": {
        "validity": 0.9717670588235294,
        "uniqueness": 0.39156588235294115,
        "novelty": 0.38945529411764707,
        "n_valid": 826002,
        "n_unique": 332831,
        "n_novel": 331037
    },
    "@900000": {
        "validity": 0.9717566666666667,
        "uniqueness": 0.38749222222222224,
        "novelty": 0.38545444444444443,
        "n_valid": 874581,
        "n_unique": 348743,
        "n_novel": 346909
    },
    "@950000": {
        "validity": 0.9717905263157894,
        "uniqueness": 0.38348736842105263,
        "novelty": 0.3815031578947368,
        "n_valid": 923201,
        "n_unique": 364313,
        "n_novel": 362428
    },
    "@1000000": {
        "validity": 0.971794,
        "uniqueness": 0.379802,
        "novelty": 0.377876,
        "n_valid": 971794,
        "n_unique": 379802,
        "n_novel": 377876
    }
}