{
    "@50000": {
        "validity": 0.98942,
        "uniqueness": 0.91328,
        "novelty": 0.86576,
        "n_valid": 49471,
        "n_unique": 45664,
        "n_novel": 43288
    },
    "@100000": {
        "validity": 0.9892,
        "uniqueness": 0.88788,
        "novelty": 0.84636,
        "n_valid": 98920,
        "n_unique": 88788,
        "n_novel": 84636
    },
    "@150000": {
        "validity": 0.98924,
        "uniqueness": 0.8710533333333333,
        "novelty": 0.8335866666666667,
        "n_valid": 148386,
        "n_unique": 130658,
        "n_novel": 125038
    },
    "@200000": {
        "validity": 0.98906,
        "uniqueness": 0.858565,
        "novelty": 0.82353,
        "n_valid": 197812,
        "n_unique": 171713,
        "n_novel": 164706
    },
    "@250000": {
        "validity": 0.98904,
        "uniqueness": 0.846892,
        "novelty": 0.814152,
        "n_valid": 247260,
        "n_unique": 211723,
        "n_novel": 203538
    },
    "@300000": {
        "validity": 0.9889866666666667,
        "uniqueness": 0.8374,
        "novelty": 0.80649,
        "n_valid": 296696,
        "n_unique": 251220,
        "n_novel": 241947
    },
    "@350000": {
        "validity": 0.9888457142857143,
        "uniqueness": 0.8289257142857143,
        "novelty": 0.7994285714285714,
        "n_valid": 346096,
        "n_unique": 290124,
        "n_novel": 279800
    },
    "@400000": {
        "validity": 0.988965,
        "uniqueness": 0.8218125,
        "novelty": 0.7937425,
        "n_valid": 395586,
        "n_unique": 328725,
        "n_novel": 317497
    },
    "@450000": {
        "validity": 0.9889666666666667,
        "uniqueness": 0.8148577777777778,
        "novelty": 0.7879711111111111,
        "n_valid": 445035,
        "n_unique": 366686,
        "n_novel": 354587
    },
    "@500000": {
        "validity": 0.988968,
        "uniqueness": 0.808778,
        "novelty": 0.782896,
        "n_valid": 494484,
        "n_unique": 404389,
        "n_novel": 391448
    },
    "@550000": {
        "validity": 0.9889854545454545,
        "uniqueness": 0.8029745454545455,
        "novelty": 0.7779745454545455,
        "n_valid": 543942,
        "n_unique": 441636,
        "n_novel": 427886
    },
    "@600000": {
        "validity": 0.9889616666666666,
        "uniqueness": 0.797555,
        "novelty": 0.7733133333333333,
        "n_valid": 593377,
        "n_unique": 478533,
        "n_novel": 463988
    },
    "@650000": {
        "validity": 0.988963076923077,
        "uniqueness": 0.7925892307692308,
        "novelty": 0.7690076923076923,
        "n_valid": 642826,
        "n_unique": 515183,
        "n_novel": 499855
    },
    "@700000": {
        "validity": 0.9889671428571428,
        "uniqueness": 0.78794,
        "novelty": 0.7649828571428572,
        "n_valid": 692277,
        "n_unique": 551558,
        "n_novel": 535488
    },
    "@750000": {
        "validity": 0.9889626666666667,
        "uniqueness": 0.7835906666666667,
        "novelty": 0.76118,
        "n_valid": 741722,
        "n_unique": 587693,
        "n_novel": 570885
    },
    "@800000": {
        "validity": 0.98898,
        "uniqueness": 0.77976875,
        "novelty": 0.75796125,
        "n_valid": 791184,
        "n_unique": 623815,
        "n_novel": 606369
    },
    "@850000": {
        "validity": 0.9889388235294118,
        "uniqueness": 0.7758494117647059,
        "novelty": 0.7545776470588236,
        "n_valid": 840598,
        "n_unique": 659472,
        "n_novel": 641391
    },
    "@900000": {
        "validity": 0.9889788888888889,
        "uniqueness": 0.7721177777777778,
        "novelty": 0.7513088888888889,
        "n_valid": 890081,
        "n_unique": 694906,
        "n_novel": 676178
    },
    "@950000": {
        "validity": 0.988981052631579,
        "uniqueness": 0.7684768421052631,
        "novelty": 0.7481284210526316,
        "n_valid": 939532,
        "n_unique": 730053,
        "n_novel": 710722
    },
    "@1000000": {
        "validity": 0.988961,
        "uniqueness": 0.764839,
        "novelty": 0.744914,
        "n_valid": 988961,
        "n_unique": 764839,
        "n_novel": 744914
    }
}