{
    "@50000": {
        "validity": 0.90374,
        "uniqueness": 0.57428,
        "novelty": 0.56576,
        "n_valid": 45187,
        "n_unique": 28714,
        "n_novel": 28288
    },
    "@100000": {
        "validity": 0.90514,
        "uniqueness": 0.52752,
        "novelty": 0.52163,
        "n_valid": 90514,
        "n_unique": 52752,
        "n_novel": 52163
    },
    "@150000": {
        "validity": 0.9047533333333333,
        "uniqueness": 0.4992933333333333,
        "novelty": 0.49474,
        "n_valid": 135713,
        "n_unique": 74894,
        "n_novel": 74211
    },
    "@200000": {
        "validity": 0.904775,
        "uniqueness": 0.481175,
        "novelty": 0.47728,
        "n_valid": 180955,
        "n_unique": 96235,
        "n_novel": 95456
    },
    "@250000": {
        "validity": 0.905216,
        "uniqueness": 0.466708,
        "novelty": 0.4633,
        "n_valid": 226304,
        "n_unique": 116677,
        "n_novel": 115825
    },
    "@300000": {
        "validity": 0.9049933333333333,
        "uniqueness": 0.45453,
        "novelty": 0.4514666666666667,
        "n_valid": 271498,
        "n_unique": 136359,
        "n_novel": 135440
    },
    "@350000": {
        "validity": 0.9052971428571429,
        "uniqueness": 0.44462285714285715,
        "novelty": 0.44182571428571427,
        "n_valid": 316854,
        "n_unique": 155618,
        "n_novel": 154639
    },
    "@400000": {
        "validity": 0.905,
        "uniqueness": 0.4356375,
        "novelty": 0.433065,
        "n_valid": 362000,
        "n_unique": 174255,
        "n_novel": 173226
    },
    "@450000": {
        "validity": 0.90484,
        "uniqueness": 0.4279266666666667,
        "novelty": 0.42552,
        "n_valid": 407178,
        "n_unique": 192567,
        "n_novel": 191484
    },
    "@500000": {
        "validity": 0.90485,
        "uniqueness": 0.421492,
        "novelty": 0.419256,
        "n_valid": 452425,
        "n_unique": 210746,
        "n_novel": 209628
    },
    "@550000": {
        "validity": 0.9046381818181818,
        "uniqueness": 0.41523454545454547,
        "novelty": 0.41314,
        "n_valid": 497551,
        "n_unique": 228379,
        "n_novel": 227227
    },
    "@600000": {
        "validity": 0.904675,
        "uniqueness": 0.4101,
        "novelty": 0.40812333333333334,
        "n_valid": 542805,
        "n_unique": 246060,
        "n_novel": 244874
    },
    "@650000": {
        "validity": 0.904556923076923,
        "uniqueness": 0.4049507692307692,
        "novelty": 0.4030630769230769,
        "n_valid": 587962,
        "n_unique": 263218,
        "n_novel": 261991
    },
    "@700000": {
        "validity": 0.9047514285714285,
        "uniqueness": 0.4005,
        "novelty": 0.39867857142857144,
        "n_valid": 633326,
        "n_unique": 280350,
        "n_novel": 279075
    },
    "@750000": {
        "validity": 0.904744,
        "uniqueness": 0.3961,
        "novelty": 0.39434933333333333,
        "n_valid": 678558,
        "n_unique": 297075,
        "n_novel": 295762
    },
    "@800000": {
        "validity": 0.90455375,
        "uniqueness": 0.392065,
        "novelty": 0.3903775,
        "n_valid": 723643,
        "n_unique": 313652,
        "n_novel": 312302
    },
    "@850000": {
        "validity": 0.9046988235294118,
        "uniqueness": 0.3886035294117647,
        "novelty": 0.3869811764705882,
        "n_valid": 768994,
        "n_unique": 330313,
        "n_novel": 328934
    },
    "@900000": {
        "validity": 0.9046188888888889,
        "uniqueness": 0.38526777777777776,
        "novelty": 0.38371555555555553,
        "n_valid": 814157,
        "n_unique": 346741,
        "n_novel": 345344
    },
    "@950000": {
        "validity": 0.9045252631578947,
        "uniqueness": 0.38212,
        "novelty": 0.3806336842105263,
        "n_valid": 859299,
        "n_unique": 363014,
        "n_novel": 361602
    },
    "@1000000": {
        "validity": 0.904442,
        "uniqueness": 0.378829,
        "novelty": 0.377385,
        "n_valid": 904442,
        "n_unique": 378829,
        "n_novel": 377385
    }
}