{
    "@50000": {
        "validity": 0.9057,
        "uniqueness": 0.79186,
        "novelty": 0.78232,
        "n_valid": 45285,
        "n_unique": 39593,
        "n_novel": 39116
    },
    "@100000": {
        "validity": 0.90482,
        "uniqueness": 0.75983,
        "novelty": 0.75197,
        "n_valid": 90482,
        "n_unique": 75983,
        "n_novel": 75197
    },
    "@150000": {
        "validity": 0.9035,
        "uniqueness": 0.7381066666666667,
        "novelty": 0.7312933333333334,
        "n_valid": 135525,
        "n_unique": 110716,
        "n_novel": 109694
    },
    "@200000": {
        "validity": 0.903725,
        "uniqueness": 0.724,
        "novelty": 0.717955,
        "n_valid": 180745,
        "n_unique": 144800,
        "n_novel": 143591
    },
    "@250000": {
        "validity": 0.903332,
        "uniqueness": 0.711936,
        "novelty": 0.706448,
        "n_valid": 225833,
        "n_unique": 177984,
        "n_novel": 176612
    },
    "@300000": {
        "validity": 0.90372,
        "uniqueness": 0.7017333333333333,
        "novelty": 0.6965733333333334,
        "n_valid": 271116,
        "n_unique": 210520,
        "n_novel": 208972
    },
    "@350000": {
        "validity": 0.9034571428571428,
        "uniqueness": 0.6927514285714286,
        "novelty": 0.6879314285714285,
        "n_valid": 316210,
        "n_unique": 242463,
        "n_novel": 240776
    },
    "@400000": {
        "validity": 0.90361,
        "uniqueness": 0.6852475,
        "novelty": 0.6807125,
        "n_valid": 361444,
        "n_unique": 274099,
        "n_novel": 272285
    },
    "@450000": {
        "validity": 0.9038755555555555,
        "uniqueness": 0.6786688888888889,
        "novelty": 0.6743422222222222,
        "n_valid": 406744,
        "n_unique": 305401,
        "n_novel": 303454
    },
    "@500000": {
        "validity": 0.903848,
        "uniqueness": 0.673094,
        "novelty": 0.66898,
        "n_valid": 451924,
        "n_unique": 336547,
        "n_novel": 334490
    },
    "@550000": {
        "validity": 0.9036363636363637,
        "uniqueness": 0.6675781818181818,
        "novelty": 0.6636072727272727,
        "n_valid": 497000,
        "n_unique": 367168,
        "n_novel": 364984
    },
    "@600000": {
        "validity": 0.9036016666666666,
        "uniqueness": 0.6627733333333333,
        "novelty": 0.6589433333333333,
        "n_valid": 542161,
        "n_unique": 397664,
        "n_novel": 395366
    },
    "@650000": {
        "validity": 0.9035092307692307,
        "uniqueness": 0.6580953846153846,
        "novelty": 0.6544153846153846,
        "n_valid": 587281,
        "n_unique": 427762,
        "n_novel": 425370
    },
    "@700000": {
        "validity": 0.9033957142857143,
        "uniqueness": 0.6536228571428572,
        "novelty": 0.6500414285714285,
        "n_valid": 632377,
        "n_unique": 457536,
        "n_novel": 455029
    },
    "@750000": {
        "validity": 0.903492,
        "uniqueness": 0.6497306666666667,
        "novelty": 0.64624,
        "n_valid": 677619,
        "n_unique": 487298,
        "n_novel": 484680
    },
    "@800000": {
        "validity": 0.903505,
        "uniqueness": 0.64595125,
        "novelty": 0.64254625,
        "n_valid": 722804,
        "n_unique": 516761,
        "n_novel": 514037
    },
    "@850000": {
        "validity": 0.9033682352941177,
        "uniqueness": 0.6423282352941176,
        "novelty": 0.6390258823529412,
        "n_valid": 767863,
        "n_unique": 545979,
        "n_novel": 543172
    },
    "@900000": {
        "validity": 0.9033366666666667,
        "uniqueness": 0.6388788888888889,
        "novelty": 0.6356477777777778,
        "n_valid": 813003,
        "n_unique": 574991,
        "n_novel": 572083
    },
    "@950000": {
        "validity": 0.90326,
        "uniqueness": 0.6354821052631578,
        "novelty": 0.6323431578947368,
        "n_valid": 858097,
        "n_unique": 603708,
        "n_novel": 600726
    },
    "@1000000": {
        "validity": 0.903269,
        "uniqueness": 0.632512,
        "novelty": 0.629447,
        "n_valid": 903269,
        "n_unique": 632512,
        "n_novel": 629447
    }
}