{
    "@50000": {
        "validity": 0.32536,
        "uniqueness": 0.32056,
        "novelty": 0.31888,
        "n_valid": 16268,
        "n_unique": 16028,
        "n_novel": 15944
    },
    "@100000": {
        "validity": 0.3259,
        "uniqueness": 0.31968,
        "novelty": 0.31809,
        "n_valid": 32590,
        "n_unique": 31968,
        "n_novel": 31809
    },
    "@150000": {
        "validity": 0.32724,
        "uniqueness": 0.32000666666666666,
        "novelty": 0.31838666666666665,
        "n_valid": 49086,
        "n_unique": 48001,
        "n_novel": 47758
    },
    "@200000": {
        "validity": 0.3263,
        "uniqueness": 0.31828,
        "novelty": 0.316775,
        "n_valid": 65260,
        "n_unique": 63656,
        "n_novel": 63355
    },
    "@250000": {
        "validity": 0.3261,
        "uniqueness": 0.31718,
        "novelty": 0.315752,
        "n_valid": 81525,
        "n_unique": 79295,
        "n_novel": 78938
    },
    "@300000": {
        "validity": 0.32648,
        "uniqueness": 0.3169666666666667,
        "novelty": 0.31558,
        "n_valid": 97944,
        "n_unique": 95090,
        "n_novel": 94674
    },
    "@350000": {
        "validity": 0.3265857142857143,
        "uniqueness": 0.3165057142857143,
        "novelty": 0.31514285714285717,
        "n_valid": 114305,
        "n_unique": 110777,
        "n_novel": 110300
    },
    "@400000": {
        "validity": 0.3266975,
        "uniqueness": 0.3160925,
        "novelty": 0.3147875,
        "n_valid": 130679,
        "n_unique": 126437,
        "n_novel": 125915
    },
    "@450000": {
        "validity": 0.32672444444444443,
        "uniqueness": 0.31566444444444447,
        "novelty": 0.3143977777777778,
        "n_valid": 147026,
        "n_unique": 142049,
        "n_novel": 141479
    },
    "@500000": {
        "validity": 0.32671,
        "uniqueness": 0.315234,
        "novelty": 0.314004,
        "n_valid": 163355,
        "n_unique": 157617,
        "n_novel": 157002
    },
    "@550000": {
        "validity": 0.32668909090909093,
        "uniqueness": 0.31483272727272726,
        "novelty": 0.31362181818181817,
        "n_valid": 179679,
        "n_unique": 173158,
        "n_novel": 172492
    },
    "@600000": {
        "validity": 0.3266366666666667,
        "uniqueness": 0.31440666666666667,
        "novelty": 0.31323833333333334,
        "n_valid": 195982,
        "n_unique": 188644,
        "n_novel": 187943
    },
    "@650000": {
        "validity": 0.3268676923076923,
        "uniqueness": 0.31433692307692307,
        "novelty": 0.3131723076923077,
        "n_valid": 212464,
        "n_unique": 204319,
        "n_novel": 203562
    },
    "@700000": {
        "validity": 0.32681571428571426,
        "uniqueness": 0.3139342857142857,
        "novelty": 0.3127785714285714,
        "n_valid": 228771,
        "n_unique": 219754,
        "n_novel": 218945
    },
    "@750000": {
        "validity": 0.326688,
        "uniqueness": 0.313476,
        "novelty": 0.31235066666666667,
        "n_valid": 245016,
        "n_unique": 235107,
        "n_novel": 234263
    },
    "@800000": {
        "validity": 0.32649625,
        "uniqueness": 0.313075,
        "novelty": 0.31198125,
        "n_valid": 261197,
        "n_unique": 250460,
        "n_novel": 249585
    },
    "@850000": {
        "validity": 0.32632470588235296,
        "uniqueness": 0.3126070588235294,
        "novelty": 0.3115305882352941,
        "n_valid": 277376,
        "n_unique": 265716,
        "n_novel": 264801
    },
    "@900000": {
        "validity": 0.32628444444444443,
        "uniqueness": 0.31230444444444444,
        "novelty": 0.3112522222222222,
        "n_valid": 293656,
        "n_unique": 281074,
        "n_novel": 280127
    },
    "@950000": {
        "validity": 0.3263410526315789,
        "uniqueness": 0.312038947368421,
        "novelty": 0.3109968421052632,
        "n_valid": 310024,
        "n_unique": 296437,
        "n_novel": 295447
    },
    "@1000000": {
        "validity": 0.326377,
        "uniqueness": 0.311859,
        "novelty": 0.310824,
        "n_valid": 326377,
        "n_unique": 311859,
        "n_novel": 310824
    }
}