{
    "train_loss": [
        0.695017421245575,
        0.6133857190608978,
        0.5581231474876404,
        0.5261525273323059,
        0.5072537243366242,
        0.4709625542163849,
        0.45379666388034823
    ],
    "val_loss": [
        0.6139932125806808,
        0.5980976670980453,
        0.5931056290864944,
        0.5876213759183884,
        0.5919717252254486,
        0.5929330140352249,
        0.5996403992176056
    ]
}