{
    "@50000": {
        "validity": 0.90774,
        "uniqueness": 0.41582,
        "novelty": 0.40624,
        "n_valid": 45387,
        "n_unique": 20791,
        "n_novel": 20312
    },
    "@100000": {
        "validity": 0.90762,
        "uniqueness": 0.37168,
        "novelty": 0.3652,
        "n_valid": 90762,
        "n_unique": 37168,
        "n_novel": 36520
    },
    "@150000": {
        "validity": 0.90766,
        "uniqueness": 0.34908,
        "novelty": 0.34412,
        "n_valid": 136149,
        "n_unique": 52362,
        "n_novel": 51618
    },
    "@200000": {
        "validity": 0.90727,
        "uniqueness": 0.331685,
        "novelty": 0.32748,
        "n_valid": 181454,
        "n_unique": 66337,
        "n_novel": 65496
    },
    "@250000": {
        "validity": 0.907072,
        "uniqueness": 0.318692,
        "novelty": 0.31506,
        "n_valid": 226768,
        "n_unique": 79673,
        "n_novel": 78765
    },
    "@300000": {
        "validity": 0.90682,
        "uniqueness": 0.30829666666666666,
        "novelty": 0.30506666666666665,
        "n_valid": 272046,
        "n_unique": 92489,
        "n_novel": 91520
    },
    "@350000": {
        "validity": 0.90708,
        "uniqueness": 0.3000514285714286,
        "novelty": 0.29709142857142856,
        "n_valid": 317478,
        "n_unique": 105018,
        "n_novel": 103982
    },
    "@400000": {
        "validity": 0.907235,
        "uniqueness": 0.2928225,
        "novelty": 0.2901125,
        "n_valid": 362894,
        "n_unique": 117129,
        "n_novel": 116045
    },
    "@450000": {
        "validity": 0.9069511111111112,
        "uniqueness": 0.28661333333333333,
        "novelty": 0.28408666666666665,
        "n_valid": 408128,
        "n_unique": 128976,
        "n_novel": 127839
    },
    "@500000": {
        "validity": 0.906972,
        "uniqueness": 0.280888,
        "novelty": 0.278508,
        "n_valid": 453486,
        "n_unique": 140444,
        "n_novel": 139254
    },
    "@550000": {
        "validity": 0.9070854545454545,
        "uniqueness": 0.2760890909090909,
        "novelty": 0.27384363636363634,
        "n_valid": 498897,
        "n_unique": 151849,
        "n_novel": 150614
    },
    "@600000": {
        "validity": 0.90706,
        "uniqueness": 0.27155833333333335,
        "novelty": 0.26941333333333334,
        "n_valid": 544236,
        "n_unique": 162935,
        "n_novel": 161648
    },
    "@650000": {
        "validity": 0.9070015384615384,
        "uniqueness": 0.2676415384615385,
        "novelty": 0.26560923076923076,
        "n_valid": 589551,
        "n_unique": 173967,
        "n_novel": 172646
    },
    "@700000": {
        "validity": 0.9069185714285715,
        "uniqueness": 0.2639242857142857,
        "novelty": 0.26195857142857143,
        "n_valid": 634843,
        "n_unique": 184747,
        "n_novel": 183371
    },
    "@750000": {
        "validity": 0.90678,
        "uniqueness": 0.2605133333333333,
        "novelty": 0.258608,
        "n_valid": 680085,
        "n_unique": 195385,
        "n_novel": 193956
    },
    "@800000": {
        "validity": 0.90674125,
        "uniqueness": 0.2574975,
        "novelty": 0.2556675,
        "n_valid": 725393,
        "n_unique": 205998,
        "n_novel": 204534
    },
    "@850000": {
        "validity": 0.906815294117647,
        "uniqueness": 0.25463529411764707,
        "novelty": 0.25287176470588235,
        "n_valid": 770793,
        "n_unique": 216440,
        "n_novel": 214941
    },
    "@900000": {
        "validity": 0.9069555555555555,
        "uniqueness": 0.25181888888888887,
        "novelty": 0.25010444444444446,
        "n_valid": 816260,
        "n_unique": 226637,
        "n_novel": 225094
    },
    "@950000": {
        "validity": 0.9069926315789474,
        "uniqueness": 0.2491715789473684,
        "novelty": 0.24752947368421052,
        "n_valid": 861643,
        "n_unique": 236713,
        "n_novel": 235153
    },
    "@1000000": {
        "validity": 0.906996,
        "uniqueness": 0.246637,
        "novelty": 0.245049,
        "n_valid": 906996,
        "n_unique": 246637,
        "n_novel": 245049
    }
}