{
    "@50000": {
        "validity": 0.99722,
        "uniqueness": 0.74328,
        "novelty": 0.69894,
        "n_valid": 49861,
        "n_unique": 37164,
        "n_novel": 34947
    },
    "@100000": {
        "validity": 0.99699,
        "uniqueness": 0.66699,
        "novelty": 0.635,
        "n_valid": 99699,
        "n_unique": 66699,
        "n_novel": 63500
    },
    "@150000": {
        "validity": 0.9970066666666667,
        "uniqueness": 0.6219666666666667,
        "novelty": 0.5960466666666666,
        "n_valid": 149551,
        "n_unique": 93295,
        "n_novel": 89407
    },
    "@200000": {
        "validity": 0.99699,
        "uniqueness": 0.588755,
        "novelty": 0.566775,
        "n_valid": 199398,
        "n_unique": 117751,
        "n_novel": 113355
    },
    "@250000": {
        "validity": 0.99696,
        "uniqueness": 0.563012,
        "novelty": 0.543748,
        "n_valid": 249240,
        "n_unique": 140753,
        "n_novel": 135937
    },
    "@300000": {
        "validity": 0.99698,
        "uniqueness": 0.5423033333333334,
        "novelty": 0.5250066666666666,
        "n_valid": 299094,
        "n_unique": 162691,
        "n_novel": 157502
    },
    "@350000": {
        "validity": 0.9969171428571428,
        "uniqueness": 0.5244571428571428,
        "novelty": 0.5088514285714286,
        "n_valid": 348921,
        "n_unique": 183560,
        "n_novel": 178098
    },
    "@400000": {
        "validity": 0.996885,
        "uniqueness": 0.508995,
        "novelty": 0.494735,
        "n_valid": 398754,
        "n_unique": 203598,
        "n_novel": 197894
    },
    "@450000": {
        "validity": 0.99688,
        "uniqueness": 0.49564444444444444,
        "novelty": 0.4824177777777778,
        "n_valid": 448596,
        "n_unique": 223040,
        "n_novel": 217088
    },
    "@500000": {
        "validity": 0.996824,
        "uniqueness": 0.483736,
        "novelty": 0.47139,
        "n_valid": 498412,
        "n_unique": 241868,
        "n_novel": 235695
    },
    "@550000": {
        "validity": 0.9968472727272727,
        "uniqueness": 0.4729927272727273,
        "novelty": 0.4614,
        "n_valid": 548266,
        "n_unique": 260146,
        "n_novel": 253770
    },
    "@600000": {
        "validity": 0.9968433333333333,
        "uniqueness": 0.46335166666666666,
        "novelty": 0.4524433333333333,
        "n_valid": 598106,
        "n_unique": 278011,
        "n_novel": 271466
    },
    "@650000": {
        "validity": 0.9968338461538462,
        "uniqueness": 0.45430461538461536,
        "novelty": 0.44396615384615384,
        "n_valid": 647942,
        "n_unique": 295298,
        "n_novel": 288578
    },
    "@700000": {
        "validity": 0.9968328571428572,
        "uniqueness": 0.4459914285714286,
        "novelty": 0.43618142857142855,
        "n_valid": 697783,
        "n_unique": 312194,
        "n_novel": 305327
    },
    "@750000": {
        "validity": 0.9968213333333333,
        "uniqueness": 0.4384266666666667,
        "novelty": 0.429084,
        "n_valid": 747616,
        "n_unique": 328820,
        "n_novel": 321813
    },
    "@800000": {
        "validity": 0.99682375,
        "uniqueness": 0.4313725,
        "novelty": 0.4224575,
        "n_valid": 797459,
        "n_unique": 345098,
        "n_novel": 337966
    },
    "@850000": {
        "validity": 0.9968082352941177,
        "uniqueness": 0.4245611764705882,
        "novelty": 0.4160164705882353,
        "n_valid": 847287,
        "n_unique": 360877,
        "n_novel": 353614
    },
    "@900000": {
        "validity": 0.9968188888888889,
        "uniqueness": 0.4181811111111111,
        "novelty": 0.4099877777777778,
        "n_valid": 897137,
        "n_unique": 376363,
        "n_novel": 368989
    },
    "@950000": {
        "validity": 0.9968147368421053,
        "uniqueness": 0.4119684210526316,
        "novelty": 0.4041021052631579,
        "n_valid": 946974,
        "n_unique": 391370,
        "n_novel": 383897
    },
    "@1000000": {
        "validity": 0.996801,
        "uniqueness": 0.40662,
        "novelty": 0.399063,
        "n_valid": 996801,
        "n_unique": 406620,
        "n_novel": 399063
    }
}