{
    "@50000": {
        "validity": 0.98814,
        "uniqueness": 0.57822,
        "novelty": 0.55684,
        "n_valid": 49407,
        "n_unique": 28911,
        "n_novel": 27842
    },
    "@100000": {
        "validity": 0.98857,
        "uniqueness": 0.52321,
        "novelty": 0.50719,
        "n_valid": 98857,
        "n_unique": 52321,
        "n_novel": 50719
    },
    "@150000": {
        "validity": 0.9883533333333333,
        "uniqueness": 0.4903533333333333,
        "novelty": 0.47686,
        "n_valid": 148253,
        "n_unique": 73553,
        "n_novel": 71529
    },
    "@200000": {
        "validity": 0.988285,
        "uniqueness": 0.467945,
        "novelty": 0.45596,
        "n_valid": 197657,
        "n_unique": 93589,
        "n_novel": 91192
    },
    "@250000": {
        "validity": 0.988252,
        "uniqueness": 0.450736,
        "novelty": 0.439888,
        "n_valid": 247063,
        "n_unique": 112684,
        "n_novel": 109972
    },
    "@300000": {
        "validity": 0.98829,
        "uniqueness": 0.43711333333333335,
        "novelty": 0.4271433333333333,
        "n_valid": 296487,
        "n_unique": 131134,
        "n_novel": 128143
    },
    "@350000": {
        "validity": 0.9882314285714285,
        "uniqueness": 0.42552,
        "novelty": 0.4162657142857143,
        "n_valid": 345881,
        "n_unique": 148932,
        "n_novel": 145693
    },
    "@400000": {
        "validity": 0.988175,
        "uniqueness": 0.415675,
        "novelty": 0.40703,
        "n_valid": 395270,
        "n_unique": 166270,
        "n_novel": 162812
    },
    "@450000": {
        "validity": 0.9881133333333333,
        "uniqueness": 0.40704444444444443,
        "novelty": 0.3988977777777778,
        "n_valid": 444651,
        "n_unique": 183170,
        "n_novel": 179504
    },
    "@500000": {
        "validity": 0.988148,
        "uniqueness": 0.399412,
        "novelty": 0.391696,
        "n_valid": 494074,
        "n_unique": 199706,
        "n_novel": 195848
    },
    "@550000": {
        "validity": 0.9882418181818182,
        "uniqueness": 0.39241818181818183,
        "novelty": 0.38509454545454547,
        "n_valid": 543533,
        "n_unique": 215830,
        "n_novel": 211802
    },
    "@600000": {
        "validity": 0.9882016666666666,
        "uniqueness": 0.385695,
        "novelty": 0.37870333333333334,
        "n_valid": 592921,
        "n_unique": 231417,
        "n_novel": 227222
    },
    "@650000": {
        "validity": 0.98818,
        "uniqueness": 0.37988923076923076,
        "novelty": 0.3732076923076923,
        "n_valid": 642317,
        "n_unique": 246928,
        "n_novel": 242585
    },
    "@700000": {
        "validity": 0.9882128571428571,
        "uniqueness": 0.3746857142857143,
        "novelty": 0.36823,
        "n_valid": 691749,
        "n_unique": 262280,
        "n_novel": 257761
    },
    "@750000": {
        "validity": 0.9881346666666667,
        "uniqueness": 0.36972266666666664,
        "novelty": 0.363512,
        "n_valid": 741101,
        "n_unique": 277292,
        "n_novel": 272634
    },
    "@800000": {
        "validity": 0.9881175,
        "uniqueness": 0.36499375,
        "novelty": 0.3589925,
        "n_valid": 790494,
        "n_unique": 291995,
        "n_novel": 287194
    },
    "@850000": {
        "validity": 0.9881317647058824,
        "uniqueness": 0.36071294117647057,
        "novelty": 0.35491176470588237,
        "n_valid": 839912,
        "n_unique": 306606,
        "n_novel": 301675
    },
    "@900000": {
        "validity": 0.9880988888888889,
        "uniqueness": 0.35657222222222223,
        "novelty": 0.35094,
        "n_valid": 889289,
        "n_unique": 320915,
        "n_novel": 315846
    },
    "@950000": {
        "validity": 0.9881263157894736,
        "uniqueness": 0.3528063157894737,
        "novelty": 0.34732526315789475,
        "n_valid": 938720,
        "n_unique": 335166,
        "n_novel": 329959
    },
    "@1000000": {
        "validity": 0.98809,
        "uniqueness": 0.348958,
        "novelty": 0.343622,
        "n_valid": 988090,
        "n_unique": 348958,
        "n_novel": 343622
    }
}