{
    "@50000": {
        "validity": 0.85908,
        "uniqueness": 0.8427,
        "novelty": 0.83244,
        "n_valid": 42954,
        "n_unique": 42135,
        "n_novel": 41622
    },
    "@100000": {
        "validity": 0.8601,
        "uniqueness": 0.83664,
        "novelty": 0.82813,
        "n_valid": 86010,
        "n_unique": 83664,
        "n_novel": 82813
    },
    "@150000": {
        "validity": 0.8610466666666666,
        "uniqueness": 0.83198,
        "novelty": 0.8242866666666666,
        "n_valid": 129157,
        "n_unique": 124797,
        "n_novel": 123643
    },
    "@200000": {
        "validity": 0.86082,
        "uniqueness": 0.827425,
        "novelty": 0.82028,
        "n_valid": 172164,
        "n_unique": 165485,
        "n_novel": 164056
    },
    "@250000": {
        "validity": 0.86044,
        "uniqueness": 0.823308,
        "novelty": 0.816668,
        "n_valid": 215110,
        "n_unique": 205827,
        "n_novel": 204167
    },
    "@300000": {
        "validity": 0.8605433333333333,
        "uniqueness": 0.8204433333333333,
        "novelty": 0.8142233333333333,
        "n_valid": 258163,
        "n_unique": 246133,
        "n_novel": 244267
    },
    "@350000": {
        "validity": 0.8607142857142858,
        "uniqueness": 0.81804,
        "novelty": 0.8120457142857143,
        "n_valid": 301250,
        "n_unique": 286314,
        "n_novel": 284216
    },
    "@400000": {
        "validity": 0.860795,
        "uniqueness": 0.81575,
        "novelty": 0.8100475,
        "n_valid": 344318,
        "n_unique": 326300,
        "n_novel": 324019
    },
    "@450000": {
        "validity": 0.8608222222222223,
        "uniqueness": 0.8136222222222222,
        "novelty": 0.8081044444444444,
        "n_valid": 387370,
        "n_unique": 366130,
        "n_novel": 363647
    },
    "@500000": {
        "validity": 0.860758,
        "uniqueness": 0.811458,
        "novelty": 0.806132,
        "n_valid": 430379,
        "n_unique": 405729,
        "n_novel": 403066
    },
    "@550000": {
        "validity": 0.8610636363636364,
        "uniqueness": 0.8097345454545455,
        "novelty": 0.8045490909090909,
        "n_valid": 473585,
        "n_unique": 445354,
        "n_novel": 442502
    },
    "@600000": {
        "validity": 0.8609266666666666,
        "uniqueness": 0.8076716666666667,
        "novelty": 0.802645,
        "n_valid": 516556,
        "n_unique": 484603,
        "n_novel": 481587
    },
    "@650000": {
        "validity": 0.8609769230769231,
        "uniqueness": 0.8060661538461539,
        "novelty": 0.8011661538461539,
        "n_valid": 559635,
        "n_unique": 523943,
        "n_novel": 520758
    },
    "@700000": {
        "validity": 0.8609042857142857,
        "uniqueness": 0.8044585714285715,
        "novelty": 0.7996714285714286,
        "n_valid": 602633,
        "n_unique": 563121,
        "n_novel": 559770
    },
    "@750000": {
        "validity": 0.8609453333333333,
        "uniqueness": 0.803188,
        "novelty": 0.7984986666666667,
        "n_valid": 645709,
        "n_unique": 602391,
        "n_novel": 598874
    },
    "@800000": {
        "validity": 0.86081,
        "uniqueness": 0.80152625,
        "novelty": 0.796925,
        "n_valid": 688648,
        "n_unique": 641221,
        "n_novel": 637540
    },
    "@850000": {
        "validity": 0.8608011764705882,
        "uniqueness": 0.7999717647058824,
        "novelty": 0.7954741176470588,
        "n_valid": 731681,
        "n_unique": 679976,
        "n_novel": 676153
    },
    "@900000": {
        "validity": 0.8607522222222223,
        "uniqueness": 0.7986811111111111,
        "novelty": 0.7942777777777777,
        "n_valid": 774677,
        "n_unique": 718813,
        "n_novel": 714850
    },
    "@950000": {
        "validity": 0.8608084210526316,
        "uniqueness": 0.7974726315789473,
        "novelty": 0.7931452631578947,
        "n_valid": 817768,
        "n_unique": 757599,
        "n_novel": 753488
    },
    "@1000000": {
        "validity": 0.860776,
        "uniqueness": 0.796172,
        "novelty": 0.79193,
        "n_valid": 860776,
        "n_unique": 796172,
        "n_novel": 791930
    }
}