{
    "@50000": {
        "validity": 0.8889,
        "uniqueness": 0.86092,
        "novelty": 0.84772,
        "n_valid": 44445,
        "n_unique": 43046,
        "n_novel": 42386
    },
    "@100000": {
        "validity": 0.89017,
        "uniqueness": 0.85048,
        "novelty": 0.83918,
        "n_valid": 89017,
        "n_unique": 85048,
        "n_novel": 83918
    },
    "@150000": {
        "validity": 0.8904866666666666,
        "uniqueness": 0.8423533333333333,
        "novelty": 0.8323933333333333,
        "n_valid": 133573,
        "n_unique": 126353,
        "n_novel": 124859
    },
    "@200000": {
        "validity": 0.890645,
        "uniqueness": 0.835945,
        "novelty": 0.826695,
        "n_valid": 178129,
        "n_unique": 167189,
        "n_novel": 165339
    },
    "@250000": {
        "validity": 0.890408,
        "uniqueness": 0.829796,
        "novelty": 0.821268,
        "n_valid": 222602,
        "n_unique": 207449,
        "n_novel": 205317
    },
    "@300000": {
        "validity": 0.8908166666666667,
        "uniqueness": 0.8258033333333333,
        "novelty": 0.8176733333333334,
        "n_valid": 267245,
        "n_unique": 247741,
        "n_novel": 245302
    },
    "@350000": {
        "validity": 0.8907485714285714,
        "uniqueness": 0.8218228571428572,
        "novelty": 0.8141457142857143,
        "n_valid": 311762,
        "n_unique": 287638,
        "n_novel": 284951
    },
    "@400000": {
        "validity": 0.890765,
        "uniqueness": 0.8178325,
        "novelty": 0.81044,
        "n_valid": 356306,
        "n_unique": 327133,
        "n_novel": 324176
    },
    "@450000": {
        "validity": 0.8907155555555556,
        "uniqueness": 0.8147422222222223,
        "novelty": 0.8076133333333333,
        "n_valid": 400822,
        "n_unique": 366634,
        "n_novel": 363426
    },
    "@500000": {
        "validity": 0.890916,
        "uniqueness": 0.811882,
        "novelty": 0.805002,
        "n_valid": 445458,
        "n_unique": 405941,
        "n_novel": 402501
    },
    "@550000": {
        "validity": 0.8911418181818181,
        "uniqueness": 0.8094181818181818,
        "novelty": 0.8027854545454546,
        "n_valid": 490128,
        "n_unique": 445180,
        "n_novel": 441532
    },
    "@600000": {
        "validity": 0.891215,
        "uniqueness": 0.806935,
        "novelty": 0.8005583333333334,
        "n_valid": 534729,
        "n_unique": 484161,
        "n_novel": 480335
    },
    "@650000": {
        "validity": 0.8911553846153846,
        "uniqueness": 0.8043907692307692,
        "novelty": 0.7981953846153846,
        "n_valid": 579251,
        "n_unique": 522854,
        "n_novel": 518827
    },
    "@700000": {
        "validity": 0.89119,
        "uniqueness": 0.8022057142857143,
        "novelty": 0.7961642857142858,
        "n_valid": 623833,
        "n_unique": 561544,
        "n_novel": 557315
    },
    "@750000": {
        "validity": 0.8911293333333333,
        "uniqueness": 0.7999373333333333,
        "novelty": 0.794028,
        "n_valid": 668347,
        "n_unique": 599953,
        "n_novel": 595521
    },
    "@800000": {
        "validity": 0.89095875,
        "uniqueness": 0.79787125,
        "novelty": 0.792115,
        "n_valid": 712767,
        "n_unique": 638297,
        "n_novel": 633692
    },
    "@850000": {
        "validity": 0.8909752941176471,
        "uniqueness": 0.7959294117647059,
        "novelty": 0.7903235294117648,
        "n_valid": 757329,
        "n_unique": 676540,
        "n_novel": 671775
    },
    "@900000": {
        "validity": 0.8909566666666666,
        "uniqueness": 0.7940777777777778,
        "novelty": 0.7885844444444444,
        "n_valid": 801861,
        "n_unique": 714670,
        "n_novel": 709726
    },
    "@950000": {
        "validity": 0.891018947368421,
        "uniqueness": 0.7922526315789473,
        "novelty": 0.7868663157894736,
        "n_valid": 846468,
        "n_unique": 752640,
        "n_novel": 747523
    },
    "@1000000": {
        "validity": 0.891078,
        "uniqueness": 0.790558,
        "novelty": 0.785281,
        "n_valid": 891078,
        "n_unique": 790558,
        "n_novel": 785281
    }
}