{
    "@50000": {
        "validity": 0.90266,
        "uniqueness": 0.8655,
        "novelty": 0.85158,
        "n_valid": 45133,
        "n_unique": 43275,
        "n_novel": 42579
    },
    "@100000": {
        "validity": 0.90303,
        "uniqueness": 0.85079,
        "novelty": 0.83903,
        "n_valid": 90303,
        "n_unique": 85079,
        "n_novel": 83903
    },
    "@150000": {
        "validity": 0.9033933333333334,
        "uniqueness": 0.8405733333333333,
        "novelty": 0.83038,
        "n_valid": 135509,
        "n_unique": 126086,
        "n_novel": 124557
    },
    "@200000": {
        "validity": 0.903405,
        "uniqueness": 0.83214,
        "novelty": 0.82273,
        "n_valid": 180681,
        "n_unique": 166428,
        "n_novel": 164546
    },
    "@250000": {
        "validity": 0.902984,
        "uniqueness": 0.8246,
        "novelty": 0.816004,
        "n_valid": 225746,
        "n_unique": 206150,
        "n_novel": 204001
    },
    "@300000": {
        "validity": 0.9032633333333333,
        "uniqueness": 0.8194866666666667,
        "novelty": 0.8113433333333333,
        "n_valid": 270979,
        "n_unique": 245846,
        "n_novel": 243403
    },
    "@350000": {
        "validity": 0.9035542857142858,
        "uniqueness": 0.8147428571428571,
        "novelty": 0.8071485714285714,
        "n_valid": 316244,
        "n_unique": 285160,
        "n_novel": 282502
    },
    "@400000": {
        "validity": 0.90369,
        "uniqueness": 0.8102925,
        "novelty": 0.803095,
        "n_valid": 361476,
        "n_unique": 324117,
        "n_novel": 321238
    },
    "@450000": {
        "validity": 0.9033711111111111,
        "uniqueness": 0.8062355555555556,
        "novelty": 0.7993822222222222,
        "n_valid": 406517,
        "n_unique": 362806,
        "n_novel": 359722
    },
    "@500000": {
        "validity": 0.90344,
        "uniqueness": 0.802668,
        "novelty": 0.796072,
        "n_valid": 451720,
        "n_unique": 401334,
        "n_novel": 398036
    },
    "@550000": {
        "validity": 0.9036854545454546,
        "uniqueness": 0.7994781818181819,
        "novelty": 0.7931563636363637,
        "n_valid": 497027,
        "n_unique": 439713,
        "n_novel": 436236
    },
    "@600000": {
        "validity": 0.9038483333333334,
        "uniqueness": 0.7966016666666667,
        "novelty": 0.7905483333333333,
        "n_valid": 542309,
        "n_unique": 477961,
        "n_novel": 474329
    },
    "@650000": {
        "validity": 0.9039169230769231,
        "uniqueness": 0.7937415384615385,
        "novelty": 0.787876923076923,
        "n_valid": 587546,
        "n_unique": 515932,
        "n_novel": 512120
    },
    "@700000": {
        "validity": 0.9039157142857143,
        "uniqueness": 0.7911157142857143,
        "novelty": 0.7854342857142858,
        "n_valid": 632741,
        "n_unique": 553781,
        "n_novel": 549804
    },
    "@750000": {
        "validity": 0.9038653333333333,
        "uniqueness": 0.788552,
        "novelty": 0.783,
        "n_valid": 677899,
        "n_unique": 591414,
        "n_novel": 587250
    },
    "@800000": {
        "validity": 0.9038775,
        "uniqueness": 0.78619625,
        "novelty": 0.78077875,
        "n_valid": 723102,
        "n_unique": 628957,
        "n_novel": 624623
    },
    "@850000": {
        "validity": 0.9038682352941176,
        "uniqueness": 0.7838976470588235,
        "novelty": 0.7786329411764706,
        "n_valid": 768288,
        "n_unique": 666313,
        "n_novel": 661838
    },
    "@900000": {
        "validity": 0.9038733333333333,
        "uniqueness": 0.7817522222222222,
        "novelty": 0.7766111111111111,
        "n_valid": 813486,
        "n_unique": 703577,
        "n_novel": 698950
    },
    "@950000": {
        "validity": 0.9040115789473684,
        "uniqueness": 0.77972,
        "novelty": 0.7746926315789474,
        "n_valid": 858811,
        "n_unique": 740734,
        "n_novel": 735958
    },
    "@1000000": {
        "validity": 0.904025,
        "uniqueness": 0.777565,
        "novelty": 0.772651,
        "n_valid": 904025,
        "n_unique": 777565,
        "n_novel": 772651
    }
}