{
    "@50000": {
        "validity": 0.97672,
        "uniqueness": 0.60014,
        "novelty": 0.59322,
        "n_valid": 48836,
        "n_unique": 30007,
        "n_novel": 29661
    },
    "@100000": {
        "validity": 0.97649,
        "uniqueness": 0.54306,
        "novelty": 0.53784,
        "n_valid": 97649,
        "n_unique": 54306,
        "n_novel": 53784
    },
    "@150000": {
        "validity": 0.9763266666666667,
        "uniqueness": 0.5108733333333333,
        "novelty": 0.50658,
        "n_valid": 146449,
        "n_unique": 76631,
        "n_novel": 75987
    },
    "@200000": {
        "validity": 0.976135,
        "uniqueness": 0.48707,
        "novelty": 0.483295,
        "n_valid": 195227,
        "n_unique": 97414,
        "n_novel": 96659
    },
    "@250000": {
        "validity": 0.976056,
        "uniqueness": 0.46938,
        "novelty": 0.465972,
        "n_valid": 244014,
        "n_unique": 117345,
        "n_novel": 116493
    },
    "@300000": {
        "validity": 0.9760033333333333,
        "uniqueness": 0.45508666666666664,
        "novelty": 0.45192666666666664,
        "n_valid": 292801,
        "n_unique": 136526,
        "n_novel": 135578
    },
    "@350000": {
        "validity": 0.9761114285714285,
        "uniqueness": 0.4431685714285714,
        "novelty": 0.44025714285714285,
        "n_valid": 341639,
        "n_unique": 155109,
        "n_novel": 154090
    },
    "@400000": {
        "validity": 0.9761225,
        "uniqueness": 0.4330425,
        "novelty": 0.43029,
        "n_valid": 390449,
        "n_unique": 173217,
        "n_novel": 172116
    },
    "@450000": {
        "validity": 0.9760977777777777,
        "uniqueness": 0.42395555555555553,
        "novelty": 0.42137555555555556,
        "n_valid": 439244,
        "n_unique": 190780,
        "n_novel": 189619
    },
    "@500000": {
        "validity": 0.976202,
        "uniqueness": 0.416328,
        "novelty": 0.413916,
        "n_valid": 488101,
        "n_unique": 208164,
        "n_novel": 206958
    },
    "@550000": {
        "validity": 0.9762072727272727,
        "uniqueness": 0.40915090909090907,
        "novelty": 0.4068563636363636,
        "n_valid": 536914,
        "n_unique": 225033,
        "n_novel": 223771
    },
    "@600000": {
        "validity": 0.9762283333333334,
        "uniqueness": 0.40255,
        "novelty": 0.40035333333333334,
        "n_valid": 585737,
        "n_unique": 241530,
        "n_novel": 240212
    },
    "@650000": {
        "validity": 0.9763138461538462,
        "uniqueness": 0.39636461538461537,
        "novelty": 0.3942538461538462,
        "n_valid": 634604,
        "n_unique": 257637,
        "n_novel": 256265
    },
    "@700000": {
        "validity": 0.97622,
        "uniqueness": 0.3909885714285714,
        "novelty": 0.38896714285714284,
        "n_valid": 683354,
        "n_unique": 273692,
        "n_novel": 272277
    },
    "@750000": {
        "validity": 0.9762466666666667,
        "uniqueness": 0.3859,
        "novelty": 0.383952,
        "n_valid": 732185,
        "n_unique": 289425,
        "n_novel": 287964
    },
    "@800000": {
        "validity": 0.97617,
        "uniqueness": 0.38096625,
        "novelty": 0.37908625,
        "n_valid": 780936,
        "n_unique": 304773,
        "n_novel": 303269
    },
    "@850000": {
        "validity": 0.9761694117647058,
        "uniqueness": 0.3764764705882353,
        "novelty": 0.37466235294117645,
        "n_valid": 829744,
        "n_unique": 320005,
        "n_novel": 318463
    },
    "@900000": {
        "validity": 0.9761377777777778,
        "uniqueness": 0.37234555555555554,
        "novelty": 0.37058555555555556,
        "n_valid": 878524,
        "n_unique": 335111,
        "n_novel": 333527
    },
    "@950000": {
        "validity": 0.9761389473684211,
        "uniqueness": 0.3683547368421053,
        "novelty": 0.3666473684210526,
        "n_valid": 927332,
        "n_unique": 349937,
        "n_novel": 348315
    },
    "@1000000": {
        "validity": 0.976073,
        "uniqueness": 0.364786,
        "novelty": 0.363124,
        "n_valid": 976073,
        "n_unique": 364786,
        "n_novel": 363124
    }
}