{
    "@50000": {
        "validity": 0.8626,
        "uniqueness": 0.85068,
        "novelty": 0.84494,
        "n_valid": 43130,
        "n_unique": 42534,
        "n_novel": 42247
    },
    "@100000": {
        "validity": 0.86157,
        "uniqueness": 0.84296,
        "novelty": 0.83744,
        "n_valid": 86157,
        "n_unique": 84296,
        "n_novel": 83744
    },
    "@150000": {
        "validity": 0.86196,
        "uniqueness": 0.8390333333333333,
        "novelty": 0.8339666666666666,
        "n_valid": 129294,
        "n_unique": 125855,
        "n_novel": 125095
    },
    "@200000": {
        "validity": 0.861655,
        "uniqueness": 0.835125,
        "novelty": 0.83028,
        "n_valid": 172331,
        "n_unique": 167025,
        "n_novel": 166056
    },
    "@250000": {
        "validity": 0.861744,
        "uniqueness": 0.832,
        "novelty": 0.827344,
        "n_valid": 215436,
        "n_unique": 208000,
        "n_novel": 206836
    },
    "@300000": {
        "validity": 0.8619233333333334,
        "uniqueness": 0.8296566666666667,
        "novelty": 0.8251466666666667,
        "n_valid": 258577,
        "n_unique": 248897,
        "n_novel": 247544
    },
    "@350000": {
        "validity": 0.8622514285714286,
        "uniqueness": 0.8275742857142857,
        "novelty": 0.8232571428571429,
        "n_valid": 301788,
        "n_unique": 289651,
        "n_novel": 288140
    },
    "@400000": {
        "validity": 0.86234,
        "uniqueness": 0.8251625,
        "novelty": 0.82094,
        "n_valid": 344936,
        "n_unique": 330065,
        "n_novel": 328376
    },
    "@450000": {
        "validity": 0.8624444444444445,
        "uniqueness": 0.8233088888888889,
        "novelty": 0.8192088888888889,
        "n_valid": 388100,
        "n_unique": 370489,
        "n_novel": 368644
    },
    "@500000": {
        "validity": 0.862552,
        "uniqueness": 0.821482,
        "novelty": 0.817466,
        "n_valid": 431276,
        "n_unique": 410741,
        "n_novel": 408733
    },
    "@550000": {
        "validity": 0.8624890909090909,
        "uniqueness": 0.8196436363636364,
        "novelty": 0.8157309090909091,
        "n_valid": 474369,
        "n_unique": 450804,
        "n_novel": 448652
    },
    "@600000": {
        "validity": 0.86255,
        "uniqueness": 0.818085,
        "novelty": 0.8142783333333333,
        "n_valid": 517530,
        "n_unique": 490851,
        "n_novel": 488567
    },
    "@650000": {
        "validity": 0.8624138461538462,
        "uniqueness": 0.8163769230769231,
        "novelty": 0.8126646153846154,
        "n_valid": 560569,
        "n_unique": 530645,
        "n_novel": 528232
    },
    "@700000": {
        "validity": 0.8622657142857143,
        "uniqueness": 0.8147428571428571,
        "novelty": 0.8111114285714286,
        "n_valid": 603586,
        "n_unique": 570320,
        "n_novel": 567778
    },
    "@750000": {
        "validity": 0.8624213333333334,
        "uniqueness": 0.8134333333333333,
        "novelty": 0.8098746666666666,
        "n_valid": 646816,
        "n_unique": 610075,
        "n_novel": 607406
    },
    "@800000": {
        "validity": 0.862395,
        "uniqueness": 0.81203125,
        "novelty": 0.80852125,
        "n_valid": 689916,
        "n_unique": 649625,
        "n_novel": 646817
    },
    "@850000": {
        "validity": 0.8625823529411765,
        "uniqueness": 0.8109011764705882,
        "novelty": 0.8074305882352941,
        "n_valid": 733195,
        "n_unique": 689266,
        "n_novel": 686316
    },
    "@900000": {
        "validity": 0.8626855555555556,
        "uniqueness": 0.8097233333333334,
        "novelty": 0.8062955555555555,
        "n_valid": 776417,
        "n_unique": 728751,
        "n_novel": 725666
    },
    "@950000": {
        "validity": 0.8626336842105263,
        "uniqueness": 0.8085063157894737,
        "novelty": 0.8051326315789473,
        "n_valid": 819502,
        "n_unique": 768081,
        "n_novel": 764876
    },
    "@1000000": {
        "validity": 0.862763,
        "uniqueness": 0.807435,
        "novelty": 0.804125,
        "n_valid": 862763,
        "n_unique": 807435,
        "n_novel": 804125
    }
}