{
    "@50000": {
        "validity": 0.97282,
        "uniqueness": 0.95582,
        "novelty": 0.93228,
        "n_valid": 48641,
        "n_unique": 47791,
        "n_novel": 46614
    },
    "@100000": {
        "validity": 0.9723,
        "uniqueness": 0.94551,
        "novelty": 0.9249,
        "n_valid": 97230,
        "n_unique": 94551,
        "n_novel": 92490
    },
    "@150000": {
        "validity": 0.9720733333333333,
        "uniqueness": 0.9380466666666667,
        "novelty": 0.9188066666666667,
        "n_valid": 145811,
        "n_unique": 140707,
        "n_novel": 137821
    },
    "@200000": {
        "validity": 0.97203,
        "uniqueness": 0.932465,
        "novelty": 0.91426,
        "n_valid": 194406,
        "n_unique": 186493,
        "n_novel": 182852
    },
    "@250000": {
        "validity": 0.972076,
        "uniqueness": 0.927456,
        "novelty": 0.909852,
        "n_valid": 243019,
        "n_unique": 231864,
        "n_novel": 227463
    },
    "@300000": {
        "validity": 0.9721466666666667,
        "uniqueness": 0.9231566666666666,
        "novelty": 0.90614,
        "n_valid": 291644,
        "n_unique": 276947,
        "n_novel": 271842
    },
    "@350000": {
        "validity": 0.9721542857142857,
        "uniqueness": 0.91928,
        "novelty": 0.9028,
        "n_valid": 340254,
        "n_unique": 321748,
        "n_novel": 315980
    },
    "@400000": {
        "validity": 0.97222,
        "uniqueness": 0.915625,
        "novelty": 0.8996275,
        "n_valid": 388888,
        "n_unique": 366250,
        "n_novel": 359851
    },
    "@450000": {
        "validity": 0.9721777777777778,
        "uniqueness": 0.9121488888888889,
        "novelty": 0.8966066666666667,
        "n_valid": 437480,
        "n_unique": 410467,
        "n_novel": 403473
    },
    "@500000": {
        "validity": 0.972138,
        "uniqueness": 0.909212,
        "novelty": 0.894028,
        "n_valid": 486069,
        "n_unique": 454606,
        "n_novel": 447014
    },
    "@550000": {
        "validity": 0.9722890909090909,
        "uniqueness": 0.9064218181818182,
        "novelty": 0.8916672727272728,
        "n_valid": 534759,
        "n_unique": 498532,
        "n_novel": 490417
    },
    "@600000": {
        "validity": 0.9722566666666667,
        "uniqueness": 0.9037866666666666,
        "novelty": 0.8893183333333333,
        "n_valid": 583354,
        "n_unique": 542272,
        "n_novel": 533591
    },
    "@650000": {
        "validity": 0.9722646153846154,
        "uniqueness": 0.9012046153846154,
        "novelty": 0.8869553846153846,
        "n_valid": 631972,
        "n_unique": 585783,
        "n_novel": 576521
    },
    "@700000": {
        "validity": 0.97226,
        "uniqueness": 0.8986285714285714,
        "novelty": 0.8846685714285715,
        "n_valid": 680582,
        "n_unique": 629040,
        "n_novel": 619268
    },
    "@750000": {
        "validity": 0.9722066666666667,
        "uniqueness": 0.8963506666666666,
        "novelty": 0.882692,
        "n_valid": 729155,
        "n_unique": 672263,
        "n_novel": 662019
    },
    "@800000": {
        "validity": 0.97221375,
        "uniqueness": 0.89410125,
        "novelty": 0.880725,
        "n_valid": 777771,
        "n_unique": 715281,
        "n_novel": 704580
    },
    "@850000": {
        "validity": 0.9722305882352941,
        "uniqueness": 0.8921305882352941,
        "novelty": 0.8789858823529412,
        "n_valid": 826396,
        "n_unique": 758311,
        "n_novel": 747138
    },
    "@900000": {
        "validity": 0.97222,
        "uniqueness": 0.8901088888888888,
        "novelty": 0.8771711111111111,
        "n_valid": 874998,
        "n_unique": 801098,
        "n_novel": 789454
    },
    "@950000": {
        "validity": 0.9721873684210526,
        "uniqueness": 0.8881473684210527,
        "novelty": 0.8754473684210526,
        "n_valid": 923578,
        "n_unique": 843740,
        "n_novel": 831675
    },
    "@1000000": {
        "validity": 0.972181,
        "uniqueness": 0.886439,
        "novelty": 0.873932,
        "n_valid": 972181,
        "n_unique": 886439,
        "n_novel": 873932
    }
}