{
    "@50000": {
        "validity": 0.94024,
        "uniqueness": 0.8823,
        "novelty": 0.87092,
        "n_valid": 47012,
        "n_unique": 44115,
        "n_novel": 43546
    },
    "@100000": {
        "validity": 0.93914,
        "uniqueness": 0.85662,
        "novelty": 0.8475,
        "n_valid": 93914,
        "n_unique": 85662,
        "n_novel": 84750
    },
    "@150000": {
        "validity": 0.9388933333333334,
        "uniqueness": 0.8400466666666667,
        "novelty": 0.8320466666666667,
        "n_valid": 140834,
        "n_unique": 126007,
        "n_novel": 124807
    },
    "@200000": {
        "validity": 0.9392,
        "uniqueness": 0.827035,
        "novelty": 0.81985,
        "n_valid": 187840,
        "n_unique": 165407,
        "n_novel": 163970
    },
    "@250000": {
        "validity": 0.939248,
        "uniqueness": 0.817032,
        "novelty": 0.810468,
        "n_valid": 234812,
        "n_unique": 204258,
        "n_novel": 202617
    },
    "@300000": {
        "validity": 0.9394866666666667,
        "uniqueness": 0.8083666666666667,
        "novelty": 0.8023033333333334,
        "n_valid": 281846,
        "n_unique": 242510,
        "n_novel": 240691
    },
    "@350000": {
        "validity": 0.9396028571428572,
        "uniqueness": 0.80066,
        "novelty": 0.7949828571428571,
        "n_valid": 328861,
        "n_unique": 280231,
        "n_novel": 278244
    },
    "@400000": {
        "validity": 0.9394575,
        "uniqueness": 0.79369,
        "novelty": 0.7883025,
        "n_valid": 375783,
        "n_unique": 317476,
        "n_novel": 315321
    },
    "@450000": {
        "validity": 0.9395577777777778,
        "uniqueness": 0.7874222222222222,
        "novelty": 0.7823377777777778,
        "n_valid": 422801,
        "n_unique": 354340,
        "n_novel": 352052
    },
    "@500000": {
        "validity": 0.93973,
        "uniqueness": 0.781916,
        "novelty": 0.77708,
        "n_valid": 469865,
        "n_unique": 390958,
        "n_novel": 388540
    },
    "@550000": {
        "validity": 0.9396163636363636,
        "uniqueness": 0.7769945454545455,
        "novelty": 0.77238,
        "n_valid": 516789,
        "n_unique": 427347,
        "n_novel": 424809
    },
    "@600000": {
        "validity": 0.9395316666666667,
        "uniqueness": 0.772355,
        "novelty": 0.7679083333333333,
        "n_valid": 563719,
        "n_unique": 463413,
        "n_novel": 460745
    },
    "@650000": {
        "validity": 0.9395984615384615,
        "uniqueness": 0.7682123076923076,
        "novelty": 0.7639646153846154,
        "n_valid": 610739,
        "n_unique": 499338,
        "n_novel": 496577
    },
    "@700000": {
        "validity": 0.9396157142857143,
        "uniqueness": 0.7640371428571429,
        "novelty": 0.7599614285714286,
        "n_valid": 657731,
        "n_unique": 534826,
        "n_novel": 531973
    },
    "@750000": {
        "validity": 0.9395666666666667,
        "uniqueness": 0.760192,
        "novelty": 0.7562733333333334,
        "n_valid": 704675,
        "n_unique": 570144,
        "n_novel": 567205
    },
    "@800000": {
        "validity": 0.93954875,
        "uniqueness": 0.7565375,
        "novelty": 0.75275375,
        "n_valid": 751639,
        "n_unique": 605230,
        "n_novel": 602203
    },
    "@850000": {
        "validity": 0.9394623529411764,
        "uniqueness": 0.7529658823529412,
        "novelty": 0.7492976470588235,
        "n_valid": 798543,
        "n_unique": 640021,
        "n_novel": 636903
    },
    "@900000": {
        "validity": 0.9394266666666666,
        "uniqueness": 0.7499688888888889,
        "novelty": 0.7464122222222223,
        "n_valid": 845484,
        "n_unique": 674972,
        "n_novel": 671771
    },
    "@950000": {
        "validity": 0.9394505263157895,
        "uniqueness": 0.747081052631579,
        "novelty": 0.7436126315789474,
        "n_valid": 892478,
        "n_unique": 709727,
        "n_novel": 706432
    },
    "@1000000": {
        "validity": 0.939409,
        "uniqueness": 0.744071,
        "novelty": 0.740695,
        "n_valid": 939409,
        "n_unique": 744071,
        "n_novel": 740695
    }
}