{
    "@50000": {
        "validity": 0.95102,
        "uniqueness": 0.78278,
        "novelty": 0.76346,
        "n_valid": 47551,
        "n_unique": 39139,
        "n_novel": 38173
    },
    "@100000": {
        "validity": 0.95023,
        "uniqueness": 0.73342,
        "novelty": 0.71928,
        "n_valid": 95023,
        "n_unique": 73342,
        "n_novel": 71928
    },
    "@150000": {
        "validity": 0.9501266666666667,
        "uniqueness": 0.7025066666666666,
        "novelty": 0.6907733333333334,
        "n_valid": 142519,
        "n_unique": 105376,
        "n_novel": 103616
    },
    "@200000": {
        "validity": 0.950085,
        "uniqueness": 0.680425,
        "novelty": 0.67025,
        "n_valid": 190017,
        "n_unique": 136085,
        "n_novel": 134050
    },
    "@250000": {
        "validity": 0.94994,
        "uniqueness": 0.662836,
        "novelty": 0.653728,
        "n_valid": 237485,
        "n_unique": 165709,
        "n_novel": 163432
    },
    "@300000": {
        "validity": 0.95003,
        "uniqueness": 0.6483366666666667,
        "novelty": 0.64004,
        "n_valid": 285009,
        "n_unique": 194501,
        "n_novel": 192012
    },
    "@350000": {
        "validity": 0.9499657142857143,
        "uniqueness": 0.6360085714285715,
        "novelty": 0.6283828571428571,
        "n_valid": 332488,
        "n_unique": 222603,
        "n_novel": 219934
    },
    "@400000": {
        "validity": 0.950075,
        "uniqueness": 0.6248775,
        "novelty": 0.61781,
        "n_valid": 380030,
        "n_unique": 249951,
        "n_novel": 247124
    },
    "@450000": {
        "validity": 0.95008,
        "uniqueness": 0.615,
        "novelty": 0.6083711111111111,
        "n_valid": 427536,
        "n_unique": 276750,
        "n_novel": 273767
    },
    "@500000": {
        "validity": 0.950066,
        "uniqueness": 0.606552,
        "novelty": 0.600318,
        "n_valid": 475033,
        "n_unique": 303276,
        "n_novel": 300159
    },
    "@550000": {
        "validity": 0.9502672727272727,
        "uniqueness": 0.5988818181818182,
        "novelty": 0.5929690909090909,
        "n_valid": 522647,
        "n_unique": 329385,
        "n_novel": 326133
    },
    "@600000": {
        "validity": 0.9502516666666667,
        "uniqueness": 0.591685,
        "novelty": 0.5860983333333334,
        "n_valid": 570151,
        "n_unique": 355011,
        "n_novel": 351659
    },
    "@650000": {
        "validity": 0.9500861538461538,
        "uniqueness": 0.5848061538461539,
        "novelty": 0.5794661538461539,
        "n_valid": 617556,
        "n_unique": 380124,
        "n_novel": 376653
    },
    "@700000": {
        "validity": 0.9500657142857143,
        "uniqueness": 0.5788314285714286,
        "novelty": 0.5737085714285715,
        "n_valid": 665046,
        "n_unique": 405182,
        "n_novel": 401596
    },
    "@750000": {
        "validity": 0.9500746666666666,
        "uniqueness": 0.5732506666666667,
        "novelty": 0.5683466666666667,
        "n_valid": 712556,
        "n_unique": 429938,
        "n_novel": 426260
    },
    "@800000": {
        "validity": 0.9501175,
        "uniqueness": 0.5679125,
        "novelty": 0.563175,
        "n_valid": 760094,
        "n_unique": 454330,
        "n_novel": 450540
    },
    "@850000": {
        "validity": 0.9501917647058824,
        "uniqueness": 0.5630329411764706,
        "novelty": 0.558455294117647,
        "n_valid": 807663,
        "n_unique": 478578,
        "n_novel": 474687
    },
    "@900000": {
        "validity": 0.9501688888888888,
        "uniqueness": 0.5583333333333333,
        "novelty": 0.5539,
        "n_valid": 855152,
        "n_unique": 502500,
        "n_novel": 498510
    },
    "@950000": {
        "validity": 0.9501915789473684,
        "uniqueness": 0.55368,
        "novelty": 0.5494147368421053,
        "n_valid": 902682,
        "n_unique": 525996,
        "n_novel": 521944
    },
    "@1000000": {
        "validity": 0.950189,
        "uniqueness": 0.549446,
        "novelty": 0.545317,
        "n_valid": 950189,
        "n_unique": 549446,
        "n_novel": 545317
    }
}