{
    "@50000": {
        "validity": 0.9797,
        "uniqueness": 0.54852,
        "novelty": 0.54278,
        "n_valid": 48985,
        "n_unique": 27426,
        "n_novel": 27139
    },
    "@100000": {
        "validity": 0.97945,
        "uniqueness": 0.49207,
        "novelty": 0.48792,
        "n_valid": 97945,
        "n_unique": 49207,
        "n_novel": 48792
    },
    "@150000": {
        "validity": 0.9796266666666666,
        "uniqueness": 0.4589,
        "novelty": 0.45550666666666667,
        "n_valid": 146944,
        "n_unique": 68835,
        "n_novel": 68326
    },
    "@200000": {
        "validity": 0.979185,
        "uniqueness": 0.43624,
        "novelty": 0.433245,
        "n_valid": 195837,
        "n_unique": 87248,
        "n_novel": 86649
    },
    "@250000": {
        "validity": 0.97906,
        "uniqueness": 0.418904,
        "novelty": 0.416192,
        "n_valid": 244765,
        "n_unique": 104726,
        "n_novel": 104048
    },
    "@300000": {
        "validity": 0.9792566666666667,
        "uniqueness": 0.4051,
        "novelty": 0.40261,
        "n_valid": 293777,
        "n_unique": 121530,
        "n_novel": 120783
    },
    "@350000": {
        "validity": 0.9793,
        "uniqueness": 0.3935457142857143,
        "novelty": 0.3912657142857143,
        "n_valid": 342755,
        "n_unique": 137741,
        "n_novel": 136943
    },
    "@400000": {
        "validity": 0.979355,
        "uniqueness": 0.38361,
        "novelty": 0.3814625,
        "n_valid": 391742,
        "n_unique": 153444,
        "n_novel": 152585
    },
    "@450000": {
        "validity": 0.9793488888888889,
        "uniqueness": 0.37561555555555554,
        "novelty": 0.3735911111111111,
        "n_valid": 440707,
        "n_unique": 169027,
        "n_novel": 168116
    },
    "@500000": {
        "validity": 0.979324,
        "uniqueness": 0.368014,
        "novelty": 0.36607,
        "n_valid": 489662,
        "n_unique": 184007,
        "n_novel": 183035
    },
    "@550000": {
        "validity": 0.9792890909090909,
        "uniqueness": 0.3615909090909091,
        "novelty": 0.3597672727272727,
        "n_valid": 538609,
        "n_unique": 198875,
        "n_novel": 197872
    },
    "@600000": {
        "validity": 0.9792416666666667,
        "uniqueness": 0.35489166666666666,
        "novelty": 0.35314,
        "n_valid": 587545,
        "n_unique": 212935,
        "n_novel": 211884
    },
    "@650000": {
        "validity": 0.9793030769230769,
        "uniqueness": 0.3497769230769231,
        "novelty": 0.3480861538461538,
        "n_valid": 636547,
        "n_unique": 227355,
        "n_novel": 226256
    },
    "@700000": {
        "validity": 0.9792957142857143,
        "uniqueness": 0.3447557142857143,
        "novelty": 0.34313285714285713,
        "n_valid": 685507,
        "n_unique": 241329,
        "n_novel": 240193
    },
    "@750000": {
        "validity": 0.9793066666666667,
        "uniqueness": 0.33991466666666664,
        "novelty": 0.33834533333333333,
        "n_valid": 734480,
        "n_unique": 254936,
        "n_novel": 253759
    },
    "@800000": {
        "validity": 0.97924375,
        "uniqueness": 0.33558875,
        "novelty": 0.33406125,
        "n_valid": 783395,
        "n_unique": 268471,
        "n_novel": 267249
    },
    "@850000": {
        "validity": 0.9791352941176471,
        "uniqueness": 0.3314,
        "novelty": 0.3299235294117647,
        "n_valid": 832265,
        "n_unique": 281690,
        "n_novel": 280435
    },
    "@900000": {
        "validity": 0.9791122222222223,
        "uniqueness": 0.3275777777777778,
        "novelty": 0.32615,
        "n_valid": 881201,
        "n_unique": 294820,
        "n_novel": 293535
    },
    "@950000": {
        "validity": 0.9791115789473684,
        "uniqueness": 0.3239105263157895,
        "novelty": 0.3225305263157895,
        "n_valid": 930156,
        "n_unique": 307715,
        "n_novel": 306404
    },
    "@1000000": {
        "validity": 0.979103,
        "uniqueness": 0.32048,
        "novelty": 0.319133,
        "n_valid": 979103,
        "n_unique": 320480,
        "n_novel": 319133
    }
}