{
    "@50000": {
        "validity": 0.9897,
        "uniqueness": 0.52382,
        "novelty": 0.50064,
        "n_valid": 49485,
        "n_unique": 26191,
        "n_novel": 25032
    },
    "@100000": {
        "validity": 0.99026,
        "uniqueness": 0.46917,
        "novelty": 0.45192,
        "n_valid": 99026,
        "n_unique": 46917,
        "n_novel": 45192
    },
    "@150000": {
        "validity": 0.99016,
        "uniqueness": 0.43765333333333334,
        "novelty": 0.4231666666666667,
        "n_valid": 148524,
        "n_unique": 65648,
        "n_novel": 63475
    },
    "@200000": {
        "validity": 0.990205,
        "uniqueness": 0.417165,
        "novelty": 0.404275,
        "n_valid": 198041,
        "n_unique": 83433,
        "n_novel": 80855
    },
    "@250000": {
        "validity": 0.99018,
        "uniqueness": 0.401096,
        "novelty": 0.389312,
        "n_valid": 247545,
        "n_unique": 100274,
        "n_novel": 97328
    },
    "@300000": {
        "validity": 0.9902333333333333,
        "uniqueness": 0.38802,
        "novelty": 0.37710666666666665,
        "n_valid": 297070,
        "n_unique": 116406,
        "n_novel": 113132
    },
    "@350000": {
        "validity": 0.9902342857142857,
        "uniqueness": 0.3771171428571429,
        "novelty": 0.3669742857142857,
        "n_valid": 346582,
        "n_unique": 131991,
        "n_novel": 128441
    },
    "@400000": {
        "validity": 0.9902475,
        "uniqueness": 0.3679725,
        "novelty": 0.358375,
        "n_valid": 396099,
        "n_unique": 147189,
        "n_novel": 143350
    },
    "@450000": {
        "validity": 0.9903244444444445,
        "uniqueness": 0.35986444444444443,
        "novelty": 0.35082,
        "n_valid": 445646,
        "n_unique": 161939,
        "n_novel": 157869
    },
    "@500000": {
        "validity": 0.99041,
        "uniqueness": 0.352304,
        "novelty": 0.34368,
        "n_valid": 495205,
        "n_unique": 176152,
        "n_novel": 171840
    },
    "@550000": {
        "validity": 0.99032,
        "uniqueness": 0.34577636363636366,
        "novelty": 0.3374672727272727,
        "n_valid": 544676,
        "n_unique": 190177,
        "n_novel": 185607
    },
    "@600000": {
        "validity": 0.9903566666666667,
        "uniqueness": 0.34002,
        "novelty": 0.3320766666666667,
        "n_valid": 594214,
        "n_unique": 204012,
        "n_novel": 199246
    },
    "@650000": {
        "validity": 0.990356923076923,
        "uniqueness": 0.3348553846153846,
        "novelty": 0.3271769230769231,
        "n_valid": 643732,
        "n_unique": 217656,
        "n_novel": 212665
    },
    "@700000": {
        "validity": 0.9903457142857143,
        "uniqueness": 0.32996285714285717,
        "novelty": 0.3225314285714286,
        "n_valid": 693242,
        "n_unique": 230974,
        "n_novel": 225772
    },
    "@750000": {
        "validity": 0.9902733333333333,
        "uniqueness": 0.325292,
        "novelty": 0.318084,
        "n_valid": 742705,
        "n_unique": 243969,
        "n_novel": 238563
    },
    "@800000": {
        "validity": 0.99026875,
        "uniqueness": 0.32094625,
        "novelty": 0.313955,
        "n_valid": 792215,
        "n_unique": 256757,
        "n_novel": 251164
    },
    "@850000": {
        "validity": 0.9902635294117647,
        "uniqueness": 0.31717411764705883,
        "novelty": 0.31039529411764705,
        "n_valid": 841724,
        "n_unique": 269598,
        "n_novel": 263836
    },
    "@900000": {
        "validity": 0.9902811111111111,
        "uniqueness": 0.3134777777777778,
        "novelty": 0.30689333333333335,
        "n_valid": 891253,
        "n_unique": 282130,
        "n_novel": 276204
    },
    "@950000": {
        "validity": 0.9902315789473685,
        "uniqueness": 0.3100063157894737,
        "novelty": 0.3035536842105263,
        "n_valid": 940720,
        "n_unique": 294506,
        "n_novel": 288376
    },
    "@1000000": {
        "validity": 0.990248,
        "uniqueness": 0.306784,
        "novelty": 0.300506,
        "n_valid": 990248,
        "n_unique": 306784,
        "n_novel": 300506
    }
}