{
    "@50000": {
        "validity": 0.9797,
        "uniqueness": 0.78162,
        "novelty": 0.7543,
        "n_valid": 48985,
        "n_unique": 39081,
        "n_novel": 37715
    },
    "@100000": {
        "validity": 0.9803,
        "uniqueness": 0.74278,
        "novelty": 0.71968,
        "n_valid": 98030,
        "n_unique": 74278,
        "n_novel": 71968
    },
    "@150000": {
        "validity": 0.9798733333333334,
        "uniqueness": 0.71874,
        "novelty": 0.6982133333333334,
        "n_valid": 146981,
        "n_unique": 107811,
        "n_novel": 104732
    },
    "@200000": {
        "validity": 0.97979,
        "uniqueness": 0.7015,
        "novelty": 0.682415,
        "n_valid": 195958,
        "n_unique": 140300,
        "n_novel": 136483
    },
    "@250000": {
        "validity": 0.979744,
        "uniqueness": 0.688296,
        "novelty": 0.67058,
        "n_valid": 244936,
        "n_unique": 172074,
        "n_novel": 167645
    },
    "@300000": {
        "validity": 0.9798166666666667,
        "uniqueness": 0.6776266666666667,
        "novelty": 0.6609066666666666,
        "n_valid": 293945,
        "n_unique": 203288,
        "n_novel": 198272
    },
    "@350000": {
        "validity": 0.97986,
        "uniqueness": 0.6683257142857143,
        "novelty": 0.6523314285714286,
        "n_valid": 342951,
        "n_unique": 233914,
        "n_novel": 228316
    },
    "@400000": {
        "validity": 0.979745,
        "uniqueness": 0.6600925,
        "novelty": 0.6447675,
        "n_valid": 391898,
        "n_unique": 264037,
        "n_novel": 257907
    },
    "@450000": {
        "validity": 0.9797288888888889,
        "uniqueness": 0.6530644444444444,
        "novelty": 0.6383555555555556,
        "n_valid": 440878,
        "n_unique": 293879,
        "n_novel": 287260
    },
    "@500000": {
        "validity": 0.97962,
        "uniqueness": 0.64654,
        "novelty": 0.632396,
        "n_valid": 489810,
        "n_unique": 323270,
        "n_novel": 316198
    },
    "@550000": {
        "validity": 0.9796290909090909,
        "uniqueness": 0.6404327272727273,
        "novelty": 0.6267836363636363,
        "n_valid": 538796,
        "n_unique": 352238,
        "n_novel": 344731
    },
    "@600000": {
        "validity": 0.9796416666666666,
        "uniqueness": 0.6348233333333333,
        "novelty": 0.621585,
        "n_valid": 587785,
        "n_unique": 380894,
        "n_novel": 372951
    },
    "@650000": {
        "validity": 0.9796307692307692,
        "uniqueness": 0.6298476923076923,
        "novelty": 0.6169892307692307,
        "n_valid": 636760,
        "n_unique": 409401,
        "n_novel": 401043
    },
    "@700000": {
        "validity": 0.9796828571428572,
        "uniqueness": 0.6251885714285714,
        "novelty": 0.6126571428571429,
        "n_valid": 685778,
        "n_unique": 437632,
        "n_novel": 428860
    },
    "@750000": {
        "validity": 0.979624,
        "uniqueness": 0.620752,
        "novelty": 0.6085106666666666,
        "n_valid": 734718,
        "n_unique": 465564,
        "n_novel": 456383
    },
    "@800000": {
        "validity": 0.9796975,
        "uniqueness": 0.6164625,
        "novelty": 0.6045625,
        "n_valid": 783758,
        "n_unique": 493170,
        "n_novel": 483650
    },
    "@850000": {
        "validity": 0.9795976470588236,
        "uniqueness": 0.6126058823529412,
        "novelty": 0.6009811764705882,
        "n_valid": 832658,
        "n_unique": 520715,
        "n_novel": 510834
    },
    "@900000": {
        "validity": 0.97961,
        "uniqueness": 0.60897,
        "novelty": 0.5975455555555556,
        "n_valid": 881649,
        "n_unique": 548073,
        "n_novel": 537791
    },
    "@950000": {
        "validity": 0.9795894736842106,
        "uniqueness": 0.6055947368421053,
        "novelty": 0.5943978947368421,
        "n_valid": 930610,
        "n_unique": 575315,
        "n_novel": 564678
    },
    "@1000000": {
        "validity": 0.979621,
        "uniqueness": 0.602274,
        "novelty": 0.591305,
        "n_valid": 979621,
        "n_unique": 602274,
        "n_novel": 591305
    }
}