{
    "@50000": {
        "validity": 0.84236,
        "uniqueness": 0.63884,
        "novelty": 0.63068,
        "n_valid": 42118,
        "n_unique": 31942,
        "n_novel": 31534
    },
    "@100000": {
        "validity": 0.84063,
        "uniqueness": 0.60532,
        "novelty": 0.59973,
        "n_valid": 84063,
        "n_unique": 60532,
        "n_novel": 59973
    },
    "@150000": {
        "validity": 0.8400933333333334,
        "uniqueness": 0.5836533333333334,
        "novelty": 0.5791733333333333,
        "n_valid": 126014,
        "n_unique": 87548,
        "n_novel": 86876
    },
    "@200000": {
        "validity": 0.84055,
        "uniqueness": 0.569115,
        "novelty": 0.56534,
        "n_valid": 168110,
        "n_unique": 113823,
        "n_novel": 113068
    },
    "@250000": {
        "validity": 0.840512,
        "uniqueness": 0.558604,
        "novelty": 0.555248,
        "n_valid": 210128,
        "n_unique": 139651,
        "n_novel": 138812
    },
    "@300000": {
        "validity": 0.8397666666666667,
        "uniqueness": 0.5477266666666667,
        "novelty": 0.5447233333333333,
        "n_valid": 251930,
        "n_unique": 164318,
        "n_novel": 163417
    },
    "@350000": {
        "validity": 0.8398971428571429,
        "uniqueness": 0.5398828571428571,
        "novelty": 0.53712,
        "n_valid": 293964,
        "n_unique": 188959,
        "n_novel": 187992
    },
    "@400000": {
        "validity": 0.8398525,
        "uniqueness": 0.5328275,
        "novelty": 0.53027,
        "n_valid": 335941,
        "n_unique": 213131,
        "n_novel": 212108
    },
    "@450000": {
        "validity": 0.8396266666666666,
        "uniqueness": 0.5268044444444444,
        "novelty": 0.5244066666666667,
        "n_valid": 377832,
        "n_unique": 237062,
        "n_novel": 235983
    },
    "@500000": {
        "validity": 0.839398,
        "uniqueness": 0.521666,
        "novelty": 0.519398,
        "n_valid": 419699,
        "n_unique": 260833,
        "n_novel": 259699
    },
    "@550000": {
        "validity": 0.8393345454545454,
        "uniqueness": 0.5167090909090909,
        "novelty": 0.51456,
        "n_valid": 461634,
        "n_unique": 284190,
        "n_novel": 283008
    },
    "@600000": {
        "validity": 0.83931,
        "uniqueness": 0.5122166666666667,
        "novelty": 0.51017,
        "n_valid": 503586,
        "n_unique": 307330,
        "n_novel": 306102
    },
    "@650000": {
        "validity": 0.8392692307692308,
        "uniqueness": 0.5083138461538461,
        "novelty": 0.5063692307692308,
        "n_valid": 545525,
        "n_unique": 330404,
        "n_novel": 329140
    },
    "@700000": {
        "validity": 0.8393371428571429,
        "uniqueness": 0.5044928571428572,
        "novelty": 0.5026128571428572,
        "n_valid": 587536,
        "n_unique": 353145,
        "n_novel": 351829
    },
    "@750000": {
        "validity": 0.8393013333333333,
        "uniqueness": 0.501148,
        "novelty": 0.49932133333333334,
        "n_valid": 629476,
        "n_unique": 375861,
        "n_novel": 374491
    },
    "@800000": {
        "validity": 0.83934375,
        "uniqueness": 0.4977775,
        "novelty": 0.4960225,
        "n_valid": 671475,
        "n_unique": 398222,
        "n_novel": 396818
    },
    "@850000": {
        "validity": 0.8394035294117647,
        "uniqueness": 0.4946011764705882,
        "novelty": 0.49291411764705884,
        "n_valid": 713493,
        "n_unique": 420411,
        "n_novel": 418977
    },
    "@900000": {
        "validity": 0.8393611111111111,
        "uniqueness": 0.4918855555555556,
        "novelty": 0.49025,
        "n_valid": 755425,
        "n_unique": 442697,
        "n_novel": 441225
    },
    "@950000": {
        "validity": 0.8394031578947369,
        "uniqueness": 0.48913052631578946,
        "novelty": 0.48754947368421053,
        "n_valid": 797433,
        "n_unique": 464674,
        "n_novel": 463172
    },
    "@1000000": {
        "validity": 0.839377,
        "uniqueness": 0.486466,
        "novelty": 0.484927,
        "n_valid": 839377,
        "n_unique": 486466,
        "n_novel": 484927
    }
}