{
    "@50000": {
        "validity": 0.97976,
        "uniqueness": 0.95304,
        "novelty": 0.91914,
        "n_valid": 48988,
        "n_unique": 47652,
        "n_novel": 45957
    },
    "@100000": {
        "validity": 0.97878,
        "uniqueness": 0.93854,
        "novelty": 0.90811,
        "n_valid": 97878,
        "n_unique": 93854,
        "n_novel": 90811
    },
    "@150000": {
        "validity": 0.97878,
        "uniqueness": 0.9286266666666667,
        "novelty": 0.9001266666666666,
        "n_valid": 146817,
        "n_unique": 139294,
        "n_novel": 135019
    },
    "@200000": {
        "validity": 0.97876,
        "uniqueness": 0.920795,
        "novelty": 0.893815,
        "n_valid": 195752,
        "n_unique": 184159,
        "n_novel": 178763
    },
    "@250000": {
        "validity": 0.9789,
        "uniqueness": 0.91392,
        "novelty": 0.888096,
        "n_valid": 244725,
        "n_unique": 228480,
        "n_novel": 222024
    },
    "@300000": {
        "validity": 0.9788366666666667,
        "uniqueness": 0.90762,
        "novelty": 0.8829133333333333,
        "n_valid": 293651,
        "n_unique": 272286,
        "n_novel": 264874
    },
    "@350000": {
        "validity": 0.97882,
        "uniqueness": 0.9019485714285714,
        "novelty": 0.8782914285714286,
        "n_valid": 342587,
        "n_unique": 315682,
        "n_novel": 307402
    },
    "@400000": {
        "validity": 0.9789525,
        "uniqueness": 0.89693,
        "novelty": 0.874025,
        "n_valid": 391581,
        "n_unique": 358772,
        "n_novel": 349610
    },
    "@450000": {
        "validity": 0.9789244444444445,
        "uniqueness": 0.89224,
        "novelty": 0.8699777777777777,
        "n_valid": 440516,
        "n_unique": 401508,
        "n_novel": 391490
    },
    "@500000": {
        "validity": 0.978904,
        "uniqueness": 0.888074,
        "novelty": 0.86651,
        "n_valid": 489452,
        "n_unique": 444037,
        "n_novel": 433255
    },
    "@550000": {
        "validity": 0.9788818181818182,
        "uniqueness": 0.8843618181818181,
        "novelty": 0.8633818181818181,
        "n_valid": 538385,
        "n_unique": 486399,
        "n_novel": 474860
    },
    "@600000": {
        "validity": 0.978875,
        "uniqueness": 0.8804933333333334,
        "novelty": 0.8599666666666667,
        "n_valid": 587325,
        "n_unique": 528296,
        "n_novel": 515980
    },
    "@650000": {
        "validity": 0.9789184615384615,
        "uniqueness": 0.8770338461538462,
        "novelty": 0.8570492307692308,
        "n_valid": 636297,
        "n_unique": 570072,
        "n_novel": 557082
    },
    "@700000": {
        "validity": 0.9789514285714286,
        "uniqueness": 0.8738728571428571,
        "novelty": 0.8543214285714286,
        "n_valid": 685266,
        "n_unique": 611711,
        "n_novel": 598025
    },
    "@750000": {
        "validity": 0.978872,
        "uniqueness": 0.8707533333333334,
        "novelty": 0.8516253333333333,
        "n_valid": 734154,
        "n_unique": 653065,
        "n_novel": 638719
    },
    "@800000": {
        "validity": 0.978845,
        "uniqueness": 0.86806625,
        "novelty": 0.84938125,
        "n_valid": 783076,
        "n_unique": 694453,
        "n_novel": 679505
    },
    "@850000": {
        "validity": 0.97884,
        "uniqueness": 0.8656552941176471,
        "novelty": 0.8473317647058823,
        "n_valid": 832014,
        "n_unique": 735807,
        "n_novel": 720232
    },
    "@900000": {
        "validity": 0.9788311111111111,
        "uniqueness": 0.8630666666666666,
        "novelty": 0.8450677777777778,
        "n_valid": 880948,
        "n_unique": 776760,
        "n_novel": 760561
    },
    "@950000": {
        "validity": 0.9788336842105263,
        "uniqueness": 0.8606115789473684,
        "novelty": 0.84298,
        "n_valid": 929892,
        "n_unique": 817581,
        "n_novel": 800831
    },
    "@1000000": {
        "validity": 0.978848,
        "uniqueness": 0.858304,
        "novelty": 0.840966,
        "n_valid": 978848,
        "n_unique": 858304,
        "n_novel": 840966
    }
}