{
    "@50000": {
        "validity": 0.9011,
        "uniqueness": 0.88152,
        "novelty": 0.871,
        "n_valid": 45055,
        "n_unique": 44076,
        "n_novel": 43550
    },
    "@100000": {
        "validity": 0.90095,
        "uniqueness": 0.87235,
        "novelty": 0.86287,
        "n_valid": 90095,
        "n_unique": 87235,
        "n_novel": 86287
    },
    "@150000": {
        "validity": 0.8998933333333333,
        "uniqueness": 0.8640866666666667,
        "novelty": 0.85552,
        "n_valid": 134984,
        "n_unique": 129613,
        "n_novel": 128328
    },
    "@200000": {
        "validity": 0.899805,
        "uniqueness": 0.85855,
        "novelty": 0.85058,
        "n_valid": 179961,
        "n_unique": 171710,
        "n_novel": 170116
    },
    "@250000": {
        "validity": 0.899484,
        "uniqueness": 0.853428,
        "novelty": 0.845976,
        "n_valid": 224871,
        "n_unique": 213357,
        "n_novel": 211494
    },
    "@300000": {
        "validity": 0.8991466666666666,
        "uniqueness": 0.8488766666666666,
        "novelty": 0.8416566666666667,
        "n_valid": 269744,
        "n_unique": 254663,
        "n_novel": 252497
    },
    "@350000": {
        "validity": 0.8988885714285715,
        "uniqueness": 0.8447971428571428,
        "novelty": 0.8378971428571429,
        "n_valid": 314611,
        "n_unique": 295679,
        "n_novel": 293264
    },
    "@400000": {
        "validity": 0.8984125,
        "uniqueness": 0.841285,
        "novelty": 0.83459,
        "n_valid": 359365,
        "n_unique": 336514,
        "n_novel": 333836
    },
    "@450000": {
        "validity": 0.8982444444444444,
        "uniqueness": 0.8380777777777778,
        "novelty": 0.8316444444444444,
        "n_valid": 404210,
        "n_unique": 377135,
        "n_novel": 374240
    },
    "@500000": {
        "validity": 0.898186,
        "uniqueness": 0.835506,
        "novelty": 0.829314,
        "n_valid": 449093,
        "n_unique": 417753,
        "n_novel": 414657
    },
    "@550000": {
        "validity": 0.8982181818181818,
        "uniqueness": 0.8331127272727272,
        "novelty": 0.8271036363636364,
        "n_valid": 494020,
        "n_unique": 458212,
        "n_novel": 454907
    },
    "@600000": {
        "validity": 0.8983533333333333,
        "uniqueness": 0.8309283333333334,
        "novelty": 0.8250266666666667,
        "n_valid": 539012,
        "n_unique": 498557,
        "n_novel": 495016
    },
    "@650000": {
        "validity": 0.8985276923076924,
        "uniqueness": 0.8290215384615385,
        "novelty": 0.8232923076923077,
        "n_valid": 584043,
        "n_unique": 538864,
        "n_novel": 535140
    },
    "@700000": {
        "validity": 0.8984642857142857,
        "uniqueness": 0.82674,
        "novelty": 0.82117,
        "n_valid": 628925,
        "n_unique": 578718,
        "n_novel": 574819
    },
    "@750000": {
        "validity": 0.8984693333333333,
        "uniqueness": 0.8248586666666666,
        "novelty": 0.819424,
        "n_valid": 673852,
        "n_unique": 618644,
        "n_novel": 614568
    },
    "@800000": {
        "validity": 0.89843875,
        "uniqueness": 0.82289,
        "novelty": 0.817595,
        "n_valid": 718751,
        "n_unique": 658312,
        "n_novel": 654076
    },
    "@850000": {
        "validity": 0.8985541176470588,
        "uniqueness": 0.8212,
        "novelty": 0.8160011764705882,
        "n_valid": 763771,
        "n_unique": 698020,
        "n_novel": 693601
    },
    "@900000": {
        "validity": 0.8986233333333333,
        "uniqueness": 0.8196822222222222,
        "novelty": 0.8145833333333333,
        "n_valid": 808761,
        "n_unique": 737714,
        "n_novel": 733125
    },
    "@950000": {
        "validity": 0.89866,
        "uniqueness": 0.8181147368421052,
        "novelty": 0.8131178947368422,
        "n_valid": 853727,
        "n_unique": 777209,
        "n_novel": 772462
    },
    "@1000000": {
        "validity": 0.898732,
        "uniqueness": 0.816596,
        "novelty": 0.811707,
        "n_valid": 898732,
        "n_unique": 816596,
        "n_novel": 811707
    }
}