{
    "@50000": {
        "validity": 0.97904,
        "uniqueness": 0.95126,
        "novelty": 0.92564,
        "n_valid": 48952,
        "n_unique": 47563,
        "n_novel": 46282
    },
    "@100000": {
        "validity": 0.97927,
        "uniqueness": 0.93684,
        "novelty": 0.91413,
        "n_valid": 97927,
        "n_unique": 93684,
        "n_novel": 91413
    },
    "@150000": {
        "validity": 0.9793,
        "uniqueness": 0.92568,
        "novelty": 0.9043733333333334,
        "n_valid": 146895,
        "n_unique": 138852,
        "n_novel": 135656
    },
    "@200000": {
        "validity": 0.979425,
        "uniqueness": 0.91786,
        "novelty": 0.89788,
        "n_valid": 195885,
        "n_unique": 183572,
        "n_novel": 179576
    },
    "@250000": {
        "validity": 0.979456,
        "uniqueness": 0.910552,
        "novelty": 0.891476,
        "n_valid": 244864,
        "n_unique": 227638,
        "n_novel": 222869
    },
    "@300000": {
        "validity": 0.9795366666666667,
        "uniqueness": 0.9042366666666667,
        "novelty": 0.8859233333333333,
        "n_valid": 293861,
        "n_unique": 271271,
        "n_novel": 265777
    },
    "@350000": {
        "validity": 0.9796114285714286,
        "uniqueness": 0.8986314285714285,
        "novelty": 0.8810542857142857,
        "n_valid": 342864,
        "n_unique": 314521,
        "n_novel": 308369
    },
    "@400000": {
        "validity": 0.979705,
        "uniqueness": 0.8936175,
        "novelty": 0.87666,
        "n_valid": 391882,
        "n_unique": 357447,
        "n_novel": 350664
    },
    "@450000": {
        "validity": 0.9796622222222222,
        "uniqueness": 0.8887444444444444,
        "novelty": 0.8723377777777778,
        "n_valid": 440848,
        "n_unique": 399935,
        "n_novel": 392552
    },
    "@500000": {
        "validity": 0.979614,
        "uniqueness": 0.88462,
        "novelty": 0.868658,
        "n_valid": 489807,
        "n_unique": 442310,
        "n_novel": 434329
    },
    "@550000": {
        "validity": 0.9797036363636363,
        "uniqueness": 0.8804545454545455,
        "novelty": 0.8650036363636364,
        "n_valid": 538837,
        "n_unique": 484250,
        "n_novel": 475752
    },
    "@600000": {
        "validity": 0.9797016666666667,
        "uniqueness": 0.87662,
        "novelty": 0.8615616666666667,
        "n_valid": 587821,
        "n_unique": 525972,
        "n_novel": 516937
    },
    "@650000": {
        "validity": 0.9796861538461539,
        "uniqueness": 0.8730338461538462,
        "novelty": 0.8583123076923077,
        "n_valid": 636796,
        "n_unique": 567472,
        "n_novel": 557903
    },
    "@700000": {
        "validity": 0.9796614285714286,
        "uniqueness": 0.8694057142857143,
        "novelty": 0.855,
        "n_valid": 685763,
        "n_unique": 608584,
        "n_novel": 598500
    },
    "@750000": {
        "validity": 0.979636,
        "uniqueness": 0.8661426666666666,
        "novelty": 0.852068,
        "n_valid": 734727,
        "n_unique": 649607,
        "n_novel": 639051
    },
    "@800000": {
        "validity": 0.9796575,
        "uniqueness": 0.86313375,
        "novelty": 0.8493925,
        "n_valid": 783726,
        "n_unique": 690507,
        "n_novel": 679514
    },
    "@850000": {
        "validity": 0.9797011764705882,
        "uniqueness": 0.8604317647058823,
        "novelty": 0.846975294117647,
        "n_valid": 832746,
        "n_unique": 731367,
        "n_novel": 719929
    },
    "@900000": {
        "validity": 0.9796977777777778,
        "uniqueness": 0.8575888888888888,
        "novelty": 0.8443577777777778,
        "n_valid": 881728,
        "n_unique": 771830,
        "n_novel": 759922
    },
    "@950000": {
        "validity": 0.979618947368421,
        "uniqueness": 0.854918947368421,
        "novelty": 0.841938947368421,
        "n_valid": 930638,
        "n_unique": 812173,
        "n_novel": 799842
    },
    "@1000000": {
        "validity": 0.979582,
        "uniqueness": 0.852413,
        "novelty": 0.839649,
        "n_valid": 979582,
        "n_unique": 852413,
        "n_novel": 839649
    }
}