{
    "train_loss": [
        0.5632196545600892,
        0.44677716195583345,
        0.3895083129405975,
        0.3451024889945984,
        0.312120658159256,
        0.28736299872398374,
        0.27007557153701783
    ],
    "val_loss": [
        0.47795184701681137,
        0.4464019760489464,
        0.44011037051677704,
        0.4274378567934036,
        0.43609222769737244,
        0.4376543089747429,
        0.45032133907079697
    ]
}