{
    "@50000": {
        "validity": 0.99472,
        "uniqueness": 0.22606,
        "novelty": 0.2167,
        "n_valid": 49736,
        "n_unique": 11303,
        "n_novel": 10835
    },
    "@100000": {
        "validity": 0.99455,
        "uniqueness": 0.18721,
        "novelty": 0.18053,
        "n_valid": 99455,
        "n_unique": 18721,
        "n_novel": 18053
    },
    "@150000": {
        "validity": 0.9943466666666667,
        "uniqueness": 0.16735333333333333,
        "novelty": 0.16189333333333333,
        "n_valid": 149152,
        "n_unique": 25103,
        "n_novel": 24284
    },
    "@200000": {
        "validity": 0.99433,
        "uniqueness": 0.15441,
        "novelty": 0.14964,
        "n_valid": 198866,
        "n_unique": 30882,
        "n_novel": 29928
    },
    "@250000": {
        "validity": 0.994332,
        "uniqueness": 0.14508,
        "novelty": 0.140812,
        "n_valid": 248583,
        "n_unique": 36270,
        "n_novel": 35203
    },
    "@300000": {
        "validity": 0.9943133333333334,
        "uniqueness": 0.13753666666666667,
        "novelty": 0.13361333333333333,
        "n_valid": 298294,
        "n_unique": 41261,
        "n_novel": 40084
    },
    "@350000": {
        "validity": 0.9943028571428572,
        "uniqueness": 0.13184285714285715,
        "novelty": 0.12823714285714286,
        "n_valid": 348006,
        "n_unique": 46145,
        "n_novel": 44883
    },
    "@400000": {
        "validity": 0.994315,
        "uniqueness": 0.126615,
        "novelty": 0.12327,
        "n_valid": 397726,
        "n_unique": 50646,
        "n_novel": 49308
    },
    "@450000": {
        "validity": 0.9943222222222222,
        "uniqueness": 0.12218444444444444,
        "novelty": 0.11902444444444445,
        "n_valid": 447445,
        "n_unique": 54983,
        "n_novel": 53561
    },
    "@500000": {
        "validity": 0.994372,
        "uniqueness": 0.118554,
        "novelty": 0.115528,
        "n_valid": 497186,
        "n_unique": 59277,
        "n_novel": 57764
    },
    "@550000": {
        "validity": 0.9943636363636363,
        "uniqueness": 0.11509090909090909,
        "novelty": 0.11221454545454546,
        "n_valid": 546900,
        "n_unique": 63300,
        "n_novel": 61718
    },
    "@600000": {
        "validity": 0.9943833333333333,
        "uniqueness": 0.11207833333333334,
        "novelty": 0.10935,
        "n_valid": 596630,
        "n_unique": 67247,
        "n_novel": 65610
    },
    "@650000": {
        "validity": 0.9943815384615384,
        "uniqueness": 0.10934769230769231,
        "novelty": 0.10674307692307693,
        "n_valid": 646348,
        "n_unique": 71076,
        "n_novel": 69383
    },
    "@700000": {
        "validity": 0.9943542857142857,
        "uniqueness": 0.10681142857142857,
        "novelty": 0.10430428571428571,
        "n_valid": 696048,
        "n_unique": 74768,
        "n_novel": 73013
    },
    "@750000": {
        "validity": 0.99436,
        "uniqueness": 0.10452133333333333,
        "novelty": 0.10209866666666667,
        "n_valid": 745770,
        "n_unique": 78391,
        "n_novel": 76574
    },
    "@800000": {
        "validity": 0.99438375,
        "uniqueness": 0.102455,
        "novelty": 0.10011625,
        "n_valid": 795507,
        "n_unique": 81964,
        "n_novel": 80093
    },
    "@850000": {
        "validity": 0.994355294117647,
        "uniqueness": 0.10049058823529412,
        "novelty": 0.09823294117647059,
        "n_valid": 845202,
        "n_unique": 85417,
        "n_novel": 83498
    },
    "@900000": {
        "validity": 0.9943666666666666,
        "uniqueness": 0.09873777777777777,
        "novelty": 0.09654444444444445,
        "n_valid": 894930,
        "n_unique": 88864,
        "n_novel": 86890
    },
    "@950000": {
        "validity": 0.9943726315789474,
        "uniqueness": 0.09698631578947368,
        "novelty": 0.0948442105263158,
        "n_valid": 944654,
        "n_unique": 92137,
        "n_novel": 90102
    },
    "@1000000": {
        "validity": 0.994356,
        "uniqueness": 0.09544,
        "novelty": 0.093343,
        "n_valid": 994356,
        "n_unique": 95440,
        "n_novel": 93343
    }
}