{
    "train_loss": [
        0.6647771716117858,
        0.6030798971652984,
        0.5594792366027832,
        0.5178991109132767,
        0.4943973541259766,
        0.4662254124879837,
        0.44307279884815215
    ],
    "val_loss": [
        0.5924364626407623,
        0.5773338228464127,
        0.5687981247901917,
        0.5568568110466003,
        0.5750190764665604,
        0.5732226967811584,
        0.5736593306064606
    ]
}