{
    "@50000": {
        "validity": 0.93588,
        "uniqueness": 0.79816,
        "novelty": 0.78006,
        "n_valid": 46794,
        "n_unique": 39908,
        "n_novel": 39003
    },
    "@100000": {
        "validity": 0.93466,
        "uniqueness": 0.75723,
        "novelty": 0.74348,
        "n_valid": 93466,
        "n_unique": 75723,
        "n_novel": 74348
    },
    "@150000": {
        "validity": 0.9349533333333333,
        "uniqueness": 0.7315333333333334,
        "novelty": 0.71992,
        "n_valid": 140243,
        "n_unique": 109730,
        "n_novel": 107988
    },
    "@200000": {
        "validity": 0.93515,
        "uniqueness": 0.71277,
        "novelty": 0.70264,
        "n_valid": 187030,
        "n_unique": 142554,
        "n_novel": 140528
    },
    "@250000": {
        "validity": 0.934868,
        "uniqueness": 0.697336,
        "novelty": 0.688288,
        "n_valid": 233717,
        "n_unique": 174334,
        "n_novel": 172072
    },
    "@300000": {
        "validity": 0.93484,
        "uniqueness": 0.6848366666666666,
        "novelty": 0.6766033333333333,
        "n_valid": 280452,
        "n_unique": 205451,
        "n_novel": 202981
    },
    "@350000": {
        "validity": 0.9349171428571429,
        "uniqueness": 0.6739114285714286,
        "novelty": 0.6663428571428571,
        "n_valid": 327221,
        "n_unique": 235869,
        "n_novel": 233220
    },
    "@400000": {
        "validity": 0.934945,
        "uniqueness": 0.6638725,
        "novelty": 0.656815,
        "n_valid": 373978,
        "n_unique": 265549,
        "n_novel": 262726
    },
    "@450000": {
        "validity": 0.9350666666666667,
        "uniqueness": 0.6553888888888889,
        "novelty": 0.6488088888888889,
        "n_valid": 420780,
        "n_unique": 294925,
        "n_novel": 291964
    },
    "@500000": {
        "validity": 0.935076,
        "uniqueness": 0.64784,
        "novelty": 0.641648,
        "n_valid": 467538,
        "n_unique": 323920,
        "n_novel": 320824
    },
    "@550000": {
        "validity": 0.9352436363636364,
        "uniqueness": 0.6408,
        "novelty": 0.6349363636363636,
        "n_valid": 514384,
        "n_unique": 352440,
        "n_novel": 349215
    },
    "@600000": {
        "validity": 0.9350766666666667,
        "uniqueness": 0.6342333333333333,
        "novelty": 0.6286216666666666,
        "n_valid": 561046,
        "n_unique": 380540,
        "n_novel": 377173
    },
    "@650000": {
        "validity": 0.9350523076923077,
        "uniqueness": 0.6285338461538461,
        "novelty": 0.6231538461538462,
        "n_valid": 607784,
        "n_unique": 408547,
        "n_novel": 405050
    },
    "@700000": {
        "validity": 0.93511,
        "uniqueness": 0.6234,
        "novelty": 0.6182442857142857,
        "n_valid": 654577,
        "n_unique": 436380,
        "n_novel": 432771
    },
    "@750000": {
        "validity": 0.935088,
        "uniqueness": 0.6183613333333333,
        "novelty": 0.613384,
        "n_valid": 701316,
        "n_unique": 463771,
        "n_novel": 460038
    },
    "@800000": {
        "validity": 0.93514125,
        "uniqueness": 0.61331625,
        "novelty": 0.6085,
        "n_valid": 748113,
        "n_unique": 490653,
        "n_novel": 486800
    },
    "@850000": {
        "validity": 0.9350717647058824,
        "uniqueness": 0.6087717647058823,
        "novelty": 0.6041105882352941,
        "n_valid": 794811,
        "n_unique": 517456,
        "n_novel": 513494
    },
    "@900000": {
        "validity": 0.9349944444444445,
        "uniqueness": 0.6047288888888889,
        "novelty": 0.6002122222222223,
        "n_valid": 841495,
        "n_unique": 544256,
        "n_novel": 540191
    },
    "@950000": {
        "validity": 0.9350221052631579,
        "uniqueness": 0.6007305263157895,
        "novelty": 0.5963589473684211,
        "n_valid": 888271,
        "n_unique": 570694,
        "n_novel": 566541
    },
    "@1000000": {
        "validity": 0.934943,
        "uniqueness": 0.596813,
        "novelty": 0.59256,
        "n_valid": 934943,
        "n_unique": 596813,
        "n_novel": 592560
    }
}