{
    "train_loss": [
        0.5459721446037292,
        0.4409701287746429,
        0.384995573759079,
        0.3469125866889954,
        0.31636702120304105,
        0.2878854364156723,
        0.2670309454202652,
        0.25655027776956557
    ],
    "val_loss": [
        0.5023560300469398,
        0.46868015080690384,
        0.46175622940063477,
        0.4598059356212616,
        0.4596068412065506,
        0.46058330684900284,
        0.46793336421251297,
        0.47264833748340607
    ]
}