{
    "@50000": {
        "validity": 0.96176,
        "uniqueness": 0.8465,
        "novelty": 0.82486,
        "n_valid": 48088,
        "n_unique": 42325,
        "n_novel": 41243
    },
    "@100000": {
        "validity": 0.96299,
        "uniqueness": 0.81981,
        "novelty": 0.80191,
        "n_valid": 96299,
        "n_unique": 81981,
        "n_novel": 80191
    },
    "@150000": {
        "validity": 0.9636666666666667,
        "uniqueness": 0.8039066666666667,
        "novelty": 0.7875666666666666,
        "n_valid": 144550,
        "n_unique": 120586,
        "n_novel": 118135
    },
    "@200000": {
        "validity": 0.963545,
        "uniqueness": 0.79194,
        "novelty": 0.776525,
        "n_valid": 192709,
        "n_unique": 158388,
        "n_novel": 155305
    },
    "@250000": {
        "validity": 0.96372,
        "uniqueness": 0.782056,
        "novelty": 0.767776,
        "n_valid": 240930,
        "n_unique": 195514,
        "n_novel": 191944
    },
    "@300000": {
        "validity": 0.9636666666666667,
        "uniqueness": 0.77323,
        "novelty": 0.7597433333333333,
        "n_valid": 289100,
        "n_unique": 231969,
        "n_novel": 227923
    },
    "@350000": {
        "validity": 0.96342,
        "uniqueness": 0.7655657142857143,
        "novelty": 0.7528142857142858,
        "n_valid": 337197,
        "n_unique": 267948,
        "n_novel": 263485
    },
    "@400000": {
        "validity": 0.9633025,
        "uniqueness": 0.7588925,
        "novelty": 0.74662,
        "n_valid": 385321,
        "n_unique": 303557,
        "n_novel": 298648
    },
    "@450000": {
        "validity": 0.9634222222222222,
        "uniqueness": 0.7527955555555556,
        "novelty": 0.7409533333333334,
        "n_valid": 433540,
        "n_unique": 338758,
        "n_novel": 333429
    },
    "@500000": {
        "validity": 0.963324,
        "uniqueness": 0.747482,
        "novelty": 0.735994,
        "n_valid": 481662,
        "n_unique": 373741,
        "n_novel": 367997
    },
    "@550000": {
        "validity": 0.9633654545454545,
        "uniqueness": 0.7426836363636363,
        "novelty": 0.7315163636363636,
        "n_valid": 529851,
        "n_unique": 408476,
        "n_novel": 402334
    },
    "@600000": {
        "validity": 0.9633666666666667,
        "uniqueness": 0.7381783333333334,
        "novelty": 0.727315,
        "n_valid": 578020,
        "n_unique": 442907,
        "n_novel": 436389
    },
    "@650000": {
        "validity": 0.96326,
        "uniqueness": 0.7341123076923077,
        "novelty": 0.7234892307692308,
        "n_valid": 626119,
        "n_unique": 477173,
        "n_novel": 470268
    },
    "@700000": {
        "validity": 0.9632628571428571,
        "uniqueness": 0.7298628571428571,
        "novelty": 0.7194542857142857,
        "n_valid": 674284,
        "n_unique": 510904,
        "n_novel": 503618
    },
    "@750000": {
        "validity": 0.9632813333333333,
        "uniqueness": 0.72598,
        "novelty": 0.7158306666666666,
        "n_valid": 722461,
        "n_unique": 544485,
        "n_novel": 536873
    },
    "@800000": {
        "validity": 0.96334,
        "uniqueness": 0.72252125,
        "novelty": 0.71256875,
        "n_valid": 770672,
        "n_unique": 578017,
        "n_novel": 570055
    },
    "@850000": {
        "validity": 0.9633564705882353,
        "uniqueness": 0.7192023529411765,
        "novelty": 0.7094364705882353,
        "n_valid": 818853,
        "n_unique": 611322,
        "n_novel": 603021
    },
    "@900000": {
        "validity": 0.9634477777777778,
        "uniqueness": 0.7161855555555555,
        "novelty": 0.7066066666666667,
        "n_valid": 867103,
        "n_unique": 644567,
        "n_novel": 635946
    },
    "@950000": {
        "validity": 0.9634284210526316,
        "uniqueness": 0.7130263157894737,
        "novelty": 0.7036136842105263,
        "n_valid": 915257,
        "n_unique": 677375,
        "n_novel": 668433
    },
    "@1000000": {
        "validity": 0.963467,
        "uniqueness": 0.710492,
        "novelty": 0.701221,
        "n_valid": 963467,
        "n_unique": 710492,
        "n_novel": 701221
    }
}