{
    "@50000": {
        "validity": 0.98138,
        "uniqueness": 0.92796,
        "novelty": 0.90248,
        "n_valid": 49069,
        "n_unique": 46398,
        "n_novel": 45124
    },
    "@100000": {
        "validity": 0.98153,
        "uniqueness": 0.90267,
        "novelty": 0.88054,
        "n_valid": 98153,
        "n_unique": 90267,
        "n_novel": 88054
    },
    "@150000": {
        "validity": 0.9812333333333333,
        "uniqueness": 0.8851733333333334,
        "novelty": 0.8655066666666666,
        "n_valid": 147185,
        "n_unique": 132776,
        "n_novel": 129826
    },
    "@200000": {
        "validity": 0.981075,
        "uniqueness": 0.87159,
        "novelty": 0.8536,
        "n_valid": 196215,
        "n_unique": 174318,
        "n_novel": 170720
    },
    "@250000": {
        "validity": 0.981088,
        "uniqueness": 0.860076,
        "novelty": 0.843344,
        "n_valid": 245272,
        "n_unique": 215019,
        "n_novel": 210836
    },
    "@300000": {
        "validity": 0.9812533333333333,
        "uniqueness": 0.85041,
        "novelty": 0.8346833333333333,
        "n_valid": 294376,
        "n_unique": 255123,
        "n_novel": 250405
    },
    "@350000": {
        "validity": 0.9813742857142858,
        "uniqueness": 0.84212,
        "novelty": 0.8271342857142857,
        "n_valid": 343481,
        "n_unique": 294742,
        "n_novel": 289497
    },
    "@400000": {
        "validity": 0.98145,
        "uniqueness": 0.834345,
        "novelty": 0.8200525,
        "n_valid": 392580,
        "n_unique": 333738,
        "n_novel": 328021
    },
    "@450000": {
        "validity": 0.9814933333333333,
        "uniqueness": 0.8275755555555555,
        "novelty": 0.8138288888888889,
        "n_valid": 441672,
        "n_unique": 372409,
        "n_novel": 366223
    },
    "@500000": {
        "validity": 0.981508,
        "uniqueness": 0.821134,
        "novelty": 0.807966,
        "n_valid": 490754,
        "n_unique": 410567,
        "n_novel": 403983
    },
    "@550000": {
        "validity": 0.9815363636363637,
        "uniqueness": 0.8152654545454545,
        "novelty": 0.8026381818181818,
        "n_valid": 539845,
        "n_unique": 448396,
        "n_novel": 441451
    },
    "@600000": {
        "validity": 0.98147,
        "uniqueness": 0.8096016666666667,
        "novelty": 0.797395,
        "n_valid": 588882,
        "n_unique": 485761,
        "n_novel": 478437
    },
    "@650000": {
        "validity": 0.981423076923077,
        "uniqueness": 0.8043292307692308,
        "novelty": 0.7925276923076923,
        "n_valid": 637925,
        "n_unique": 522814,
        "n_novel": 515143
    },
    "@700000": {
        "validity": 0.9814385714285714,
        "uniqueness": 0.79955,
        "novelty": 0.7881028571428571,
        "n_valid": 687007,
        "n_unique": 559685,
        "n_novel": 551672
    },
    "@750000": {
        "validity": 0.981424,
        "uniqueness": 0.794884,
        "novelty": 0.783804,
        "n_valid": 736068,
        "n_unique": 596163,
        "n_novel": 587853
    },
    "@800000": {
        "validity": 0.98142,
        "uniqueness": 0.79075,
        "novelty": 0.779985,
        "n_valid": 785136,
        "n_unique": 632600,
        "n_novel": 623988
    },
    "@850000": {
        "validity": 0.9813764705882353,
        "uniqueness": 0.7867164705882352,
        "novelty": 0.7762458823529412,
        "n_valid": 834170,
        "n_unique": 668709,
        "n_novel": 659809
    },
    "@900000": {
        "validity": 0.9813677777777777,
        "uniqueness": 0.7826855555555555,
        "novelty": 0.7724611111111112,
        "n_valid": 883231,
        "n_unique": 704417,
        "n_novel": 695215
    },
    "@950000": {
        "validity": 0.9813652631578947,
        "uniqueness": 0.7790494736842105,
        "novelty": 0.7690884210526315,
        "n_valid": 932297,
        "n_unique": 740097,
        "n_novel": 730634
    },
    "@1000000": {
        "validity": 0.981348,
        "uniqueness": 0.775604,
        "novelty": 0.765881,
        "n_valid": 981348,
        "n_unique": 775604,
        "n_novel": 765881
    }
}