{
    "train_loss": [
        0.6267255127429963,
        0.5247274905443191,
        0.4675120055675507,
        0.42575136125087737,
        0.39704574942588805,
        0.37396431863307955,
        0.3495824009180069,
        0.32742577195167544,
        0.30802069008350375,
        0.2930686384439468
    ],
    "val_loss": [
        0.5207840651273727,
        0.4935884401202202,
        0.4667618125677109,
        0.4644853100180626,
        0.45557378977537155,
        0.4482630044221878,
        0.4474238231778145,
        0.46070609986782074,
        0.465089313685894,
        0.47227076441049576
    ]
}