{
    "@50000": {
        "validity": 0.51806,
        "uniqueness": 0.47462,
        "novelty": 0.44762,
        "n_valid": 25903,
        "n_unique": 23731,
        "n_novel": 22381
    },
    "@100000": {
        "validity": 0.51662,
        "uniqueness": 0.46002,
        "novelty": 0.43611,
        "n_valid": 51662,
        "n_unique": 46002,
        "n_novel": 43611
    },
    "@150000": {
        "validity": 0.5156666666666667,
        "uniqueness": 0.45053333333333334,
        "novelty": 0.42884666666666665,
        "n_valid": 77350,
        "n_unique": 67580,
        "n_novel": 64327
    },
    "@200000": {
        "validity": 0.516745,
        "uniqueness": 0.444135,
        "novelty": 0.42395,
        "n_valid": 103349,
        "n_unique": 88827,
        "n_novel": 84790
    },
    "@250000": {
        "validity": 0.516924,
        "uniqueness": 0.438704,
        "novelty": 0.419592,
        "n_valid": 129231,
        "n_unique": 109676,
        "n_novel": 104898
    },
    "@300000": {
        "validity": 0.5169466666666667,
        "uniqueness": 0.4336566666666667,
        "novelty": 0.4156066666666667,
        "n_valid": 155084,
        "n_unique": 130097,
        "n_novel": 124682
    },
    "@350000": {
        "validity": 0.5164057142857142,
        "uniqueness": 0.42915714285714285,
        "novelty": 0.4119942857142857,
        "n_valid": 180742,
        "n_unique": 150205,
        "n_novel": 144198
    },
    "@400000": {
        "validity": 0.51639,
        "uniqueness": 0.42555,
        "novelty": 0.4089925,
        "n_valid": 206556,
        "n_unique": 170220,
        "n_novel": 163597
    },
    "@450000": {
        "validity": 0.51622,
        "uniqueness": 0.4218911111111111,
        "novelty": 0.40596666666666664,
        "n_valid": 232299,
        "n_unique": 189851,
        "n_novel": 182685
    },
    "@500000": {
        "validity": 0.515896,
        "uniqueness": 0.418292,
        "novelty": 0.402936,
        "n_valid": 257948,
        "n_unique": 209146,
        "n_novel": 201468
    },
    "@550000": {
        "validity": 0.5157836363636363,
        "uniqueness": 0.4154,
        "novelty": 0.40056,
        "n_valid": 283681,
        "n_unique": 228470,
        "n_novel": 220308
    },
    "@600000": {
        "validity": 0.5158833333333334,
        "uniqueness": 0.41295,
        "novelty": 0.39858666666666664,
        "n_valid": 309530,
        "n_unique": 247770,
        "n_novel": 239152
    },
    "@650000": {
        "validity": 0.5157723076923076,
        "uniqueness": 0.4103246153846154,
        "novelty": 0.3963676923076923,
        "n_valid": 335252,
        "n_unique": 266711,
        "n_novel": 257639
    },
    "@700000": {
        "validity": 0.51553,
        "uniqueness": 0.40772285714285716,
        "novelty": 0.39419571428571426,
        "n_valid": 360871,
        "n_unique": 285406,
        "n_novel": 275937
    },
    "@750000": {
        "validity": 0.5153746666666666,
        "uniqueness": 0.40565866666666667,
        "novelty": 0.3925,
        "n_valid": 386531,
        "n_unique": 304244,
        "n_novel": 294375
    },
    "@800000": {
        "validity": 0.5153325,
        "uniqueness": 0.403585,
        "novelty": 0.39073625,
        "n_valid": 412266,
        "n_unique": 322868,
        "n_novel": 312589
    },
    "@850000": {
        "validity": 0.5153,
        "uniqueness": 0.4016894117647059,
        "novelty": 0.38918588235294116,
        "n_valid": 438005,
        "n_unique": 341436,
        "n_novel": 330808
    },
    "@900000": {
        "validity": 0.5153833333333333,
        "uniqueness": 0.3998233333333333,
        "novelty": 0.3875922222222222,
        "n_valid": 463845,
        "n_unique": 359841,
        "n_novel": 348833
    },
    "@950000": {
        "validity": 0.5151421052631578,
        "uniqueness": 0.39794526315789475,
        "novelty": 0.38592315789473686,
        "n_valid": 489385,
        "n_unique": 378048,
        "n_novel": 366627
    },
    "@1000000": {
        "validity": 0.514984,
        "uniqueness": 0.396133,
        "novelty": 0.384334,
        "n_valid": 514984,
        "n_unique": 396133,
        "n_novel": 384334
    }
}