{
    "@50000": {
        "validity": 0.85994,
        "uniqueness": 0.81868,
        "novelty": 0.81006,
        "n_valid": 42997,
        "n_unique": 40934,
        "n_novel": 40503
    },
    "@100000": {
        "validity": 0.85972,
        "uniqueness": 0.80361,
        "novelty": 0.79597,
        "n_valid": 85972,
        "n_unique": 80361,
        "n_novel": 79597
    },
    "@150000": {
        "validity": 0.8603933333333333,
        "uniqueness": 0.7941133333333333,
        "novelty": 0.7872866666666667,
        "n_valid": 129059,
        "n_unique": 119117,
        "n_novel": 118093
    },
    "@200000": {
        "validity": 0.86021,
        "uniqueness": 0.786445,
        "novelty": 0.780195,
        "n_valid": 172042,
        "n_unique": 157289,
        "n_novel": 156039
    },
    "@250000": {
        "validity": 0.860524,
        "uniqueness": 0.780368,
        "novelty": 0.77462,
        "n_valid": 215131,
        "n_unique": 195092,
        "n_novel": 193655
    },
    "@300000": {
        "validity": 0.86094,
        "uniqueness": 0.7748266666666667,
        "novelty": 0.7694033333333333,
        "n_valid": 258282,
        "n_unique": 232448,
        "n_novel": 230821
    },
    "@350000": {
        "validity": 0.8606,
        "uniqueness": 0.7699628571428572,
        "novelty": 0.7647885714285714,
        "n_valid": 301210,
        "n_unique": 269487,
        "n_novel": 267676
    },
    "@400000": {
        "validity": 0.861035,
        "uniqueness": 0.7656925,
        "novelty": 0.76072,
        "n_valid": 344414,
        "n_unique": 306277,
        "n_novel": 304288
    },
    "@450000": {
        "validity": 0.8613088888888889,
        "uniqueness": 0.7616711111111111,
        "novelty": 0.7569266666666666,
        "n_valid": 387589,
        "n_unique": 342752,
        "n_novel": 340617
    },
    "@500000": {
        "validity": 0.861276,
        "uniqueness": 0.758128,
        "novelty": 0.753536,
        "n_valid": 430638,
        "n_unique": 379064,
        "n_novel": 376768
    },
    "@550000": {
        "validity": 0.8613418181818182,
        "uniqueness": 0.7547727272727273,
        "novelty": 0.7503109090909091,
        "n_valid": 473738,
        "n_unique": 415125,
        "n_novel": 412671
    },
    "@600000": {
        "validity": 0.8614066666666667,
        "uniqueness": 0.75167,
        "novelty": 0.7473566666666667,
        "n_valid": 516844,
        "n_unique": 451002,
        "n_novel": 448414
    },
    "@650000": {
        "validity": 0.8615338461538462,
        "uniqueness": 0.7488861538461539,
        "novelty": 0.7446846153846154,
        "n_valid": 559997,
        "n_unique": 486776,
        "n_novel": 484045
    },
    "@700000": {
        "validity": 0.8613771428571428,
        "uniqueness": 0.74611,
        "novelty": 0.7420328571428572,
        "n_valid": 602964,
        "n_unique": 522277,
        "n_novel": 519423
    },
    "@750000": {
        "validity": 0.8612613333333333,
        "uniqueness": 0.7433866666666666,
        "novelty": 0.7394173333333334,
        "n_valid": 645946,
        "n_unique": 557540,
        "n_novel": 554563
    },
    "@800000": {
        "validity": 0.86133625,
        "uniqueness": 0.74098875,
        "novelty": 0.7371425,
        "n_valid": 689069,
        "n_unique": 592791,
        "n_novel": 589714
    },
    "@850000": {
        "validity": 0.8611976470588235,
        "uniqueness": 0.7386388235294118,
        "novelty": 0.7348964705882353,
        "n_valid": 732018,
        "n_unique": 627843,
        "n_novel": 624662
    },
    "@900000": {
        "validity": 0.8613255555555556,
        "uniqueness": 0.7366655555555556,
        "novelty": 0.7330144444444444,
        "n_valid": 775193,
        "n_unique": 662999,
        "n_novel": 659713
    },
    "@950000": {
        "validity": 0.86124,
        "uniqueness": 0.7344252631578947,
        "novelty": 0.7308515789473684,
        "n_valid": 818178,
        "n_unique": 697704,
        "n_novel": 694309
    },
    "@1000000": {
        "validity": 0.861363,
        "uniqueness": 0.732513,
        "novelty": 0.729029,
        "n_valid": 861363,
        "n_unique": 732513,
        "n_novel": 729029
    }
}