{
    "@50000": {
        "validity": 0.59662,
        "uniqueness": 0.5943,
        "novelty": 0.59198,
        "n_valid": 29831,
        "n_unique": 29715,
        "n_novel": 29599
    },
    "@100000": {
        "validity": 0.59673,
        "uniqueness": 0.59321,
        "novelty": 0.59104,
        "n_valid": 59673,
        "n_unique": 59321,
        "n_novel": 59104
    },
    "@150000": {
        "validity": 0.5989466666666666,
        "uniqueness": 0.5944,
        "novelty": 0.59228,
        "n_valid": 89842,
        "n_unique": 89160,
        "n_novel": 88842
    },
    "@200000": {
        "validity": 0.598305,
        "uniqueness": 0.593195,
        "novelty": 0.59122,
        "n_valid": 119661,
        "n_unique": 118639,
        "n_novel": 118244
    },
    "@250000": {
        "validity": 0.599072,
        "uniqueness": 0.593448,
        "novelty": 0.591532,
        "n_valid": 149768,
        "n_unique": 148362,
        "n_novel": 147883
    },
    "@300000": {
        "validity": 0.5990666666666666,
        "uniqueness": 0.5929833333333333,
        "novelty": 0.59113,
        "n_valid": 179720,
        "n_unique": 177895,
        "n_novel": 177339
    },
    "@350000": {
        "validity": 0.5993771428571428,
        "uniqueness": 0.5928971428571429,
        "novelty": 0.5910571428571428,
        "n_valid": 209782,
        "n_unique": 207514,
        "n_novel": 206870
    },
    "@400000": {
        "validity": 0.5993825,
        "uniqueness": 0.5926275,
        "novelty": 0.5908275,
        "n_valid": 239753,
        "n_unique": 237051,
        "n_novel": 236331
    },
    "@450000": {
        "validity": 0.5993377777777777,
        "uniqueness": 0.5922422222222222,
        "novelty": 0.5904511111111111,
        "n_valid": 269702,
        "n_unique": 266509,
        "n_novel": 265703
    },
    "@500000": {
        "validity": 0.599286,
        "uniqueness": 0.59192,
        "novelty": 0.590166,
        "n_valid": 299643,
        "n_unique": 295960,
        "n_novel": 295083
    },
    "@550000": {
        "validity": 0.5994581818181818,
        "uniqueness": 0.5918690909090909,
        "novelty": 0.59016,
        "n_valid": 329702,
        "n_unique": 325528,
        "n_novel": 324588
    },
    "@600000": {
        "validity": 0.59942,
        "uniqueness": 0.5915183333333334,
        "novelty": 0.58982,
        "n_valid": 359652,
        "n_unique": 354911,
        "n_novel": 353892
    },
    "@650000": {
        "validity": 0.5995215384615384,
        "uniqueness": 0.5913015384615384,
        "novelty": 0.5896153846153847,
        "n_valid": 389689,
        "n_unique": 384346,
        "n_novel": 383250
    },
    "@700000": {
        "validity": 0.5994714285714285,
        "uniqueness": 0.5910185714285714,
        "novelty": 0.5893542857142857,
        "n_valid": 419630,
        "n_unique": 413713,
        "n_novel": 412548
    },
    "@750000": {
        "validity": 0.5994,
        "uniqueness": 0.5907026666666667,
        "novelty": 0.5890626666666666,
        "n_valid": 449550,
        "n_unique": 443027,
        "n_novel": 441797
    },
    "@800000": {
        "validity": 0.5994025,
        "uniqueness": 0.5904425,
        "novelty": 0.58883375,
        "n_valid": 479522,
        "n_unique": 472354,
        "n_novel": 471067
    },
    "@850000": {
        "validity": 0.5993658823529412,
        "uniqueness": 0.5901823529411765,
        "novelty": 0.5885870588235295,
        "n_valid": 509461,
        "n_unique": 501655,
        "n_novel": 500299
    },
    "@900000": {
        "validity": 0.5994244444444444,
        "uniqueness": 0.5899922222222223,
        "novelty": 0.5884222222222222,
        "n_valid": 539482,
        "n_unique": 530993,
        "n_novel": 529580
    },
    "@950000": {
        "validity": 0.5992768421052631,
        "uniqueness": 0.5896789473684211,
        "novelty": 0.5881378947368421,
        "n_valid": 569313,
        "n_unique": 560195,
        "n_novel": 558731
    },
    "@1000000": {
        "validity": 0.599264,
        "uniqueness": 0.589475,
        "novelty": 0.587968,
        "n_valid": 599264,
        "n_unique": 589475,
        "n_novel": 587968
    }
}