{
    "@50000": {
        "validity": 0.98502,
        "uniqueness": 0.45488,
        "novelty": 0.4535,
        "n_valid": 49251,
        "n_unique": 22744,
        "n_novel": 22675
    },
    "@100000": {
        "validity": 0.98526,
        "uniqueness": 0.38893,
        "novelty": 0.38813,
        "n_valid": 98526,
        "n_unique": 38893,
        "n_novel": 38813
    },
    "@150000": {
        "validity": 0.9851666666666666,
        "uniqueness": 0.35285333333333335,
        "novelty": 0.3522666666666667,
        "n_valid": 147775,
        "n_unique": 52928,
        "n_novel": 52840
    },
    "@200000": {
        "validity": 0.98449,
        "uniqueness": 0.32686,
        "novelty": 0.326395,
        "n_valid": 196898,
        "n_unique": 65372,
        "n_novel": 65279
    },
    "@250000": {
        "validity": 0.984372,
        "uniqueness": 0.308544,
        "novelty": 0.308148,
        "n_valid": 246093,
        "n_unique": 77136,
        "n_novel": 77037
    },
    "@300000": {
        "validity": 0.9842633333333334,
        "uniqueness": 0.29411,
        "novelty": 0.29377333333333333,
        "n_valid": 295279,
        "n_unique": 88233,
        "n_novel": 88132
    },
    "@350000": {
        "validity": 0.9841114285714285,
        "uniqueness": 0.28195714285714285,
        "novelty": 0.2816657142857143,
        "n_valid": 344439,
        "n_unique": 98685,
        "n_novel": 98583
    },
    "@400000": {
        "validity": 0.9841,
        "uniqueness": 0.2716625,
        "novelty": 0.2714025,
        "n_valid": 393640,
        "n_unique": 108665,
        "n_novel": 108561
    },
    "@450000": {
        "validity": 0.9841488888888889,
        "uniqueness": 0.2623711111111111,
        "novelty": 0.26213555555555557,
        "n_valid": 442867,
        "n_unique": 118067,
        "n_novel": 117961
    },
    "@500000": {
        "validity": 0.984144,
        "uniqueness": 0.254528,
        "novelty": 0.254314,
        "n_valid": 492072,
        "n_unique": 127264,
        "n_novel": 127157
    },
    "@550000": {
        "validity": 0.984129090909091,
        "uniqueness": 0.2474109090909091,
        "novelty": 0.2472109090909091,
        "n_valid": 541271,
        "n_unique": 136076,
        "n_novel": 135966
    },
    "@600000": {
        "validity": 0.98416,
        "uniqueness": 0.24130333333333334,
        "novelty": 0.241115,
        "n_valid": 590496,
        "n_unique": 144782,
        "n_novel": 144669
    },
    "@650000": {
        "validity": 0.9841476923076923,
        "uniqueness": 0.23561384615384615,
        "novelty": 0.23543846153846154,
        "n_valid": 639696,
        "n_unique": 153149,
        "n_novel": 153035
    },
    "@700000": {
        "validity": 0.9841728571428572,
        "uniqueness": 0.23039714285714286,
        "novelty": 0.23023285714285716,
        "n_valid": 688921,
        "n_unique": 161278,
        "n_novel": 161163
    },
    "@750000": {
        "validity": 0.9841466666666666,
        "uniqueness": 0.225516,
        "novelty": 0.22536,
        "n_valid": 738110,
        "n_unique": 169137,
        "n_novel": 169020
    },
    "@800000": {
        "validity": 0.98418125,
        "uniqueness": 0.221265,
        "novelty": 0.22111875,
        "n_valid": 787345,
        "n_unique": 177012,
        "n_novel": 176895
    },
    "@850000": {
        "validity": 0.9841635294117647,
        "uniqueness": 0.21707764705882354,
        "novelty": 0.21693882352941177,
        "n_valid": 836539,
        "n_unique": 184516,
        "n_novel": 184398
    },
    "@900000": {
        "validity": 0.9841122222222223,
        "uniqueness": 0.21314666666666668,
        "novelty": 0.21301555555555557,
        "n_valid": 885701,
        "n_unique": 191832,
        "n_novel": 191714
    },
    "@950000": {
        "validity": 0.9841273684210526,
        "uniqueness": 0.20937052631578948,
        "novelty": 0.20924315789473685,
        "n_valid": 934921,
        "n_unique": 198902,
        "n_novel": 198781
    },
    "@1000000": {
        "validity": 0.984118,
        "uniqueness": 0.206044,
        "novelty": 0.205921,
        "n_valid": 984118,
        "n_unique": 206044,
        "n_novel": 205921
    }
}