{
    "@50000": {
        "validity": 0.86714,
        "uniqueness": 0.83708,
        "novelty": 0.82906,
        "n_valid": 43357,
        "n_unique": 41854,
        "n_novel": 41453
    },
    "@100000": {
        "validity": 0.86571,
        "uniqueness": 0.82316,
        "novelty": 0.81616,
        "n_valid": 86571,
        "n_unique": 82316,
        "n_novel": 81616
    },
    "@150000": {
        "validity": 0.8670466666666666,
        "uniqueness": 0.81652,
        "novelty": 0.8100733333333333,
        "n_valid": 130057,
        "n_unique": 122478,
        "n_novel": 121511
    },
    "@200000": {
        "validity": 0.867305,
        "uniqueness": 0.810575,
        "novelty": 0.80464,
        "n_valid": 173461,
        "n_unique": 162115,
        "n_novel": 160928
    },
    "@250000": {
        "validity": 0.867244,
        "uniqueness": 0.80526,
        "novelty": 0.799748,
        "n_valid": 216811,
        "n_unique": 201315,
        "n_novel": 199937
    },
    "@300000": {
        "validity": 0.8674266666666667,
        "uniqueness": 0.8010866666666666,
        "novelty": 0.7958433333333333,
        "n_valid": 260228,
        "n_unique": 240326,
        "n_novel": 238753
    },
    "@350000": {
        "validity": 0.8673485714285715,
        "uniqueness": 0.7969457142857143,
        "novelty": 0.79192,
        "n_valid": 303572,
        "n_unique": 278931,
        "n_novel": 277172
    },
    "@400000": {
        "validity": 0.8676425,
        "uniqueness": 0.793625,
        "novelty": 0.7888125,
        "n_valid": 347057,
        "n_unique": 317450,
        "n_novel": 315525
    },
    "@450000": {
        "validity": 0.8675355555555555,
        "uniqueness": 0.79024,
        "novelty": 0.7855777777777778,
        "n_valid": 390391,
        "n_unique": 355608,
        "n_novel": 353510
    },
    "@500000": {
        "validity": 0.867468,
        "uniqueness": 0.7872,
        "novelty": 0.78266,
        "n_valid": 433734,
        "n_unique": 393600,
        "n_novel": 391330
    },
    "@550000": {
        "validity": 0.8675218181818182,
        "uniqueness": 0.7845236363636363,
        "novelty": 0.7801090909090909,
        "n_valid": 477137,
        "n_unique": 431488,
        "n_novel": 429060
    },
    "@600000": {
        "validity": 0.8674766666666667,
        "uniqueness": 0.78207,
        "novelty": 0.7778,
        "n_valid": 520486,
        "n_unique": 469242,
        "n_novel": 466680
    },
    "@650000": {
        "validity": 0.8674261538461538,
        "uniqueness": 0.7796646153846154,
        "novelty": 0.77548,
        "n_valid": 563827,
        "n_unique": 506782,
        "n_novel": 504062
    },
    "@700000": {
        "validity": 0.8674514285714285,
        "uniqueness": 0.7775371428571428,
        "novelty": 0.7734385714285714,
        "n_valid": 607216,
        "n_unique": 544276,
        "n_novel": 541407
    },
    "@750000": {
        "validity": 0.8675466666666667,
        "uniqueness": 0.77552,
        "novelty": 0.7715466666666667,
        "n_valid": 650660,
        "n_unique": 581640,
        "n_novel": 578660
    },
    "@800000": {
        "validity": 0.86765875,
        "uniqueness": 0.77346875,
        "novelty": 0.7695875,
        "n_valid": 694127,
        "n_unique": 618775,
        "n_novel": 615670
    },
    "@850000": {
        "validity": 0.8676717647058824,
        "uniqueness": 0.7714470588235294,
        "novelty": 0.7676388235294118,
        "n_valid": 737521,
        "n_unique": 655730,
        "n_novel": 652493
    },
    "@900000": {
        "validity": 0.8675333333333334,
        "uniqueness": 0.7694711111111111,
        "novelty": 0.76574,
        "n_valid": 780780,
        "n_unique": 692524,
        "n_novel": 689166
    },
    "@950000": {
        "validity": 0.8675357894736843,
        "uniqueness": 0.7677473684210526,
        "novelty": 0.7641010526315789,
        "n_valid": 824159,
        "n_unique": 729360,
        "n_novel": 725896
    },
    "@1000000": {
        "validity": 0.867624,
        "uniqueness": 0.766133,
        "novelty": 0.762553,
        "n_valid": 867624,
        "n_unique": 766133,
        "n_novel": 762553
    }
}