{
    "@50000": {
        "validity": 0.86714,
        "uniqueness": 0.83708,
        "novelty": 0.82906,
        "n_valid": 43357,
        "n_unique": 41854,
        "n_novel": 41453
    },
    "@100000": {
        "validity": 0.86571,
        "uniqueness": 0.82316,
        "novelty": 0.81616,
        "n_valid": 86571,
        "n_unique": 82316,
        "n_novel": 81616
    },
    "@150000": {
        "validity": 0.8670466666666666,
        "uniqueness": 0.81652,
        "novelty": 0.8100733333333333,
        "n_valid": 130057,
        "n_unique": 122478,
        "n_novel": 121511
    },
    "@200000": {
        "validity": 0.867305,
        "uniqueness": 0.810575,
        "novelty": 0.80464,
        "n_valid": 173461,
        "n_unique": 162115,
        "n_novel": 160928
    },
    "@250000": {
        "validity": 0.867244,
        "uniqueness": 0.80526,
        "novelty": 0.799748,
        "n_valid": 216811,
        "n_unique": 201315,
        "n_novel": 199937
    },
    "@300000": {
        "validity": 0.8674266666666667,
        "uniqueness": 0.8010866666666666,
        "novelty": 0.7958433333333333,
        "n_valid": 260228,
        "n_unique": 240326,
        "n_novel": 238753
    },
    "@350000": {
        "validity": 0.8673514285714286,
        "uniqueness": 0.7969485714285715,
        "novelty": 0.7919228571428572,
        "n_valid": 303573,
        "n_unique": 278932,
        "n_novel": 277173
    },
    "@400000": {
        "validity": 0.867645,
        "uniqueness": 0.7936275,
        "novelty": 0.788815,
        "n_valid": 347058,
        "n_unique": 317451,
        "n_novel": 315526
    },
    "@450000": {
        "validity": 0.8675377777777777,
        "uniqueness": 0.7902422222222222,
        "novelty": 0.78558,
        "n_valid": 390392,
        "n_unique": 355609,
        "n_novel": 353511
    },
    "@500000": {
        "validity": 0.86747,
        "uniqueness": 0.787202,
        "novelty": 0.782662,
        "n_valid": 433735,
        "n_unique": 393601,
        "n_novel": 391331
    },
    "@550000": {
        "validity": 0.8675254545454546,
        "uniqueness": 0.7845272727272727,
        "novelty": 0.7801127272727273,
        "n_valid": 477139,
        "n_unique": 431490,
        "n_novel": 429062
    },
    "@600000": {
        "validity": 0.86748,
        "uniqueness": 0.7820733333333333,
        "novelty": 0.7778033333333333,
        "n_valid": 520488,
        "n_unique": 469244,
        "n_novel": 466682
    },
    "@650000": {
        "validity": 0.8674307692307692,
        "uniqueness": 0.7796692307692308,
        "novelty": 0.7754846153846154,
        "n_valid": 563830,
        "n_unique": 506785,
        "n_novel": 504065
    },
    "@700000": {
        "validity": 0.8674557142857143,
        "uniqueness": 0.7775414285714286,
        "novelty": 0.7734428571428571,
        "n_valid": 607219,
        "n_unique": 544279,
        "n_novel": 541410
    },
    "@750000": {
        "validity": 0.8675506666666667,
        "uniqueness": 0.775524,
        "novelty": 0.7715506666666667,
        "n_valid": 650663,
        "n_unique": 581643,
        "n_novel": 578663
    },
    "@800000": {
        "validity": 0.8676625,
        "uniqueness": 0.7734725,
        "novelty": 0.76959125,
        "n_valid": 694130,
        "n_unique": 618778,
        "n_novel": 615673
    },
    "@850000": {
        "validity": 0.8676752941176471,
        "uniqueness": 0.7714505882352941,
        "novelty": 0.7676423529411764,
        "n_valid": 737524,
        "n_unique": 655733,
        "n_novel": 652496
    },
    "@900000": {
        "validity": 0.8675366666666666,
        "uniqueness": 0.7694744444444445,
        "novelty": 0.7657433333333333,
        "n_valid": 780783,
        "n_unique": 692527,
        "n_novel": 689169
    },
    "@950000": {
        "validity": 0.8675389473684211,
        "uniqueness": 0.7677505263157894,
        "novelty": 0.7641042105263158,
        "n_valid": 824162,
        "n_unique": 729363,
        "n_novel": 725899
    },
    "@1000000": {
        "validity": 0.867627,
        "uniqueness": 0.766136,
        "novelty": 0.762556,
        "n_valid": 867627,
        "n_unique": 766136,
        "n_novel": 762556
    }
}