{
    "@50000": {
        "validity": 0.95692,
        "uniqueness": 0.02044,
        "novelty": 0.02026,
        "n_valid": 47846,
        "n_unique": 1022,
        "n_novel": 1013
    },
    "@100000": {
        "validity": 0.95675,
        "uniqueness": 0.01156,
        "novelty": 0.01147,
        "n_valid": 95675,
        "n_unique": 1156,
        "n_novel": 1147
    },
    "@150000": {
        "validity": 0.95618,
        "uniqueness": 0.008253333333333333,
        "novelty": 0.008193333333333334,
        "n_valid": 143427,
        "n_unique": 1238,
        "n_novel": 1229
    },
    "@200000": {
        "validity": 0.955985,
        "uniqueness": 0.00643,
        "novelty": 0.006385,
        "n_valid": 191197,
        "n_unique": 1286,
        "n_novel": 1277
    },
    "@250000": {
        "validity": 0.956004,
        "uniqueness": 0.005288,
        "novelty": 0.005252,
        "n_valid": 239001,
        "n_unique": 1322,
        "n_novel": 1313
    },
    "@300000": {
        "validity": 0.9557866666666667,
        "uniqueness": 0.004513333333333334,
        "novelty": 0.004483333333333333,
        "n_valid": 286736,
        "n_unique": 1354,
        "n_novel": 1345
    },
    "@350000": {
        "validity": 0.9556342857142858,
        "uniqueness": 0.003928571428571429,
        "novelty": 0.003902857142857143,
        "n_valid": 334472,
        "n_unique": 1375,
        "n_novel": 1366
    },
    "@400000": {
        "validity": 0.955665,
        "uniqueness": 0.0034675,
        "novelty": 0.003445,
        "n_valid": 382266,
        "n_unique": 1387,
        "n_novel": 1378
    },
    "@450000": {
        "validity": 0.9556933333333333,
        "uniqueness": 0.0031244444444444444,
        "novelty": 0.0031044444444444444,
        "n_valid": 430062,
        "n_unique": 1406,
        "n_novel": 1397
    },
    "@500000": {
        "validity": 0.955866,
        "uniqueness": 0.002856,
        "novelty": 0.002838,
        "n_valid": 477933,
        "n_unique": 1428,
        "n_novel": 1419
    },
    "@550000": {
        "validity": 0.9558127272727273,
        "uniqueness": 0.0026272727272727272,
        "novelty": 0.002610909090909091,
        "n_valid": 525697,
        "n_unique": 1445,
        "n_novel": 1436
    },
    "@600000": {
        "validity": 0.955725,
        "uniqueness": 0.0024333333333333334,
        "novelty": 0.0024183333333333335,
        "n_valid": 573435,
        "n_unique": 1460,
        "n_novel": 1451
    },
    "@650000": {
        "validity": 0.9556430769230769,
        "uniqueness": 0.002263076923076923,
        "novelty": 0.0022492307692307694,
        "n_valid": 621168,
        "n_unique": 1471,
        "n_novel": 1462
    },
    "@700000": {
        "validity": 0.9555171428571428,
        "uniqueness": 0.0021142857142857144,
        "novelty": 0.0021014285714285714,
        "n_valid": 668862,
        "n_unique": 1480,
        "n_novel": 1471
    },
    "@750000": {
        "validity": 0.9555226666666666,
        "uniqueness": 0.0019853333333333333,
        "novelty": 0.0019733333333333334,
        "n_valid": 716642,
        "n_unique": 1489,
        "n_novel": 1480
    },
    "@800000": {
        "validity": 0.95545875,
        "uniqueness": 0.00186625,
        "novelty": 0.001855,
        "n_valid": 764367,
        "n_unique": 1493,
        "n_novel": 1484
    },
    "@850000": {
        "validity": 0.9554047058823529,
        "uniqueness": 0.0017670588235294117,
        "novelty": 0.001756470588235294,
        "n_valid": 812094,
        "n_unique": 1502,
        "n_novel": 1493
    },
    "@900000": {
        "validity": 0.9554144444444445,
        "uniqueness": 0.001681111111111111,
        "novelty": 0.001671111111111111,
        "n_valid": 859873,
        "n_unique": 1513,
        "n_novel": 1504
    },
    "@950000": {
        "validity": 0.9554052631578948,
        "uniqueness": 0.0015947368421052632,
        "novelty": 0.001585263157894737,
        "n_valid": 907635,
        "n_unique": 1515,
        "n_novel": 1506
    },
    "@1000000": {
        "validity": 0.955414,
        "uniqueness": 0.00152,
        "novelty": 0.001511,
        "n_valid": 955414,
        "n_unique": 1520,
        "n_novel": 1511
    }
}