{
    "@50000": {
        "validity": 0.54682,
        "uniqueness": 0.5448,
        "novelty": 0.5414,
        "n_valid": 27341,
        "n_unique": 27240,
        "n_novel": 27070
    },
    "@100000": {
        "validity": 0.54563,
        "uniqueness": 0.54237,
        "novelty": 0.53921,
        "n_valid": 54563,
        "n_unique": 54237,
        "n_novel": 53921
    },
    "@150000": {
        "validity": 0.5444266666666666,
        "uniqueness": 0.54008,
        "novelty": 0.5370533333333334,
        "n_valid": 81664,
        "n_unique": 81012,
        "n_novel": 80558
    },
    "@200000": {
        "validity": 0.54399,
        "uniqueness": 0.53888,
        "novelty": 0.536,
        "n_valid": 108798,
        "n_unique": 107776,
        "n_novel": 107200
    },
    "@250000": {
        "validity": 0.543408,
        "uniqueness": 0.537808,
        "novelty": 0.534992,
        "n_valid": 135852,
        "n_unique": 134452,
        "n_novel": 133748
    },
    "@300000": {
        "validity": 0.5433466666666666,
        "uniqueness": 0.53719,
        "novelty": 0.5344666666666666,
        "n_valid": 163004,
        "n_unique": 161157,
        "n_novel": 160340
    },
    "@350000": {
        "validity": 0.5434514285714286,
        "uniqueness": 0.5367771428571428,
        "novelty": 0.5341028571428571,
        "n_valid": 190208,
        "n_unique": 187872,
        "n_novel": 186936
    },
    "@400000": {
        "validity": 0.5429725,
        "uniqueness": 0.5358775,
        "novelty": 0.53324,
        "n_valid": 217189,
        "n_unique": 214351,
        "n_novel": 213296
    },
    "@450000": {
        "validity": 0.54282,
        "uniqueness": 0.5351844444444445,
        "novelty": 0.5326,
        "n_valid": 244269,
        "n_unique": 240833,
        "n_novel": 239670
    },
    "@500000": {
        "validity": 0.5431,
        "uniqueness": 0.535118,
        "novelty": 0.532588,
        "n_valid": 271550,
        "n_unique": 267559,
        "n_novel": 266294
    },
    "@550000": {
        "validity": 0.5431509090909091,
        "uniqueness": 0.5347672727272728,
        "novelty": 0.5322327272727273,
        "n_valid": 298733,
        "n_unique": 294122,
        "n_novel": 292728
    },
    "@600000": {
        "validity": 0.5432616666666666,
        "uniqueness": 0.5345466666666666,
        "novelty": 0.5320866666666667,
        "n_valid": 325957,
        "n_unique": 320728,
        "n_novel": 319252
    },
    "@650000": {
        "validity": 0.5431230769230769,
        "uniqueness": 0.5339953846153846,
        "novelty": 0.5315753846153846,
        "n_valid": 353030,
        "n_unique": 347097,
        "n_novel": 345524
    },
    "@700000": {
        "validity": 0.5431014285714286,
        "uniqueness": 0.5336085714285714,
        "novelty": 0.5312657142857143,
        "n_valid": 380171,
        "n_unique": 373526,
        "n_novel": 371886
    },
    "@750000": {
        "validity": 0.5429906666666666,
        "uniqueness": 0.533136,
        "novelty": 0.5308306666666667,
        "n_valid": 407243,
        "n_unique": 399852,
        "n_novel": 398123
    },
    "@800000": {
        "validity": 0.543125,
        "uniqueness": 0.5329525,
        "novelty": 0.5306875,
        "n_valid": 434500,
        "n_unique": 426362,
        "n_novel": 424550
    },
    "@850000": {
        "validity": 0.543044705882353,
        "uniqueness": 0.5326341176470588,
        "novelty": 0.5303988235294118,
        "n_valid": 461588,
        "n_unique": 452739,
        "n_novel": 450839
    },
    "@900000": {
        "validity": 0.54308,
        "uniqueness": 0.53237,
        "novelty": 0.5301711111111111,
        "n_valid": 488772,
        "n_unique": 479133,
        "n_novel": 477154
    },
    "@950000": {
        "validity": 0.5432305263157895,
        "uniqueness": 0.5322357894736842,
        "novelty": 0.5300663157894737,
        "n_valid": 516069,
        "n_unique": 505624,
        "n_novel": 503563
    },
    "@1000000": {
        "validity": 0.543089,
        "uniqueness": 0.531802,
        "novelty": 0.529654,
        "n_valid": 543089,
        "n_unique": 531802,
        "n_novel": 529654
    }
}