{
    "train_loss": [
        0.6203861653804779,
        0.5343781352043152,
        0.4716257810592651,
        0.42583040297031405
    ],
    "val_loss": [
        0.5532168596982956,
        0.5629015266895294,
        0.5557750910520554,
        0.5776882916688919
    ]
}