{
    "@50000": {
        "validity": 0.90954,
        "uniqueness": 0.6026,
        "novelty": 0.59172,
        "n_valid": 45477,
        "n_unique": 30130,
        "n_novel": 29586
    },
    "@100000": {
        "validity": 0.91004,
        "uniqueness": 0.56038,
        "novelty": 0.55268,
        "n_valid": 91004,
        "n_unique": 56038,
        "n_novel": 55268
    },
    "@150000": {
        "validity": 0.9109533333333333,
        "uniqueness": 0.5349333333333334,
        "novelty": 0.5288533333333333,
        "n_valid": 136643,
        "n_unique": 80240,
        "n_novel": 79328
    },
    "@200000": {
        "validity": 0.910805,
        "uniqueness": 0.51665,
        "novelty": 0.51146,
        "n_valid": 182161,
        "n_unique": 103330,
        "n_novel": 102292
    },
    "@250000": {
        "validity": 0.910976,
        "uniqueness": 0.501428,
        "novelty": 0.49686,
        "n_valid": 227744,
        "n_unique": 125357,
        "n_novel": 124215
    },
    "@300000": {
        "validity": 0.9111166666666667,
        "uniqueness": 0.4895833333333333,
        "novelty": 0.48547666666666667,
        "n_valid": 273335,
        "n_unique": 146875,
        "n_novel": 145643
    },
    "@350000": {
        "validity": 0.9112857142857143,
        "uniqueness": 0.4794685714285714,
        "novelty": 0.47569428571428574,
        "n_valid": 318950,
        "n_unique": 167814,
        "n_novel": 166493
    },
    "@400000": {
        "validity": 0.911355,
        "uniqueness": 0.47081,
        "novelty": 0.46731,
        "n_valid": 364542,
        "n_unique": 188324,
        "n_novel": 186924
    },
    "@450000": {
        "validity": 0.9111688888888889,
        "uniqueness": 0.4632044444444444,
        "novelty": 0.4599577777777778,
        "n_valid": 410026,
        "n_unique": 208442,
        "n_novel": 206981
    },
    "@500000": {
        "validity": 0.911198,
        "uniqueness": 0.456622,
        "novelty": 0.453544,
        "n_valid": 455599,
        "n_unique": 228311,
        "n_novel": 226772
    },
    "@550000": {
        "validity": 0.9114327272727273,
        "uniqueness": 0.4510909090909091,
        "novelty": 0.44816727272727275,
        "n_valid": 501288,
        "n_unique": 248100,
        "n_novel": 246492
    },
    "@600000": {
        "validity": 0.9114133333333333,
        "uniqueness": 0.4457566666666667,
        "novelty": 0.44295666666666667,
        "n_valid": 546848,
        "n_unique": 267454,
        "n_novel": 265774
    },
    "@650000": {
        "validity": 0.9113446153846154,
        "uniqueness": 0.4410307692307692,
        "novelty": 0.4383507692307692,
        "n_valid": 592374,
        "n_unique": 286670,
        "n_novel": 284928
    },
    "@700000": {
        "validity": 0.9112285714285714,
        "uniqueness": 0.43642857142857144,
        "novelty": 0.43386142857142856,
        "n_valid": 637860,
        "n_unique": 305500,
        "n_novel": 303703
    },
    "@750000": {
        "validity": 0.9112293333333333,
        "uniqueness": 0.43236,
        "novelty": 0.42988533333333334,
        "n_valid": 683422,
        "n_unique": 324270,
        "n_novel": 322414
    },
    "@800000": {
        "validity": 0.911305,
        "uniqueness": 0.4285,
        "novelty": 0.426115,
        "n_valid": 729044,
        "n_unique": 342800,
        "n_novel": 340892
    },
    "@850000": {
        "validity": 0.911255294117647,
        "uniqueness": 0.4249823529411765,
        "novelty": 0.42267058823529413,
        "n_valid": 774567,
        "n_unique": 361235,
        "n_novel": 359270
    },
    "@900000": {
        "validity": 0.9111433333333333,
        "uniqueness": 0.4213544444444444,
        "novelty": 0.41912222222222223,
        "n_valid": 820029,
        "n_unique": 379219,
        "n_novel": 377210
    },
    "@950000": {
        "validity": 0.911238947368421,
        "uniqueness": 0.4182642105263158,
        "novelty": 0.41610526315789476,
        "n_valid": 865677,
        "n_unique": 397351,
        "n_novel": 395300
    },
    "@1000000": {
        "validity": 0.911301,
        "uniqueness": 0.415273,
        "novelty": 0.413173,
        "n_valid": 911301,
        "n_unique": 415273,
        "n_novel": 413173
    }
}