{
    "@50000": {
        "validity": 0.92818,
        "uniqueness": 0.92052,
        "novelty": 0.9032,
        "n_valid": 46409,
        "n_unique": 46026,
        "n_novel": 45160
    },
    "@100000": {
        "validity": 0.9276,
        "uniqueness": 0.91651,
        "novelty": 0.90002,
        "n_valid": 92760,
        "n_unique": 91651,
        "n_novel": 90002
    },
    "@150000": {
        "validity": 0.92796,
        "uniqueness": 0.9145333333333333,
        "novelty": 0.8988533333333333,
        "n_valid": 139194,
        "n_unique": 137180,
        "n_novel": 134828
    },
    "@200000": {
        "validity": 0.927975,
        "uniqueness": 0.91237,
        "novelty": 0.89734,
        "n_valid": 185595,
        "n_unique": 182474,
        "n_novel": 179468
    },
    "@250000": {
        "validity": 0.92818,
        "uniqueness": 0.910756,
        "novelty": 0.895936,
        "n_valid": 232045,
        "n_unique": 227689,
        "n_novel": 223984
    },
    "@300000": {
        "validity": 0.9278833333333333,
        "uniqueness": 0.9090266666666666,
        "novelty": 0.89463,
        "n_valid": 278365,
        "n_unique": 272708,
        "n_novel": 268389
    },
    "@350000": {
        "validity": 0.9279342857142857,
        "uniqueness": 0.9078285714285714,
        "novelty": 0.8937914285714286,
        "n_valid": 324777,
        "n_unique": 317740,
        "n_novel": 312827
    },
    "@400000": {
        "validity": 0.92797,
        "uniqueness": 0.9065375,
        "novelty": 0.8928725,
        "n_valid": 371188,
        "n_unique": 362615,
        "n_novel": 357149
    },
    "@450000": {
        "validity": 0.92788,
        "uniqueness": 0.9051955555555555,
        "novelty": 0.8918577777777777,
        "n_valid": 417546,
        "n_unique": 407338,
        "n_novel": 401336
    },
    "@500000": {
        "validity": 0.927758,
        "uniqueness": 0.903914,
        "novelty": 0.890846,
        "n_valid": 463879,
        "n_unique": 451957,
        "n_novel": 445423
    },
    "@550000": {
        "validity": 0.9278290909090909,
        "uniqueness": 0.9028763636363636,
        "novelty": 0.8899963636363636,
        "n_valid": 510306,
        "n_unique": 496582,
        "n_novel": 489498
    },
    "@600000": {
        "validity": 0.9279383333333333,
        "uniqueness": 0.901935,
        "novelty": 0.8892383333333334,
        "n_valid": 556763,
        "n_unique": 541161,
        "n_novel": 533543
    },
    "@650000": {
        "validity": 0.92788,
        "uniqueness": 0.9008753846153846,
        "novelty": 0.8883630769230769,
        "n_valid": 603122,
        "n_unique": 585569,
        "n_novel": 577436
    },
    "@700000": {
        "validity": 0.9278857142857143,
        "uniqueness": 0.8997842857142857,
        "novelty": 0.8874657142857143,
        "n_valid": 649520,
        "n_unique": 629849,
        "n_novel": 621226
    },
    "@750000": {
        "validity": 0.9278813333333333,
        "uniqueness": 0.8989573333333334,
        "novelty": 0.88682,
        "n_valid": 695911,
        "n_unique": 674218,
        "n_novel": 665115
    },
    "@800000": {
        "validity": 0.92790125,
        "uniqueness": 0.89808375,
        "novelty": 0.886165,
        "n_valid": 742321,
        "n_unique": 718467,
        "n_novel": 708932
    },
    "@850000": {
        "validity": 0.9277682352941177,
        "uniqueness": 0.8971929411764706,
        "novelty": 0.8854447058823529,
        "n_valid": 788603,
        "n_unique": 762614,
        "n_novel": 752628
    },
    "@900000": {
        "validity": 0.9278455555555556,
        "uniqueness": 0.8963944444444445,
        "novelty": 0.8848,
        "n_valid": 835061,
        "n_unique": 806755,
        "n_novel": 796320
    },
    "@950000": {
        "validity": 0.9277957894736842,
        "uniqueness": 0.8955336842105264,
        "novelty": 0.8840821052631579,
        "n_valid": 881406,
        "n_unique": 850757,
        "n_novel": 839878
    },
    "@1000000": {
        "validity": 0.927767,
        "uniqueness": 0.894746,
        "novelty": 0.883434,
        "n_valid": 927767,
        "n_unique": 894746,
        "n_novel": 883434
    }
}