{
    "@50000": {
        "validity": 0.9995,
        "uniqueness": 0.10466,
        "novelty": 0.1033,
        "n_valid": 49975,
        "n_unique": 5233,
        "n_novel": 5165
    },
    "@100000": {
        "validity": 0.99958,
        "uniqueness": 0.0718,
        "novelty": 0.07108,
        "n_valid": 99958,
        "n_unique": 7180,
        "n_novel": 7108
    },
    "@150000": {
        "validity": 0.9995133333333334,
        "uniqueness": 0.0573,
        "novelty": 0.056813333333333334,
        "n_valid": 149927,
        "n_unique": 8595,
        "n_novel": 8522
    },
    "@200000": {
        "validity": 0.99959,
        "uniqueness": 0.0483,
        "novelty": 0.04793,
        "n_valid": 199918,
        "n_unique": 9660,
        "n_novel": 9586
    },
    "@250000": {
        "validity": 0.999608,
        "uniqueness": 0.042056,
        "novelty": 0.041756,
        "n_valid": 249902,
        "n_unique": 10514,
        "n_novel": 10439
    },
    "@300000": {
        "validity": 0.9996066666666666,
        "uniqueness": 0.037456666666666666,
        "novelty": 0.037206666666666666,
        "n_valid": 299882,
        "n_unique": 11237,
        "n_novel": 11162
    },
    "@350000": {
        "validity": 0.9996057142857143,
        "uniqueness": 0.03401714285714286,
        "novelty": 0.03380285714285714,
        "n_valid": 349862,
        "n_unique": 11906,
        "n_novel": 11831
    },
    "@400000": {
        "validity": 0.9996225,
        "uniqueness": 0.0312,
        "novelty": 0.0310125,
        "n_valid": 399849,
        "n_unique": 12480,
        "n_novel": 12405
    },
    "@450000": {
        "validity": 0.9996111111111111,
        "uniqueness": 0.028882222222222222,
        "novelty": 0.028713333333333334,
        "n_valid": 449825,
        "n_unique": 12997,
        "n_novel": 12921
    },
    "@500000": {
        "validity": 0.999616,
        "uniqueness": 0.026986,
        "novelty": 0.026834,
        "n_valid": 499808,
        "n_unique": 13493,
        "n_novel": 13417
    },
    "@550000": {
        "validity": 0.9996090909090909,
        "uniqueness": 0.025323636363636364,
        "novelty": 0.025185454545454546,
        "n_valid": 549785,
        "n_unique": 13928,
        "n_novel": 13852
    },
    "@600000": {
        "validity": 0.99961,
        "uniqueness": 0.023915,
        "novelty": 0.023788333333333335,
        "n_valid": 599766,
        "n_unique": 14349,
        "n_novel": 14273
    },
    "@650000": {
        "validity": 0.9996169230769231,
        "uniqueness": 0.022723076923076922,
        "novelty": 0.022606153846153845,
        "n_valid": 649751,
        "n_unique": 14770,
        "n_novel": 14694
    },
    "@700000": {
        "validity": 0.9996242857142857,
        "uniqueness": 0.021635714285714286,
        "novelty": 0.021527142857142856,
        "n_valid": 699737,
        "n_unique": 15145,
        "n_novel": 15069
    },
    "@750000": {
        "validity": 0.99962,
        "uniqueness": 0.020624,
        "novelty": 0.020522666666666668,
        "n_valid": 749715,
        "n_unique": 15468,
        "n_novel": 15392
    },
    "@800000": {
        "validity": 0.99962375,
        "uniqueness": 0.01975125,
        "novelty": 0.01965625,
        "n_valid": 799699,
        "n_unique": 15801,
        "n_novel": 15725
    },
    "@850000": {
        "validity": 0.9996341176470588,
        "uniqueness": 0.018909411764705883,
        "novelty": 0.01882,
        "n_valid": 849689,
        "n_unique": 16073,
        "n_novel": 15997
    },
    "@900000": {
        "validity": 0.9996355555555556,
        "uniqueness": 0.01818777777777778,
        "novelty": 0.018103333333333332,
        "n_valid": 899672,
        "n_unique": 16369,
        "n_novel": 16293
    },
    "@950000": {
        "validity": 0.9996315789473684,
        "uniqueness": 0.017507368421052633,
        "novelty": 0.017427368421052632,
        "n_valid": 949650,
        "n_unique": 16632,
        "n_novel": 16556
    },
    "@1000000": {
        "validity": 0.999629,
        "uniqueness": 0.0169,
        "novelty": 0.016824,
        "n_valid": 999629,
        "n_unique": 16900,
        "n_novel": 16824
    }
}