{
    "@50000": {
        "validity": 0.96332,
        "uniqueness": 0.95838,
        "novelty": 0.93604,
        "n_valid": 48166,
        "n_unique": 47919,
        "n_novel": 46802
    },
    "@100000": {
        "validity": 0.96329,
        "uniqueness": 0.95517,
        "novelty": 0.93362,
        "n_valid": 96329,
        "n_unique": 95517,
        "n_novel": 93362
    },
    "@150000": {
        "validity": 0.963,
        "uniqueness": 0.95256,
        "novelty": 0.9316533333333333,
        "n_valid": 144450,
        "n_unique": 142884,
        "n_novel": 139748
    },
    "@200000": {
        "validity": 0.963505,
        "uniqueness": 0.95124,
        "novelty": 0.9312,
        "n_valid": 192701,
        "n_unique": 190248,
        "n_novel": 186240
    },
    "@250000": {
        "validity": 0.96354,
        "uniqueness": 0.949564,
        "novelty": 0.930052,
        "n_valid": 240885,
        "n_unique": 237391,
        "n_novel": 232513
    },
    "@300000": {
        "validity": 0.9636066666666666,
        "uniqueness": 0.9481166666666667,
        "novelty": 0.9291333333333334,
        "n_valid": 289082,
        "n_unique": 284435,
        "n_novel": 278740
    },
    "@350000": {
        "validity": 0.9634714285714285,
        "uniqueness": 0.9466114285714285,
        "novelty": 0.9279942857142857,
        "n_valid": 337215,
        "n_unique": 331314,
        "n_novel": 324798
    },
    "@400000": {
        "validity": 0.963635,
        "uniqueness": 0.945525,
        "novelty": 0.92739,
        "n_valid": 385454,
        "n_unique": 378210,
        "n_novel": 370956
    },
    "@450000": {
        "validity": 0.9635288888888889,
        "uniqueness": 0.9441955555555556,
        "novelty": 0.92644,
        "n_valid": 433588,
        "n_unique": 424888,
        "n_novel": 416898
    },
    "@500000": {
        "validity": 0.963592,
        "uniqueness": 0.943192,
        "novelty": 0.925798,
        "n_valid": 481796,
        "n_unique": 471596,
        "n_novel": 462899
    },
    "@550000": {
        "validity": 0.9636309090909091,
        "uniqueness": 0.9420654545454545,
        "novelty": 0.9249381818181818,
        "n_valid": 529997,
        "n_unique": 518136,
        "n_novel": 508716
    },
    "@600000": {
        "validity": 0.9636016666666667,
        "uniqueness": 0.9409183333333333,
        "novelty": 0.9241016666666667,
        "n_valid": 578161,
        "n_unique": 564551,
        "n_novel": 554461
    },
    "@650000": {
        "validity": 0.9636215384615384,
        "uniqueness": 0.9398215384615385,
        "novelty": 0.9232769230769231,
        "n_valid": 626354,
        "n_unique": 610884,
        "n_novel": 600130
    },
    "@700000": {
        "validity": 0.9636042857142857,
        "uniqueness": 0.9387142857142857,
        "novelty": 0.9223957142857143,
        "n_valid": 674523,
        "n_unique": 657100,
        "n_novel": 645677
    },
    "@750000": {
        "validity": 0.9636266666666666,
        "uniqueness": 0.9376053333333333,
        "novelty": 0.9215346666666666,
        "n_valid": 722720,
        "n_unique": 703204,
        "n_novel": 691151
    },
    "@800000": {
        "validity": 0.96363125,
        "uniqueness": 0.9365625,
        "novelty": 0.9207575,
        "n_valid": 770905,
        "n_unique": 749250,
        "n_novel": 736606
    },
    "@850000": {
        "validity": 0.9636423529411765,
        "uniqueness": 0.9358188235294118,
        "novelty": 0.9202023529411765,
        "n_valid": 819096,
        "n_unique": 795446,
        "n_novel": 782172
    },
    "@900000": {
        "validity": 0.96368,
        "uniqueness": 0.9349755555555556,
        "novelty": 0.9196055555555556,
        "n_valid": 867312,
        "n_unique": 841478,
        "n_novel": 827645
    },
    "@950000": {
        "validity": 0.963622105263158,
        "uniqueness": 0.9340515789473685,
        "novelty": 0.9188715789473684,
        "n_valid": 915441,
        "n_unique": 887349,
        "n_novel": 872928
    },
    "@1000000": {
        "validity": 0.963661,
        "uniqueness": 0.933285,
        "novelty": 0.91829,
        "n_valid": 963661,
        "n_unique": 933285,
        "n_novel": 918290
    }
}