{
    "@50000": {
        "validity": 0.99022,
        "uniqueness": 0.44964,
        "novelty": 0.43234,
        "n_valid": 49511,
        "n_unique": 22482,
        "n_novel": 21617
    },
    "@100000": {
        "validity": 0.99042,
        "uniqueness": 0.39251,
        "novelty": 0.38037,
        "n_valid": 99042,
        "n_unique": 39251,
        "n_novel": 38037
    },
    "@150000": {
        "validity": 0.99038,
        "uniqueness": 0.3597,
        "novelty": 0.34984666666666664,
        "n_valid": 148557,
        "n_unique": 53955,
        "n_novel": 52477
    },
    "@200000": {
        "validity": 0.99039,
        "uniqueness": 0.337155,
        "novelty": 0.32865,
        "n_valid": 198078,
        "n_unique": 67431,
        "n_novel": 65730
    },
    "@250000": {
        "validity": 0.990568,
        "uniqueness": 0.320136,
        "novelty": 0.312692,
        "n_valid": 247642,
        "n_unique": 80034,
        "n_novel": 78173
    },
    "@300000": {
        "validity": 0.9906166666666667,
        "uniqueness": 0.30696666666666667,
        "novelty": 0.3003,
        "n_valid": 297185,
        "n_unique": 92090,
        "n_novel": 90090
    },
    "@350000": {
        "validity": 0.9907542857142857,
        "uniqueness": 0.2960885714285714,
        "novelty": 0.28996571428571427,
        "n_valid": 346764,
        "n_unique": 103631,
        "n_novel": 101488
    },
    "@400000": {
        "validity": 0.9907625,
        "uniqueness": 0.28667,
        "novelty": 0.2810125,
        "n_valid": 396305,
        "n_unique": 114668,
        "n_novel": 112405
    },
    "@450000": {
        "validity": 0.9907688888888889,
        "uniqueness": 0.2782422222222222,
        "novelty": 0.2729333333333333,
        "n_valid": 445846,
        "n_unique": 125209,
        "n_novel": 122820
    },
    "@500000": {
        "validity": 0.990768,
        "uniqueness": 0.270906,
        "novelty": 0.265882,
        "n_valid": 495384,
        "n_unique": 135453,
        "n_novel": 132941
    },
    "@550000": {
        "validity": 0.9908290909090909,
        "uniqueness": 0.26471272727272727,
        "novelty": 0.2599854545454545,
        "n_valid": 544956,
        "n_unique": 145592,
        "n_novel": 142992
    },
    "@600000": {
        "validity": 0.9907516666666667,
        "uniqueness": 0.2586333333333333,
        "novelty": 0.25415333333333334,
        "n_valid": 594451,
        "n_unique": 155180,
        "n_novel": 152492
    },
    "@650000": {
        "validity": 0.9907723076923077,
        "uniqueness": 0.25341846153846154,
        "novelty": 0.2491523076923077,
        "n_valid": 644002,
        "n_unique": 164722,
        "n_novel": 161949
    },
    "@700000": {
        "validity": 0.9907714285714285,
        "uniqueness": 0.24875285714285714,
        "novelty": 0.2446657142857143,
        "n_valid": 693540,
        "n_unique": 174127,
        "n_novel": 171266
    },
    "@750000": {
        "validity": 0.990736,
        "uniqueness": 0.24416133333333334,
        "novelty": 0.240224,
        "n_valid": 743052,
        "n_unique": 183121,
        "n_novel": 180168
    },
    "@800000": {
        "validity": 0.99074,
        "uniqueness": 0.24002875,
        "novelty": 0.2362275,
        "n_valid": 792592,
        "n_unique": 192023,
        "n_novel": 188982
    },
    "@850000": {
        "validity": 0.9907529411764706,
        "uniqueness": 0.23626117647058822,
        "novelty": 0.23258588235294117,
        "n_valid": 842140,
        "n_unique": 200822,
        "n_novel": 197698
    },
    "@900000": {
        "validity": 0.9907455555555555,
        "uniqueness": 0.23271444444444445,
        "novelty": 0.22914777777777778,
        "n_valid": 891671,
        "n_unique": 209443,
        "n_novel": 206233
    },
    "@950000": {
        "validity": 0.990741052631579,
        "uniqueness": 0.2294463157894737,
        "novelty": 0.2259884210526316,
        "n_valid": 941204,
        "n_unique": 217974,
        "n_novel": 214689
    },
    "@1000000": {
        "validity": 0.990725,
        "uniqueness": 0.226239,
        "novelty": 0.222876,
        "n_valid": 990725,
        "n_unique": 226239,
        "n_novel": 222876
    }
}