{
    "@50000": {
        "validity": 0.99322,
        "uniqueness": 0.8208,
        "novelty": 0.7749,
        "n_valid": 49661,
        "n_unique": 41040,
        "n_novel": 38745
    },
    "@100000": {
        "validity": 0.99302,
        "uniqueness": 0.78111,
        "novelty": 0.74257,
        "n_valid": 99302,
        "n_unique": 78111,
        "n_novel": 74257
    },
    "@150000": {
        "validity": 0.9930733333333334,
        "uniqueness": 0.7527533333333334,
        "novelty": 0.7186266666666666,
        "n_valid": 148961,
        "n_unique": 112913,
        "n_novel": 107794
    },
    "@200000": {
        "validity": 0.99316,
        "uniqueness": 0.73275,
        "novelty": 0.701535,
        "n_valid": 198632,
        "n_unique": 146550,
        "n_novel": 140307
    },
    "@250000": {
        "validity": 0.993268,
        "uniqueness": 0.716024,
        "novelty": 0.687272,
        "n_valid": 248317,
        "n_unique": 179006,
        "n_novel": 171818
    },
    "@300000": {
        "validity": 0.99335,
        "uniqueness": 0.70277,
        "novelty": 0.67584,
        "n_valid": 298005,
        "n_unique": 210831,
        "n_novel": 202752
    },
    "@350000": {
        "validity": 0.9934428571428572,
        "uniqueness": 0.6918171428571429,
        "novelty": 0.6663914285714285,
        "n_valid": 347705,
        "n_unique": 242136,
        "n_novel": 233237
    },
    "@400000": {
        "validity": 0.99339,
        "uniqueness": 0.6815325,
        "novelty": 0.657285,
        "n_valid": 397356,
        "n_unique": 272613,
        "n_novel": 262914
    },
    "@450000": {
        "validity": 0.9934288888888889,
        "uniqueness": 0.6724311111111111,
        "novelty": 0.6492333333333333,
        "n_valid": 447043,
        "n_unique": 302594,
        "n_novel": 292155
    },
    "@500000": {
        "validity": 0.993452,
        "uniqueness": 0.66387,
        "novelty": 0.64161,
        "n_valid": 496726,
        "n_unique": 331935,
        "n_novel": 320805
    },
    "@550000": {
        "validity": 0.9934654545454545,
        "uniqueness": 0.6565454545454545,
        "novelty": 0.635090909090909,
        "n_valid": 546406,
        "n_unique": 361100,
        "n_novel": 349300
    },
    "@600000": {
        "validity": 0.9934483333333334,
        "uniqueness": 0.64971,
        "novelty": 0.6289966666666666,
        "n_valid": 596069,
        "n_unique": 389826,
        "n_novel": 377398
    },
    "@650000": {
        "validity": 0.9934815384615384,
        "uniqueness": 0.6434507692307693,
        "novelty": 0.62338,
        "n_valid": 645763,
        "n_unique": 418243,
        "n_novel": 405197
    },
    "@700000": {
        "validity": 0.9934785714285714,
        "uniqueness": 0.6376571428571428,
        "novelty": 0.6182257142857143,
        "n_valid": 695435,
        "n_unique": 446360,
        "n_novel": 432758
    },
    "@750000": {
        "validity": 0.9934853333333333,
        "uniqueness": 0.632244,
        "novelty": 0.61338,
        "n_valid": 745114,
        "n_unique": 474183,
        "n_novel": 460035
    },
    "@800000": {
        "validity": 0.99350625,
        "uniqueness": 0.62710625,
        "novelty": 0.60877125,
        "n_valid": 794805,
        "n_unique": 501685,
        "n_novel": 487017
    },
    "@850000": {
        "validity": 0.9935411764705883,
        "uniqueness": 0.6221682352941177,
        "novelty": 0.604284705882353,
        "n_valid": 844510,
        "n_unique": 528843,
        "n_novel": 513642
    },
    "@900000": {
        "validity": 0.9935911111111111,
        "uniqueness": 0.61729,
        "novelty": 0.5998411111111112,
        "n_valid": 894232,
        "n_unique": 555561,
        "n_novel": 539857
    },
    "@950000": {
        "validity": 0.9935694736842106,
        "uniqueness": 0.6128821052631579,
        "novelty": 0.5958547368421052,
        "n_valid": 943891,
        "n_unique": 582238,
        "n_novel": 566062
    },
    "@1000000": {
        "validity": 0.993588,
        "uniqueness": 0.60867,
        "novelty": 0.592022,
        "n_valid": 993588,
        "n_unique": 608670,
        "n_novel": 592022
    }
}