{
    "@50000": {
        "validity": 0.97968,
        "uniqueness": 0.95378,
        "novelty": 0.92144,
        "n_valid": 48984,
        "n_unique": 47689,
        "n_novel": 46072
    },
    "@100000": {
        "validity": 0.97956,
        "uniqueness": 0.93863,
        "novelty": 0.90855,
        "n_valid": 97956,
        "n_unique": 93863,
        "n_novel": 90855
    },
    "@150000": {
        "validity": 0.97906,
        "uniqueness": 0.92858,
        "novelty": 0.90068,
        "n_valid": 146859,
        "n_unique": 139287,
        "n_novel": 135102
    },
    "@200000": {
        "validity": 0.97894,
        "uniqueness": 0.92063,
        "novelty": 0.89424,
        "n_valid": 195788,
        "n_unique": 184126,
        "n_novel": 178848
    },
    "@250000": {
        "validity": 0.97884,
        "uniqueness": 0.913696,
        "novelty": 0.888524,
        "n_valid": 244710,
        "n_unique": 228424,
        "n_novel": 222131
    },
    "@300000": {
        "validity": 0.9789866666666667,
        "uniqueness": 0.90764,
        "novelty": 0.8833366666666667,
        "n_valid": 293696,
        "n_unique": 272292,
        "n_novel": 265001
    },
    "@350000": {
        "validity": 0.9789028571428572,
        "uniqueness": 0.9024428571428571,
        "novelty": 0.8790742857142857,
        "n_valid": 342616,
        "n_unique": 315855,
        "n_novel": 307676
    },
    "@400000": {
        "validity": 0.9789275,
        "uniqueness": 0.8975975,
        "novelty": 0.87483,
        "n_valid": 391571,
        "n_unique": 359039,
        "n_novel": 349932
    },
    "@450000": {
        "validity": 0.9789177777777778,
        "uniqueness": 0.8931733333333334,
        "novelty": 0.8710844444444444,
        "n_valid": 440513,
        "n_unique": 401928,
        "n_novel": 391988
    },
    "@500000": {
        "validity": 0.978958,
        "uniqueness": 0.888972,
        "novelty": 0.867474,
        "n_valid": 489479,
        "n_unique": 444486,
        "n_novel": 433737
    },
    "@550000": {
        "validity": 0.9789727272727273,
        "uniqueness": 0.8846890909090909,
        "novelty": 0.8637618181818182,
        "n_valid": 538435,
        "n_unique": 486579,
        "n_novel": 475069
    },
    "@600000": {
        "validity": 0.9789,
        "uniqueness": 0.8810733333333334,
        "novelty": 0.8606616666666667,
        "n_valid": 587340,
        "n_unique": 528644,
        "n_novel": 516397
    },
    "@650000": {
        "validity": 0.9788323076923077,
        "uniqueness": 0.8777292307692308,
        "novelty": 0.857816923076923,
        "n_valid": 636241,
        "n_unique": 570524,
        "n_novel": 557581
    },
    "@700000": {
        "validity": 0.9788771428571429,
        "uniqueness": 0.8744742857142858,
        "novelty": 0.85504,
        "n_valid": 685214,
        "n_unique": 612132,
        "n_novel": 598528
    },
    "@750000": {
        "validity": 0.9788453333333333,
        "uniqueness": 0.871432,
        "novelty": 0.8524053333333333,
        "n_valid": 734134,
        "n_unique": 653574,
        "n_novel": 639304
    },
    "@800000": {
        "validity": 0.9789225,
        "uniqueness": 0.86853375,
        "novelty": 0.84986125,
        "n_valid": 783138,
        "n_unique": 694827,
        "n_novel": 679889
    },
    "@850000": {
        "validity": 0.9788929411764706,
        "uniqueness": 0.8658188235294118,
        "novelty": 0.8474517647058823,
        "n_valid": 832059,
        "n_unique": 735946,
        "n_novel": 720334
    },
    "@900000": {
        "validity": 0.9788611111111111,
        "uniqueness": 0.8631322222222222,
        "novelty": 0.8450388888888889,
        "n_valid": 880975,
        "n_unique": 776819,
        "n_novel": 760535
    },
    "@950000": {
        "validity": 0.9788315789473684,
        "uniqueness": 0.8606663157894737,
        "novelty": 0.8429021052631579,
        "n_valid": 929890,
        "n_unique": 817633,
        "n_novel": 800757
    },
    "@1000000": {
        "validity": 0.978846,
        "uniqueness": 0.858293,
        "novelty": 0.840795,
        "n_valid": 978846,
        "n_unique": 858293,
        "n_novel": 840795
    }
}