{
    "@50000": {
        "validity": 0.99158,
        "uniqueness": 0.43328,
        "novelty": 0.41436,
        "n_valid": 49579,
        "n_unique": 21664,
        "n_novel": 20718
    },
    "@100000": {
        "validity": 0.99194,
        "uniqueness": 0.38117,
        "novelty": 0.36761,
        "n_valid": 99194,
        "n_unique": 38117,
        "n_novel": 36761
    },
    "@150000": {
        "validity": 0.9919666666666667,
        "uniqueness": 0.3517266666666667,
        "novelty": 0.3405533333333333,
        "n_valid": 148795,
        "n_unique": 52759,
        "n_novel": 51083
    },
    "@200000": {
        "validity": 0.992125,
        "uniqueness": 0.33208,
        "novelty": 0.322205,
        "n_valid": 198425,
        "n_unique": 66416,
        "n_novel": 64441
    },
    "@250000": {
        "validity": 0.992132,
        "uniqueness": 0.316784,
        "novelty": 0.307912,
        "n_valid": 248033,
        "n_unique": 79196,
        "n_novel": 76978
    },
    "@300000": {
        "validity": 0.9921,
        "uniqueness": 0.3044766666666667,
        "novelty": 0.2963166666666667,
        "n_valid": 297630,
        "n_unique": 91343,
        "n_novel": 88895
    },
    "@350000": {
        "validity": 0.9921771428571429,
        "uniqueness": 0.29442285714285715,
        "novelty": 0.2868685714285714,
        "n_valid": 347262,
        "n_unique": 103048,
        "n_novel": 100404
    },
    "@400000": {
        "validity": 0.9922,
        "uniqueness": 0.286025,
        "novelty": 0.27892,
        "n_valid": 396880,
        "n_unique": 114410,
        "n_novel": 111568
    },
    "@450000": {
        "validity": 0.9922022222222222,
        "uniqueness": 0.2785577777777778,
        "novelty": 0.2718511111111111,
        "n_valid": 446491,
        "n_unique": 125351,
        "n_novel": 122333
    },
    "@500000": {
        "validity": 0.99225,
        "uniqueness": 0.27219,
        "novelty": 0.265822,
        "n_valid": 496125,
        "n_unique": 136095,
        "n_novel": 132911
    },
    "@550000": {
        "validity": 0.9922545454545455,
        "uniqueness": 0.26634545454545455,
        "novelty": 0.26027636363636364,
        "n_valid": 545740,
        "n_unique": 146490,
        "n_novel": 143152
    },
    "@600000": {
        "validity": 0.9922416666666667,
        "uniqueness": 0.2613683333333333,
        "novelty": 0.255525,
        "n_valid": 595345,
        "n_unique": 156821,
        "n_novel": 153315
    },
    "@650000": {
        "validity": 0.9922353846153846,
        "uniqueness": 0.2570353846153846,
        "novelty": 0.25138923076923075,
        "n_valid": 644953,
        "n_unique": 167073,
        "n_novel": 163403
    },
    "@700000": {
        "validity": 0.9922528571428572,
        "uniqueness": 0.25266285714285713,
        "novelty": 0.24721714285714286,
        "n_valid": 694577,
        "n_unique": 176864,
        "n_novel": 173052
    },
    "@750000": {
        "validity": 0.9922773333333333,
        "uniqueness": 0.24879066666666666,
        "novelty": 0.243524,
        "n_valid": 744208,
        "n_unique": 186593,
        "n_novel": 182643
    },
    "@800000": {
        "validity": 0.99227,
        "uniqueness": 0.24509625,
        "novelty": 0.24,
        "n_valid": 793816,
        "n_unique": 196077,
        "n_novel": 192000
    },
    "@850000": {
        "validity": 0.9922741176470589,
        "uniqueness": 0.24151882352941176,
        "novelty": 0.23658117647058824,
        "n_valid": 843433,
        "n_unique": 205291,
        "n_novel": 201094
    },
    "@900000": {
        "validity": 0.9923088888888889,
        "uniqueness": 0.23821555555555557,
        "novelty": 0.23340333333333332,
        "n_valid": 893078,
        "n_unique": 214394,
        "n_novel": 210063
    },
    "@950000": {
        "validity": 0.99236,
        "uniqueness": 0.23501157894736843,
        "novelty": 0.23031157894736842,
        "n_valid": 942742,
        "n_unique": 223261,
        "n_novel": 218796
    },
    "@1000000": {
        "validity": 0.992344,
        "uniqueness": 0.232097,
        "novelty": 0.227522,
        "n_valid": 992344,
        "n_unique": 232097,
        "n_novel": 227522
    }
}