{
    "@50000": {
        "validity": 0.9866,
        "uniqueness": 0.94486,
        "novelty": 0.90946,
        "n_valid": 49330,
        "n_unique": 47243,
        "n_novel": 45473
    },
    "@100000": {
        "validity": 0.98672,
        "uniqueness": 0.92639,
        "novelty": 0.895,
        "n_valid": 98672,
        "n_unique": 92639,
        "n_novel": 89500
    },
    "@150000": {
        "validity": 0.9868266666666666,
        "uniqueness": 0.9110666666666667,
        "novelty": 0.88272,
        "n_valid": 148024,
        "n_unique": 136660,
        "n_novel": 132408
    },
    "@200000": {
        "validity": 0.98689,
        "uniqueness": 0.89976,
        "novelty": 0.87337,
        "n_valid": 197378,
        "n_unique": 179952,
        "n_novel": 174674
    },
    "@250000": {
        "validity": 0.986916,
        "uniqueness": 0.888868,
        "novelty": 0.86408,
        "n_valid": 246729,
        "n_unique": 222217,
        "n_novel": 216020
    },
    "@300000": {
        "validity": 0.98694,
        "uniqueness": 0.8805633333333334,
        "novelty": 0.8570233333333334,
        "n_valid": 296082,
        "n_unique": 264169,
        "n_novel": 257107
    },
    "@350000": {
        "validity": 0.9870742857142857,
        "uniqueness": 0.8728942857142857,
        "novelty": 0.8505228571428571,
        "n_valid": 345476,
        "n_unique": 305513,
        "n_novel": 297683
    },
    "@400000": {
        "validity": 0.9871075,
        "uniqueness": 0.865815,
        "novelty": 0.8444175,
        "n_valid": 394843,
        "n_unique": 346326,
        "n_novel": 337767
    },
    "@450000": {
        "validity": 0.9871777777777778,
        "uniqueness": 0.8593688888888888,
        "novelty": 0.8388088888888889,
        "n_valid": 444230,
        "n_unique": 386716,
        "n_novel": 377464
    },
    "@500000": {
        "validity": 0.987154,
        "uniqueness": 0.853642,
        "novelty": 0.833794,
        "n_valid": 493577,
        "n_unique": 426821,
        "n_novel": 416897
    },
    "@550000": {
        "validity": 0.9872672727272728,
        "uniqueness": 0.8479745454545454,
        "novelty": 0.8287527272727273,
        "n_valid": 542997,
        "n_unique": 466386,
        "n_novel": 455814
    },
    "@600000": {
        "validity": 0.987255,
        "uniqueness": 0.84299,
        "novelty": 0.8243383333333333,
        "n_valid": 592353,
        "n_unique": 505794,
        "n_novel": 494603
    },
    "@650000": {
        "validity": 0.98728,
        "uniqueness": 0.8379276923076923,
        "novelty": 0.8198107692307692,
        "n_valid": 641732,
        "n_unique": 544653,
        "n_novel": 532877
    },
    "@700000": {
        "validity": 0.98731,
        "uniqueness": 0.8333242857142857,
        "novelty": 0.8156742857142857,
        "n_valid": 691117,
        "n_unique": 583327,
        "n_novel": 570972
    },
    "@750000": {
        "validity": 0.9873133333333334,
        "uniqueness": 0.8289306666666667,
        "novelty": 0.811792,
        "n_valid": 740485,
        "n_unique": 621698,
        "n_novel": 608844
    },
    "@800000": {
        "validity": 0.98733,
        "uniqueness": 0.8249375,
        "novelty": 0.80828375,
        "n_valid": 789864,
        "n_unique": 659950,
        "n_novel": 646627
    },
    "@850000": {
        "validity": 0.9873670588235294,
        "uniqueness": 0.8212847058823529,
        "novelty": 0.8050364705882352,
        "n_valid": 839262,
        "n_unique": 698092,
        "n_novel": 684281
    },
    "@900000": {
        "validity": 0.9873422222222222,
        "uniqueness": 0.8175444444444444,
        "novelty": 0.8016666666666666,
        "n_valid": 888608,
        "n_unique": 735790,
        "n_novel": 721500
    },
    "@950000": {
        "validity": 0.9873231578947368,
        "uniqueness": 0.8141589473684211,
        "novelty": 0.7986484210526316,
        "n_valid": 937957,
        "n_unique": 773451,
        "n_novel": 758716
    },
    "@1000000": {
        "validity": 0.987323,
        "uniqueness": 0.810745,
        "novelty": 0.795543,
        "n_valid": 987323,
        "n_unique": 810745,
        "n_novel": 795543
    }
}