{
    "@50000": {
        "validity": 0.96978,
        "uniqueness": 0.65516,
        "novelty": 0.64928,
        "n_valid": 48489,
        "n_unique": 32758,
        "n_novel": 32464
    },
    "@100000": {
        "validity": 0.96942,
        "uniqueness": 0.59818,
        "novelty": 0.59399,
        "n_valid": 96942,
        "n_unique": 59818,
        "n_novel": 59399
    },
    "@150000": {
        "validity": 0.9689866666666667,
        "uniqueness": 0.5643733333333333,
        "novelty": 0.561,
        "n_valid": 145348,
        "n_unique": 84656,
        "n_novel": 84150
    },
    "@200000": {
        "validity": 0.969025,
        "uniqueness": 0.53861,
        "novelty": 0.53568,
        "n_valid": 193805,
        "n_unique": 107722,
        "n_novel": 107136
    },
    "@250000": {
        "validity": 0.968956,
        "uniqueness": 0.519196,
        "novelty": 0.516596,
        "n_valid": 242239,
        "n_unique": 129799,
        "n_novel": 129149
    },
    "@300000": {
        "validity": 0.96858,
        "uniqueness": 0.5044266666666667,
        "novelty": 0.5020333333333333,
        "n_valid": 290574,
        "n_unique": 151328,
        "n_novel": 150610
    },
    "@350000": {
        "validity": 0.9685057142857143,
        "uniqueness": 0.49222285714285713,
        "novelty": 0.4900285714285714,
        "n_valid": 338977,
        "n_unique": 172278,
        "n_novel": 171510
    },
    "@400000": {
        "validity": 0.9686125,
        "uniqueness": 0.4814675,
        "novelty": 0.4794325,
        "n_valid": 387445,
        "n_unique": 192587,
        "n_novel": 191773
    },
    "@450000": {
        "validity": 0.9687777777777777,
        "uniqueness": 0.4719466666666667,
        "novelty": 0.4700288888888889,
        "n_valid": 435950,
        "n_unique": 212376,
        "n_novel": 211513
    },
    "@500000": {
        "validity": 0.968638,
        "uniqueness": 0.463588,
        "novelty": 0.461772,
        "n_valid": 484319,
        "n_unique": 231794,
        "n_novel": 230886
    },
    "@550000": {
        "validity": 0.96858,
        "uniqueness": 0.45611090909090907,
        "novelty": 0.45436,
        "n_valid": 532719,
        "n_unique": 250861,
        "n_novel": 249898
    },
    "@600000": {
        "validity": 0.968585,
        "uniqueness": 0.44926,
        "novelty": 0.4475766666666667,
        "n_valid": 581151,
        "n_unique": 269556,
        "n_novel": 268546
    },
    "@650000": {
        "validity": 0.9685615384615385,
        "uniqueness": 0.44299076923076924,
        "novelty": 0.44137076923076923,
        "n_valid": 629565,
        "n_unique": 287944,
        "n_novel": 286891
    },
    "@700000": {
        "validity": 0.9686,
        "uniqueness": 0.43729142857142855,
        "novelty": 0.43575142857142857,
        "n_valid": 678020,
        "n_unique": 306104,
        "n_novel": 305026
    },
    "@750000": {
        "validity": 0.968484,
        "uniqueness": 0.431932,
        "novelty": 0.43046,
        "n_valid": 726363,
        "n_unique": 323949,
        "n_novel": 322845
    },
    "@800000": {
        "validity": 0.96859125,
        "uniqueness": 0.427215,
        "novelty": 0.42579125,
        "n_valid": 774873,
        "n_unique": 341772,
        "n_novel": 340633
    },
    "@850000": {
        "validity": 0.9685741176470588,
        "uniqueness": 0.4225188235294118,
        "novelty": 0.42112823529411764,
        "n_valid": 823288,
        "n_unique": 359141,
        "n_novel": 357959
    },
    "@900000": {
        "validity": 0.9685477777777778,
        "uniqueness": 0.41816555555555557,
        "novelty": 0.41680666666666666,
        "n_valid": 871693,
        "n_unique": 376349,
        "n_novel": 375126
    },
    "@950000": {
        "validity": 0.9685789473684211,
        "uniqueness": 0.4141947368421053,
        "novelty": 0.4128757894736842,
        "n_valid": 920150,
        "n_unique": 393485,
        "n_novel": 392232
    },
    "@1000000": {
        "validity": 0.968671,
        "uniqueness": 0.410301,
        "novelty": 0.409011,
        "n_valid": 968671,
        "n_unique": 410301,
        "n_novel": 409011
    }
}