{
    "@50000": {
        "validity": 0.95486,
        "uniqueness": 0.9493,
        "novelty": 0.92892,
        "n_valid": 47743,
        "n_unique": 47465,
        "n_novel": 46446
    },
    "@100000": {
        "validity": 0.95563,
        "uniqueness": 0.9458,
        "novelty": 0.92616,
        "n_valid": 95563,
        "n_unique": 94580,
        "n_novel": 92616
    },
    "@150000": {
        "validity": 0.9552333333333334,
        "uniqueness": 0.9423866666666667,
        "novelty": 0.9234,
        "n_valid": 143285,
        "n_unique": 141358,
        "n_novel": 138510
    },
    "@200000": {
        "validity": 0.95526,
        "uniqueness": 0.93989,
        "novelty": 0.92156,
        "n_valid": 191052,
        "n_unique": 187978,
        "n_novel": 184312
    },
    "@250000": {
        "validity": 0.954936,
        "uniqueness": 0.937208,
        "novelty": 0.919632,
        "n_valid": 238734,
        "n_unique": 234302,
        "n_novel": 229908
    },
    "@300000": {
        "validity": 0.9550033333333333,
        "uniqueness": 0.9350433333333333,
        "novelty": 0.9181,
        "n_valid": 286501,
        "n_unique": 280513,
        "n_novel": 275430
    },
    "@350000": {
        "validity": 0.9548514285714286,
        "uniqueness": 0.9329114285714286,
        "novelty": 0.9163657142857143,
        "n_valid": 334198,
        "n_unique": 326519,
        "n_novel": 320728
    },
    "@400000": {
        "validity": 0.9547825,
        "uniqueness": 0.931135,
        "novelty": 0.9149475,
        "n_valid": 381913,
        "n_unique": 372454,
        "n_novel": 365979
    },
    "@450000": {
        "validity": 0.9546466666666666,
        "uniqueness": 0.9293288888888889,
        "novelty": 0.9134911111111111,
        "n_valid": 429591,
        "n_unique": 418198,
        "n_novel": 411071
    },
    "@500000": {
        "validity": 0.954678,
        "uniqueness": 0.927664,
        "novelty": 0.912036,
        "n_valid": 477339,
        "n_unique": 463832,
        "n_novel": 456018
    },
    "@550000": {
        "validity": 0.9546218181818181,
        "uniqueness": 0.9261781818181818,
        "novelty": 0.9108890909090909,
        "n_valid": 525042,
        "n_unique": 509398,
        "n_novel": 500989
    },
    "@600000": {
        "validity": 0.9544883333333334,
        "uniqueness": 0.9245583333333334,
        "novelty": 0.9095883333333333,
        "n_valid": 572693,
        "n_unique": 554735,
        "n_novel": 545753
    },
    "@650000": {
        "validity": 0.9544846153846154,
        "uniqueness": 0.9231169230769231,
        "novelty": 0.9083846153846153,
        "n_valid": 620415,
        "n_unique": 600026,
        "n_novel": 590450
    },
    "@700000": {
        "validity": 0.9544342857142857,
        "uniqueness": 0.9217285714285715,
        "novelty": 0.90726,
        "n_valid": 668104,
        "n_unique": 645210,
        "n_novel": 635082
    },
    "@750000": {
        "validity": 0.954496,
        "uniqueness": 0.9205213333333333,
        "novelty": 0.9062546666666667,
        "n_valid": 715872,
        "n_unique": 690391,
        "n_novel": 679691
    },
    "@800000": {
        "validity": 0.9544675,
        "uniqueness": 0.919195,
        "novelty": 0.9052075,
        "n_valid": 763574,
        "n_unique": 735356,
        "n_novel": 724166
    },
    "@850000": {
        "validity": 0.95446,
        "uniqueness": 0.9179988235294118,
        "novelty": 0.9042223529411765,
        "n_valid": 811291,
        "n_unique": 780299,
        "n_novel": 768589
    },
    "@900000": {
        "validity": 0.9544611111111111,
        "uniqueness": 0.9168822222222223,
        "novelty": 0.90326,
        "n_valid": 859015,
        "n_unique": 825194,
        "n_novel": 812934
    },
    "@950000": {
        "validity": 0.9544536842105263,
        "uniqueness": 0.9158378947368421,
        "novelty": 0.9024189473684211,
        "n_valid": 906731,
        "n_unique": 870046,
        "n_novel": 857298
    },
    "@1000000": {
        "validity": 0.954474,
        "uniqueness": 0.914794,
        "novelty": 0.90154,
        "n_valid": 954474,
        "n_unique": 914794,
        "n_novel": 901540
    }
}