{
    "@50000": {
        "validity": 0.99202,
        "uniqueness": 0.87028,
        "novelty": 0.82884,
        "n_valid": 49601,
        "n_unique": 43514,
        "n_novel": 41442
    },
    "@100000": {
        "validity": 0.99238,
        "uniqueness": 0.8319,
        "novelty": 0.79692,
        "n_valid": 99238,
        "n_unique": 83190,
        "n_novel": 79692
    },
    "@150000": {
        "validity": 0.99216,
        "uniqueness": 0.8060733333333333,
        "novelty": 0.77468,
        "n_valid": 148824,
        "n_unique": 120911,
        "n_novel": 116202
    },
    "@200000": {
        "validity": 0.992065,
        "uniqueness": 0.78671,
        "novelty": 0.75802,
        "n_valid": 198413,
        "n_unique": 157342,
        "n_novel": 151604
    },
    "@250000": {
        "validity": 0.99194,
        "uniqueness": 0.770104,
        "novelty": 0.743372,
        "n_valid": 247985,
        "n_unique": 192526,
        "n_novel": 185843
    },
    "@300000": {
        "validity": 0.9919166666666667,
        "uniqueness": 0.7573333333333333,
        "novelty": 0.73205,
        "n_valid": 297575,
        "n_unique": 227200,
        "n_novel": 219615
    },
    "@350000": {
        "validity": 0.9919428571428571,
        "uniqueness": 0.7457428571428572,
        "novelty": 0.7218342857142858,
        "n_valid": 347180,
        "n_unique": 261010,
        "n_novel": 252642
    },
    "@400000": {
        "validity": 0.991995,
        "uniqueness": 0.7358775,
        "novelty": 0.71302,
        "n_valid": 396798,
        "n_unique": 294351,
        "n_novel": 285208
    },
    "@450000": {
        "validity": 0.9920866666666667,
        "uniqueness": 0.7268577777777778,
        "novelty": 0.7049688888888889,
        "n_valid": 446439,
        "n_unique": 327086,
        "n_novel": 317236
    },
    "@500000": {
        "validity": 0.992094,
        "uniqueness": 0.71844,
        "novelty": 0.697386,
        "n_valid": 496047,
        "n_unique": 359220,
        "n_novel": 348693
    },
    "@550000": {
        "validity": 0.9921490909090909,
        "uniqueness": 0.7105672727272727,
        "novelty": 0.6902436363636364,
        "n_valid": 545682,
        "n_unique": 390812,
        "n_novel": 379634
    },
    "@600000": {
        "validity": 0.9921533333333333,
        "uniqueness": 0.70393,
        "novelty": 0.684315,
        "n_valid": 595292,
        "n_unique": 422358,
        "n_novel": 410589
    },
    "@650000": {
        "validity": 0.9921538461538462,
        "uniqueness": 0.6975861538461539,
        "novelty": 0.6785861538461538,
        "n_valid": 644900,
        "n_unique": 453431,
        "n_novel": 441081
    },
    "@700000": {
        "validity": 0.9921528571428572,
        "uniqueness": 0.6916642857142857,
        "novelty": 0.6732628571428572,
        "n_valid": 694507,
        "n_unique": 484165,
        "n_novel": 471284
    },
    "@750000": {
        "validity": 0.9921266666666667,
        "uniqueness": 0.6863146666666666,
        "novelty": 0.668432,
        "n_valid": 744095,
        "n_unique": 514736,
        "n_novel": 501324
    },
    "@800000": {
        "validity": 0.99212625,
        "uniqueness": 0.68105125,
        "novelty": 0.66364875,
        "n_valid": 793701,
        "n_unique": 544841,
        "n_novel": 530919
    },
    "@850000": {
        "validity": 0.992135294117647,
        "uniqueness": 0.676095294117647,
        "novelty": 0.659124705882353,
        "n_valid": 843315,
        "n_unique": 574681,
        "n_novel": 560256
    },
    "@900000": {
        "validity": 0.9921577777777778,
        "uniqueness": 0.6714988888888889,
        "novelty": 0.6549266666666667,
        "n_valid": 892942,
        "n_unique": 604349,
        "n_novel": 589434
    },
    "@950000": {
        "validity": 0.992181052631579,
        "uniqueness": 0.6670642105263158,
        "novelty": 0.6508684210526315,
        "n_valid": 942572,
        "n_unique": 633711,
        "n_novel": 618325
    },
    "@1000000": {
        "validity": 0.992189,
        "uniqueness": 0.662846,
        "novelty": 0.646978,
        "n_valid": 992189,
        "n_unique": 662846,
        "n_novel": 646978
    }
}