{
    "@50000": {
        "validity": 0.89426,
        "uniqueness": 0.62192,
        "novelty": 0.6099,
        "n_valid": 44713,
        "n_unique": 31096,
        "n_novel": 30495
    },
    "@100000": {
        "validity": 0.89498,
        "uniqueness": 0.57967,
        "novelty": 0.57146,
        "n_valid": 89498,
        "n_unique": 57967,
        "n_novel": 57146
    },
    "@150000": {
        "validity": 0.8952866666666667,
        "uniqueness": 0.5543533333333334,
        "novelty": 0.5475866666666667,
        "n_valid": 134293,
        "n_unique": 83153,
        "n_novel": 82138
    },
    "@200000": {
        "validity": 0.89527,
        "uniqueness": 0.53752,
        "novelty": 0.531845,
        "n_valid": 179054,
        "n_unique": 107504,
        "n_novel": 106369
    },
    "@250000": {
        "validity": 0.895156,
        "uniqueness": 0.523528,
        "novelty": 0.518472,
        "n_valid": 223789,
        "n_unique": 130882,
        "n_novel": 129618
    },
    "@300000": {
        "validity": 0.8949933333333333,
        "uniqueness": 0.5124166666666666,
        "novelty": 0.5078366666666667,
        "n_valid": 268498,
        "n_unique": 153725,
        "n_novel": 152351
    },
    "@350000": {
        "validity": 0.8949057142857143,
        "uniqueness": 0.5031942857142857,
        "novelty": 0.49901142857142855,
        "n_valid": 313217,
        "n_unique": 176118,
        "n_novel": 174654
    },
    "@400000": {
        "validity": 0.8948375,
        "uniqueness": 0.4948125,
        "novelty": 0.4909275,
        "n_valid": 357935,
        "n_unique": 197925,
        "n_novel": 196371
    },
    "@450000": {
        "validity": 0.8950155555555556,
        "uniqueness": 0.4879,
        "novelty": 0.4843044444444444,
        "n_valid": 402757,
        "n_unique": 219555,
        "n_novel": 217937
    },
    "@500000": {
        "validity": 0.895034,
        "uniqueness": 0.481604,
        "novelty": 0.478242,
        "n_valid": 447517,
        "n_unique": 240802,
        "n_novel": 239121
    },
    "@550000": {
        "validity": 0.8950272727272728,
        "uniqueness": 0.4759418181818182,
        "novelty": 0.4727363636363636,
        "n_valid": 492265,
        "n_unique": 261768,
        "n_novel": 260005
    },
    "@600000": {
        "validity": 0.8948216666666666,
        "uniqueness": 0.4705083333333333,
        "novelty": 0.46745166666666665,
        "n_valid": 536893,
        "n_unique": 282305,
        "n_novel": 280471
    },
    "@650000": {
        "validity": 0.8947169230769231,
        "uniqueness": 0.46570307692307694,
        "novelty": 0.46279384615384617,
        "n_valid": 581566,
        "n_unique": 302707,
        "n_novel": 300816
    },
    "@700000": {
        "validity": 0.8945057142857142,
        "uniqueness": 0.46131,
        "novelty": 0.4585242857142857,
        "n_valid": 626154,
        "n_unique": 322917,
        "n_novel": 320967
    },
    "@750000": {
        "validity": 0.8945933333333334,
        "uniqueness": 0.457228,
        "novelty": 0.4545533333333333,
        "n_valid": 670945,
        "n_unique": 342921,
        "n_novel": 340915
    },
    "@800000": {
        "validity": 0.89456625,
        "uniqueness": 0.45341125,
        "novelty": 0.45081625,
        "n_valid": 715653,
        "n_unique": 362729,
        "n_novel": 360653
    },
    "@850000": {
        "validity": 0.8946129411764706,
        "uniqueness": 0.4498905882352941,
        "novelty": 0.44737529411764704,
        "n_valid": 760421,
        "n_unique": 382407,
        "n_novel": 380269
    },
    "@900000": {
        "validity": 0.8946022222222222,
        "uniqueness": 0.44643222222222223,
        "novelty": 0.44399777777777777,
        "n_valid": 805142,
        "n_unique": 401789,
        "n_novel": 399598
    },
    "@950000": {
        "validity": 0.894658947368421,
        "uniqueness": 0.44350842105263155,
        "novelty": 0.44114947368421054,
        "n_valid": 849926,
        "n_unique": 421333,
        "n_novel": 419092
    },
    "@1000000": {
        "validity": 0.894695,
        "uniqueness": 0.440625,
        "novelty": 0.438344,
        "n_valid": 894695,
        "n_unique": 440625,
        "n_novel": 438344
    }
}