{
    "@50000": {
        "validity": 0.95368,
        "uniqueness": 0.65626,
        "novelty": 0.65076,
        "n_valid": 47684,
        "n_unique": 32813,
        "n_novel": 32538
    },
    "@100000": {
        "validity": 0.95392,
        "uniqueness": 0.59389,
        "novelty": 0.59032,
        "n_valid": 95392,
        "n_unique": 59389,
        "n_novel": 59032
    },
    "@150000": {
        "validity": 0.95394,
        "uniqueness": 0.5569333333333333,
        "novelty": 0.5541066666666666,
        "n_valid": 143091,
        "n_unique": 83540,
        "n_novel": 83116
    },
    "@200000": {
        "validity": 0.9537,
        "uniqueness": 0.529275,
        "novelty": 0.52697,
        "n_valid": 190740,
        "n_unique": 105855,
        "n_novel": 105394
    },
    "@250000": {
        "validity": 0.953804,
        "uniqueness": 0.508388,
        "novelty": 0.506388,
        "n_valid": 238451,
        "n_unique": 127097,
        "n_novel": 126597
    },
    "@300000": {
        "validity": 0.9537233333333334,
        "uniqueness": 0.4915733333333333,
        "novelty": 0.48981,
        "n_valid": 286117,
        "n_unique": 147472,
        "n_novel": 146943
    },
    "@350000": {
        "validity": 0.9535857142857143,
        "uniqueness": 0.47740285714285713,
        "novelty": 0.4758257142857143,
        "n_valid": 333755,
        "n_unique": 167091,
        "n_novel": 166539
    },
    "@400000": {
        "validity": 0.9535925,
        "uniqueness": 0.4649375,
        "novelty": 0.46351,
        "n_valid": 381437,
        "n_unique": 185975,
        "n_novel": 185404
    },
    "@450000": {
        "validity": 0.9536177777777778,
        "uniqueness": 0.4542977777777778,
        "novelty": 0.45299333333333336,
        "n_valid": 429128,
        "n_unique": 204434,
        "n_novel": 203847
    },
    "@500000": {
        "validity": 0.953668,
        "uniqueness": 0.44518,
        "novelty": 0.443968,
        "n_valid": 476834,
        "n_unique": 222590,
        "n_novel": 221984
    },
    "@550000": {
        "validity": 0.9536381818181818,
        "uniqueness": 0.43657636363636365,
        "novelty": 0.4354509090909091,
        "n_valid": 524501,
        "n_unique": 240117,
        "n_novel": 239498
    },
    "@600000": {
        "validity": 0.9536333333333333,
        "uniqueness": 0.428805,
        "novelty": 0.42773833333333333,
        "n_valid": 572180,
        "n_unique": 257283,
        "n_novel": 256643
    },
    "@650000": {
        "validity": 0.953616923076923,
        "uniqueness": 0.42177692307692305,
        "novelty": 0.4207753846153846,
        "n_valid": 619851,
        "n_unique": 274155,
        "n_novel": 273504
    },
    "@700000": {
        "validity": 0.9536471428571428,
        "uniqueness": 0.4153928571428571,
        "novelty": 0.41444714285714285,
        "n_valid": 667553,
        "n_unique": 290775,
        "n_novel": 290113
    },
    "@750000": {
        "validity": 0.953768,
        "uniqueness": 0.40942,
        "novelty": 0.40852533333333335,
        "n_valid": 715326,
        "n_unique": 307065,
        "n_novel": 306394
    },
    "@800000": {
        "validity": 0.95370625,
        "uniqueness": 0.40366,
        "novelty": 0.4028025,
        "n_valid": 762965,
        "n_unique": 322928,
        "n_novel": 322242
    },
    "@850000": {
        "validity": 0.95376,
        "uniqueness": 0.3984035294117647,
        "novelty": 0.39759058823529414,
        "n_valid": 810696,
        "n_unique": 338643,
        "n_novel": 337952
    },
    "@900000": {
        "validity": 0.95372,
        "uniqueness": 0.39342,
        "novelty": 0.3926411111111111,
        "n_valid": 858348,
        "n_unique": 354078,
        "n_novel": 353377
    },
    "@950000": {
        "validity": 0.9537494736842105,
        "uniqueness": 0.38895368421052634,
        "novelty": 0.38820315789473686,
        "n_valid": 906062,
        "n_unique": 369506,
        "n_novel": 368793
    },
    "@1000000": {
        "validity": 0.953827,
        "uniqueness": 0.384622,
        "novelty": 0.383899,
        "n_valid": 953827,
        "n_unique": 384622,
        "n_novel": 383899
    }
}