{
    "@50000": {
        "validity": 0.98624,
        "uniqueness": 0.9182,
        "novelty": 0.87364,
        "n_valid": 49312,
        "n_unique": 45910,
        "n_novel": 43682
    },
    "@100000": {
        "validity": 0.98609,
        "uniqueness": 0.8962,
        "novelty": 0.85757,
        "n_valid": 98609,
        "n_unique": 89620,
        "n_novel": 85757
    },
    "@150000": {
        "validity": 0.9863133333333334,
        "uniqueness": 0.8810266666666666,
        "novelty": 0.84594,
        "n_valid": 147947,
        "n_unique": 132154,
        "n_novel": 126891
    },
    "@200000": {
        "validity": 0.986295,
        "uniqueness": 0.87019,
        "novelty": 0.837425,
        "n_valid": 197259,
        "n_unique": 174038,
        "n_novel": 167485
    },
    "@250000": {
        "validity": 0.98616,
        "uniqueness": 0.85972,
        "novelty": 0.828792,
        "n_valid": 246540,
        "n_unique": 214930,
        "n_novel": 207198
    },
    "@300000": {
        "validity": 0.98609,
        "uniqueness": 0.8512,
        "novelty": 0.8219433333333334,
        "n_valid": 295827,
        "n_unique": 255360,
        "n_novel": 246583
    },
    "@350000": {
        "validity": 0.98596,
        "uniqueness": 0.8435685714285714,
        "novelty": 0.8155342857142858,
        "n_valid": 345086,
        "n_unique": 295249,
        "n_novel": 285437
    },
    "@400000": {
        "validity": 0.98607,
        "uniqueness": 0.837295,
        "novelty": 0.810555,
        "n_valid": 394428,
        "n_unique": 334918,
        "n_novel": 324222
    },
    "@450000": {
        "validity": 0.9860755555555556,
        "uniqueness": 0.8309888888888889,
        "novelty": 0.8053244444444444,
        "n_valid": 443734,
        "n_unique": 373945,
        "n_novel": 362396
    },
    "@500000": {
        "validity": 0.986046,
        "uniqueness": 0.825424,
        "novelty": 0.800752,
        "n_valid": 493023,
        "n_unique": 412712,
        "n_novel": 400376
    },
    "@550000": {
        "validity": 0.9860927272727272,
        "uniqueness": 0.8201890909090909,
        "novelty": 0.7963654545454546,
        "n_valid": 542351,
        "n_unique": 451104,
        "n_novel": 438001
    },
    "@600000": {
        "validity": 0.9861,
        "uniqueness": 0.8154116666666666,
        "novelty": 0.7922733333333334,
        "n_valid": 591660,
        "n_unique": 489247,
        "n_novel": 475364
    },
    "@650000": {
        "validity": 0.9860938461538461,
        "uniqueness": 0.8110815384615384,
        "novelty": 0.7885507692307693,
        "n_valid": 640961,
        "n_unique": 527203,
        "n_novel": 512558
    },
    "@700000": {
        "validity": 0.9861042857142858,
        "uniqueness": 0.80683,
        "novelty": 0.7848642857142857,
        "n_valid": 690273,
        "n_unique": 564781,
        "n_novel": 549405
    },
    "@750000": {
        "validity": 0.9861013333333334,
        "uniqueness": 0.8028786666666666,
        "novelty": 0.7813826666666667,
        "n_valid": 739576,
        "n_unique": 602159,
        "n_novel": 586037
    },
    "@800000": {
        "validity": 0.98610875,
        "uniqueness": 0.79935875,
        "novelty": 0.77837625,
        "n_valid": 788887,
        "n_unique": 639487,
        "n_novel": 622701
    },
    "@850000": {
        "validity": 0.9860505882352941,
        "uniqueness": 0.795795294117647,
        "novelty": 0.77534,
        "n_valid": 838143,
        "n_unique": 676426,
        "n_novel": 659039
    },
    "@900000": {
        "validity": 0.9860266666666667,
        "uniqueness": 0.7925255555555556,
        "novelty": 0.7724877777777778,
        "n_valid": 887424,
        "n_unique": 713273,
        "n_novel": 695239
    },
    "@950000": {
        "validity": 0.9860715789473684,
        "uniqueness": 0.7892863157894737,
        "novelty": 0.7696852631578948,
        "n_valid": 936768,
        "n_unique": 749822,
        "n_novel": 731201
    },
    "@1000000": {
        "validity": 0.98606,
        "uniqueness": 0.786137,
        "novelty": 0.766919,
        "n_valid": 986060,
        "n_unique": 786137,
        "n_novel": 766919
    }
}