{
    "@50000": {
        "validity": 0.43038,
        "uniqueness": 0.42806,
        "novelty": 0.42514,
        "n_valid": 21519,
        "n_unique": 21403,
        "n_novel": 21257
    },
    "@100000": {
        "validity": 0.4318,
        "uniqueness": 0.42833,
        "novelty": 0.42538,
        "n_valid": 43180,
        "n_unique": 42833,
        "n_novel": 42538
    },
    "@150000": {
        "validity": 0.4307933333333333,
        "uniqueness": 0.4262533333333333,
        "novelty": 0.4234733333333333,
        "n_valid": 64619,
        "n_unique": 63938,
        "n_novel": 63521
    },
    "@200000": {
        "validity": 0.43029,
        "uniqueness": 0.424825,
        "novelty": 0.422165,
        "n_valid": 86058,
        "n_unique": 84965,
        "n_novel": 84433
    },
    "@250000": {
        "validity": 0.4306,
        "uniqueness": 0.424468,
        "novelty": 0.42192,
        "n_valid": 107650,
        "n_unique": 106117,
        "n_novel": 105480
    },
    "@300000": {
        "validity": 0.43076,
        "uniqueness": 0.42401,
        "novelty": 0.4215833333333333,
        "n_valid": 129228,
        "n_unique": 127203,
        "n_novel": 126475
    },
    "@350000": {
        "validity": 0.43106285714285714,
        "uniqueness": 0.42382,
        "novelty": 0.4214685714285714,
        "n_valid": 150872,
        "n_unique": 148337,
        "n_novel": 147514
    },
    "@400000": {
        "validity": 0.4311625,
        "uniqueness": 0.42347,
        "novelty": 0.4211575,
        "n_valid": 172465,
        "n_unique": 169388,
        "n_novel": 168463
    },
    "@450000": {
        "validity": 0.43166666666666664,
        "uniqueness": 0.4235555555555556,
        "novelty": 0.4212666666666667,
        "n_valid": 194250,
        "n_unique": 190600,
        "n_novel": 189570
    },
    "@500000": {
        "validity": 0.431918,
        "uniqueness": 0.423384,
        "novelty": 0.421106,
        "n_valid": 215959,
        "n_unique": 211692,
        "n_novel": 210553
    },
    "@550000": {
        "validity": 0.43206727272727274,
        "uniqueness": 0.42310909090909093,
        "novelty": 0.4208636363636364,
        "n_valid": 237637,
        "n_unique": 232710,
        "n_novel": 231475
    },
    "@600000": {
        "validity": 0.4320116666666667,
        "uniqueness": 0.42261166666666666,
        "novelty": 0.42040833333333333,
        "n_valid": 259207,
        "n_unique": 253567,
        "n_novel": 252245
    },
    "@650000": {
        "validity": 0.4323169230769231,
        "uniqueness": 0.42258615384615383,
        "novelty": 0.4204061538461539,
        "n_valid": 281006,
        "n_unique": 274681,
        "n_novel": 273264
    },
    "@700000": {
        "validity": 0.43220285714285717,
        "uniqueness": 0.42211857142857145,
        "novelty": 0.41998714285714284,
        "n_valid": 302542,
        "n_unique": 295483,
        "n_novel": 293991
    },
    "@750000": {
        "validity": 0.4322146666666667,
        "uniqueness": 0.42184133333333335,
        "novelty": 0.4197666666666667,
        "n_valid": 324161,
        "n_unique": 316381,
        "n_novel": 314825
    },
    "@800000": {
        "validity": 0.4320725,
        "uniqueness": 0.4214025,
        "novelty": 0.4193425,
        "n_valid": 345658,
        "n_unique": 337122,
        "n_novel": 335474
    },
    "@850000": {
        "validity": 0.4320117647058824,
        "uniqueness": 0.4210929411764706,
        "novelty": 0.41907176470588237,
        "n_valid": 367210,
        "n_unique": 357929,
        "n_novel": 356211
    },
    "@900000": {
        "validity": 0.4319233333333333,
        "uniqueness": 0.42071888888888886,
        "novelty": 0.4187266666666667,
        "n_valid": 388731,
        "n_unique": 378647,
        "n_novel": 376854
    },
    "@950000": {
        "validity": 0.4319178947368421,
        "uniqueness": 0.4204873684210526,
        "novelty": 0.41852736842105265,
        "n_valid": 410322,
        "n_unique": 399463,
        "n_novel": 397601
    },
    "@1000000": {
        "validity": 0.431846,
        "uniqueness": 0.420159,
        "novelty": 0.418218,
        "n_valid": 431846,
        "n_unique": 420159,
        "n_novel": 418218
    }
}