{
    "@50000": {
        "validity": 0.99922,
        "uniqueness": 0.1068,
        "novelty": 0.1055,
        "n_valid": 49961,
        "n_unique": 5340,
        "n_novel": 5275
    },
    "@100000": {
        "validity": 0.99933,
        "uniqueness": 0.07002,
        "novelty": 0.06931,
        "n_valid": 99933,
        "n_unique": 7002,
        "n_novel": 6931
    },
    "@150000": {
        "validity": 0.9993533333333333,
        "uniqueness": 0.05348,
        "novelty": 0.053,
        "n_valid": 149903,
        "n_unique": 8022,
        "n_novel": 7950
    },
    "@200000": {
        "validity": 0.99933,
        "uniqueness": 0.04384,
        "novelty": 0.04347,
        "n_valid": 199866,
        "n_unique": 8768,
        "n_novel": 8694
    },
    "@250000": {
        "validity": 0.999316,
        "uniqueness": 0.037468,
        "novelty": 0.037168,
        "n_valid": 249829,
        "n_unique": 9367,
        "n_novel": 9292
    },
    "@300000": {
        "validity": 0.9993433333333334,
        "uniqueness": 0.032986666666666664,
        "novelty": 0.032736666666666664,
        "n_valid": 299803,
        "n_unique": 9896,
        "n_novel": 9821
    },
    "@350000": {
        "validity": 0.9993628571428571,
        "uniqueness": 0.02952,
        "novelty": 0.029305714285714286,
        "n_valid": 349777,
        "n_unique": 10332,
        "n_novel": 10257
    },
    "@400000": {
        "validity": 0.99934,
        "uniqueness": 0.0267,
        "novelty": 0.0265125,
        "n_valid": 399736,
        "n_unique": 10680,
        "n_novel": 10605
    },
    "@450000": {
        "validity": 0.9993533333333333,
        "uniqueness": 0.02446,
        "novelty": 0.024293333333333333,
        "n_valid": 449709,
        "n_unique": 11007,
        "n_novel": 10932
    },
    "@500000": {
        "validity": 0.999354,
        "uniqueness": 0.022578,
        "novelty": 0.022428,
        "n_valid": 499677,
        "n_unique": 11289,
        "n_novel": 11214
    },
    "@550000": {
        "validity": 0.9993581818181818,
        "uniqueness": 0.021045454545454544,
        "novelty": 0.020907272727272726,
        "n_valid": 549647,
        "n_unique": 11575,
        "n_novel": 11499
    },
    "@600000": {
        "validity": 0.9993416666666667,
        "uniqueness": 0.019715,
        "novelty": 0.019588333333333333,
        "n_valid": 599605,
        "n_unique": 11829,
        "n_novel": 11753
    },
    "@650000": {
        "validity": 0.9993430769230769,
        "uniqueness": 0.018553846153846153,
        "novelty": 0.018436923076923076,
        "n_valid": 649573,
        "n_unique": 12060,
        "n_novel": 11984
    },
    "@700000": {
        "validity": 0.99934,
        "uniqueness": 0.017544285714285714,
        "novelty": 0.017435714285714287,
        "n_valid": 699538,
        "n_unique": 12281,
        "n_novel": 12205
    },
    "@750000": {
        "validity": 0.9993386666666667,
        "uniqueness": 0.016638666666666666,
        "novelty": 0.016537333333333334,
        "n_valid": 749504,
        "n_unique": 12479,
        "n_novel": 12403
    },
    "@800000": {
        "validity": 0.9993425,
        "uniqueness": 0.01584625,
        "novelty": 0.01575125,
        "n_valid": 799474,
        "n_unique": 12677,
        "n_novel": 12601
    },
    "@850000": {
        "validity": 0.9993388235294117,
        "uniqueness": 0.015145882352941176,
        "novelty": 0.015056470588235294,
        "n_valid": 849438,
        "n_unique": 12874,
        "n_novel": 12798
    },
    "@900000": {
        "validity": 0.9993411111111111,
        "uniqueness": 0.01449111111111111,
        "novelty": 0.014406666666666667,
        "n_valid": 899407,
        "n_unique": 13042,
        "n_novel": 12966
    },
    "@950000": {
        "validity": 0.99934,
        "uniqueness": 0.013886315789473684,
        "novelty": 0.013806315789473684,
        "n_valid": 949373,
        "n_unique": 13192,
        "n_novel": 13116
    },
    "@1000000": {
        "validity": 0.999344,
        "uniqueness": 0.013346,
        "novelty": 0.01327,
        "n_valid": 999344,
        "n_unique": 13346,
        "n_novel": 13270
    }
}