{
    "train_loss": [
        0.7279251217842102,
        0.6377983748912811,
        0.578322046995163,
        0.540676599740982,
        0.5084833413362503,
        0.4820946276187897
    ],
    "val_loss": [
        0.6920703649520874,
        0.6916534602642059,
        0.6758060306310654,
        0.6829844117164612,
        0.6977430880069733,
        0.7071492373943329
    ]
}