{
    "@50000": {
        "validity": 0.99548,
        "uniqueness": 0.1306,
        "novelty": 0.12544,
        "n_valid": 49774,
        "n_unique": 6530,
        "n_novel": 6272
    },
    "@100000": {
        "validity": 0.99603,
        "uniqueness": 0.10171,
        "novelty": 0.09856,
        "n_valid": 99603,
        "n_unique": 10171,
        "n_novel": 9856
    },
    "@150000": {
        "validity": 0.9961066666666667,
        "uniqueness": 0.08686,
        "novelty": 0.08458666666666667,
        "n_valid": 149416,
        "n_unique": 13029,
        "n_novel": 12688
    },
    "@200000": {
        "validity": 0.99612,
        "uniqueness": 0.077795,
        "novelty": 0.07598,
        "n_valid": 199224,
        "n_unique": 15559,
        "n_novel": 15196
    },
    "@250000": {
        "validity": 0.996152,
        "uniqueness": 0.070864,
        "novelty": 0.069328,
        "n_valid": 249038,
        "n_unique": 17716,
        "n_novel": 17332
    },
    "@300000": {
        "validity": 0.99621,
        "uniqueness": 0.06563,
        "novelty": 0.06428666666666667,
        "n_valid": 298863,
        "n_unique": 19689,
        "n_novel": 19286
    },
    "@350000": {
        "validity": 0.9962228571428572,
        "uniqueness": 0.061214285714285714,
        "novelty": 0.06004285714285714,
        "n_valid": 348678,
        "n_unique": 21425,
        "n_novel": 21015
    },
    "@400000": {
        "validity": 0.9961875,
        "uniqueness": 0.0577525,
        "novelty": 0.05671,
        "n_valid": 398475,
        "n_unique": 23101,
        "n_novel": 22684
    },
    "@450000": {
        "validity": 0.9961688888888889,
        "uniqueness": 0.054782222222222225,
        "novelty": 0.05383555555555555,
        "n_valid": 448276,
        "n_unique": 24652,
        "n_novel": 24226
    },
    "@500000": {
        "validity": 0.996202,
        "uniqueness": 0.052306,
        "novelty": 0.051442,
        "n_valid": 498101,
        "n_unique": 26153,
        "n_novel": 25721
    },
    "@550000": {
        "validity": 0.9961163636363637,
        "uniqueness": 0.04996545454545454,
        "novelty": 0.04917090909090909,
        "n_valid": 547864,
        "n_unique": 27481,
        "n_novel": 27044
    },
    "@600000": {
        "validity": 0.9961033333333333,
        "uniqueness": 0.04801,
        "novelty": 0.04727166666666666,
        "n_valid": 597662,
        "n_unique": 28806,
        "n_novel": 28363
    },
    "@650000": {
        "validity": 0.9961123076923077,
        "uniqueness": 0.046306153846153844,
        "novelty": 0.04561846153846154,
        "n_valid": 647473,
        "n_unique": 30099,
        "n_novel": 29652
    },
    "@700000": {
        "validity": 0.99612,
        "uniqueness": 0.044724285714285716,
        "novelty": 0.044078571428571425,
        "n_valid": 697284,
        "n_unique": 31307,
        "n_novel": 30855
    },
    "@750000": {
        "validity": 0.996068,
        "uniqueness": 0.043298666666666666,
        "novelty": 0.04269066666666667,
        "n_valid": 747051,
        "n_unique": 32474,
        "n_novel": 32018
    },
    "@800000": {
        "validity": 0.9960875,
        "uniqueness": 0.04195,
        "novelty": 0.04137,
        "n_valid": 796870,
        "n_unique": 33560,
        "n_novel": 33096
    },
    "@850000": {
        "validity": 0.9960835294117647,
        "uniqueness": 0.04072117647058823,
        "novelty": 0.04016823529411765,
        "n_valid": 846671,
        "n_unique": 34613,
        "n_novel": 34143
    },
    "@900000": {
        "validity": 0.9960655555555555,
        "uniqueness": 0.039634444444444444,
        "novelty": 0.039107777777777776,
        "n_valid": 896459,
        "n_unique": 35671,
        "n_novel": 35197
    },
    "@950000": {
        "validity": 0.9960684210526316,
        "uniqueness": 0.038643157894736845,
        "novelty": 0.03814,
        "n_valid": 946265,
        "n_unique": 36711,
        "n_novel": 36233
    },
    "@1000000": {
        "validity": 0.996082,
        "uniqueness": 0.037681,
        "novelty": 0.037199,
        "n_valid": 996082,
        "n_unique": 37681,
        "n_novel": 37199
    }
}