{
    "@50000": {
        "validity": 0.99094,
        "uniqueness": 0.61738,
        "novelty": 0.59472,
        "n_valid": 49547,
        "n_unique": 30869,
        "n_novel": 29736
    },
    "@100000": {
        "validity": 0.99042,
        "uniqueness": 0.56708,
        "novelty": 0.54942,
        "n_valid": 99042,
        "n_unique": 56708,
        "n_novel": 54942
    },
    "@150000": {
        "validity": 0.9902666666666666,
        "uniqueness": 0.5371333333333334,
        "novelty": 0.52226,
        "n_valid": 148540,
        "n_unique": 80570,
        "n_novel": 78339
    },
    "@200000": {
        "validity": 0.990415,
        "uniqueness": 0.516665,
        "novelty": 0.503475,
        "n_valid": 198083,
        "n_unique": 103333,
        "n_novel": 100695
    },
    "@250000": {
        "validity": 0.990356,
        "uniqueness": 0.500144,
        "novelty": 0.488064,
        "n_valid": 247589,
        "n_unique": 125036,
        "n_novel": 122016
    },
    "@300000": {
        "validity": 0.99041,
        "uniqueness": 0.4876433333333333,
        "novelty": 0.4764333333333333,
        "n_valid": 297123,
        "n_unique": 146293,
        "n_novel": 142930
    },
    "@350000": {
        "validity": 0.9903971428571429,
        "uniqueness": 0.4772571428571429,
        "novelty": 0.46676,
        "n_valid": 346639,
        "n_unique": 167040,
        "n_novel": 163366
    },
    "@400000": {
        "validity": 0.9903125,
        "uniqueness": 0.46808,
        "novelty": 0.45816,
        "n_valid": 396125,
        "n_unique": 187232,
        "n_novel": 183264
    },
    "@450000": {
        "validity": 0.9903044444444444,
        "uniqueness": 0.45941777777777776,
        "novelty": 0.4499977777777778,
        "n_valid": 445637,
        "n_unique": 206738,
        "n_novel": 202499
    },
    "@500000": {
        "validity": 0.990182,
        "uniqueness": 0.451744,
        "novelty": 0.442782,
        "n_valid": 495091,
        "n_unique": 225872,
        "n_novel": 221391
    },
    "@550000": {
        "validity": 0.9902509090909091,
        "uniqueness": 0.44488181818181816,
        "novelty": 0.43627272727272726,
        "n_valid": 544638,
        "n_unique": 244685,
        "n_novel": 239950
    },
    "@600000": {
        "validity": 0.9902466666666667,
        "uniqueness": 0.4385016666666667,
        "novelty": 0.43021,
        "n_valid": 594148,
        "n_unique": 263101,
        "n_novel": 258126
    },
    "@650000": {
        "validity": 0.9902907692307692,
        "uniqueness": 0.43279538461538464,
        "novelty": 0.4248215384615385,
        "n_valid": 643689,
        "n_unique": 281317,
        "n_novel": 276134
    },
    "@700000": {
        "validity": 0.9902942857142857,
        "uniqueness": 0.42750714285714286,
        "novelty": 0.4198142857142857,
        "n_valid": 693206,
        "n_unique": 299255,
        "n_novel": 293870
    },
    "@750000": {
        "validity": 0.990276,
        "uniqueness": 0.42301466666666665,
        "novelty": 0.41553866666666667,
        "n_valid": 742707,
        "n_unique": 317261,
        "n_novel": 311654
    },
    "@800000": {
        "validity": 0.990285,
        "uniqueness": 0.41834375,
        "novelty": 0.41108125,
        "n_valid": 792228,
        "n_unique": 334675,
        "n_novel": 328865
    },
    "@850000": {
        "validity": 0.9903129411764706,
        "uniqueness": 0.4142341176470588,
        "novelty": 0.4071988235294118,
        "n_valid": 841766,
        "n_unique": 352099,
        "n_novel": 346119
    },
    "@900000": {
        "validity": 0.9903344444444444,
        "uniqueness": 0.4103011111111111,
        "novelty": 0.40346,
        "n_valid": 891301,
        "n_unique": 369271,
        "n_novel": 363114
    },
    "@950000": {
        "validity": 0.9903252631578947,
        "uniqueness": 0.40671894736842107,
        "novelty": 0.40006105263157893,
        "n_valid": 940809,
        "n_unique": 386383,
        "n_novel": 380058
    },
    "@1000000": {
        "validity": 0.990292,
        "uniqueness": 0.403203,
        "novelty": 0.396709,
        "n_valid": 990292,
        "n_unique": 403203,
        "n_novel": 396709
    }
}