{
    "@50000": {
        "validity": 0.99798,
        "uniqueness": 0.60556,
        "novelty": 0.56338,
        "n_valid": 49899,
        "n_unique": 30278,
        "n_novel": 28169
    },
    "@100000": {
        "validity": 0.99807,
        "uniqueness": 0.53813,
        "novelty": 0.50712,
        "n_valid": 99807,
        "n_unique": 53813,
        "n_novel": 50712
    },
    "@150000": {
        "validity": 0.99818,
        "uniqueness": 0.5007466666666667,
        "novelty": 0.47458666666666666,
        "n_valid": 149727,
        "n_unique": 75112,
        "n_novel": 71188
    },
    "@200000": {
        "validity": 0.998205,
        "uniqueness": 0.47299,
        "novelty": 0.44966,
        "n_valid": 199641,
        "n_unique": 94598,
        "n_novel": 89932
    },
    "@250000": {
        "validity": 0.998152,
        "uniqueness": 0.45194,
        "novelty": 0.430668,
        "n_valid": 249538,
        "n_unique": 112985,
        "n_novel": 107667
    },
    "@300000": {
        "validity": 0.9981866666666667,
        "uniqueness": 0.43494333333333335,
        "novelty": 0.4153366666666667,
        "n_valid": 299456,
        "n_unique": 130483,
        "n_novel": 124601
    },
    "@350000": {
        "validity": 0.9981942857142857,
        "uniqueness": 0.4213,
        "novelty": 0.4030657142857143,
        "n_valid": 349368,
        "n_unique": 147455,
        "n_novel": 141073
    },
    "@400000": {
        "validity": 0.99821,
        "uniqueness": 0.4098225,
        "novelty": 0.39281,
        "n_valid": 399284,
        "n_unique": 163929,
        "n_novel": 157124
    },
    "@450000": {
        "validity": 0.9982311111111111,
        "uniqueness": 0.39944,
        "novelty": 0.38338,
        "n_valid": 449204,
        "n_unique": 179748,
        "n_novel": 172521
    },
    "@500000": {
        "validity": 0.99822,
        "uniqueness": 0.39021,
        "novelty": 0.375064,
        "n_valid": 499110,
        "n_unique": 195105,
        "n_novel": 187532
    },
    "@550000": {
        "validity": 0.9982181818181818,
        "uniqueness": 0.3822690909090909,
        "novelty": 0.3678090909090909,
        "n_valid": 549020,
        "n_unique": 210248,
        "n_novel": 202295
    },
    "@600000": {
        "validity": 0.9981933333333334,
        "uniqueness": 0.37493166666666666,
        "novelty": 0.3611083333333333,
        "n_valid": 598916,
        "n_unique": 224959,
        "n_novel": 216665
    },
    "@650000": {
        "validity": 0.9981969230769231,
        "uniqueness": 0.3681276923076923,
        "novelty": 0.35495846153846156,
        "n_valid": 648828,
        "n_unique": 239283,
        "n_novel": 230723
    },
    "@700000": {
        "validity": 0.9981842857142857,
        "uniqueness": 0.36209142857142856,
        "novelty": 0.34942285714285715,
        "n_valid": 698729,
        "n_unique": 253464,
        "n_novel": 244596
    },
    "@750000": {
        "validity": 0.9981706666666667,
        "uniqueness": 0.356532,
        "novelty": 0.344284,
        "n_valid": 748628,
        "n_unique": 267399,
        "n_novel": 258213
    },
    "@800000": {
        "validity": 0.998175,
        "uniqueness": 0.35103375,
        "novelty": 0.33916625,
        "n_valid": 798540,
        "n_unique": 280827,
        "n_novel": 271333
    },
    "@850000": {
        "validity": 0.9981788235294118,
        "uniqueness": 0.3461929411764706,
        "novelty": 0.3346411764705882,
        "n_valid": 848452,
        "n_unique": 294264,
        "n_novel": 284445
    },
    "@900000": {
        "validity": 0.9981722222222222,
        "uniqueness": 0.3414888888888889,
        "novelty": 0.33033,
        "n_valid": 898355,
        "n_unique": 307340,
        "n_novel": 297297
    },
    "@950000": {
        "validity": 0.99818,
        "uniqueness": 0.3372778947368421,
        "novelty": 0.32641894736842103,
        "n_valid": 948271,
        "n_unique": 320414,
        "n_novel": 310098
    },
    "@1000000": {
        "validity": 0.998182,
        "uniqueness": 0.333109,
        "novelty": 0.322524,
        "n_valid": 998182,
        "n_unique": 333109,
        "n_novel": 322524
    }
}