{
    "@50000": {
        "validity": 0.89048,
        "uniqueness": 0.84762,
        "novelty": 0.82748,
        "n_valid": 44524,
        "n_unique": 42381,
        "n_novel": 41374
    },
    "@100000": {
        "validity": 0.89042,
        "uniqueness": 0.8303,
        "novelty": 0.81368,
        "n_valid": 89042,
        "n_unique": 83030,
        "n_novel": 81368
    },
    "@150000": {
        "validity": 0.8916466666666667,
        "uniqueness": 0.81866,
        "novelty": 0.8036866666666667,
        "n_valid": 133747,
        "n_unique": 122799,
        "n_novel": 120553
    },
    "@200000": {
        "validity": 0.89116,
        "uniqueness": 0.809235,
        "novelty": 0.7955,
        "n_valid": 178232,
        "n_unique": 161847,
        "n_novel": 159100
    },
    "@250000": {
        "validity": 0.890976,
        "uniqueness": 0.80168,
        "novelty": 0.789052,
        "n_valid": 222744,
        "n_unique": 200420,
        "n_novel": 197263
    },
    "@300000": {
        "validity": 0.8911633333333333,
        "uniqueness": 0.7951166666666667,
        "novelty": 0.78324,
        "n_valid": 267349,
        "n_unique": 238535,
        "n_novel": 234972
    },
    "@350000": {
        "validity": 0.8910628571428572,
        "uniqueness": 0.7894114285714285,
        "novelty": 0.7781857142857143,
        "n_valid": 311872,
        "n_unique": 276294,
        "n_novel": 272365
    },
    "@400000": {
        "validity": 0.891385,
        "uniqueness": 0.784705,
        "novelty": 0.774035,
        "n_valid": 356554,
        "n_unique": 313882,
        "n_novel": 309614
    },
    "@450000": {
        "validity": 0.8914311111111111,
        "uniqueness": 0.7798733333333333,
        "novelty": 0.7697222222222222,
        "n_valid": 401144,
        "n_unique": 350943,
        "n_novel": 346375
    },
    "@500000": {
        "validity": 0.891514,
        "uniqueness": 0.775852,
        "novelty": 0.766142,
        "n_valid": 445757,
        "n_unique": 387926,
        "n_novel": 383071
    },
    "@550000": {
        "validity": 0.8916636363636363,
        "uniqueness": 0.7719872727272727,
        "novelty": 0.7626127272727272,
        "n_valid": 490415,
        "n_unique": 424593,
        "n_novel": 419437
    },
    "@600000": {
        "validity": 0.891525,
        "uniqueness": 0.7682516666666667,
        "novelty": 0.7591583333333334,
        "n_valid": 534915,
        "n_unique": 460951,
        "n_novel": 455495
    },
    "@650000": {
        "validity": 0.8914738461538462,
        "uniqueness": 0.7649092307692308,
        "novelty": 0.7560861538461539,
        "n_valid": 579458,
        "n_unique": 497191,
        "n_novel": 491456
    },
    "@700000": {
        "validity": 0.8914728571428572,
        "uniqueness": 0.7619214285714285,
        "novelty": 0.7533228571428572,
        "n_valid": 624031,
        "n_unique": 533345,
        "n_novel": 527326
    },
    "@750000": {
        "validity": 0.89154,
        "uniqueness": 0.75908,
        "novelty": 0.7507106666666666,
        "n_valid": 668655,
        "n_unique": 569310,
        "n_novel": 563033
    },
    "@800000": {
        "validity": 0.89163,
        "uniqueness": 0.7563475,
        "novelty": 0.74820375,
        "n_valid": 713304,
        "n_unique": 605078,
        "n_novel": 598563
    },
    "@850000": {
        "validity": 0.8916988235294118,
        "uniqueness": 0.7539023529411765,
        "novelty": 0.7459329411764706,
        "n_valid": 757944,
        "n_unique": 640817,
        "n_novel": 634043
    },
    "@900000": {
        "validity": 0.8916911111111111,
        "uniqueness": 0.75129,
        "novelty": 0.7435244444444444,
        "n_valid": 802522,
        "n_unique": 676161,
        "n_novel": 669172
    },
    "@950000": {
        "validity": 0.8917705263157895,
        "uniqueness": 0.7489484210526316,
        "novelty": 0.7413621052631579,
        "n_valid": 847182,
        "n_unique": 711501,
        "n_novel": 704294
    },
    "@1000000": {
        "validity": 0.891728,
        "uniqueness": 0.746627,
        "novelty": 0.739211,
        "n_valid": 891728,
        "n_unique": 746627,
        "n_novel": 739211
    }
}