{
    "@50000": {
        "validity": 0.9902,
        "uniqueness": 0.89802,
        "novelty": 0.84444,
        "n_valid": 49510,
        "n_unique": 44901,
        "n_novel": 42222
    },
    "@100000": {
        "validity": 0.99013,
        "uniqueness": 0.85983,
        "novelty": 0.81635,
        "n_valid": 99013,
        "n_unique": 85983,
        "n_novel": 81635
    },
    "@150000": {
        "validity": 0.9898466666666667,
        "uniqueness": 0.83356,
        "novelty": 0.7947466666666667,
        "n_valid": 148477,
        "n_unique": 125034,
        "n_novel": 119212
    },
    "@200000": {
        "validity": 0.98966,
        "uniqueness": 0.81356,
        "novelty": 0.77846,
        "n_valid": 197932,
        "n_unique": 162712,
        "n_novel": 155692
    },
    "@250000": {
        "validity": 0.989652,
        "uniqueness": 0.796988,
        "novelty": 0.765008,
        "n_valid": 247413,
        "n_unique": 199247,
        "n_novel": 191252
    },
    "@300000": {
        "validity": 0.98968,
        "uniqueness": 0.7830366666666667,
        "novelty": 0.75336,
        "n_valid": 296904,
        "n_unique": 234911,
        "n_novel": 226008
    },
    "@350000": {
        "validity": 0.98972,
        "uniqueness": 0.7702142857142857,
        "novelty": 0.7423142857142857,
        "n_valid": 346402,
        "n_unique": 269575,
        "n_novel": 259810
    },
    "@400000": {
        "validity": 0.9896425,
        "uniqueness": 0.7595225,
        "novelty": 0.7331125,
        "n_valid": 395857,
        "n_unique": 303809,
        "n_novel": 293245
    },
    "@450000": {
        "validity": 0.9896222222222222,
        "uniqueness": 0.7492288888888889,
        "novelty": 0.72412,
        "n_valid": 445330,
        "n_unique": 337153,
        "n_novel": 325854
    },
    "@500000": {
        "validity": 0.989692,
        "uniqueness": 0.740362,
        "novelty": 0.716454,
        "n_valid": 494846,
        "n_unique": 370181,
        "n_novel": 358227
    },
    "@550000": {
        "validity": 0.9897327272727273,
        "uniqueness": 0.7321763636363636,
        "novelty": 0.7093163636363636,
        "n_valid": 544353,
        "n_unique": 402697,
        "n_novel": 390124
    },
    "@600000": {
        "validity": 0.9897316666666667,
        "uniqueness": 0.7246866666666667,
        "novelty": 0.7027516666666667,
        "n_valid": 593839,
        "n_unique": 434812,
        "n_novel": 421651
    },
    "@650000": {
        "validity": 0.989743076923077,
        "uniqueness": 0.7178430769230769,
        "novelty": 0.6967138461538461,
        "n_valid": 643333,
        "n_unique": 466598,
        "n_novel": 452864
    },
    "@700000": {
        "validity": 0.9898142857142858,
        "uniqueness": 0.7115657142857142,
        "novelty": 0.69117,
        "n_valid": 692870,
        "n_unique": 498096,
        "n_novel": 483819
    },
    "@750000": {
        "validity": 0.989812,
        "uniqueness": 0.7053293333333334,
        "novelty": 0.6855786666666667,
        "n_valid": 742359,
        "n_unique": 528997,
        "n_novel": 514184
    },
    "@800000": {
        "validity": 0.9897875,
        "uniqueness": 0.6996525,
        "novelty": 0.6805475,
        "n_valid": 791830,
        "n_unique": 559722,
        "n_novel": 544438
    },
    "@850000": {
        "validity": 0.9897776470588235,
        "uniqueness": 0.6941941176470589,
        "novelty": 0.6756376470588236,
        "n_valid": 841311,
        "n_unique": 590065,
        "n_novel": 574292
    },
    "@900000": {
        "validity": 0.98979,
        "uniqueness": 0.6888588888888889,
        "novelty": 0.6708722222222222,
        "n_valid": 890811,
        "n_unique": 619973,
        "n_novel": 603785
    },
    "@950000": {
        "validity": 0.9898010526315789,
        "uniqueness": 0.6839768421052631,
        "novelty": 0.6664747368421052,
        "n_valid": 940311,
        "n_unique": 649778,
        "n_novel": 633151
    },
    "@1000000": {
        "validity": 0.989787,
        "uniqueness": 0.679308,
        "novelty": 0.66222,
        "n_valid": 989787,
        "n_unique": 679308,
        "n_novel": 662220
    }
}