{
    "@50000": {
        "validity": 0.8253,
        "uniqueness": 0.79846,
        "novelty": 0.79018,
        "n_valid": 41265,
        "n_unique": 39923,
        "n_novel": 39509
    },
    "@100000": {
        "validity": 0.82508,
        "uniqueness": 0.78815,
        "novelty": 0.78068,
        "n_valid": 82508,
        "n_unique": 78815,
        "n_novel": 78068
    },
    "@150000": {
        "validity": 0.82428,
        "uniqueness": 0.7804533333333333,
        "novelty": 0.7736733333333333,
        "n_valid": 123642,
        "n_unique": 117068,
        "n_novel": 116051
    },
    "@200000": {
        "validity": 0.824085,
        "uniqueness": 0.77497,
        "novelty": 0.76869,
        "n_valid": 164817,
        "n_unique": 154994,
        "n_novel": 153738
    },
    "@250000": {
        "validity": 0.8243,
        "uniqueness": 0.770584,
        "novelty": 0.764788,
        "n_valid": 206075,
        "n_unique": 192646,
        "n_novel": 191197
    },
    "@300000": {
        "validity": 0.8245933333333333,
        "uniqueness": 0.7671233333333334,
        "novelty": 0.7616033333333333,
        "n_valid": 247378,
        "n_unique": 230137,
        "n_novel": 228481
    },
    "@350000": {
        "validity": 0.8242971428571428,
        "uniqueness": 0.7636085714285714,
        "novelty": 0.7582885714285714,
        "n_valid": 288504,
        "n_unique": 267263,
        "n_novel": 265401
    },
    "@400000": {
        "validity": 0.82504,
        "uniqueness": 0.761155,
        "novelty": 0.75601,
        "n_valid": 330016,
        "n_unique": 304462,
        "n_novel": 302404
    },
    "@450000": {
        "validity": 0.8252222222222222,
        "uniqueness": 0.7583666666666666,
        "novelty": 0.7534488888888888,
        "n_valid": 371350,
        "n_unique": 341265,
        "n_novel": 339052
    },
    "@500000": {
        "validity": 0.825402,
        "uniqueness": 0.755742,
        "novelty": 0.751008,
        "n_valid": 412701,
        "n_unique": 377871,
        "n_novel": 375504
    },
    "@550000": {
        "validity": 0.8254418181818182,
        "uniqueness": 0.7533527272727273,
        "novelty": 0.7487436363636364,
        "n_valid": 453993,
        "n_unique": 414344,
        "n_novel": 411809
    },
    "@600000": {
        "validity": 0.8255,
        "uniqueness": 0.7511916666666667,
        "novelty": 0.7467216666666666,
        "n_valid": 495300,
        "n_unique": 450715,
        "n_novel": 448033
    },
    "@650000": {
        "validity": 0.8255969230769231,
        "uniqueness": 0.7491430769230769,
        "novelty": 0.7447707692307692,
        "n_valid": 536638,
        "n_unique": 486943,
        "n_novel": 484101
    },
    "@700000": {
        "validity": 0.8255428571428571,
        "uniqueness": 0.7471514285714286,
        "novelty": 0.74287,
        "n_valid": 577880,
        "n_unique": 523006,
        "n_novel": 520009
    },
    "@750000": {
        "validity": 0.8254213333333333,
        "uniqueness": 0.7451213333333333,
        "novelty": 0.7409266666666666,
        "n_valid": 619066,
        "n_unique": 558841,
        "n_novel": 555695
    },
    "@800000": {
        "validity": 0.825495,
        "uniqueness": 0.743425,
        "novelty": 0.73933,
        "n_valid": 660396,
        "n_unique": 594740,
        "n_novel": 591464
    },
    "@850000": {
        "validity": 0.82536,
        "uniqueness": 0.7416129411764706,
        "novelty": 0.7376058823529412,
        "n_valid": 701556,
        "n_unique": 630371,
        "n_novel": 626965
    },
    "@900000": {
        "validity": 0.8253866666666667,
        "uniqueness": 0.7401077777777778,
        "novelty": 0.7361822222222222,
        "n_valid": 742848,
        "n_unique": 666097,
        "n_novel": 662564
    },
    "@950000": {
        "validity": 0.8253484210526316,
        "uniqueness": 0.738501052631579,
        "novelty": 0.7346357894736842,
        "n_valid": 784081,
        "n_unique": 701576,
        "n_novel": 697904
    },
    "@1000000": {
        "validity": 0.825373,
        "uniqueness": 0.737039,
        "novelty": 0.73327,
        "n_valid": 825373,
        "n_unique": 737039,
        "n_novel": 733270
    }
}