{
    "@50000": {
        "validity": 0.98704,
        "uniqueness": 0.62646,
        "novelty": 0.6009,
        "n_valid": 49352,
        "n_unique": 31323,
        "n_novel": 30045
    },
    "@100000": {
        "validity": 0.98689,
        "uniqueness": 0.57739,
        "novelty": 0.5571,
        "n_valid": 98689,
        "n_unique": 57739,
        "n_novel": 55710
    },
    "@150000": {
        "validity": 0.9867533333333334,
        "uniqueness": 0.5481733333333333,
        "novelty": 0.5305866666666667,
        "n_valid": 148013,
        "n_unique": 82226,
        "n_novel": 79588
    },
    "@200000": {
        "validity": 0.98674,
        "uniqueness": 0.52849,
        "novelty": 0.512635,
        "n_valid": 197348,
        "n_unique": 105698,
        "n_novel": 102527
    },
    "@250000": {
        "validity": 0.986636,
        "uniqueness": 0.512876,
        "novelty": 0.498236,
        "n_valid": 246659,
        "n_unique": 128219,
        "n_novel": 124559
    },
    "@300000": {
        "validity": 0.9866833333333334,
        "uniqueness": 0.50006,
        "novelty": 0.4863866666666667,
        "n_valid": 296005,
        "n_unique": 150018,
        "n_novel": 145916
    },
    "@350000": {
        "validity": 0.9866542857142857,
        "uniqueness": 0.48953142857142856,
        "novelty": 0.47668,
        "n_valid": 345329,
        "n_unique": 171336,
        "n_novel": 166838
    },
    "@400000": {
        "validity": 0.9866525,
        "uniqueness": 0.480395,
        "novelty": 0.4681925,
        "n_valid": 394661,
        "n_unique": 192158,
        "n_novel": 187277
    },
    "@450000": {
        "validity": 0.9867444444444444,
        "uniqueness": 0.4722355555555556,
        "novelty": 0.46067555555555556,
        "n_valid": 444035,
        "n_unique": 212506,
        "n_novel": 207304
    },
    "@500000": {
        "validity": 0.986848,
        "uniqueness": 0.46474,
        "novelty": 0.453646,
        "n_valid": 493424,
        "n_unique": 232370,
        "n_novel": 226823
    },
    "@550000": {
        "validity": 0.9867672727272727,
        "uniqueness": 0.45841272727272725,
        "novelty": 0.44773454545454544,
        "n_valid": 542722,
        "n_unique": 252127,
        "n_novel": 246254
    },
    "@600000": {
        "validity": 0.9867883333333334,
        "uniqueness": 0.45273833333333335,
        "novelty": 0.442495,
        "n_valid": 592073,
        "n_unique": 271643,
        "n_novel": 265497
    },
    "@650000": {
        "validity": 0.9867846153846154,
        "uniqueness": 0.4474169230769231,
        "novelty": 0.43748461538461536,
        "n_valid": 641410,
        "n_unique": 290821,
        "n_novel": 284365
    },
    "@700000": {
        "validity": 0.9867442857142857,
        "uniqueness": 0.44251,
        "novelty": 0.4328342857142857,
        "n_valid": 690721,
        "n_unique": 309757,
        "n_novel": 302984
    },
    "@750000": {
        "validity": 0.9866546666666667,
        "uniqueness": 0.4377066666666667,
        "novelty": 0.4282493333333333,
        "n_valid": 739991,
        "n_unique": 328280,
        "n_novel": 321187
    },
    "@800000": {
        "validity": 0.98662625,
        "uniqueness": 0.43337625,
        "novelty": 0.42415,
        "n_valid": 789301,
        "n_unique": 346701,
        "n_novel": 339320
    },
    "@850000": {
        "validity": 0.98664,
        "uniqueness": 0.4295564705882353,
        "novelty": 0.4205552941176471,
        "n_valid": 838644,
        "n_unique": 365123,
        "n_novel": 357472
    },
    "@900000": {
        "validity": 0.9866588888888889,
        "uniqueness": 0.42576555555555556,
        "novelty": 0.4169711111111111,
        "n_valid": 887993,
        "n_unique": 383189,
        "n_novel": 375274
    },
    "@950000": {
        "validity": 0.9865715789473685,
        "uniqueness": 0.4221863157894737,
        "novelty": 0.4135463157894737,
        "n_valid": 937243,
        "n_unique": 401077,
        "n_novel": 392869
    },
    "@1000000": {
        "validity": 0.98661,
        "uniqueness": 0.418999,
        "novelty": 0.410554,
        "n_valid": 986610,
        "n_unique": 418999,
        "n_novel": 410554
    }
}