{
    "@50000": {
        "validity": 0.9421,
        "uniqueness": 0.0546,
        "novelty": 0.05336,
        "n_valid": 47105,
        "n_unique": 2730,
        "n_novel": 2668
    },
    "@100000": {
        "validity": 0.94341,
        "uniqueness": 0.03875,
        "novelty": 0.03811,
        "n_valid": 94341,
        "n_unique": 3875,
        "n_novel": 3811
    },
    "@150000": {
        "validity": 0.9440666666666667,
        "uniqueness": 0.03132,
        "novelty": 0.03089333333333333,
        "n_valid": 141610,
        "n_unique": 4698,
        "n_novel": 4634
    },
    "@200000": {
        "validity": 0.9445,
        "uniqueness": 0.02687,
        "novelty": 0.02655,
        "n_valid": 188900,
        "n_unique": 5374,
        "n_novel": 5310
    },
    "@250000": {
        "validity": 0.94466,
        "uniqueness": 0.023792,
        "novelty": 0.023536,
        "n_valid": 236165,
        "n_unique": 5948,
        "n_novel": 5884
    },
    "@300000": {
        "validity": 0.9447233333333334,
        "uniqueness": 0.02145,
        "novelty": 0.021236666666666668,
        "n_valid": 283417,
        "n_unique": 6435,
        "n_novel": 6371
    },
    "@350000": {
        "validity": 0.9448857142857143,
        "uniqueness": 0.019694285714285713,
        "novelty": 0.019511428571428572,
        "n_valid": 330710,
        "n_unique": 6893,
        "n_novel": 6829
    },
    "@400000": {
        "validity": 0.94474,
        "uniqueness": 0.018325,
        "novelty": 0.018165,
        "n_valid": 377896,
        "n_unique": 7330,
        "n_novel": 7266
    },
    "@450000": {
        "validity": 0.9448288888888889,
        "uniqueness": 0.01714888888888889,
        "novelty": 0.017006666666666666,
        "n_valid": 425173,
        "n_unique": 7717,
        "n_novel": 7653
    },
    "@500000": {
        "validity": 0.944906,
        "uniqueness": 0.01612,
        "novelty": 0.015992,
        "n_valid": 472453,
        "n_unique": 8060,
        "n_novel": 7996
    },
    "@550000": {
        "validity": 0.9449254545454545,
        "uniqueness": 0.01532,
        "novelty": 0.015203636363636364,
        "n_valid": 519709,
        "n_unique": 8426,
        "n_novel": 8362
    },
    "@600000": {
        "validity": 0.9447466666666666,
        "uniqueness": 0.014543333333333333,
        "novelty": 0.014436666666666667,
        "n_valid": 566848,
        "n_unique": 8726,
        "n_novel": 8662
    },
    "@650000": {
        "validity": 0.9448292307692308,
        "uniqueness": 0.01389076923076923,
        "novelty": 0.013792307692307692,
        "n_valid": 614139,
        "n_unique": 9029,
        "n_novel": 8965
    },
    "@700000": {
        "validity": 0.9447628571428571,
        "uniqueness": 0.013362857142857143,
        "novelty": 0.013271428571428571,
        "n_valid": 661334,
        "n_unique": 9354,
        "n_novel": 9290
    },
    "@750000": {
        "validity": 0.9446853333333334,
        "uniqueness": 0.012832,
        "novelty": 0.012746666666666667,
        "n_valid": 708514,
        "n_unique": 9624,
        "n_novel": 9560
    },
    "@800000": {
        "validity": 0.94482,
        "uniqueness": 0.0123875,
        "novelty": 0.0123075,
        "n_valid": 755856,
        "n_unique": 9910,
        "n_novel": 9846
    },
    "@850000": {
        "validity": 0.9447658823529411,
        "uniqueness": 0.011956470588235294,
        "novelty": 0.011881176470588235,
        "n_valid": 803051,
        "n_unique": 10163,
        "n_novel": 10099
    },
    "@900000": {
        "validity": 0.9447888888888889,
        "uniqueness": 0.011568888888888889,
        "novelty": 0.011497777777777779,
        "n_valid": 850310,
        "n_unique": 10412,
        "n_novel": 10348
    },
    "@950000": {
        "validity": 0.9448326315789474,
        "uniqueness": 0.011217894736842106,
        "novelty": 0.011150526315789474,
        "n_valid": 897591,
        "n_unique": 10657,
        "n_novel": 10593
    },
    "@1000000": {
        "validity": 0.944761,
        "uniqueness": 0.010875,
        "novelty": 0.010811,
        "n_valid": 944761,
        "n_unique": 10875,
        "n_novel": 10811
    }
}