{
    "@50000": {
        "validity": 0.99548,
        "uniqueness": 0.00188,
        "novelty": 0.00182,
        "n_valid": 49774,
        "n_unique": 94,
        "n_novel": 91
    },
    "@100000": {
        "validity": 0.99568,
        "uniqueness": 0.00101,
        "novelty": 0.00098,
        "n_valid": 99568,
        "n_unique": 101,
        "n_novel": 98
    },
    "@150000": {
        "validity": 0.9956266666666667,
        "uniqueness": 0.00068,
        "novelty": 0.00066,
        "n_valid": 149344,
        "n_unique": 102,
        "n_novel": 99
    },
    "@200000": {
        "validity": 0.99555,
        "uniqueness": 0.000515,
        "novelty": 0.0005,
        "n_valid": 199110,
        "n_unique": 103,
        "n_novel": 100
    },
    "@250000": {
        "validity": 0.995552,
        "uniqueness": 0.000412,
        "novelty": 0.0004,
        "n_valid": 248888,
        "n_unique": 103,
        "n_novel": 100
    },
    "@300000": {
        "validity": 0.9956533333333333,
        "uniqueness": 0.00034333333333333335,
        "novelty": 0.0003333333333333333,
        "n_valid": 298696,
        "n_unique": 103,
        "n_novel": 100
    },
    "@350000": {
        "validity": 0.9955914285714286,
        "uniqueness": 0.00029428571428571427,
        "novelty": 0.00028571428571428574,
        "n_valid": 348457,
        "n_unique": 103,
        "n_novel": 100
    },
    "@400000": {
        "validity": 0.9956125,
        "uniqueness": 0.00026,
        "novelty": 0.0002525,
        "n_valid": 398245,
        "n_unique": 104,
        "n_novel": 101
    },
    "@450000": {
        "validity": 0.9956311111111111,
        "uniqueness": 0.0002311111111111111,
        "novelty": 0.00022444444444444446,
        "n_valid": 448034,
        "n_unique": 104,
        "n_novel": 101
    },
    "@500000": {
        "validity": 0.995622,
        "uniqueness": 0.000208,
        "novelty": 0.000202,
        "n_valid": 497811,
        "n_unique": 104,
        "n_novel": 101
    },
    "@550000": {
        "validity": 0.9956072727272727,
        "uniqueness": 0.0001890909090909091,
        "novelty": 0.00018363636363636363,
        "n_valid": 547584,
        "n_unique": 104,
        "n_novel": 101
    },
    "@600000": {
        "validity": 0.9956016666666667,
        "uniqueness": 0.00017333333333333334,
        "novelty": 0.00016833333333333332,
        "n_valid": 597361,
        "n_unique": 104,
        "n_novel": 101
    },
    "@650000": {
        "validity": 0.9956169230769231,
        "uniqueness": 0.00016,
        "novelty": 0.0001553846153846154,
        "n_valid": 647151,
        "n_unique": 104,
        "n_novel": 101
    },
    "@700000": {
        "validity": 0.99559,
        "uniqueness": 0.00014857142857142857,
        "novelty": 0.00014428571428571428,
        "n_valid": 696913,
        "n_unique": 104,
        "n_novel": 101
    },
    "@750000": {
        "validity": 0.9956093333333333,
        "uniqueness": 0.00013866666666666666,
        "novelty": 0.00013466666666666667,
        "n_valid": 746707,
        "n_unique": 104,
        "n_novel": 101
    },
    "@800000": {
        "validity": 0.9956175,
        "uniqueness": 0.00013,
        "novelty": 0.00012625,
        "n_valid": 796494,
        "n_unique": 104,
        "n_novel": 101
    },
    "@850000": {
        "validity": 0.9956070588235294,
        "uniqueness": 0.00012235294117647058,
        "novelty": 0.00011882352941176471,
        "n_valid": 846266,
        "n_unique": 104,
        "n_novel": 101
    },
    "@900000": {
        "validity": 0.9955944444444444,
        "uniqueness": 0.00011555555555555555,
        "novelty": 0.00011222222222222223,
        "n_valid": 896035,
        "n_unique": 104,
        "n_novel": 101
    },
    "@950000": {
        "validity": 0.9955957894736842,
        "uniqueness": 0.00010947368421052632,
        "novelty": 0.00010631578947368421,
        "n_valid": 945816,
        "n_unique": 104,
        "n_novel": 101
    },
    "@1000000": {
        "validity": 0.995599,
        "uniqueness": 0.000104,
        "novelty": 0.000101,
        "n_valid": 995599,
        "n_unique": 104,
        "n_novel": 101
    }
}