{
    "@50000": {
        "validity": 0.9035,
        "uniqueness": 0.89202,
        "novelty": 0.87938,
        "n_valid": 45175,
        "n_unique": 44601,
        "n_novel": 43969
    },
    "@100000": {
        "validity": 0.90185,
        "uniqueness": 0.88559,
        "novelty": 0.87401,
        "n_valid": 90185,
        "n_unique": 88559,
        "n_novel": 87401
    },
    "@150000": {
        "validity": 0.9018066666666666,
        "uniqueness": 0.88164,
        "novelty": 0.8708533333333334,
        "n_valid": 135271,
        "n_unique": 132246,
        "n_novel": 130628
    },
    "@200000": {
        "validity": 0.90166,
        "uniqueness": 0.878825,
        "novelty": 0.868505,
        "n_valid": 180332,
        "n_unique": 175765,
        "n_novel": 173701
    },
    "@250000": {
        "validity": 0.902052,
        "uniqueness": 0.876588,
        "novelty": 0.866676,
        "n_valid": 225513,
        "n_unique": 219147,
        "n_novel": 216669
    },
    "@300000": {
        "validity": 0.9019633333333333,
        "uniqueness": 0.8738666666666667,
        "novelty": 0.8641833333333333,
        "n_valid": 270589,
        "n_unique": 262160,
        "n_novel": 259255
    },
    "@350000": {
        "validity": 0.9021085714285715,
        "uniqueness": 0.8722971428571429,
        "novelty": 0.8630228571428571,
        "n_valid": 315738,
        "n_unique": 305304,
        "n_novel": 302058
    },
    "@400000": {
        "validity": 0.9023725,
        "uniqueness": 0.87057,
        "novelty": 0.86152,
        "n_valid": 360949,
        "n_unique": 348228,
        "n_novel": 344608
    },
    "@450000": {
        "validity": 0.9024066666666667,
        "uniqueness": 0.8686555555555555,
        "novelty": 0.8598933333333333,
        "n_valid": 406083,
        "n_unique": 390895,
        "n_novel": 386952
    },
    "@500000": {
        "validity": 0.902424,
        "uniqueness": 0.866992,
        "novelty": 0.858416,
        "n_valid": 451212,
        "n_unique": 433496,
        "n_novel": 429208
    },
    "@550000": {
        "validity": 0.9023981818181818,
        "uniqueness": 0.86552,
        "novelty": 0.8571181818181818,
        "n_valid": 496319,
        "n_unique": 476036,
        "n_novel": 471415
    },
    "@600000": {
        "validity": 0.9022966666666666,
        "uniqueness": 0.86392,
        "novelty": 0.855695,
        "n_valid": 541378,
        "n_unique": 518352,
        "n_novel": 513417
    },
    "@650000": {
        "validity": 0.9021723076923077,
        "uniqueness": 0.86246,
        "novelty": 0.8544323076923077,
        "n_valid": 586412,
        "n_unique": 560599,
        "n_novel": 555381
    },
    "@700000": {
        "validity": 0.9020985714285714,
        "uniqueness": 0.8610671428571428,
        "novelty": 0.8532185714285714,
        "n_valid": 631469,
        "n_unique": 602747,
        "n_novel": 597253
    },
    "@750000": {
        "validity": 0.9020946666666667,
        "uniqueness": 0.8599253333333333,
        "novelty": 0.852152,
        "n_valid": 676571,
        "n_unique": 644944,
        "n_novel": 639114
    },
    "@800000": {
        "validity": 0.90207375,
        "uniqueness": 0.85873125,
        "novelty": 0.85105375,
        "n_valid": 721659,
        "n_unique": 686985,
        "n_novel": 680843
    },
    "@850000": {
        "validity": 0.9019141176470589,
        "uniqueness": 0.8575729411764705,
        "novelty": 0.8500082352941176,
        "n_valid": 766627,
        "n_unique": 728937,
        "n_novel": 722507
    },
    "@900000": {
        "validity": 0.9018833333333334,
        "uniqueness": 0.8564566666666666,
        "novelty": 0.8490455555555556,
        "n_valid": 811695,
        "n_unique": 770811,
        "n_novel": 764141
    },
    "@950000": {
        "validity": 0.9017642105263158,
        "uniqueness": 0.8553747368421053,
        "novelty": 0.8480736842105263,
        "n_valid": 856676,
        "n_unique": 812606,
        "n_novel": 805670
    },
    "@1000000": {
        "validity": 0.901721,
        "uniqueness": 0.854386,
        "novelty": 0.847186,
        "n_valid": 901721,
        "n_unique": 854386,
        "n_novel": 847186
    }
}