{
    "@50000": {
        "validity": 0.8626,
        "uniqueness": 0.85068,
        "novelty": 0.84494,
        "n_valid": 43130,
        "n_unique": 42534,
        "n_novel": 42247
    },
    "@100000": {
        "validity": 0.86159,
        "uniqueness": 0.84298,
        "novelty": 0.83746,
        "n_valid": 86159,
        "n_unique": 84298,
        "n_novel": 83746
    },
    "@150000": {
        "validity": 0.8619733333333334,
        "uniqueness": 0.8390466666666667,
        "novelty": 0.83398,
        "n_valid": 129296,
        "n_unique": 125857,
        "n_novel": 125097
    },
    "@200000": {
        "validity": 0.861665,
        "uniqueness": 0.835135,
        "novelty": 0.83029,
        "n_valid": 172333,
        "n_unique": 167027,
        "n_novel": 166058
    },
    "@250000": {
        "validity": 0.861752,
        "uniqueness": 0.832008,
        "novelty": 0.827352,
        "n_valid": 215438,
        "n_unique": 208002,
        "n_novel": 206838
    },
    "@300000": {
        "validity": 0.86193,
        "uniqueness": 0.8296633333333333,
        "novelty": 0.8251533333333333,
        "n_valid": 258579,
        "n_unique": 248899,
        "n_novel": 247546
    },
    "@350000": {
        "validity": 0.8622571428571428,
        "uniqueness": 0.82758,
        "novelty": 0.8232628571428572,
        "n_valid": 301790,
        "n_unique": 289653,
        "n_novel": 288142
    },
    "@400000": {
        "validity": 0.862345,
        "uniqueness": 0.8251675,
        "novelty": 0.820945,
        "n_valid": 344938,
        "n_unique": 330067,
        "n_novel": 328378
    },
    "@450000": {
        "validity": 0.8624488888888889,
        "uniqueness": 0.8233133333333333,
        "novelty": 0.8192133333333333,
        "n_valid": 388102,
        "n_unique": 370491,
        "n_novel": 368646
    },
    "@500000": {
        "validity": 0.862556,
        "uniqueness": 0.821486,
        "novelty": 0.81747,
        "n_valid": 431278,
        "n_unique": 410743,
        "n_novel": 408735
    },
    "@550000": {
        "validity": 0.8624927272727273,
        "uniqueness": 0.8196472727272728,
        "novelty": 0.8157345454545455,
        "n_valid": 474371,
        "n_unique": 450806,
        "n_novel": 448654
    },
    "@600000": {
        "validity": 0.8625533333333333,
        "uniqueness": 0.8180883333333333,
        "novelty": 0.8142816666666667,
        "n_valid": 517532,
        "n_unique": 490853,
        "n_novel": 488569
    },
    "@650000": {
        "validity": 0.8624184615384616,
        "uniqueness": 0.8163815384615385,
        "novelty": 0.8126692307692308,
        "n_valid": 560572,
        "n_unique": 530648,
        "n_novel": 528235
    },
    "@700000": {
        "validity": 0.86227,
        "uniqueness": 0.8147471428571429,
        "novelty": 0.8111157142857143,
        "n_valid": 603589,
        "n_unique": 570323,
        "n_novel": 567781
    },
    "@750000": {
        "validity": 0.8624266666666667,
        "uniqueness": 0.8134386666666666,
        "novelty": 0.80988,
        "n_valid": 646820,
        "n_unique": 610079,
        "n_novel": 607410
    },
    "@800000": {
        "validity": 0.8624,
        "uniqueness": 0.81203625,
        "novelty": 0.80852625,
        "n_valid": 689920,
        "n_unique": 649629,
        "n_novel": 646821
    },
    "@850000": {
        "validity": 0.8625870588235294,
        "uniqueness": 0.8109058823529411,
        "novelty": 0.807435294117647,
        "n_valid": 733199,
        "n_unique": 689270,
        "n_novel": 686320
    },
    "@900000": {
        "validity": 0.86269,
        "uniqueness": 0.8097277777777778,
        "novelty": 0.8063,
        "n_valid": 776421,
        "n_unique": 728755,
        "n_novel": 725670
    },
    "@950000": {
        "validity": 0.8626389473684211,
        "uniqueness": 0.8085115789473685,
        "novelty": 0.805137894736842,
        "n_valid": 819507,
        "n_unique": 768086,
        "n_novel": 764881
    },
    "@1000000": {
        "validity": 0.862768,
        "uniqueness": 0.80744,
        "novelty": 0.80413,
        "n_valid": 862768,
        "n_unique": 807440,
        "n_novel": 804130
    }
}