{
    "@50000": {
        "validity": 0.67138,
        "uniqueness": 0.66986,
        "novelty": 0.66762,
        "n_valid": 33569,
        "n_unique": 33493,
        "n_novel": 33381
    },
    "@100000": {
        "validity": 0.66865,
        "uniqueness": 0.66647,
        "novelty": 0.66436,
        "n_valid": 66865,
        "n_unique": 66647,
        "n_novel": 66436
    },
    "@150000": {
        "validity": 0.6690066666666666,
        "uniqueness": 0.6663266666666666,
        "novelty": 0.6641533333333334,
        "n_valid": 100351,
        "n_unique": 99949,
        "n_novel": 99623
    },
    "@200000": {
        "validity": 0.669125,
        "uniqueness": 0.666075,
        "novelty": 0.66399,
        "n_valid": 133825,
        "n_unique": 133215,
        "n_novel": 132798
    },
    "@250000": {
        "validity": 0.669808,
        "uniqueness": 0.66642,
        "novelty": 0.664332,
        "n_valid": 167452,
        "n_unique": 166605,
        "n_novel": 166083
    },
    "@300000": {
        "validity": 0.6698233333333333,
        "uniqueness": 0.6660266666666667,
        "novelty": 0.6639833333333334,
        "n_valid": 200947,
        "n_unique": 199808,
        "n_novel": 199195
    },
    "@350000": {
        "validity": 0.6696657142857143,
        "uniqueness": 0.6655685714285714,
        "novelty": 0.6635342857142857,
        "n_valid": 234383,
        "n_unique": 232949,
        "n_novel": 232237
    },
    "@400000": {
        "validity": 0.6701125,
        "uniqueness": 0.66575,
        "novelty": 0.66371,
        "n_valid": 268045,
        "n_unique": 266300,
        "n_novel": 265484
    },
    "@450000": {
        "validity": 0.6700266666666667,
        "uniqueness": 0.6653755555555556,
        "novelty": 0.66334,
        "n_valid": 301512,
        "n_unique": 299419,
        "n_novel": 298503
    },
    "@500000": {
        "validity": 0.670052,
        "uniqueness": 0.665176,
        "novelty": 0.663156,
        "n_valid": 335026,
        "n_unique": 332588,
        "n_novel": 331578
    },
    "@550000": {
        "validity": 0.6701981818181818,
        "uniqueness": 0.6650472727272727,
        "novelty": 0.6630309090909091,
        "n_valid": 368609,
        "n_unique": 365776,
        "n_novel": 364667
    },
    "@600000": {
        "validity": 0.669895,
        "uniqueness": 0.6645483333333333,
        "novelty": 0.66255,
        "n_valid": 401937,
        "n_unique": 398729,
        "n_novel": 397530
    },
    "@650000": {
        "validity": 0.6702846153846154,
        "uniqueness": 0.6647384615384615,
        "novelty": 0.6627661538461539,
        "n_valid": 435685,
        "n_unique": 432080,
        "n_novel": 430798
    },
    "@700000": {
        "validity": 0.6704057142857143,
        "uniqueness": 0.6646257142857143,
        "novelty": 0.6626457142857143,
        "n_valid": 469284,
        "n_unique": 465238,
        "n_novel": 463852
    },
    "@750000": {
        "validity": 0.6702493333333334,
        "uniqueness": 0.6643226666666666,
        "novelty": 0.6623586666666667,
        "n_valid": 502687,
        "n_unique": 498242,
        "n_novel": 496769
    },
    "@800000": {
        "validity": 0.67024125,
        "uniqueness": 0.66411375,
        "novelty": 0.66218125,
        "n_valid": 536193,
        "n_unique": 531291,
        "n_novel": 529745
    },
    "@850000": {
        "validity": 0.6702129411764706,
        "uniqueness": 0.6639905882352941,
        "novelty": 0.6620647058823529,
        "n_valid": 569681,
        "n_unique": 564392,
        "n_novel": 562755
    },
    "@900000": {
        "validity": 0.6702011111111111,
        "uniqueness": 0.66383,
        "novelty": 0.6619211111111111,
        "n_valid": 603181,
        "n_unique": 597447,
        "n_novel": 595729
    },
    "@950000": {
        "validity": 0.6700242105263158,
        "uniqueness": 0.6635052631578947,
        "novelty": 0.6616231578947368,
        "n_valid": 636523,
        "n_unique": 630330,
        "n_novel": 628542
    },
    "@1000000": {
        "validity": 0.669952,
        "uniqueness": 0.663272,
        "novelty": 0.661419,
        "n_valid": 669952,
        "n_unique": 663272,
        "n_novel": 661419
    }
}