{
    "@50000": {
        "validity": 0.8917,
        "uniqueness": 0.59106,
        "novelty": 0.58074,
        "n_valid": 44585,
        "n_unique": 29553,
        "n_novel": 29037
    },
    "@100000": {
        "validity": 0.89084,
        "uniqueness": 0.54848,
        "novelty": 0.5414,
        "n_valid": 89084,
        "n_unique": 54848,
        "n_novel": 54140
    },
    "@150000": {
        "validity": 0.891,
        "uniqueness": 0.52364,
        "novelty": 0.51792,
        "n_valid": 133650,
        "n_unique": 78546,
        "n_novel": 77688
    },
    "@200000": {
        "validity": 0.890645,
        "uniqueness": 0.505815,
        "novelty": 0.50093,
        "n_valid": 178129,
        "n_unique": 101163,
        "n_novel": 100186
    },
    "@250000": {
        "validity": 0.890572,
        "uniqueness": 0.492096,
        "novelty": 0.487804,
        "n_valid": 222643,
        "n_unique": 123024,
        "n_novel": 121951
    },
    "@300000": {
        "validity": 0.8905366666666666,
        "uniqueness": 0.4805566666666667,
        "novelty": 0.4767033333333333,
        "n_valid": 267161,
        "n_unique": 144167,
        "n_novel": 143011
    },
    "@350000": {
        "validity": 0.8903257142857143,
        "uniqueness": 0.4708685714285714,
        "novelty": 0.4673171428571429,
        "n_valid": 311614,
        "n_unique": 164804,
        "n_novel": 163561
    },
    "@400000": {
        "validity": 0.8903825,
        "uniqueness": 0.4623275,
        "novelty": 0.45903,
        "n_valid": 356153,
        "n_unique": 184931,
        "n_novel": 183612
    },
    "@450000": {
        "validity": 0.8903666666666666,
        "uniqueness": 0.4547555555555556,
        "novelty": 0.4516777777777778,
        "n_valid": 400665,
        "n_unique": 204640,
        "n_novel": 203255
    },
    "@500000": {
        "validity": 0.890164,
        "uniqueness": 0.448422,
        "novelty": 0.445532,
        "n_valid": 445082,
        "n_unique": 224211,
        "n_novel": 222766
    },
    "@550000": {
        "validity": 0.8901054545454545,
        "uniqueness": 0.44238363636363637,
        "novelty": 0.4396654545454545,
        "n_valid": 489558,
        "n_unique": 243311,
        "n_novel": 241816
    },
    "@600000": {
        "validity": 0.8902,
        "uniqueness": 0.43728666666666666,
        "novelty": 0.43471333333333334,
        "n_valid": 534120,
        "n_unique": 262372,
        "n_novel": 260828
    },
    "@650000": {
        "validity": 0.8901323076923077,
        "uniqueness": 0.43239692307692307,
        "novelty": 0.4299292307692308,
        "n_valid": 578586,
        "n_unique": 281058,
        "n_novel": 279454
    },
    "@700000": {
        "validity": 0.89011,
        "uniqueness": 0.4281057142857143,
        "novelty": 0.42575142857142856,
        "n_valid": 623077,
        "n_unique": 299674,
        "n_novel": 298026
    },
    "@750000": {
        "validity": 0.89008,
        "uniqueness": 0.424048,
        "novelty": 0.42178266666666664,
        "n_valid": 667560,
        "n_unique": 318036,
        "n_novel": 316337
    },
    "@800000": {
        "validity": 0.88988125,
        "uniqueness": 0.42023375,
        "novelty": 0.418055,
        "n_valid": 711905,
        "n_unique": 336187,
        "n_novel": 334444
    },
    "@850000": {
        "validity": 0.8899988235294117,
        "uniqueness": 0.4166905882352941,
        "novelty": 0.4145894117647059,
        "n_valid": 756499,
        "n_unique": 354187,
        "n_novel": 352401
    },
    "@900000": {
        "validity": 0.8899911111111111,
        "uniqueness": 0.41344555555555557,
        "novelty": 0.41141222222222223,
        "n_valid": 800992,
        "n_unique": 372101,
        "n_novel": 370271
    },
    "@950000": {
        "validity": 0.8899894736842106,
        "uniqueness": 0.41045473684210526,
        "novelty": 0.4084894736842105,
        "n_valid": 845490,
        "n_unique": 389932,
        "n_novel": 388065
    },
    "@1000000": {
        "validity": 0.889967,
        "uniqueness": 0.407481,
        "novelty": 0.405576,
        "n_valid": 889967,
        "n_unique": 407481,
        "n_novel": 405576
    }
}