{
    "train_loss": [
        0.6861876487731934,
        0.6093097686767578,
        0.5530179619789124,
        0.5169610500335693,
        0.4858376502990723,
        0.4569534122943878
    ],
    "val_loss": [
        0.7173979878425598,
        0.7164698243141174,
        0.7086905390024185,
        0.7203733772039413,
        0.7124360352754593,
        0.7250732481479645
    ]
}