{
    "@50000": {
        "validity": 0.97872,
        "uniqueness": 0.4192,
        "novelty": 0.4164,
        "n_valid": 48936,
        "n_unique": 20960,
        "n_novel": 20820
    },
    "@100000": {
        "validity": 0.97865,
        "uniqueness": 0.35331,
        "novelty": 0.35179,
        "n_valid": 97865,
        "n_unique": 35331,
        "n_novel": 35179
    },
    "@150000": {
        "validity": 0.9784666666666667,
        "uniqueness": 0.31561333333333336,
        "novelty": 0.31450666666666666,
        "n_valid": 146770,
        "n_unique": 47342,
        "n_novel": 47176
    },
    "@200000": {
        "validity": 0.97829,
        "uniqueness": 0.29111,
        "novelty": 0.29022,
        "n_valid": 195658,
        "n_unique": 58222,
        "n_novel": 58044
    },
    "@250000": {
        "validity": 0.97868,
        "uniqueness": 0.27206,
        "novelty": 0.271304,
        "n_valid": 244670,
        "n_unique": 68015,
        "n_novel": 67826
    },
    "@300000": {
        "validity": 0.9786633333333333,
        "uniqueness": 0.25777666666666665,
        "novelty": 0.25710333333333335,
        "n_valid": 293599,
        "n_unique": 77333,
        "n_novel": 77131
    },
    "@350000": {
        "validity": 0.9786885714285715,
        "uniqueness": 0.24577714285714286,
        "novelty": 0.24519142857142856,
        "n_valid": 342541,
        "n_unique": 86022,
        "n_novel": 85817
    },
    "@400000": {
        "validity": 0.97863,
        "uniqueness": 0.2355125,
        "novelty": 0.2349775,
        "n_valid": 391452,
        "n_unique": 94205,
        "n_novel": 93991
    },
    "@450000": {
        "validity": 0.9785933333333333,
        "uniqueness": 0.22656666666666667,
        "novelty": 0.22608444444444445,
        "n_valid": 440367,
        "n_unique": 101955,
        "n_novel": 101738
    },
    "@500000": {
        "validity": 0.978564,
        "uniqueness": 0.218714,
        "novelty": 0.218272,
        "n_valid": 489282,
        "n_unique": 109357,
        "n_novel": 109136
    },
    "@550000": {
        "validity": 0.9785418181818182,
        "uniqueness": 0.21215090909090908,
        "novelty": 0.21174363636363636,
        "n_valid": 538198,
        "n_unique": 116683,
        "n_novel": 116459
    },
    "@600000": {
        "validity": 0.97865,
        "uniqueness": 0.20601666666666665,
        "novelty": 0.20564166666666667,
        "n_valid": 587190,
        "n_unique": 123610,
        "n_novel": 123385
    },
    "@650000": {
        "validity": 0.97862,
        "uniqueness": 0.2007,
        "novelty": 0.2003523076923077,
        "n_valid": 636103,
        "n_unique": 130455,
        "n_novel": 130229
    },
    "@700000": {
        "validity": 0.9786328571428572,
        "uniqueness": 0.1957742857142857,
        "novelty": 0.19544857142857142,
        "n_valid": 685043,
        "n_unique": 137042,
        "n_novel": 136814
    },
    "@750000": {
        "validity": 0.9786186666666666,
        "uniqueness": 0.19133466666666665,
        "novelty": 0.19102533333333332,
        "n_valid": 733964,
        "n_unique": 143501,
        "n_novel": 143269
    },
    "@800000": {
        "validity": 0.978625,
        "uniqueness": 0.1872775,
        "novelty": 0.186985,
        "n_valid": 782900,
        "n_unique": 149822,
        "n_novel": 149588
    },
    "@850000": {
        "validity": 0.9785670588235295,
        "uniqueness": 0.18343529411764706,
        "novelty": 0.18315882352941176,
        "n_valid": 831782,
        "n_unique": 155920,
        "n_novel": 155685
    },
    "@900000": {
        "validity": 0.9785488888888889,
        "uniqueness": 0.17969555555555555,
        "novelty": 0.17943111111111112,
        "n_valid": 880694,
        "n_unique": 161726,
        "n_novel": 161488
    },
    "@950000": {
        "validity": 0.9785294736842105,
        "uniqueness": 0.1763442105263158,
        "novelty": 0.17608947368421052,
        "n_valid": 929603,
        "n_unique": 167527,
        "n_novel": 167285
    },
    "@1000000": {
        "validity": 0.978581,
        "uniqueness": 0.173201,
        "novelty": 0.172956,
        "n_valid": 978581,
        "n_unique": 173201,
        "n_novel": 172956
    }
}