{
    "@50000": {
        "validity": 0.97758,
        "uniqueness": 0.69646,
        "novelty": 0.67388,
        "n_valid": 48879,
        "n_unique": 34823,
        "n_novel": 33694
    },
    "@100000": {
        "validity": 0.97717,
        "uniqueness": 0.65457,
        "novelty": 0.63588,
        "n_valid": 97717,
        "n_unique": 65457,
        "n_novel": 63588
    },
    "@150000": {
        "validity": 0.9773866666666666,
        "uniqueness": 0.6286066666666666,
        "novelty": 0.6124933333333333,
        "n_valid": 146608,
        "n_unique": 94291,
        "n_novel": 91874
    },
    "@200000": {
        "validity": 0.97719,
        "uniqueness": 0.609845,
        "novelty": 0.59522,
        "n_valid": 195438,
        "n_unique": 121969,
        "n_novel": 119044
    },
    "@250000": {
        "validity": 0.977208,
        "uniqueness": 0.596172,
        "novelty": 0.582448,
        "n_valid": 244302,
        "n_unique": 149043,
        "n_novel": 145612
    },
    "@300000": {
        "validity": 0.97727,
        "uniqueness": 0.58411,
        "novelty": 0.5711866666666666,
        "n_valid": 293181,
        "n_unique": 175233,
        "n_novel": 171356
    },
    "@350000": {
        "validity": 0.97742,
        "uniqueness": 0.5742685714285715,
        "novelty": 0.5620771428571428,
        "n_valid": 342097,
        "n_unique": 200994,
        "n_novel": 196727
    },
    "@400000": {
        "validity": 0.9774875,
        "uniqueness": 0.5652675,
        "novelty": 0.553735,
        "n_valid": 390995,
        "n_unique": 226107,
        "n_novel": 221494
    },
    "@450000": {
        "validity": 0.9774444444444444,
        "uniqueness": 0.5578622222222223,
        "novelty": 0.5469044444444444,
        "n_valid": 439850,
        "n_unique": 251038,
        "n_novel": 246107
    },
    "@500000": {
        "validity": 0.977388,
        "uniqueness": 0.551208,
        "novelty": 0.540638,
        "n_valid": 488694,
        "n_unique": 275604,
        "n_novel": 270319
    },
    "@550000": {
        "validity": 0.9774236363636364,
        "uniqueness": 0.5448254545454545,
        "novelty": 0.5346472727272727,
        "n_valid": 537583,
        "n_unique": 299654,
        "n_novel": 294056
    },
    "@600000": {
        "validity": 0.9774366666666666,
        "uniqueness": 0.5388433333333333,
        "novelty": 0.5289983333333333,
        "n_valid": 586462,
        "n_unique": 323306,
        "n_novel": 317399
    },
    "@650000": {
        "validity": 0.9774261538461538,
        "uniqueness": 0.5334892307692307,
        "novelty": 0.5239523076923077,
        "n_valid": 635327,
        "n_unique": 346768,
        "n_novel": 340569
    },
    "@700000": {
        "validity": 0.9774428571428572,
        "uniqueness": 0.52867,
        "novelty": 0.5193557142857143,
        "n_valid": 684210,
        "n_unique": 370069,
        "n_novel": 363549
    },
    "@750000": {
        "validity": 0.9773786666666666,
        "uniqueness": 0.5241333333333333,
        "novelty": 0.5150626666666667,
        "n_valid": 733034,
        "n_unique": 393100,
        "n_novel": 386297
    },
    "@800000": {
        "validity": 0.97737625,
        "uniqueness": 0.51986875,
        "novelty": 0.5110325,
        "n_valid": 781901,
        "n_unique": 415895,
        "n_novel": 408826
    },
    "@850000": {
        "validity": 0.9774458823529412,
        "uniqueness": 0.5157752941176471,
        "novelty": 0.5071811764705882,
        "n_valid": 830829,
        "n_unique": 438409,
        "n_novel": 431104
    },
    "@900000": {
        "validity": 0.9774533333333333,
        "uniqueness": 0.51212,
        "novelty": 0.5037222222222222,
        "n_valid": 879708,
        "n_unique": 460908,
        "n_novel": 453350
    },
    "@950000": {
        "validity": 0.9774757894736842,
        "uniqueness": 0.5086757894736842,
        "novelty": 0.5004315789473684,
        "n_valid": 928602,
        "n_unique": 483242,
        "n_novel": 475410
    },
    "@1000000": {
        "validity": 0.977497,
        "uniqueness": 0.505394,
        "novelty": 0.497311,
        "n_valid": 977497,
        "n_unique": 505394,
        "n_novel": 497311
    }
}