{
    "@50000": {
        "validity": 0.99166,
        "uniqueness": 0.89614,
        "novelty": 0.85646,
        "n_valid": 49583,
        "n_unique": 44807,
        "n_novel": 42823
    },
    "@100000": {
        "validity": 0.99149,
        "uniqueness": 0.86055,
        "novelty": 0.82737,
        "n_valid": 99149,
        "n_unique": 86055,
        "n_novel": 82737
    },
    "@150000": {
        "validity": 0.99182,
        "uniqueness": 0.8367066666666667,
        "novelty": 0.80722,
        "n_valid": 148773,
        "n_unique": 125506,
        "n_novel": 121083
    },
    "@200000": {
        "validity": 0.99173,
        "uniqueness": 0.817825,
        "novelty": 0.791125,
        "n_valid": 198346,
        "n_unique": 163565,
        "n_novel": 158225
    },
    "@250000": {
        "validity": 0.991736,
        "uniqueness": 0.801776,
        "novelty": 0.777072,
        "n_valid": 247934,
        "n_unique": 200444,
        "n_novel": 194268
    },
    "@300000": {
        "validity": 0.9918133333333333,
        "uniqueness": 0.7890966666666667,
        "novelty": 0.7659333333333334,
        "n_valid": 297544,
        "n_unique": 236729,
        "n_novel": 229780
    },
    "@350000": {
        "validity": 0.9918571428571429,
        "uniqueness": 0.7781914285714285,
        "novelty": 0.7563371428571428,
        "n_valid": 347150,
        "n_unique": 272367,
        "n_novel": 264718
    },
    "@400000": {
        "validity": 0.9918675,
        "uniqueness": 0.7679275,
        "novelty": 0.7472675,
        "n_valid": 396747,
        "n_unique": 307171,
        "n_novel": 298907
    },
    "@450000": {
        "validity": 0.9919088888888888,
        "uniqueness": 0.7588777777777778,
        "novelty": 0.73918,
        "n_valid": 446359,
        "n_unique": 341495,
        "n_novel": 332631
    },
    "@500000": {
        "validity": 0.991882,
        "uniqueness": 0.75058,
        "novelty": 0.73176,
        "n_valid": 495941,
        "n_unique": 375290,
        "n_novel": 365880
    },
    "@550000": {
        "validity": 0.9919290909090909,
        "uniqueness": 0.7430036363636363,
        "novelty": 0.7248745454545454,
        "n_valid": 545561,
        "n_unique": 408652,
        "n_novel": 398681
    },
    "@600000": {
        "validity": 0.9919216666666667,
        "uniqueness": 0.7358283333333333,
        "novelty": 0.7184366666666666,
        "n_valid": 595153,
        "n_unique": 441497,
        "n_novel": 431062
    },
    "@650000": {
        "validity": 0.9919292307692308,
        "uniqueness": 0.7293953846153847,
        "novelty": 0.7125938461538461,
        "n_valid": 644754,
        "n_unique": 474107,
        "n_novel": 463186
    },
    "@700000": {
        "validity": 0.9919342857142858,
        "uniqueness": 0.7230714285714286,
        "novelty": 0.7068328571428572,
        "n_valid": 694354,
        "n_unique": 506150,
        "n_novel": 494783
    },
    "@750000": {
        "validity": 0.9919333333333333,
        "uniqueness": 0.7171346666666667,
        "novelty": 0.7014093333333333,
        "n_valid": 743950,
        "n_unique": 537851,
        "n_novel": 526057
    },
    "@800000": {
        "validity": 0.9919275,
        "uniqueness": 0.71188,
        "novelty": 0.69662,
        "n_valid": 793542,
        "n_unique": 569504,
        "n_novel": 557296
    },
    "@850000": {
        "validity": 0.9918941176470588,
        "uniqueness": 0.7067764705882353,
        "novelty": 0.6919564705882353,
        "n_valid": 843110,
        "n_unique": 600760,
        "n_novel": 588163
    },
    "@900000": {
        "validity": 0.9918788888888889,
        "uniqueness": 0.7020711111111111,
        "novelty": 0.6876311111111111,
        "n_valid": 892691,
        "n_unique": 631864,
        "n_novel": 618868
    },
    "@950000": {
        "validity": 0.9918621052631579,
        "uniqueness": 0.6974547368421052,
        "novelty": 0.6834010526315789,
        "n_valid": 942269,
        "n_unique": 662582,
        "n_novel": 649231
    },
    "@1000000": {
        "validity": 0.991839,
        "uniqueness": 0.69291,
        "novelty": 0.679181,
        "n_valid": 991839,
        "n_unique": 692910,
        "n_novel": 679181
    }
}