{
    "@50000": {
        "validity": 0.98606,
        "uniqueness": 0.69054,
        "novelty": 0.66562,
        "n_valid": 49303,
        "n_unique": 34527,
        "n_novel": 33281
    },
    "@100000": {
        "validity": 0.98589,
        "uniqueness": 0.64477,
        "novelty": 0.62501,
        "n_valid": 98589,
        "n_unique": 64477,
        "n_novel": 62501
    },
    "@150000": {
        "validity": 0.9859066666666667,
        "uniqueness": 0.61662,
        "novelty": 0.5995533333333334,
        "n_valid": 147886,
        "n_unique": 92493,
        "n_novel": 89933
    },
    "@200000": {
        "validity": 0.985775,
        "uniqueness": 0.595395,
        "novelty": 0.580055,
        "n_valid": 197155,
        "n_unique": 119079,
        "n_novel": 116011
    },
    "@250000": {
        "validity": 0.985904,
        "uniqueness": 0.57924,
        "novelty": 0.56528,
        "n_valid": 246476,
        "n_unique": 144810,
        "n_novel": 141320
    },
    "@300000": {
        "validity": 0.98595,
        "uniqueness": 0.5666666666666667,
        "novelty": 0.55374,
        "n_valid": 295785,
        "n_unique": 170000,
        "n_novel": 166122
    },
    "@350000": {
        "validity": 0.9858657142857142,
        "uniqueness": 0.5555914285714286,
        "novelty": 0.5433914285714285,
        "n_valid": 345053,
        "n_unique": 194457,
        "n_novel": 190187
    },
    "@400000": {
        "validity": 0.9857875,
        "uniqueness": 0.54619,
        "novelty": 0.53458,
        "n_valid": 394315,
        "n_unique": 218476,
        "n_novel": 213832
    },
    "@450000": {
        "validity": 0.9857066666666666,
        "uniqueness": 0.5374888888888889,
        "novelty": 0.5263488888888889,
        "n_valid": 443568,
        "n_unique": 241870,
        "n_novel": 236857
    },
    "@500000": {
        "validity": 0.985724,
        "uniqueness": 0.529626,
        "novelty": 0.518996,
        "n_valid": 492862,
        "n_unique": 264813,
        "n_novel": 259498
    },
    "@550000": {
        "validity": 0.9858345454545454,
        "uniqueness": 0.522970909090909,
        "novelty": 0.5127527272727272,
        "n_valid": 542209,
        "n_unique": 287634,
        "n_novel": 282014
    },
    "@600000": {
        "validity": 0.9857516666666667,
        "uniqueness": 0.5167216666666666,
        "novelty": 0.5068983333333333,
        "n_valid": 591451,
        "n_unique": 310033,
        "n_novel": 304139
    },
    "@650000": {
        "validity": 0.9857969230769231,
        "uniqueness": 0.5110153846153846,
        "novelty": 0.501523076923077,
        "n_valid": 640768,
        "n_unique": 332160,
        "n_novel": 325990
    },
    "@700000": {
        "validity": 0.9858328571428572,
        "uniqueness": 0.5057771428571428,
        "novelty": 0.49657142857142855,
        "n_valid": 690083,
        "n_unique": 354044,
        "n_novel": 347600
    },
    "@750000": {
        "validity": 0.9858133333333333,
        "uniqueness": 0.5008373333333334,
        "novelty": 0.49184933333333336,
        "n_valid": 739360,
        "n_unique": 375628,
        "n_novel": 368887
    },
    "@800000": {
        "validity": 0.9858275,
        "uniqueness": 0.49618625,
        "novelty": 0.48742125,
        "n_valid": 788662,
        "n_unique": 396949,
        "n_novel": 389937
    },
    "@850000": {
        "validity": 0.9858141176470588,
        "uniqueness": 0.4920258823529412,
        "novelty": 0.48346235294117645,
        "n_valid": 837942,
        "n_unique": 418222,
        "n_novel": 410943
    },
    "@900000": {
        "validity": 0.9857666666666667,
        "uniqueness": 0.4877611111111111,
        "novelty": 0.4793822222222222,
        "n_valid": 887190,
        "n_unique": 438985,
        "n_novel": 431444
    },
    "@950000": {
        "validity": 0.9858126315789474,
        "uniqueness": 0.4837673684210526,
        "novelty": 0.4755421052631579,
        "n_valid": 936522,
        "n_unique": 459579,
        "n_novel": 451765
    },
    "@1000000": {
        "validity": 0.985807,
        "uniqueness": 0.480321,
        "novelty": 0.472274,
        "n_valid": 985807,
        "n_unique": 480321,
        "n_novel": 472274
    }
}