{
    "@50000": {
        "validity": 0.99036,
        "uniqueness": 0.92124,
        "novelty": 0.87522,
        "n_valid": 49518,
        "n_unique": 46062,
        "n_novel": 43761
    },
    "@100000": {
        "validity": 0.98995,
        "uniqueness": 0.88937,
        "novelty": 0.85006,
        "n_valid": 98995,
        "n_unique": 88937,
        "n_novel": 85006
    },
    "@150000": {
        "validity": 0.98994,
        "uniqueness": 0.8689133333333333,
        "novelty": 0.8347866666666667,
        "n_valid": 148491,
        "n_unique": 130337,
        "n_novel": 125218
    },
    "@200000": {
        "validity": 0.989925,
        "uniqueness": 0.85266,
        "novelty": 0.82138,
        "n_valid": 197985,
        "n_unique": 170532,
        "n_novel": 164276
    },
    "@250000": {
        "validity": 0.99004,
        "uniqueness": 0.839692,
        "novelty": 0.810952,
        "n_valid": 247510,
        "n_unique": 209923,
        "n_novel": 202738
    },
    "@300000": {
        "validity": 0.99008,
        "uniqueness": 0.8279366666666667,
        "novelty": 0.80106,
        "n_valid": 297024,
        "n_unique": 248381,
        "n_novel": 240318
    },
    "@350000": {
        "validity": 0.9900514285714286,
        "uniqueness": 0.8181285714285714,
        "novelty": 0.7928285714285714,
        "n_valid": 346518,
        "n_unique": 286345,
        "n_novel": 277490
    },
    "@400000": {
        "validity": 0.99014,
        "uniqueness": 0.8094125,
        "novelty": 0.7854775,
        "n_valid": 396056,
        "n_unique": 323765,
        "n_novel": 314191
    },
    "@450000": {
        "validity": 0.9901422222222223,
        "uniqueness": 0.8010266666666667,
        "novelty": 0.7781466666666667,
        "n_valid": 445564,
        "n_unique": 360462,
        "n_novel": 350166
    },
    "@500000": {
        "validity": 0.990062,
        "uniqueness": 0.79343,
        "novelty": 0.771612,
        "n_valid": 495031,
        "n_unique": 396715,
        "n_novel": 385806
    },
    "@550000": {
        "validity": 0.9901072727272727,
        "uniqueness": 0.7867090909090909,
        "novelty": 0.7657872727272728,
        "n_valid": 544559,
        "n_unique": 432690,
        "n_novel": 421183
    },
    "@600000": {
        "validity": 0.9901216666666667,
        "uniqueness": 0.7801616666666666,
        "novelty": 0.76003,
        "n_valid": 594073,
        "n_unique": 468097,
        "n_novel": 456018
    },
    "@650000": {
        "validity": 0.9901,
        "uniqueness": 0.7743015384615385,
        "novelty": 0.7548523076923077,
        "n_valid": 643565,
        "n_unique": 503296,
        "n_novel": 490654
    },
    "@700000": {
        "validity": 0.9900971428571429,
        "uniqueness": 0.7685885714285714,
        "novelty": 0.7497757142857143,
        "n_valid": 693068,
        "n_unique": 538012,
        "n_novel": 524843
    },
    "@750000": {
        "validity": 0.990064,
        "uniqueness": 0.7633826666666667,
        "novelty": 0.7451453333333333,
        "n_valid": 742548,
        "n_unique": 572537,
        "n_novel": 558859
    },
    "@800000": {
        "validity": 0.99006,
        "uniqueness": 0.75844,
        "novelty": 0.74071875,
        "n_valid": 792048,
        "n_unique": 606752,
        "n_novel": 592575
    },
    "@850000": {
        "validity": 0.9900070588235295,
        "uniqueness": 0.7537211764705882,
        "novelty": 0.7364870588235294,
        "n_valid": 841506,
        "n_unique": 640663,
        "n_novel": 626014
    },
    "@900000": {
        "validity": 0.9899844444444444,
        "uniqueness": 0.7493666666666666,
        "novelty": 0.7326177777777778,
        "n_valid": 890986,
        "n_unique": 674430,
        "n_novel": 659356
    },
    "@950000": {
        "validity": 0.9899557894736842,
        "uniqueness": 0.7449894736842105,
        "novelty": 0.7286747368421053,
        "n_valid": 940458,
        "n_unique": 707740,
        "n_novel": 692241
    },
    "@1000000": {
        "validity": 0.989945,
        "uniqueness": 0.740965,
        "novelty": 0.725085,
        "n_valid": 989945,
        "n_unique": 740965,
        "n_novel": 725085
    }
}