{
    "@50000": {
        "validity": 0.92032,
        "uniqueness": 0.91676,
        "novelty": 0.89894,
        "n_valid": 46016,
        "n_unique": 45838,
        "n_novel": 44947
    },
    "@100000": {
        "validity": 0.92038,
        "uniqueness": 0.91384,
        "novelty": 0.89656,
        "n_valid": 92038,
        "n_unique": 91384,
        "n_novel": 89656
    },
    "@150000": {
        "validity": 0.9208533333333333,
        "uniqueness": 0.9120666666666667,
        "novelty": 0.89522,
        "n_valid": 138128,
        "n_unique": 136810,
        "n_novel": 134283
    },
    "@200000": {
        "validity": 0.920855,
        "uniqueness": 0.910335,
        "novelty": 0.894245,
        "n_valid": 184171,
        "n_unique": 182067,
        "n_novel": 178849
    },
    "@250000": {
        "validity": 0.921152,
        "uniqueness": 0.90902,
        "novelty": 0.893548,
        "n_valid": 230288,
        "n_unique": 227255,
        "n_novel": 223387
    },
    "@300000": {
        "validity": 0.92076,
        "uniqueness": 0.9074033333333333,
        "novelty": 0.8922633333333333,
        "n_valid": 276228,
        "n_unique": 272221,
        "n_novel": 267679
    },
    "@350000": {
        "validity": 0.9205257142857143,
        "uniqueness": 0.9059342857142857,
        "novelty": 0.8911257142857143,
        "n_valid": 322184,
        "n_unique": 317077,
        "n_novel": 311894
    },
    "@400000": {
        "validity": 0.9206025,
        "uniqueness": 0.90498,
        "novelty": 0.89069,
        "n_valid": 368241,
        "n_unique": 361992,
        "n_novel": 356276
    },
    "@450000": {
        "validity": 0.9207133333333334,
        "uniqueness": 0.9038955555555556,
        "novelty": 0.88994,
        "n_valid": 414321,
        "n_unique": 406753,
        "n_novel": 400473
    },
    "@500000": {
        "validity": 0.920576,
        "uniqueness": 0.90286,
        "novelty": 0.889182,
        "n_valid": 460288,
        "n_unique": 451430,
        "n_novel": 444591
    },
    "@550000": {
        "validity": 0.9207345454545455,
        "uniqueness": 0.9020145454545454,
        "novelty": 0.8886327272727272,
        "n_valid": 506404,
        "n_unique": 496108,
        "n_novel": 488748
    },
    "@600000": {
        "validity": 0.9209016666666666,
        "uniqueness": 0.901155,
        "novelty": 0.888035,
        "n_valid": 552541,
        "n_unique": 540693,
        "n_novel": 532821
    },
    "@650000": {
        "validity": 0.9208830769230769,
        "uniqueness": 0.9001353846153847,
        "novelty": 0.8872461538461538,
        "n_valid": 598574,
        "n_unique": 585088,
        "n_novel": 576710
    },
    "@700000": {
        "validity": 0.9208742857142858,
        "uniqueness": 0.8993071428571429,
        "novelty": 0.8866114285714286,
        "n_valid": 644612,
        "n_unique": 629515,
        "n_novel": 620628
    },
    "@750000": {
        "validity": 0.9207573333333333,
        "uniqueness": 0.8983386666666666,
        "novelty": 0.8858706666666667,
        "n_valid": 690568,
        "n_unique": 673754,
        "n_novel": 664403
    },
    "@800000": {
        "validity": 0.92078125,
        "uniqueness": 0.8975625,
        "novelty": 0.88526875,
        "n_valid": 736625,
        "n_unique": 718050,
        "n_novel": 708215
    },
    "@850000": {
        "validity": 0.920924705882353,
        "uniqueness": 0.8969094117647058,
        "novelty": 0.8847976470588236,
        "n_valid": 782786,
        "n_unique": 762373,
        "n_novel": 752078
    },
    "@900000": {
        "validity": 0.9209022222222222,
        "uniqueness": 0.8961211111111111,
        "novelty": 0.88416,
        "n_valid": 828812,
        "n_unique": 806509,
        "n_novel": 795744
    },
    "@950000": {
        "validity": 0.9208610526315789,
        "uniqueness": 0.8954126315789473,
        "novelty": 0.8835978947368421,
        "n_valid": 874818,
        "n_unique": 850642,
        "n_novel": 839418
    },
    "@1000000": {
        "validity": 0.920771,
        "uniqueness": 0.894501,
        "novelty": 0.882834,
        "n_valid": 920771,
        "n_unique": 894501,
        "n_novel": 882834
    }
}