{
    "@50000": {
        "validity": 0.9269,
        "uniqueness": 0.49134,
        "novelty": 0.48264,
        "n_valid": 46345,
        "n_unique": 24567,
        "n_novel": 24132
    },
    "@100000": {
        "validity": 0.92643,
        "uniqueness": 0.43793,
        "novelty": 0.4323,
        "n_valid": 92643,
        "n_unique": 43793,
        "n_novel": 43230
    },
    "@150000": {
        "validity": 0.9263,
        "uniqueness": 0.40825333333333336,
        "novelty": 0.40402,
        "n_valid": 138945,
        "n_unique": 61238,
        "n_novel": 60603
    },
    "@200000": {
        "validity": 0.92591,
        "uniqueness": 0.388505,
        "novelty": 0.38499,
        "n_valid": 185182,
        "n_unique": 77701,
        "n_novel": 76998
    },
    "@250000": {
        "validity": 0.926208,
        "uniqueness": 0.37314,
        "novelty": 0.370064,
        "n_valid": 231552,
        "n_unique": 93285,
        "n_novel": 92516
    },
    "@300000": {
        "validity": 0.9260666666666667,
        "uniqueness": 0.36108,
        "novelty": 0.35837,
        "n_valid": 277820,
        "n_unique": 108324,
        "n_novel": 107511
    },
    "@350000": {
        "validity": 0.9259942857142858,
        "uniqueness": 0.3510457142857143,
        "novelty": 0.34860285714285716,
        "n_valid": 324098,
        "n_unique": 122866,
        "n_novel": 122011
    },
    "@400000": {
        "validity": 0.9260625,
        "uniqueness": 0.3421875,
        "novelty": 0.33995,
        "n_valid": 370425,
        "n_unique": 136875,
        "n_novel": 135980
    },
    "@450000": {
        "validity": 0.9261066666666666,
        "uniqueness": 0.33488,
        "novelty": 0.33280444444444446,
        "n_valid": 416748,
        "n_unique": 150696,
        "n_novel": 149762
    },
    "@500000": {
        "validity": 0.926048,
        "uniqueness": 0.328412,
        "novelty": 0.326472,
        "n_valid": 463024,
        "n_unique": 164206,
        "n_novel": 163236
    },
    "@550000": {
        "validity": 0.92596,
        "uniqueness": 0.32256545454545454,
        "novelty": 0.3207654545454545,
        "n_valid": 509278,
        "n_unique": 177411,
        "n_novel": 176421
    },
    "@600000": {
        "validity": 0.9258816666666667,
        "uniqueness": 0.31744333333333336,
        "novelty": 0.31575333333333333,
        "n_valid": 555529,
        "n_unique": 190466,
        "n_novel": 189452
    },
    "@650000": {
        "validity": 0.92574,
        "uniqueness": 0.3125184615384615,
        "novelty": 0.3109123076923077,
        "n_valid": 601731,
        "n_unique": 203137,
        "n_novel": 202093
    },
    "@700000": {
        "validity": 0.9256842857142857,
        "uniqueness": 0.30834428571428574,
        "novelty": 0.3068142857142857,
        "n_valid": 647979,
        "n_unique": 215841,
        "n_novel": 214770
    },
    "@750000": {
        "validity": 0.9256773333333334,
        "uniqueness": 0.3042186666666667,
        "novelty": 0.30273866666666666,
        "n_valid": 694258,
        "n_unique": 228164,
        "n_novel": 227054
    },
    "@800000": {
        "validity": 0.925655,
        "uniqueness": 0.30053875,
        "novelty": 0.2991225,
        "n_valid": 740524,
        "n_unique": 240431,
        "n_novel": 239298
    },
    "@850000": {
        "validity": 0.925675294117647,
        "uniqueness": 0.2972235294117647,
        "novelty": 0.2958670588235294,
        "n_valid": 786824,
        "n_unique": 252640,
        "n_novel": 251487
    },
    "@900000": {
        "validity": 0.9256033333333333,
        "uniqueness": 0.2941611111111111,
        "novelty": 0.29286,
        "n_valid": 833043,
        "n_unique": 264745,
        "n_novel": 263574
    },
    "@950000": {
        "validity": 0.9256157894736842,
        "uniqueness": 0.29122315789473685,
        "novelty": 0.2899663157894737,
        "n_valid": 879335,
        "n_unique": 276662,
        "n_novel": 275468
    },
    "@1000000": {
        "validity": 0.925663,
        "uniqueness": 0.288187,
        "novelty": 0.286971,
        "n_valid": 925663,
        "n_unique": 288187,
        "n_novel": 286971
    }
}