{
    "train_loss": [
        0.6103983938694,
        0.5227988541126252,
        0.4656881779432297,
        0.42106821537017824,
        0.3843234270811081
    ],
    "val_loss": [
        0.5796746909618378,
        0.5766345411539078,
        0.5771024227142334,
        0.5839955657720566,
        0.5912359058856964
    ]
}