{
    "train_loss": [
        0.6316712021827697,
        0.5349156647920609,
        0.47628896236419677,
        0.43817289769649503,
        0.40309898853302,
        0.3829708993434906,
        0.3592816948890686,
        0.3374235242605209
    ],
    "val_loss": [
        0.5460737645626068,
        0.5099260210990906,
        0.4831570014357567,
        0.4742516726255417,
        0.4615605100989342,
        0.4633098766207695,
        0.4662218615412712,
        0.47330478578805923
    ]
}