{
    "@50000": {
        "validity": 0.97262,
        "uniqueness": 0.9605,
        "novelty": 0.93344,
        "n_valid": 48631,
        "n_unique": 48025,
        "n_novel": 46672
    },
    "@100000": {
        "validity": 0.97258,
        "uniqueness": 0.95426,
        "novelty": 0.92918,
        "n_valid": 97258,
        "n_unique": 95426,
        "n_novel": 92918
    },
    "@150000": {
        "validity": 0.9725466666666667,
        "uniqueness": 0.9484933333333333,
        "novelty": 0.9244533333333333,
        "n_valid": 145882,
        "n_unique": 142274,
        "n_novel": 138668
    },
    "@200000": {
        "validity": 0.97247,
        "uniqueness": 0.944215,
        "novelty": 0.921095,
        "n_valid": 194494,
        "n_unique": 188843,
        "n_novel": 184219
    },
    "@250000": {
        "validity": 0.972808,
        "uniqueness": 0.940772,
        "novelty": 0.918648,
        "n_valid": 243202,
        "n_unique": 235193,
        "n_novel": 229662
    },
    "@300000": {
        "validity": 0.9726933333333333,
        "uniqueness": 0.9374566666666667,
        "novelty": 0.91582,
        "n_valid": 291808,
        "n_unique": 281237,
        "n_novel": 274746
    },
    "@350000": {
        "validity": 0.9728257142857143,
        "uniqueness": 0.9342857142857143,
        "novelty": 0.9133257142857143,
        "n_valid": 340489,
        "n_unique": 327000,
        "n_novel": 319664
    },
    "@400000": {
        "validity": 0.9727925,
        "uniqueness": 0.9313075,
        "novelty": 0.910945,
        "n_valid": 389117,
        "n_unique": 372523,
        "n_novel": 364378
    },
    "@450000": {
        "validity": 0.9727377777777778,
        "uniqueness": 0.9285644444444444,
        "novelty": 0.9086533333333333,
        "n_valid": 437732,
        "n_unique": 417854,
        "n_novel": 408894
    },
    "@500000": {
        "validity": 0.97262,
        "uniqueness": 0.926048,
        "novelty": 0.90679,
        "n_valid": 486310,
        "n_unique": 463024,
        "n_novel": 453395
    },
    "@550000": {
        "validity": 0.97262,
        "uniqueness": 0.9235618181818182,
        "novelty": 0.9046672727272728,
        "n_valid": 534941,
        "n_unique": 507959,
        "n_novel": 497567
    },
    "@600000": {
        "validity": 0.9726033333333334,
        "uniqueness": 0.9213733333333334,
        "novelty": 0.9028316666666667,
        "n_valid": 583562,
        "n_unique": 552824,
        "n_novel": 541699
    },
    "@650000": {
        "validity": 0.9726492307692308,
        "uniqueness": 0.919043076923077,
        "novelty": 0.9008753846153846,
        "n_valid": 632222,
        "n_unique": 597378,
        "n_novel": 585569
    },
    "@700000": {
        "validity": 0.9726742857142857,
        "uniqueness": 0.9170157142857143,
        "novelty": 0.8991771428571429,
        "n_valid": 680872,
        "n_unique": 641911,
        "n_novel": 629424
    },
    "@750000": {
        "validity": 0.9726506666666667,
        "uniqueness": 0.9150173333333333,
        "novelty": 0.8975266666666667,
        "n_valid": 729488,
        "n_unique": 686263,
        "n_novel": 673145
    },
    "@800000": {
        "validity": 0.9727225,
        "uniqueness": 0.91336625,
        "novelty": 0.896255,
        "n_valid": 778178,
        "n_unique": 730693,
        "n_novel": 717004
    },
    "@850000": {
        "validity": 0.9727470588235294,
        "uniqueness": 0.9116870588235294,
        "novelty": 0.8948529411764706,
        "n_valid": 826835,
        "n_unique": 774934,
        "n_novel": 760625
    },
    "@900000": {
        "validity": 0.9727533333333334,
        "uniqueness": 0.9099455555555556,
        "novelty": 0.8933766666666667,
        "n_valid": 875478,
        "n_unique": 818951,
        "n_novel": 804039
    },
    "@950000": {
        "validity": 0.9727284210526316,
        "uniqueness": 0.9083094736842106,
        "novelty": 0.8920084210526316,
        "n_valid": 924092,
        "n_unique": 862894,
        "n_novel": 847408
    },
    "@1000000": {
        "validity": 0.972659,
        "uniqueness": 0.906698,
        "novelty": 0.890616,
        "n_valid": 972659,
        "n_unique": 906698,
        "n_novel": 890616
    }
}