{
    "@50000": {
        "validity": 0.98234,
        "uniqueness": 0.94892,
        "novelty": 0.91506,
        "n_valid": 49117,
        "n_unique": 47446,
        "n_novel": 45753
    },
    "@100000": {
        "validity": 0.98209,
        "uniqueness": 0.93375,
        "novelty": 0.90353,
        "n_valid": 98209,
        "n_unique": 93375,
        "n_novel": 90353
    },
    "@150000": {
        "validity": 0.9823333333333333,
        "uniqueness": 0.92388,
        "novelty": 0.8957266666666667,
        "n_valid": 147350,
        "n_unique": 138582,
        "n_novel": 134359
    },
    "@200000": {
        "validity": 0.98201,
        "uniqueness": 0.91534,
        "novelty": 0.8888,
        "n_valid": 196402,
        "n_unique": 183068,
        "n_novel": 177760
    },
    "@250000": {
        "validity": 0.981824,
        "uniqueness": 0.908292,
        "novelty": 0.882976,
        "n_valid": 245456,
        "n_unique": 227073,
        "n_novel": 220744
    },
    "@300000": {
        "validity": 0.9820433333333334,
        "uniqueness": 0.9023833333333333,
        "novelty": 0.8781733333333334,
        "n_valid": 294613,
        "n_unique": 270715,
        "n_novel": 263452
    },
    "@350000": {
        "validity": 0.9821028571428572,
        "uniqueness": 0.8970485714285714,
        "novelty": 0.8737171428571429,
        "n_valid": 343736,
        "n_unique": 313967,
        "n_novel": 305801
    },
    "@400000": {
        "validity": 0.98225,
        "uniqueness": 0.8919375,
        "novelty": 0.86942,
        "n_valid": 392900,
        "n_unique": 356775,
        "n_novel": 347768
    },
    "@450000": {
        "validity": 0.98228,
        "uniqueness": 0.8874822222222222,
        "novelty": 0.8657177777777778,
        "n_valid": 442026,
        "n_unique": 399367,
        "n_novel": 389573
    },
    "@500000": {
        "validity": 0.98231,
        "uniqueness": 0.883424,
        "novelty": 0.862218,
        "n_valid": 491155,
        "n_unique": 441712,
        "n_novel": 431109
    },
    "@550000": {
        "validity": 0.9823109090909091,
        "uniqueness": 0.8794272727272727,
        "novelty": 0.8586763636363637,
        "n_valid": 540271,
        "n_unique": 483685,
        "n_novel": 472272
    },
    "@600000": {
        "validity": 0.98235,
        "uniqueness": 0.8758716666666667,
        "novelty": 0.8556533333333334,
        "n_valid": 589410,
        "n_unique": 525523,
        "n_novel": 513392
    },
    "@650000": {
        "validity": 0.9823076923076923,
        "uniqueness": 0.87256,
        "novelty": 0.8527153846153847,
        "n_valid": 638500,
        "n_unique": 567164,
        "n_novel": 554265
    },
    "@700000": {
        "validity": 0.9823057142857143,
        "uniqueness": 0.8692028571428572,
        "novelty": 0.8497542857142857,
        "n_valid": 687614,
        "n_unique": 608442,
        "n_novel": 594828
    },
    "@750000": {
        "validity": 0.982352,
        "uniqueness": 0.866076,
        "novelty": 0.8470493333333333,
        "n_valid": 736764,
        "n_unique": 649557,
        "n_novel": 635287
    },
    "@800000": {
        "validity": 0.982365,
        "uniqueness": 0.86316375,
        "novelty": 0.84455625,
        "n_valid": 785892,
        "n_unique": 690531,
        "n_novel": 675645
    },
    "@850000": {
        "validity": 0.9823211764705883,
        "uniqueness": 0.8604329411764706,
        "novelty": 0.8422176470588235,
        "n_valid": 834973,
        "n_unique": 731368,
        "n_novel": 715885
    },
    "@900000": {
        "validity": 0.9823222222222222,
        "uniqueness": 0.8579844444444444,
        "novelty": 0.8400977777777778,
        "n_valid": 884090,
        "n_unique": 772186,
        "n_novel": 756088
    },
    "@950000": {
        "validity": 0.982321052631579,
        "uniqueness": 0.8554242105263158,
        "novelty": 0.8378442105263157,
        "n_valid": 933205,
        "n_unique": 812653,
        "n_novel": 795952
    },
    "@1000000": {
        "validity": 0.982358,
        "uniqueness": 0.852983,
        "novelty": 0.835729,
        "n_valid": 982358,
        "n_unique": 852983,
        "n_novel": 835729
    }
}