{
    "@50000": {
        "validity": 0.91428,
        "uniqueness": 0.88894,
        "novelty": 0.87818,
        "n_valid": 45714,
        "n_unique": 44447,
        "n_novel": 43909
    },
    "@100000": {
        "validity": 0.91369,
        "uniqueness": 0.87683,
        "novelty": 0.86736,
        "n_valid": 91369,
        "n_unique": 87683,
        "n_novel": 86736
    },
    "@150000": {
        "validity": 0.91316,
        "uniqueness": 0.8670866666666667,
        "novelty": 0.8585066666666666,
        "n_valid": 136974,
        "n_unique": 130063,
        "n_novel": 128776
    },
    "@200000": {
        "validity": 0.913535,
        "uniqueness": 0.860245,
        "novelty": 0.85234,
        "n_valid": 182707,
        "n_unique": 172049,
        "n_novel": 170468
    },
    "@250000": {
        "validity": 0.913704,
        "uniqueness": 0.854696,
        "novelty": 0.847256,
        "n_valid": 228426,
        "n_unique": 213674,
        "n_novel": 211814
    },
    "@300000": {
        "validity": 0.9136866666666666,
        "uniqueness": 0.84949,
        "novelty": 0.8424233333333333,
        "n_valid": 274106,
        "n_unique": 254847,
        "n_novel": 252727
    },
    "@350000": {
        "validity": 0.9136085714285714,
        "uniqueness": 0.8448,
        "novelty": 0.8380685714285714,
        "n_valid": 319763,
        "n_unique": 295680,
        "n_novel": 293324
    },
    "@400000": {
        "validity": 0.9132625,
        "uniqueness": 0.840585,
        "novelty": 0.8341,
        "n_valid": 365305,
        "n_unique": 336234,
        "n_novel": 333640
    },
    "@450000": {
        "validity": 0.9132022222222222,
        "uniqueness": 0.8367777777777777,
        "novelty": 0.8305777777777777,
        "n_valid": 410941,
        "n_unique": 376550,
        "n_novel": 373760
    },
    "@500000": {
        "validity": 0.913194,
        "uniqueness": 0.83355,
        "novelty": 0.8276,
        "n_valid": 456597,
        "n_unique": 416775,
        "n_novel": 413800
    },
    "@550000": {
        "validity": 0.9131581818181819,
        "uniqueness": 0.8305163636363636,
        "novelty": 0.8247745454545454,
        "n_valid": 502237,
        "n_unique": 456784,
        "n_novel": 453626
    },
    "@600000": {
        "validity": 0.9131716666666667,
        "uniqueness": 0.827685,
        "novelty": 0.8220966666666667,
        "n_valid": 547903,
        "n_unique": 496611,
        "n_novel": 493258
    },
    "@650000": {
        "validity": 0.9132815384615385,
        "uniqueness": 0.8252738461538461,
        "novelty": 0.8198476923076923,
        "n_valid": 593633,
        "n_unique": 536428,
        "n_novel": 532901
    },
    "@700000": {
        "validity": 0.9133371428571428,
        "uniqueness": 0.8226657142857143,
        "novelty": 0.8173957142857143,
        "n_valid": 639336,
        "n_unique": 575866,
        "n_novel": 572177
    },
    "@750000": {
        "validity": 0.9133106666666667,
        "uniqueness": 0.8203546666666667,
        "novelty": 0.8152506666666667,
        "n_valid": 684983,
        "n_unique": 615266,
        "n_novel": 611438
    },
    "@800000": {
        "validity": 0.9132225,
        "uniqueness": 0.81806375,
        "novelty": 0.81309125,
        "n_valid": 730578,
        "n_unique": 654451,
        "n_novel": 650473
    },
    "@850000": {
        "validity": 0.9132435294117647,
        "uniqueness": 0.8159082352941176,
        "novelty": 0.8110223529411764,
        "n_valid": 776257,
        "n_unique": 693522,
        "n_novel": 689369
    },
    "@900000": {
        "validity": 0.9131944444444444,
        "uniqueness": 0.81391,
        "novelty": 0.8091188888888889,
        "n_valid": 821875,
        "n_unique": 732519,
        "n_novel": 728207
    },
    "@950000": {
        "validity": 0.9132284210526316,
        "uniqueness": 0.8119894736842105,
        "novelty": 0.8073010526315789,
        "n_valid": 867567,
        "n_unique": 771390,
        "n_novel": 766936
    },
    "@1000000": {
        "validity": 0.913284,
        "uniqueness": 0.810121,
        "novelty": 0.805537,
        "n_valid": 913284,
        "n_unique": 810121,
        "n_novel": 805537
    }
}