{
    "@50000": {
        "validity": 0.97276,
        "uniqueness": 0.95576,
        "novelty": 0.93222,
        "n_valid": 48638,
        "n_unique": 47788,
        "n_novel": 46611
    },
    "@100000": {
        "validity": 0.97226,
        "uniqueness": 0.94547,
        "novelty": 0.92486,
        "n_valid": 97226,
        "n_unique": 94547,
        "n_novel": 92486
    },
    "@150000": {
        "validity": 0.97204,
        "uniqueness": 0.9380133333333334,
        "novelty": 0.9187733333333333,
        "n_valid": 145806,
        "n_unique": 140702,
        "n_novel": 137816
    },
    "@200000": {
        "validity": 0.97199,
        "uniqueness": 0.932425,
        "novelty": 0.91422,
        "n_valid": 194398,
        "n_unique": 186485,
        "n_novel": 182844
    },
    "@250000": {
        "validity": 0.972028,
        "uniqueness": 0.927408,
        "novelty": 0.909804,
        "n_valid": 243007,
        "n_unique": 231852,
        "n_novel": 227451
    },
    "@300000": {
        "validity": 0.9721033333333333,
        "uniqueness": 0.9231133333333333,
        "novelty": 0.9060966666666667,
        "n_valid": 291631,
        "n_unique": 276934,
        "n_novel": 271829
    },
    "@350000": {
        "validity": 0.9721085714285714,
        "uniqueness": 0.9192342857142857,
        "novelty": 0.9027542857142857,
        "n_valid": 340238,
        "n_unique": 321732,
        "n_novel": 315964
    },
    "@400000": {
        "validity": 0.9721775,
        "uniqueness": 0.9155825,
        "novelty": 0.899585,
        "n_valid": 388871,
        "n_unique": 366233,
        "n_novel": 359834
    },
    "@450000": {
        "validity": 0.97214,
        "uniqueness": 0.9121111111111111,
        "novelty": 0.8965688888888889,
        "n_valid": 437463,
        "n_unique": 410450,
        "n_novel": 403456
    },
    "@500000": {
        "validity": 0.972102,
        "uniqueness": 0.909176,
        "novelty": 0.893992,
        "n_valid": 486051,
        "n_unique": 454588,
        "n_novel": 446996
    },
    "@550000": {
        "validity": 0.9722527272727273,
        "uniqueness": 0.9063872727272727,
        "novelty": 0.8916327272727272,
        "n_valid": 534739,
        "n_unique": 498513,
        "n_novel": 490398
    },
    "@600000": {
        "validity": 0.9722233333333333,
        "uniqueness": 0.903755,
        "novelty": 0.8892866666666667,
        "n_valid": 583334,
        "n_unique": 542253,
        "n_novel": 533572
    },
    "@650000": {
        "validity": 0.9722323076923077,
        "uniqueness": 0.9011753846153846,
        "novelty": 0.8869261538461538,
        "n_valid": 631951,
        "n_unique": 585764,
        "n_novel": 576502
    },
    "@700000": {
        "validity": 0.97223,
        "uniqueness": 0.8986014285714286,
        "novelty": 0.8846414285714286,
        "n_valid": 680561,
        "n_unique": 629021,
        "n_novel": 619249
    },
    "@750000": {
        "validity": 0.9721773333333333,
        "uniqueness": 0.896324,
        "novelty": 0.8826653333333333,
        "n_valid": 729133,
        "n_unique": 672243,
        "n_novel": 661999
    },
    "@800000": {
        "validity": 0.9721825,
        "uniqueness": 0.89407375,
        "novelty": 0.8806975,
        "n_valid": 777746,
        "n_unique": 715259,
        "n_novel": 704558
    },
    "@850000": {
        "validity": 0.9722,
        "uniqueness": 0.8921035294117647,
        "novelty": 0.8789588235294118,
        "n_valid": 826370,
        "n_unique": 758288,
        "n_novel": 747115
    },
    "@900000": {
        "validity": 0.9721911111111111,
        "uniqueness": 0.8900844444444445,
        "novelty": 0.8771466666666666,
        "n_valid": 874972,
        "n_unique": 801076,
        "n_novel": 789432
    },
    "@950000": {
        "validity": 0.9721578947368421,
        "uniqueness": 0.8881221052631579,
        "novelty": 0.8754221052631579,
        "n_valid": 923550,
        "n_unique": 843716,
        "n_novel": 831651
    },
    "@1000000": {
        "validity": 0.97215,
        "uniqueness": 0.886412,
        "novelty": 0.873905,
        "n_valid": 972150,
        "n_unique": 886412,
        "n_novel": 873905
    }
}