{
    "@50000": {
        "validity": 0.9975,
        "uniqueness": 0.55934,
        "novelty": 0.5317,
        "n_valid": 49875,
        "n_unique": 27967,
        "n_novel": 26585
    },
    "@100000": {
        "validity": 0.99744,
        "uniqueness": 0.48962,
        "novelty": 0.46866,
        "n_valid": 99744,
        "n_unique": 48962,
        "n_novel": 46866
    },
    "@150000": {
        "validity": 0.99738,
        "uniqueness": 0.45053333333333334,
        "novelty": 0.43266,
        "n_valid": 149607,
        "n_unique": 67580,
        "n_novel": 64899
    },
    "@200000": {
        "validity": 0.997435,
        "uniqueness": 0.42512,
        "novelty": 0.409505,
        "n_valid": 199487,
        "n_unique": 85024,
        "n_novel": 81901
    },
    "@250000": {
        "validity": 0.997416,
        "uniqueness": 0.404572,
        "novelty": 0.39042,
        "n_valid": 249354,
        "n_unique": 101143,
        "n_novel": 97605
    },
    "@300000": {
        "validity": 0.9974033333333333,
        "uniqueness": 0.38827333333333336,
        "novelty": 0.3752466666666667,
        "n_valid": 299221,
        "n_unique": 116482,
        "n_novel": 112574
    },
    "@350000": {
        "validity": 0.9973885714285714,
        "uniqueness": 0.3747542857142857,
        "novelty": 0.3626742857142857,
        "n_valid": 349086,
        "n_unique": 131164,
        "n_novel": 126936
    },
    "@400000": {
        "validity": 0.9974175,
        "uniqueness": 0.3628575,
        "novelty": 0.3515975,
        "n_valid": 398967,
        "n_unique": 145143,
        "n_novel": 140639
    },
    "@450000": {
        "validity": 0.9974133333333334,
        "uniqueness": 0.3527511111111111,
        "novelty": 0.34207777777777776,
        "n_valid": 448836,
        "n_unique": 158738,
        "n_novel": 153935
    },
    "@500000": {
        "validity": 0.99743,
        "uniqueness": 0.343856,
        "novelty": 0.333738,
        "n_valid": 498715,
        "n_unique": 171928,
        "n_novel": 166869
    },
    "@550000": {
        "validity": 0.9974818181818181,
        "uniqueness": 0.33584,
        "novelty": 0.32616545454545454,
        "n_valid": 548615,
        "n_unique": 184712,
        "n_novel": 179391
    },
    "@600000": {
        "validity": 0.9974633333333334,
        "uniqueness": 0.32887,
        "novelty": 0.319595,
        "n_valid": 598478,
        "n_unique": 197322,
        "n_novel": 191757
    },
    "@650000": {
        "validity": 0.9974646153846154,
        "uniqueness": 0.3224553846153846,
        "novelty": 0.31352615384615384,
        "n_valid": 648352,
        "n_unique": 209596,
        "n_novel": 203792
    },
    "@700000": {
        "validity": 0.9974614285714286,
        "uniqueness": 0.3165942857142857,
        "novelty": 0.3079657142857143,
        "n_valid": 698223,
        "n_unique": 221616,
        "n_novel": 215576
    },
    "@750000": {
        "validity": 0.9974826666666666,
        "uniqueness": 0.3114613333333333,
        "novelty": 0.303104,
        "n_valid": 748112,
        "n_unique": 233596,
        "n_novel": 227328
    },
    "@800000": {
        "validity": 0.99749625,
        "uniqueness": 0.30660375,
        "novelty": 0.29850375,
        "n_valid": 797997,
        "n_unique": 245283,
        "n_novel": 238803
    },
    "@850000": {
        "validity": 0.9974729411764706,
        "uniqueness": 0.30198470588235293,
        "novelty": 0.2941270588235294,
        "n_valid": 847852,
        "n_unique": 256687,
        "n_novel": 250008
    },
    "@900000": {
        "validity": 0.9974566666666667,
        "uniqueness": 0.29753555555555555,
        "novelty": 0.28991333333333336,
        "n_valid": 897711,
        "n_unique": 267782,
        "n_novel": 260922
    },
    "@950000": {
        "validity": 0.9974242105263158,
        "uniqueness": 0.2935084210526316,
        "novelty": 0.28607263157894736,
        "n_valid": 947553,
        "n_unique": 278833,
        "n_novel": 271769
    },
    "@1000000": {
        "validity": 0.997403,
        "uniqueness": 0.289677,
        "novelty": 0.28242,
        "n_valid": 997403,
        "n_unique": 289677,
        "n_novel": 282420
    }
}