{
    "@50000": {
        "validity": 0.98512,
        "uniqueness": 0.93184,
        "novelty": 0.88842,
        "n_valid": 49256,
        "n_unique": 46592,
        "n_novel": 44421
    },
    "@100000": {
        "validity": 0.98487,
        "uniqueness": 0.91425,
        "novelty": 0.87562,
        "n_valid": 98487,
        "n_unique": 91425,
        "n_novel": 87562
    },
    "@150000": {
        "validity": 0.9848533333333334,
        "uniqueness": 0.90174,
        "novelty": 0.8663066666666667,
        "n_valid": 147728,
        "n_unique": 135261,
        "n_novel": 129946
    },
    "@200000": {
        "validity": 0.984865,
        "uniqueness": 0.892535,
        "novelty": 0.85911,
        "n_valid": 196973,
        "n_unique": 178507,
        "n_novel": 171822
    },
    "@250000": {
        "validity": 0.98484,
        "uniqueness": 0.883708,
        "novelty": 0.851976,
        "n_valid": 246210,
        "n_unique": 220927,
        "n_novel": 212994
    },
    "@300000": {
        "validity": 0.9847733333333333,
        "uniqueness": 0.8764466666666667,
        "novelty": 0.8463266666666667,
        "n_valid": 295432,
        "n_unique": 262934,
        "n_novel": 253898
    },
    "@350000": {
        "validity": 0.9845828571428571,
        "uniqueness": 0.8698971428571428,
        "novelty": 0.8409285714285715,
        "n_valid": 344604,
        "n_unique": 304464,
        "n_novel": 294325
    },
    "@400000": {
        "validity": 0.9846325,
        "uniqueness": 0.8645625,
        "novelty": 0.836815,
        "n_valid": 393853,
        "n_unique": 345825,
        "n_novel": 334726
    },
    "@450000": {
        "validity": 0.9846666666666667,
        "uniqueness": 0.8592911111111111,
        "novelty": 0.8325733333333334,
        "n_valid": 443100,
        "n_unique": 386681,
        "n_novel": 374658
    },
    "@500000": {
        "validity": 0.984646,
        "uniqueness": 0.854686,
        "novelty": 0.8289,
        "n_valid": 492323,
        "n_unique": 427343,
        "n_novel": 414450
    },
    "@550000": {
        "validity": 0.98464,
        "uniqueness": 0.8501727272727273,
        "novelty": 0.8251163636363636,
        "n_valid": 541552,
        "n_unique": 467595,
        "n_novel": 453814
    },
    "@600000": {
        "validity": 0.9846166666666667,
        "uniqueness": 0.845915,
        "novelty": 0.8215566666666667,
        "n_valid": 590770,
        "n_unique": 507549,
        "n_novel": 492934
    },
    "@650000": {
        "validity": 0.9846138461538462,
        "uniqueness": 0.8421076923076923,
        "novelty": 0.8183107692307693,
        "n_valid": 639999,
        "n_unique": 547370,
        "n_novel": 531902
    },
    "@700000": {
        "validity": 0.9846357142857143,
        "uniqueness": 0.8383585714285714,
        "novelty": 0.8151314285714286,
        "n_valid": 689245,
        "n_unique": 586851,
        "n_novel": 570592
    },
    "@750000": {
        "validity": 0.984624,
        "uniqueness": 0.8349573333333333,
        "novelty": 0.812228,
        "n_valid": 738468,
        "n_unique": 626218,
        "n_novel": 609171
    },
    "@800000": {
        "validity": 0.984615,
        "uniqueness": 0.83188375,
        "novelty": 0.80969,
        "n_valid": 787692,
        "n_unique": 665507,
        "n_novel": 647752
    },
    "@850000": {
        "validity": 0.9845717647058824,
        "uniqueness": 0.8287929411764706,
        "novelty": 0.8071082352941177,
        "n_valid": 836886,
        "n_unique": 704474,
        "n_novel": 686042
    },
    "@900000": {
        "validity": 0.9845788888888889,
        "uniqueness": 0.8259411111111111,
        "novelty": 0.80466,
        "n_valid": 886121,
        "n_unique": 743347,
        "n_novel": 724194
    },
    "@950000": {
        "validity": 0.9846157894736842,
        "uniqueness": 0.8230694736842106,
        "novelty": 0.8022147368421053,
        "n_valid": 935385,
        "n_unique": 781916,
        "n_novel": 762104
    },
    "@1000000": {
        "validity": 0.984609,
        "uniqueness": 0.820273,
        "novelty": 0.799783,
        "n_valid": 984609,
        "n_unique": 820273,
        "n_novel": 799783
    }
}