{
    "@50000": {
        "validity": 0.90276,
        "uniqueness": 0.83088,
        "novelty": 0.82296,
        "n_valid": 45138,
        "n_unique": 41544,
        "n_novel": 41148
    },
    "@100000": {
        "validity": 0.90261,
        "uniqueness": 0.80552,
        "novelty": 0.79923,
        "n_valid": 90261,
        "n_unique": 80552,
        "n_novel": 79923
    },
    "@150000": {
        "validity": 0.9025666666666666,
        "uniqueness": 0.7889,
        "novelty": 0.7835333333333333,
        "n_valid": 135385,
        "n_unique": 118335,
        "n_novel": 117530
    },
    "@200000": {
        "validity": 0.90192,
        "uniqueness": 0.775345,
        "novelty": 0.77063,
        "n_valid": 180384,
        "n_unique": 155069,
        "n_novel": 154126
    },
    "@250000": {
        "validity": 0.901424,
        "uniqueness": 0.76448,
        "novelty": 0.760204,
        "n_valid": 225356,
        "n_unique": 191120,
        "n_novel": 190051
    },
    "@300000": {
        "validity": 0.9014666666666666,
        "uniqueness": 0.7560066666666667,
        "novelty": 0.7520866666666667,
        "n_valid": 270440,
        "n_unique": 226802,
        "n_novel": 225626
    },
    "@350000": {
        "validity": 0.9011285714285714,
        "uniqueness": 0.7476828571428571,
        "novelty": 0.7440342857142858,
        "n_valid": 315395,
        "n_unique": 261689,
        "n_novel": 260412
    },
    "@400000": {
        "validity": 0.9013475,
        "uniqueness": 0.7411825,
        "novelty": 0.7377625,
        "n_valid": 360539,
        "n_unique": 296473,
        "n_novel": 295105
    },
    "@450000": {
        "validity": 0.9011266666666666,
        "uniqueness": 0.7352555555555556,
        "novelty": 0.7319511111111111,
        "n_valid": 405507,
        "n_unique": 330865,
        "n_novel": 329378
    },
    "@500000": {
        "validity": 0.901068,
        "uniqueness": 0.729696,
        "novelty": 0.726528,
        "n_valid": 450534,
        "n_unique": 364848,
        "n_novel": 363264
    },
    "@550000": {
        "validity": 0.9010872727272727,
        "uniqueness": 0.725,
        "novelty": 0.7219509090909091,
        "n_valid": 495598,
        "n_unique": 398750,
        "n_novel": 397073
    },
    "@600000": {
        "validity": 0.9011033333333334,
        "uniqueness": 0.7207466666666666,
        "novelty": 0.71783,
        "n_valid": 540662,
        "n_unique": 432448,
        "n_novel": 430698
    },
    "@650000": {
        "validity": 0.9011446153846154,
        "uniqueness": 0.7165892307692308,
        "novelty": 0.7137569230769231,
        "n_valid": 585744,
        "n_unique": 465783,
        "n_novel": 463942
    },
    "@700000": {
        "validity": 0.9011514285714286,
        "uniqueness": 0.71264,
        "novelty": 0.7098885714285714,
        "n_valid": 630806,
        "n_unique": 498848,
        "n_novel": 496922
    },
    "@750000": {
        "validity": 0.9012946666666667,
        "uniqueness": 0.708856,
        "novelty": 0.7062106666666667,
        "n_valid": 675971,
        "n_unique": 531642,
        "n_novel": 529658
    },
    "@800000": {
        "validity": 0.901295,
        "uniqueness": 0.70529125,
        "novelty": 0.70272,
        "n_valid": 721036,
        "n_unique": 564233,
        "n_novel": 562176
    },
    "@850000": {
        "validity": 0.9012505882352941,
        "uniqueness": 0.701615294117647,
        "novelty": 0.6991223529411764,
        "n_valid": 766063,
        "n_unique": 596373,
        "n_novel": 594254
    },
    "@900000": {
        "validity": 0.9012111111111111,
        "uniqueness": 0.6983877777777778,
        "novelty": 0.6959544444444444,
        "n_valid": 811090,
        "n_unique": 628549,
        "n_novel": 626359
    },
    "@950000": {
        "validity": 0.9011357894736842,
        "uniqueness": 0.6953694736842105,
        "novelty": 0.6930042105263158,
        "n_valid": 856079,
        "n_unique": 660601,
        "n_novel": 658354
    },
    "@1000000": {
        "validity": 0.90112,
        "uniqueness": 0.692461,
        "novelty": 0.690162,
        "n_valid": 901120,
        "n_unique": 692461,
        "n_novel": 690162
    }
}