{
    "@50000": {
        "validity": 0.90916,
        "uniqueness": 0.84534,
        "novelty": 0.82742,
        "n_valid": 45458,
        "n_unique": 42267,
        "n_novel": 41371
    },
    "@100000": {
        "validity": 0.90916,
        "uniqueness": 0.82313,
        "novelty": 0.80877,
        "n_valid": 90916,
        "n_unique": 82313,
        "n_novel": 80877
    },
    "@150000": {
        "validity": 0.9080133333333333,
        "uniqueness": 0.8077866666666667,
        "novelty": 0.7953466666666666,
        "n_valid": 136202,
        "n_unique": 121168,
        "n_novel": 119302
    },
    "@200000": {
        "validity": 0.907315,
        "uniqueness": 0.795835,
        "novelty": 0.78489,
        "n_valid": 181463,
        "n_unique": 159167,
        "n_novel": 156978
    },
    "@250000": {
        "validity": 0.907228,
        "uniqueness": 0.786808,
        "novelty": 0.77682,
        "n_valid": 226807,
        "n_unique": 196702,
        "n_novel": 194205
    },
    "@300000": {
        "validity": 0.9074733333333334,
        "uniqueness": 0.7799133333333333,
        "novelty": 0.7707433333333333,
        "n_valid": 272242,
        "n_unique": 233974,
        "n_novel": 231223
    },
    "@350000": {
        "validity": 0.9075685714285714,
        "uniqueness": 0.7732028571428572,
        "novelty": 0.7645885714285714,
        "n_valid": 317649,
        "n_unique": 270621,
        "n_novel": 267606
    },
    "@400000": {
        "validity": 0.9077175,
        "uniqueness": 0.7677725,
        "novelty": 0.759595,
        "n_valid": 363087,
        "n_unique": 307109,
        "n_novel": 303838
    },
    "@450000": {
        "validity": 0.9076088888888889,
        "uniqueness": 0.7626244444444444,
        "novelty": 0.7548444444444444,
        "n_valid": 408424,
        "n_unique": 343181,
        "n_novel": 339680
    },
    "@500000": {
        "validity": 0.907702,
        "uniqueness": 0.758384,
        "novelty": 0.751008,
        "n_valid": 453851,
        "n_unique": 379192,
        "n_novel": 375504
    },
    "@550000": {
        "validity": 0.9076963636363636,
        "uniqueness": 0.7539745454545455,
        "novelty": 0.74688,
        "n_valid": 499233,
        "n_unique": 414686,
        "n_novel": 410784
    },
    "@600000": {
        "validity": 0.9077633333333334,
        "uniqueness": 0.7501266666666667,
        "novelty": 0.7432633333333334,
        "n_valid": 544658,
        "n_unique": 450076,
        "n_novel": 445958
    },
    "@650000": {
        "validity": 0.9075707692307692,
        "uniqueness": 0.7461323076923077,
        "novelty": 0.7395323076923077,
        "n_valid": 589921,
        "n_unique": 484986,
        "n_novel": 480696
    },
    "@700000": {
        "validity": 0.9075157142857143,
        "uniqueness": 0.7427914285714285,
        "novelty": 0.7364342857142857,
        "n_valid": 635261,
        "n_unique": 519954,
        "n_novel": 515504
    },
    "@750000": {
        "validity": 0.9073453333333333,
        "uniqueness": 0.7393386666666667,
        "novelty": 0.7331853333333334,
        "n_valid": 680509,
        "n_unique": 554504,
        "n_novel": 549889
    },
    "@800000": {
        "validity": 0.90735125,
        "uniqueness": 0.7361575,
        "novelty": 0.73016875,
        "n_valid": 725881,
        "n_unique": 588926,
        "n_novel": 584135
    },
    "@850000": {
        "validity": 0.9073941176470588,
        "uniqueness": 0.7333541176470588,
        "novelty": 0.7275352941176471,
        "n_valid": 771285,
        "n_unique": 623351,
        "n_novel": 618405
    },
    "@900000": {
        "validity": 0.9074233333333334,
        "uniqueness": 0.7307511111111111,
        "novelty": 0.7251055555555556,
        "n_valid": 816681,
        "n_unique": 657676,
        "n_novel": 652595
    },
    "@950000": {
        "validity": 0.9074715789473684,
        "uniqueness": 0.7280494736842106,
        "novelty": 0.7225589473684211,
        "n_valid": 862098,
        "n_unique": 691647,
        "n_novel": 686431
    },
    "@1000000": {
        "validity": 0.907494,
        "uniqueness": 0.725595,
        "novelty": 0.72023,
        "n_valid": 907494,
        "n_unique": 725595,
        "n_novel": 720230
    }
}