{
    "@50000": {
        "validity": 0.87762,
        "uniqueness": 0.83554,
        "novelty": 0.81874,
        "n_valid": 43881,
        "n_unique": 41777,
        "n_novel": 40937
    },
    "@100000": {
        "validity": 0.87733,
        "uniqueness": 0.81939,
        "novelty": 0.80557,
        "n_valid": 87733,
        "n_unique": 81939,
        "n_novel": 80557
    },
    "@150000": {
        "validity": 0.8760866666666667,
        "uniqueness": 0.8079866666666666,
        "novelty": 0.7959,
        "n_valid": 131413,
        "n_unique": 121198,
        "n_novel": 119385
    },
    "@200000": {
        "validity": 0.875765,
        "uniqueness": 0.79892,
        "novelty": 0.78794,
        "n_valid": 175153,
        "n_unique": 159784,
        "n_novel": 157588
    },
    "@250000": {
        "validity": 0.875156,
        "uniqueness": 0.791744,
        "novelty": 0.781676,
        "n_valid": 218789,
        "n_unique": 197936,
        "n_novel": 195419
    },
    "@300000": {
        "validity": 0.87526,
        "uniqueness": 0.7865933333333334,
        "novelty": 0.7772033333333334,
        "n_valid": 262578,
        "n_unique": 235978,
        "n_novel": 233161
    },
    "@350000": {
        "validity": 0.8752514285714286,
        "uniqueness": 0.7816428571428572,
        "novelty": 0.7728142857142857,
        "n_valid": 306338,
        "n_unique": 273575,
        "n_novel": 270485
    },
    "@400000": {
        "validity": 0.87519,
        "uniqueness": 0.7776425,
        "novelty": 0.769205,
        "n_valid": 350076,
        "n_unique": 311057,
        "n_novel": 307682
    },
    "@450000": {
        "validity": 0.8750511111111111,
        "uniqueness": 0.7737444444444445,
        "novelty": 0.76564,
        "n_valid": 393773,
        "n_unique": 348185,
        "n_novel": 344538
    },
    "@500000": {
        "validity": 0.875366,
        "uniqueness": 0.77072,
        "novelty": 0.762926,
        "n_valid": 437683,
        "n_unique": 385360,
        "n_novel": 381463
    },
    "@550000": {
        "validity": 0.8750327272727273,
        "uniqueness": 0.7671636363636364,
        "novelty": 0.7596054545454546,
        "n_valid": 481268,
        "n_unique": 421940,
        "n_novel": 417783
    },
    "@600000": {
        "validity": 0.87495,
        "uniqueness": 0.7642266666666667,
        "novelty": 0.7568983333333333,
        "n_valid": 524970,
        "n_unique": 458536,
        "n_novel": 454139
    },
    "@650000": {
        "validity": 0.8750307692307693,
        "uniqueness": 0.7613815384615384,
        "novelty": 0.7543061538461538,
        "n_valid": 568770,
        "n_unique": 494898,
        "n_novel": 490299
    },
    "@700000": {
        "validity": 0.8749442857142857,
        "uniqueness": 0.7588628571428572,
        "novelty": 0.7520371428571428,
        "n_valid": 612461,
        "n_unique": 531204,
        "n_novel": 526426
    },
    "@750000": {
        "validity": 0.874792,
        "uniqueness": 0.7561693333333334,
        "novelty": 0.749528,
        "n_valid": 656094,
        "n_unique": 567127,
        "n_novel": 562146
    },
    "@800000": {
        "validity": 0.87476125,
        "uniqueness": 0.75379125,
        "novelty": 0.74731875,
        "n_valid": 699809,
        "n_unique": 603033,
        "n_novel": 597855
    },
    "@850000": {
        "validity": 0.8748082352941177,
        "uniqueness": 0.751644705882353,
        "novelty": 0.7453235294117647,
        "n_valid": 743587,
        "n_unique": 638898,
        "n_novel": 633525
    },
    "@900000": {
        "validity": 0.8747933333333333,
        "uniqueness": 0.74961,
        "novelty": 0.74344,
        "n_valid": 787314,
        "n_unique": 674649,
        "n_novel": 669096
    },
    "@950000": {
        "validity": 0.8748463157894737,
        "uniqueness": 0.7474915789473684,
        "novelty": 0.7414705263157895,
        "n_valid": 831104,
        "n_unique": 710117,
        "n_novel": 704397
    },
    "@1000000": {
        "validity": 0.874846,
        "uniqueness": 0.745617,
        "novelty": 0.739716,
        "n_valid": 874846,
        "n_unique": 745617,
        "n_novel": 739716
    }
}