{
    "@50000": {
        "validity": 0.87902,
        "uniqueness": 0.6949,
        "novelty": 0.68408,
        "n_valid": 43951,
        "n_unique": 34745,
        "n_novel": 34204
    },
    "@100000": {
        "validity": 0.88017,
        "uniqueness": 0.65977,
        "novelty": 0.65165,
        "n_valid": 88017,
        "n_unique": 65977,
        "n_novel": 65165
    },
    "@150000": {
        "validity": 0.88026,
        "uniqueness": 0.6384266666666667,
        "novelty": 0.6317266666666667,
        "n_valid": 132039,
        "n_unique": 95764,
        "n_novel": 94759
    },
    "@200000": {
        "validity": 0.880195,
        "uniqueness": 0.623815,
        "novelty": 0.61796,
        "n_valid": 176039,
        "n_unique": 124763,
        "n_novel": 123592
    },
    "@250000": {
        "validity": 0.880356,
        "uniqueness": 0.611716,
        "novelty": 0.606488,
        "n_valid": 220089,
        "n_unique": 152929,
        "n_novel": 151622
    },
    "@300000": {
        "validity": 0.8801533333333333,
        "uniqueness": 0.6020366666666667,
        "novelty": 0.59732,
        "n_valid": 264046,
        "n_unique": 180611,
        "n_novel": 179196
    },
    "@350000": {
        "validity": 0.8807371428571429,
        "uniqueness": 0.5941057142857142,
        "novelty": 0.5897485714285714,
        "n_valid": 308258,
        "n_unique": 207937,
        "n_novel": 206412
    },
    "@400000": {
        "validity": 0.88063,
        "uniqueness": 0.5866175,
        "novelty": 0.5825475,
        "n_valid": 352252,
        "n_unique": 234647,
        "n_novel": 233019
    },
    "@450000": {
        "validity": 0.8803066666666667,
        "uniqueness": 0.5802177777777778,
        "novelty": 0.5763866666666667,
        "n_valid": 396138,
        "n_unique": 261098,
        "n_novel": 259374
    },
    "@500000": {
        "validity": 0.88022,
        "uniqueness": 0.574418,
        "novelty": 0.570782,
        "n_valid": 440110,
        "n_unique": 287209,
        "n_novel": 285391
    },
    "@550000": {
        "validity": 0.8800563636363636,
        "uniqueness": 0.5694163636363636,
        "novelty": 0.5659763636363636,
        "n_valid": 484031,
        "n_unique": 313179,
        "n_novel": 311287
    },
    "@600000": {
        "validity": 0.8798866666666667,
        "uniqueness": 0.5647066666666667,
        "novelty": 0.561415,
        "n_valid": 527932,
        "n_unique": 338824,
        "n_novel": 336849
    },
    "@650000": {
        "validity": 0.8798246153846154,
        "uniqueness": 0.5605353846153847,
        "novelty": 0.5573769230769231,
        "n_valid": 571886,
        "n_unique": 364348,
        "n_novel": 362295
    },
    "@700000": {
        "validity": 0.8798985714285714,
        "uniqueness": 0.55682,
        "novelty": 0.5537671428571429,
        "n_valid": 615929,
        "n_unique": 389774,
        "n_novel": 387637
    },
    "@750000": {
        "validity": 0.8799573333333334,
        "uniqueness": 0.553012,
        "novelty": 0.5500653333333333,
        "n_valid": 659968,
        "n_unique": 414759,
        "n_novel": 412549
    },
    "@800000": {
        "validity": 0.879875,
        "uniqueness": 0.54976875,
        "novelty": 0.54690625,
        "n_valid": 703900,
        "n_unique": 439815,
        "n_novel": 437525
    },
    "@850000": {
        "validity": 0.8799023529411765,
        "uniqueness": 0.546795294117647,
        "novelty": 0.5440164705882353,
        "n_valid": 747917,
        "n_unique": 464776,
        "n_novel": 462414
    },
    "@900000": {
        "validity": 0.87974,
        "uniqueness": 0.5437177777777777,
        "novelty": 0.5410122222222222,
        "n_valid": 791766,
        "n_unique": 489346,
        "n_novel": 486911
    },
    "@950000": {
        "validity": 0.8796894736842106,
        "uniqueness": 0.5410315789473684,
        "novelty": 0.5384063157894737,
        "n_valid": 835705,
        "n_unique": 513980,
        "n_novel": 511486
    },
    "@1000000": {
        "validity": 0.87968,
        "uniqueness": 0.538199,
        "novelty": 0.535636,
        "n_valid": 879680,
        "n_unique": 538199,
        "n_novel": 535636
    }
}