{
    "@50000": {
        "validity": 0.86486,
        "uniqueness": 0.66,
        "novelty": 0.64912,
        "n_valid": 43243,
        "n_unique": 33000,
        "n_novel": 32456
    },
    "@100000": {
        "validity": 0.86392,
        "uniqueness": 0.62337,
        "novelty": 0.61541,
        "n_valid": 86392,
        "n_unique": 62337,
        "n_novel": 61541
    },
    "@150000": {
        "validity": 0.8632333333333333,
        "uniqueness": 0.6012466666666667,
        "novelty": 0.5946933333333333,
        "n_valid": 129485,
        "n_unique": 90187,
        "n_novel": 89204
    },
    "@200000": {
        "validity": 0.86291,
        "uniqueness": 0.58647,
        "novelty": 0.580805,
        "n_valid": 172582,
        "n_unique": 117294,
        "n_novel": 116161
    },
    "@250000": {
        "validity": 0.862868,
        "uniqueness": 0.574892,
        "novelty": 0.56984,
        "n_valid": 215717,
        "n_unique": 143723,
        "n_novel": 142460
    },
    "@300000": {
        "validity": 0.8625766666666667,
        "uniqueness": 0.5649566666666667,
        "novelty": 0.5603433333333333,
        "n_valid": 258773,
        "n_unique": 169487,
        "n_novel": 168103
    },
    "@350000": {
        "validity": 0.8626314285714286,
        "uniqueness": 0.5564257142857143,
        "novelty": 0.5520942857142858,
        "n_valid": 301921,
        "n_unique": 194749,
        "n_novel": 193233
    },
    "@400000": {
        "validity": 0.8626425,
        "uniqueness": 0.5490625,
        "novelty": 0.545015,
        "n_valid": 345057,
        "n_unique": 219625,
        "n_novel": 218006
    },
    "@450000": {
        "validity": 0.8627266666666666,
        "uniqueness": 0.5426022222222222,
        "novelty": 0.5387777777777778,
        "n_valid": 388227,
        "n_unique": 244171,
        "n_novel": 242450
    },
    "@500000": {
        "validity": 0.862546,
        "uniqueness": 0.537188,
        "novelty": 0.533572,
        "n_valid": 431273,
        "n_unique": 268594,
        "n_novel": 266786
    },
    "@550000": {
        "validity": 0.8625290909090909,
        "uniqueness": 0.53196,
        "novelty": 0.5285254545454545,
        "n_valid": 474391,
        "n_unique": 292578,
        "n_novel": 290689
    },
    "@600000": {
        "validity": 0.8624733333333333,
        "uniqueness": 0.5272416666666667,
        "novelty": 0.52397,
        "n_valid": 517484,
        "n_unique": 316345,
        "n_novel": 314382
    },
    "@650000": {
        "validity": 0.86242,
        "uniqueness": 0.5227307692307692,
        "novelty": 0.5195815384615384,
        "n_valid": 560573,
        "n_unique": 339775,
        "n_novel": 337728
    },
    "@700000": {
        "validity": 0.86242,
        "uniqueness": 0.5186828571428571,
        "novelty": 0.5156542857142857,
        "n_valid": 603694,
        "n_unique": 363078,
        "n_novel": 360958
    },
    "@750000": {
        "validity": 0.8624346666666667,
        "uniqueness": 0.515024,
        "novelty": 0.512112,
        "n_valid": 646826,
        "n_unique": 386268,
        "n_novel": 384084
    },
    "@800000": {
        "validity": 0.86218375,
        "uniqueness": 0.511405,
        "novelty": 0.50860625,
        "n_valid": 689747,
        "n_unique": 409124,
        "n_novel": 406885
    },
    "@850000": {
        "validity": 0.8622764705882353,
        "uniqueness": 0.5080458823529411,
        "novelty": 0.5053235294117647,
        "n_valid": 732935,
        "n_unique": 431839,
        "n_novel": 429525
    },
    "@900000": {
        "validity": 0.8622011111111111,
        "uniqueness": 0.5049255555555555,
        "novelty": 0.5022766666666667,
        "n_valid": 775981,
        "n_unique": 454433,
        "n_novel": 452049
    },
    "@950000": {
        "validity": 0.8621863157894737,
        "uniqueness": 0.5021747368421052,
        "novelty": 0.4996084210526316,
        "n_valid": 819077,
        "n_unique": 477066,
        "n_novel": 474628
    },
    "@1000000": {
        "validity": 0.862212,
        "uniqueness": 0.49948,
        "novelty": 0.496987,
        "n_valid": 862212,
        "n_unique": 499480,
        "n_novel": 496987
    }
}