{
    "@50000": {
        "validity": 0.5323,
        "uniqueness": 0.49678,
        "novelty": 0.47588,
        "n_valid": 26615,
        "n_unique": 24839,
        "n_novel": 23794
    },
    "@100000": {
        "validity": 0.53335,
        "uniqueness": 0.4859,
        "novelty": 0.46716,
        "n_valid": 53335,
        "n_unique": 48590,
        "n_novel": 46716
    },
    "@150000": {
        "validity": 0.53324,
        "uniqueness": 0.47839333333333334,
        "novelty": 0.4611266666666667,
        "n_valid": 79986,
        "n_unique": 71759,
        "n_novel": 69169
    },
    "@200000": {
        "validity": 0.53395,
        "uniqueness": 0.47282,
        "novelty": 0.456805,
        "n_valid": 106790,
        "n_unique": 94564,
        "n_novel": 91361
    },
    "@250000": {
        "validity": 0.534712,
        "uniqueness": 0.46838,
        "novelty": 0.453116,
        "n_valid": 133678,
        "n_unique": 117095,
        "n_novel": 113279
    },
    "@300000": {
        "validity": 0.53466,
        "uniqueness": 0.4642366666666667,
        "novelty": 0.44965666666666665,
        "n_valid": 160398,
        "n_unique": 139271,
        "n_novel": 134897
    },
    "@350000": {
        "validity": 0.5345457142857143,
        "uniqueness": 0.46001714285714285,
        "novelty": 0.44608285714285717,
        "n_valid": 187091,
        "n_unique": 161006,
        "n_novel": 156129
    },
    "@400000": {
        "validity": 0.5347825,
        "uniqueness": 0.4568175,
        "novelty": 0.443405,
        "n_valid": 213913,
        "n_unique": 182727,
        "n_novel": 177362
    },
    "@450000": {
        "validity": 0.5347022222222222,
        "uniqueness": 0.45377555555555554,
        "novelty": 0.4409,
        "n_valid": 240616,
        "n_unique": 204199,
        "n_novel": 198405
    },
    "@500000": {
        "validity": 0.53452,
        "uniqueness": 0.45089,
        "novelty": 0.438466,
        "n_valid": 267260,
        "n_unique": 225445,
        "n_novel": 219233
    },
    "@550000": {
        "validity": 0.5342090909090909,
        "uniqueness": 0.4481381818181818,
        "novelty": 0.43608545454545455,
        "n_valid": 293815,
        "n_unique": 246476,
        "n_novel": 239847
    },
    "@600000": {
        "validity": 0.534375,
        "uniqueness": 0.44575333333333333,
        "novelty": 0.4340733333333333,
        "n_valid": 320625,
        "n_unique": 267452,
        "n_novel": 260444
    },
    "@650000": {
        "validity": 0.5342138461538462,
        "uniqueness": 0.4431430769230769,
        "novelty": 0.43174769230769233,
        "n_valid": 347239,
        "n_unique": 288043,
        "n_novel": 280636
    },
    "@700000": {
        "validity": 0.5342857142857143,
        "uniqueness": 0.4408957142857143,
        "novelty": 0.42982857142857145,
        "n_valid": 374000,
        "n_unique": 308627,
        "n_novel": 300880
    },
    "@750000": {
        "validity": 0.5342693333333334,
        "uniqueness": 0.4388586666666667,
        "novelty": 0.42806,
        "n_valid": 400702,
        "n_unique": 329144,
        "n_novel": 321045
    },
    "@800000": {
        "validity": 0.53444125,
        "uniqueness": 0.43706875,
        "novelty": 0.42651875,
        "n_valid": 427553,
        "n_unique": 349655,
        "n_novel": 341215
    },
    "@850000": {
        "validity": 0.53444,
        "uniqueness": 0.4353,
        "novelty": 0.42496235294117646,
        "n_valid": 454274,
        "n_unique": 370005,
        "n_novel": 361218
    },
    "@900000": {
        "validity": 0.5344655555555555,
        "uniqueness": 0.4335611111111111,
        "novelty": 0.4234588888888889,
        "n_valid": 481019,
        "n_unique": 390205,
        "n_novel": 381113
    },
    "@950000": {
        "validity": 0.5344715789473684,
        "uniqueness": 0.4319789473684211,
        "novelty": 0.42206315789473686,
        "n_valid": 507748,
        "n_unique": 410380,
        "n_novel": 400960
    },
    "@1000000": {
        "validity": 0.534708,
        "uniqueness": 0.430506,
        "novelty": 0.420778,
        "n_valid": 534708,
        "n_unique": 430506,
        "n_novel": 420778
    }
}