{
    "@50000": {
        "validity": 0.97516,
        "uniqueness": 0.95188,
        "novelty": 0.92772,
        "n_valid": 48758,
        "n_unique": 47594,
        "n_novel": 46386
    },
    "@100000": {
        "validity": 0.97518,
        "uniqueness": 0.93927,
        "novelty": 0.918,
        "n_valid": 97518,
        "n_unique": 93927,
        "n_novel": 91800
    },
    "@150000": {
        "validity": 0.97508,
        "uniqueness": 0.9300866666666666,
        "novelty": 0.91044,
        "n_valid": 146262,
        "n_unique": 139513,
        "n_novel": 136566
    },
    "@200000": {
        "validity": 0.97516,
        "uniqueness": 0.922985,
        "novelty": 0.904435,
        "n_valid": 195032,
        "n_unique": 184597,
        "n_novel": 180887
    },
    "@250000": {
        "validity": 0.975204,
        "uniqueness": 0.916744,
        "novelty": 0.899084,
        "n_valid": 243801,
        "n_unique": 229186,
        "n_novel": 224771
    },
    "@300000": {
        "validity": 0.9752533333333333,
        "uniqueness": 0.9111433333333333,
        "novelty": 0.8941733333333334,
        "n_valid": 292576,
        "n_unique": 273343,
        "n_novel": 268252
    },
    "@350000": {
        "validity": 0.9753,
        "uniqueness": 0.9062942857142857,
        "novelty": 0.8899742857142857,
        "n_valid": 341355,
        "n_unique": 317203,
        "n_novel": 311491
    },
    "@400000": {
        "validity": 0.9754125,
        "uniqueness": 0.901865,
        "novelty": 0.88604,
        "n_valid": 390165,
        "n_unique": 360746,
        "n_novel": 354416
    },
    "@450000": {
        "validity": 0.9753888888888889,
        "uniqueness": 0.8977,
        "novelty": 0.8823644444444444,
        "n_valid": 438925,
        "n_unique": 403965,
        "n_novel": 397064
    },
    "@500000": {
        "validity": 0.975474,
        "uniqueness": 0.894182,
        "novelty": 0.879272,
        "n_valid": 487737,
        "n_unique": 447091,
        "n_novel": 439636
    },
    "@550000": {
        "validity": 0.9755927272727273,
        "uniqueness": 0.8907672727272727,
        "novelty": 0.8763018181818182,
        "n_valid": 536576,
        "n_unique": 489922,
        "n_novel": 481966
    },
    "@600000": {
        "validity": 0.97561,
        "uniqueness": 0.8875166666666666,
        "novelty": 0.8733483333333333,
        "n_valid": 585366,
        "n_unique": 532510,
        "n_novel": 524009
    },
    "@650000": {
        "validity": 0.9755753846153846,
        "uniqueness": 0.8844107692307692,
        "novelty": 0.8705646153846154,
        "n_valid": 634124,
        "n_unique": 574867,
        "n_novel": 565867
    },
    "@700000": {
        "validity": 0.9755814285714286,
        "uniqueness": 0.8813442857142857,
        "novelty": 0.8677942857142857,
        "n_valid": 682907,
        "n_unique": 616941,
        "n_novel": 607456
    },
    "@750000": {
        "validity": 0.9755813333333333,
        "uniqueness": 0.8785613333333333,
        "novelty": 0.8653226666666667,
        "n_valid": 731686,
        "n_unique": 658921,
        "n_novel": 648992
    },
    "@800000": {
        "validity": 0.975635,
        "uniqueness": 0.87592125,
        "novelty": 0.86299,
        "n_valid": 780508,
        "n_unique": 700737,
        "n_novel": 690392
    },
    "@850000": {
        "validity": 0.9756635294117647,
        "uniqueness": 0.8735164705882353,
        "novelty": 0.8608376470588235,
        "n_valid": 829314,
        "n_unique": 742489,
        "n_novel": 731712
    },
    "@900000": {
        "validity": 0.9756133333333333,
        "uniqueness": 0.8709544444444445,
        "novelty": 0.8584944444444444,
        "n_valid": 878052,
        "n_unique": 783859,
        "n_novel": 772645
    },
    "@950000": {
        "validity": 0.9755852631578947,
        "uniqueness": 0.8685642105263158,
        "novelty": 0.8563473684210526,
        "n_valid": 926806,
        "n_unique": 825136,
        "n_novel": 813530
    },
    "@1000000": {
        "validity": 0.975556,
        "uniqueness": 0.866453,
        "novelty": 0.854454,
        "n_valid": 975556,
        "n_unique": 866453,
        "n_novel": 854454
    }
}