{
    "@50000": {
        "validity": 0.9881,
        "uniqueness": 0.60176,
        "novelty": 0.57942,
        "n_valid": 49405,
        "n_unique": 30088,
        "n_novel": 28971
    },
    "@100000": {
        "validity": 0.98845,
        "uniqueness": 0.54847,
        "novelty": 0.53111,
        "n_valid": 98845,
        "n_unique": 54847,
        "n_novel": 53111
    },
    "@150000": {
        "validity": 0.9886,
        "uniqueness": 0.5168466666666667,
        "novelty": 0.5020466666666666,
        "n_valid": 148290,
        "n_unique": 77527,
        "n_novel": 75307
    },
    "@200000": {
        "validity": 0.98851,
        "uniqueness": 0.493185,
        "novelty": 0.479965,
        "n_valid": 197702,
        "n_unique": 98637,
        "n_novel": 95993
    },
    "@250000": {
        "validity": 0.98864,
        "uniqueness": 0.475696,
        "novelty": 0.463824,
        "n_valid": 247160,
        "n_unique": 118924,
        "n_novel": 115956
    },
    "@300000": {
        "validity": 0.98857,
        "uniqueness": 0.4617966666666667,
        "novelty": 0.45098666666666665,
        "n_valid": 296571,
        "n_unique": 138539,
        "n_novel": 135296
    },
    "@350000": {
        "validity": 0.9885228571428571,
        "uniqueness": 0.44994285714285714,
        "novelty": 0.43989428571428574,
        "n_valid": 345983,
        "n_unique": 157480,
        "n_novel": 153963
    },
    "@400000": {
        "validity": 0.988525,
        "uniqueness": 0.4399075,
        "novelty": 0.4304075,
        "n_valid": 395410,
        "n_unique": 175963,
        "n_novel": 172163
    },
    "@450000": {
        "validity": 0.9885088888888889,
        "uniqueness": 0.43074666666666667,
        "novelty": 0.42178,
        "n_valid": 444829,
        "n_unique": 193836,
        "n_novel": 189801
    },
    "@500000": {
        "validity": 0.988532,
        "uniqueness": 0.422442,
        "novelty": 0.413934,
        "n_valid": 494266,
        "n_unique": 211221,
        "n_novel": 206967
    },
    "@550000": {
        "validity": 0.9886563636363637,
        "uniqueness": 0.4156254545454545,
        "novelty": 0.40750363636363635,
        "n_valid": 543761,
        "n_unique": 228594,
        "n_novel": 224127
    },
    "@600000": {
        "validity": 0.9886,
        "uniqueness": 0.40887,
        "novelty": 0.4011166666666667,
        "n_valid": 593160,
        "n_unique": 245322,
        "n_novel": 240670
    },
    "@650000": {
        "validity": 0.9886307692307692,
        "uniqueness": 0.40285846153846155,
        "novelty": 0.3954030769230769,
        "n_valid": 642610,
        "n_unique": 261858,
        "n_novel": 257012
    },
    "@700000": {
        "validity": 0.9886314285714286,
        "uniqueness": 0.3973771428571429,
        "novelty": 0.39017285714285715,
        "n_valid": 692042,
        "n_unique": 278164,
        "n_novel": 273121
    },
    "@750000": {
        "validity": 0.988628,
        "uniqueness": 0.3921946666666667,
        "novelty": 0.3852,
        "n_valid": 741471,
        "n_unique": 294146,
        "n_novel": 288900
    },
    "@800000": {
        "validity": 0.98865875,
        "uniqueness": 0.38747125,
        "novelty": 0.3806925,
        "n_valid": 790927,
        "n_unique": 309977,
        "n_novel": 304554
    },
    "@850000": {
        "validity": 0.9886611764705883,
        "uniqueness": 0.3831952941176471,
        "novelty": 0.37659764705882354,
        "n_valid": 840362,
        "n_unique": 325716,
        "n_novel": 320108
    },
    "@900000": {
        "validity": 0.9886222222222222,
        "uniqueness": 0.3789688888888889,
        "novelty": 0.37254777777777776,
        "n_valid": 889760,
        "n_unique": 341072,
        "n_novel": 335293
    },
    "@950000": {
        "validity": 0.9886621052631579,
        "uniqueness": 0.3750515789473684,
        "novelty": 0.36878105263157895,
        "n_valid": 939229,
        "n_unique": 356299,
        "n_novel": 350342
    },
    "@1000000": {
        "validity": 0.988673,
        "uniqueness": 0.371479,
        "novelty": 0.365359,
        "n_valid": 988673,
        "n_unique": 371479,
        "n_novel": 365359
    }
}