{
    "@50000": {
        "validity": 0.88936,
        "uniqueness": 0.84694,
        "novelty": 0.82686,
        "n_valid": 44468,
        "n_unique": 42347,
        "n_novel": 41343
    },
    "@100000": {
        "validity": 0.88919,
        "uniqueness": 0.82972,
        "novelty": 0.81313,
        "n_valid": 88919,
        "n_unique": 82972,
        "n_novel": 81313
    },
    "@150000": {
        "validity": 0.8902266666666667,
        "uniqueness": 0.8179,
        "novelty": 0.80294,
        "n_valid": 133534,
        "n_unique": 122685,
        "n_novel": 120441
    },
    "@200000": {
        "validity": 0.88967,
        "uniqueness": 0.808465,
        "novelty": 0.79473,
        "n_valid": 177934,
        "n_unique": 161693,
        "n_novel": 158946
    },
    "@250000": {
        "validity": 0.889384,
        "uniqueness": 0.800876,
        "novelty": 0.788244,
        "n_valid": 222346,
        "n_unique": 200219,
        "n_novel": 197061
    },
    "@300000": {
        "validity": 0.8894866666666666,
        "uniqueness": 0.7942766666666666,
        "novelty": 0.7824133333333333,
        "n_valid": 266846,
        "n_unique": 238283,
        "n_novel": 234724
    },
    "@350000": {
        "validity": 0.8894142857142857,
        "uniqueness": 0.7886257142857143,
        "novelty": 0.7774085714285714,
        "n_valid": 311295,
        "n_unique": 276019,
        "n_novel": 272093
    },
    "@400000": {
        "validity": 0.8897125,
        "uniqueness": 0.7839025,
        "novelty": 0.77325,
        "n_valid": 355885,
        "n_unique": 313561,
        "n_novel": 309300
    },
    "@450000": {
        "validity": 0.8897866666666666,
        "uniqueness": 0.7791377777777778,
        "novelty": 0.7690022222222223,
        "n_valid": 400404,
        "n_unique": 350612,
        "n_novel": 346051
    },
    "@500000": {
        "validity": 0.88983,
        "uniqueness": 0.775098,
        "novelty": 0.765402,
        "n_valid": 444915,
        "n_unique": 387549,
        "n_novel": 382701
    },
    "@550000": {
        "validity": 0.8899763636363637,
        "uniqueness": 0.7712454545454546,
        "novelty": 0.7618763636363637,
        "n_valid": 489487,
        "n_unique": 424185,
        "n_novel": 419032
    },
    "@600000": {
        "validity": 0.8898183333333334,
        "uniqueness": 0.767515,
        "novelty": 0.7584216666666667,
        "n_valid": 533891,
        "n_unique": 460509,
        "n_novel": 455053
    },
    "@650000": {
        "validity": 0.8897630769230769,
        "uniqueness": 0.7641692307692308,
        "novelty": 0.7553430769230769,
        "n_valid": 578346,
        "n_unique": 496710,
        "n_novel": 490973
    },
    "@700000": {
        "validity": 0.8897585714285714,
        "uniqueness": 0.7611714285714286,
        "novelty": 0.7525714285714286,
        "n_valid": 622831,
        "n_unique": 532820,
        "n_novel": 526800
    },
    "@750000": {
        "validity": 0.8897986666666666,
        "uniqueness": 0.758324,
        "novelty": 0.749956,
        "n_valid": 667349,
        "n_unique": 568743,
        "n_novel": 562467
    },
    "@800000": {
        "validity": 0.88989375,
        "uniqueness": 0.7556175,
        "novelty": 0.74747375,
        "n_valid": 711915,
        "n_unique": 604494,
        "n_novel": 597979
    },
    "@850000": {
        "validity": 0.8899811764705883,
        "uniqueness": 0.7531988235294118,
        "novelty": 0.7452294117647059,
        "n_valid": 756484,
        "n_unique": 640219,
        "n_novel": 633445
    },
    "@900000": {
        "validity": 0.8899688888888889,
        "uniqueness": 0.7506033333333333,
        "novelty": 0.7428355555555556,
        "n_valid": 800972,
        "n_unique": 675543,
        "n_novel": 668552
    },
    "@950000": {
        "validity": 0.8900473684210526,
        "uniqueness": 0.748278947368421,
        "novelty": 0.7406873684210526,
        "n_valid": 845545,
        "n_unique": 710865,
        "n_novel": 703653
    },
    "@1000000": {
        "validity": 0.889993,
        "uniqueness": 0.745967,
        "novelty": 0.738547,
        "n_valid": 889993,
        "n_unique": 745967,
        "n_novel": 738547
    }
}