{
    "@50000": {
        "validity": 0.99672,
        "uniqueness": 0.67718,
        "novelty": 0.6393,
        "n_valid": 49836,
        "n_unique": 33859,
        "n_novel": 31965
    },
    "@100000": {
        "validity": 0.99661,
        "uniqueness": 0.59573,
        "novelty": 0.56979,
        "n_valid": 99661,
        "n_unique": 59573,
        "n_novel": 56979
    },
    "@150000": {
        "validity": 0.9966733333333333,
        "uniqueness": 0.54676,
        "novelty": 0.5263133333333333,
        "n_valid": 149501,
        "n_unique": 82014,
        "n_novel": 78947
    },
    "@200000": {
        "validity": 0.9967,
        "uniqueness": 0.512385,
        "novelty": 0.495065,
        "n_valid": 199340,
        "n_unique": 102477,
        "n_novel": 99013
    },
    "@250000": {
        "validity": 0.996836,
        "uniqueness": 0.485744,
        "novelty": 0.470752,
        "n_valid": 249209,
        "n_unique": 121436,
        "n_novel": 117688
    },
    "@300000": {
        "validity": 0.9968066666666666,
        "uniqueness": 0.4648933333333333,
        "novelty": 0.45156,
        "n_valid": 299042,
        "n_unique": 139468,
        "n_novel": 135468
    },
    "@350000": {
        "validity": 0.9967542857142857,
        "uniqueness": 0.44659714285714286,
        "novelty": 0.43455714285714286,
        "n_valid": 348864,
        "n_unique": 156309,
        "n_novel": 152095
    },
    "@400000": {
        "validity": 0.9967,
        "uniqueness": 0.431095,
        "novelty": 0.42013,
        "n_valid": 398680,
        "n_unique": 172438,
        "n_novel": 168052
    },
    "@450000": {
        "validity": 0.99674,
        "uniqueness": 0.41751555555555553,
        "novelty": 0.40744,
        "n_valid": 448533,
        "n_unique": 187882,
        "n_novel": 183348
    },
    "@500000": {
        "validity": 0.99677,
        "uniqueness": 0.4059,
        "novelty": 0.396562,
        "n_valid": 498385,
        "n_unique": 202950,
        "n_novel": 198281
    },
    "@550000": {
        "validity": 0.9967818181818182,
        "uniqueness": 0.39505454545454544,
        "novelty": 0.3863381818181818,
        "n_valid": 548230,
        "n_unique": 217280,
        "n_novel": 212486
    },
    "@600000": {
        "validity": 0.9968283333333333,
        "uniqueness": 0.38543333333333335,
        "novelty": 0.37724,
        "n_valid": 598097,
        "n_unique": 231260,
        "n_novel": 226344
    },
    "@650000": {
        "validity": 0.9968507692307692,
        "uniqueness": 0.3769707692307692,
        "novelty": 0.36922615384615387,
        "n_valid": 647953,
        "n_unique": 245031,
        "n_novel": 239997
    },
    "@700000": {
        "validity": 0.9968857142857143,
        "uniqueness": 0.36917714285714287,
        "novelty": 0.36186285714285715,
        "n_valid": 697820,
        "n_unique": 258424,
        "n_novel": 253304
    },
    "@750000": {
        "validity": 0.9969093333333333,
        "uniqueness": 0.361832,
        "novelty": 0.3548826666666667,
        "n_valid": 747682,
        "n_unique": 271374,
        "n_novel": 266162
    },
    "@800000": {
        "validity": 0.9969125,
        "uniqueness": 0.35523875,
        "novelty": 0.348625,
        "n_valid": 797530,
        "n_unique": 284191,
        "n_novel": 278900
    },
    "@850000": {
        "validity": 0.9968905882352941,
        "uniqueness": 0.3487129411764706,
        "novelty": 0.34239882352941176,
        "n_valid": 847357,
        "n_unique": 296406,
        "n_novel": 291039
    },
    "@900000": {
        "validity": 0.9968911111111111,
        "uniqueness": 0.3427866666666667,
        "novelty": 0.3367266666666667,
        "n_valid": 897202,
        "n_unique": 308508,
        "n_novel": 303054
    },
    "@950000": {
        "validity": 0.9968947368421053,
        "uniqueness": 0.3372810526315789,
        "novelty": 0.33147263157894735,
        "n_valid": 947050,
        "n_unique": 320417,
        "n_novel": 314899
    },
    "@1000000": {
        "validity": 0.996908,
        "uniqueness": 0.332048,
        "novelty": 0.326459,
        "n_valid": 996908,
        "n_unique": 332048,
        "n_novel": 326459
    }
}