{
    "@50000": {
        "validity": 0.97826,
        "uniqueness": 0.4366,
        "novelty": 0.42156,
        "n_valid": 48913,
        "n_unique": 21830,
        "n_novel": 21078
    },
    "@100000": {
        "validity": 0.97824,
        "uniqueness": 0.37938,
        "novelty": 0.3689,
        "n_valid": 97824,
        "n_unique": 37938,
        "n_novel": 36890
    },
    "@150000": {
        "validity": 0.9781,
        "uniqueness": 0.34754666666666667,
        "novelty": 0.3389666666666667,
        "n_valid": 146715,
        "n_unique": 52132,
        "n_novel": 50845
    },
    "@200000": {
        "validity": 0.977825,
        "uniqueness": 0.32532,
        "novelty": 0.317815,
        "n_valid": 195565,
        "n_unique": 65064,
        "n_novel": 63563
    },
    "@250000": {
        "validity": 0.97786,
        "uniqueness": 0.308756,
        "novelty": 0.302092,
        "n_valid": 244465,
        "n_unique": 77189,
        "n_novel": 75523
    },
    "@300000": {
        "validity": 0.9779766666666667,
        "uniqueness": 0.2962066666666667,
        "novelty": 0.29013333333333335,
        "n_valid": 293393,
        "n_unique": 88862,
        "n_novel": 87040
    },
    "@350000": {
        "validity": 0.9780371428571428,
        "uniqueness": 0.2857828571428571,
        "novelty": 0.2802428571428571,
        "n_valid": 342313,
        "n_unique": 100024,
        "n_novel": 98085
    },
    "@400000": {
        "validity": 0.9781925,
        "uniqueness": 0.27645,
        "novelty": 0.2712975,
        "n_valid": 391277,
        "n_unique": 110580,
        "n_novel": 108519
    },
    "@450000": {
        "validity": 0.9780911111111111,
        "uniqueness": 0.26829555555555556,
        "novelty": 0.26348444444444447,
        "n_valid": 440141,
        "n_unique": 120733,
        "n_novel": 118568
    },
    "@500000": {
        "validity": 0.978026,
        "uniqueness": 0.261716,
        "novelty": 0.257154,
        "n_valid": 489013,
        "n_unique": 130858,
        "n_novel": 128577
    },
    "@550000": {
        "validity": 0.9781036363636364,
        "uniqueness": 0.25531272727272725,
        "novelty": 0.25097636363636366,
        "n_valid": 537957,
        "n_unique": 140422,
        "n_novel": 138037
    },
    "@600000": {
        "validity": 0.97805,
        "uniqueness": 0.24964333333333333,
        "novelty": 0.24550666666666668,
        "n_valid": 586830,
        "n_unique": 149786,
        "n_novel": 147304
    },
    "@650000": {
        "validity": 0.9780384615384615,
        "uniqueness": 0.24448461538461538,
        "novelty": 0.24051846153846154,
        "n_valid": 635725,
        "n_unique": 158915,
        "n_novel": 156337
    },
    "@700000": {
        "validity": 0.97805,
        "uniqueness": 0.24007142857142857,
        "novelty": 0.23623285714285713,
        "n_valid": 684635,
        "n_unique": 168050,
        "n_novel": 165363
    },
    "@750000": {
        "validity": 0.978016,
        "uniqueness": 0.23589866666666667,
        "novelty": 0.23220133333333334,
        "n_valid": 733512,
        "n_unique": 176924,
        "n_novel": 174151
    },
    "@800000": {
        "validity": 0.9780425,
        "uniqueness": 0.2321275,
        "novelty": 0.22858125,
        "n_valid": 782434,
        "n_unique": 185702,
        "n_novel": 182865
    },
    "@850000": {
        "validity": 0.9780705882352941,
        "uniqueness": 0.22837294117647058,
        "novelty": 0.22494705882352942,
        "n_valid": 831360,
        "n_unique": 194117,
        "n_novel": 191205
    },
    "@900000": {
        "validity": 0.9780444444444445,
        "uniqueness": 0.22490666666666667,
        "novelty": 0.22159777777777778,
        "n_valid": 880240,
        "n_unique": 202416,
        "n_novel": 199438
    },
    "@950000": {
        "validity": 0.9780442105263157,
        "uniqueness": 0.22180105263157895,
        "novelty": 0.21859368421052633,
        "n_valid": 929142,
        "n_unique": 210711,
        "n_novel": 207664
    },
    "@1000000": {
        "validity": 0.978027,
        "uniqueness": 0.218917,
        "novelty": 0.2158,
        "n_valid": 978027,
        "n_unique": 218917,
        "n_novel": 215800
    }
}