{
    "@50000": {
        "validity": 0.87896,
        "uniqueness": 0.84048,
        "novelty": 0.83224,
        "n_valid": 43948,
        "n_unique": 42024,
        "n_novel": 41612
    },
    "@100000": {
        "validity": 0.87869,
        "uniqueness": 0.82461,
        "novelty": 0.81755,
        "n_valid": 87869,
        "n_unique": 82461,
        "n_novel": 81755
    },
    "@150000": {
        "validity": 0.8802733333333334,
        "uniqueness": 0.8162133333333333,
        "novelty": 0.80998,
        "n_valid": 132041,
        "n_unique": 122432,
        "n_novel": 121497
    },
    "@200000": {
        "validity": 0.88052,
        "uniqueness": 0.808785,
        "novelty": 0.803065,
        "n_valid": 176104,
        "n_unique": 161757,
        "n_novel": 160613
    },
    "@250000": {
        "validity": 0.880348,
        "uniqueness": 0.802128,
        "novelty": 0.79684,
        "n_valid": 220087,
        "n_unique": 200532,
        "n_novel": 199210
    },
    "@300000": {
        "validity": 0.8807966666666667,
        "uniqueness": 0.7971966666666667,
        "novelty": 0.7921933333333333,
        "n_valid": 264239,
        "n_unique": 239159,
        "n_novel": 237658
    },
    "@350000": {
        "validity": 0.8805771428571428,
        "uniqueness": 0.7922285714285714,
        "novelty": 0.7874857142857142,
        "n_valid": 308202,
        "n_unique": 277280,
        "n_novel": 275620
    },
    "@400000": {
        "validity": 0.880635,
        "uniqueness": 0.78786,
        "novelty": 0.78332,
        "n_valid": 352254,
        "n_unique": 315144,
        "n_novel": 313328
    },
    "@450000": {
        "validity": 0.8805488888888889,
        "uniqueness": 0.7839688888888889,
        "novelty": 0.7795622222222223,
        "n_valid": 396247,
        "n_unique": 352786,
        "n_novel": 350803
    },
    "@500000": {
        "validity": 0.88043,
        "uniqueness": 0.780368,
        "novelty": 0.7761,
        "n_valid": 440215,
        "n_unique": 390184,
        "n_novel": 388050
    },
    "@550000": {
        "validity": 0.8806236363636364,
        "uniqueness": 0.7773436363636363,
        "novelty": 0.7732036363636363,
        "n_valid": 484343,
        "n_unique": 427539,
        "n_novel": 425262
    },
    "@600000": {
        "validity": 0.8806666666666667,
        "uniqueness": 0.7745333333333333,
        "novelty": 0.7705366666666666,
        "n_valid": 528400,
        "n_unique": 464720,
        "n_novel": 462322
    },
    "@650000": {
        "validity": 0.8807584615384615,
        "uniqueness": 0.7719123076923077,
        "novelty": 0.7679815384615385,
        "n_valid": 572493,
        "n_unique": 501743,
        "n_novel": 499188
    },
    "@700000": {
        "validity": 0.8808371428571429,
        "uniqueness": 0.7693628571428571,
        "novelty": 0.7655257142857143,
        "n_valid": 616586,
        "n_unique": 538554,
        "n_novel": 535868
    },
    "@750000": {
        "validity": 0.8808453333333334,
        "uniqueness": 0.7668066666666666,
        "novelty": 0.7631093333333333,
        "n_valid": 660634,
        "n_unique": 575105,
        "n_novel": 572332
    },
    "@800000": {
        "validity": 0.88091875,
        "uniqueness": 0.7643975,
        "novelty": 0.760785,
        "n_valid": 704735,
        "n_unique": 611518,
        "n_novel": 608628
    },
    "@850000": {
        "validity": 0.8810117647058824,
        "uniqueness": 0.7622223529411765,
        "novelty": 0.7586835294117648,
        "n_valid": 748860,
        "n_unique": 647889,
        "n_novel": 644881
    },
    "@900000": {
        "validity": 0.88092,
        "uniqueness": 0.7600122222222222,
        "novelty": 0.7565422222222222,
        "n_valid": 792828,
        "n_unique": 684011,
        "n_novel": 680888
    },
    "@950000": {
        "validity": 0.8809547368421052,
        "uniqueness": 0.7579852631578947,
        "novelty": 0.7546031578947369,
        "n_valid": 836907,
        "n_unique": 720086,
        "n_novel": 716873
    },
    "@1000000": {
        "validity": 0.880987,
        "uniqueness": 0.756005,
        "novelty": 0.752695,
        "n_valid": 880987,
        "n_unique": 756005,
        "n_novel": 752695
    }
}