{
    "@50000": {
        "validity": 0.99212,
        "uniqueness": 0.86388,
        "novelty": 0.80832,
        "n_valid": 49606,
        "n_unique": 43194,
        "n_novel": 40416
    },
    "@100000": {
        "validity": 0.99168,
        "uniqueness": 0.82026,
        "novelty": 0.77438,
        "n_valid": 99168,
        "n_unique": 82026,
        "n_novel": 77438
    },
    "@150000": {
        "validity": 0.9916333333333334,
        "uniqueness": 0.7918933333333333,
        "novelty": 0.7511866666666667,
        "n_valid": 148745,
        "n_unique": 118784,
        "n_novel": 112678
    },
    "@200000": {
        "validity": 0.991645,
        "uniqueness": 0.771195,
        "novelty": 0.73417,
        "n_valid": 198329,
        "n_unique": 154239,
        "n_novel": 146834
    },
    "@250000": {
        "validity": 0.991608,
        "uniqueness": 0.753928,
        "novelty": 0.71964,
        "n_valid": 247902,
        "n_unique": 188482,
        "n_novel": 179910
    },
    "@300000": {
        "validity": 0.9916633333333333,
        "uniqueness": 0.73993,
        "novelty": 0.7078933333333334,
        "n_valid": 297499,
        "n_unique": 221979,
        "n_novel": 212368
    },
    "@350000": {
        "validity": 0.9917314285714286,
        "uniqueness": 0.7273857142857143,
        "novelty": 0.6971514285714285,
        "n_valid": 347106,
        "n_unique": 254585,
        "n_novel": 244003
    },
    "@400000": {
        "validity": 0.9916225,
        "uniqueness": 0.7167325,
        "novelty": 0.688,
        "n_valid": 396649,
        "n_unique": 286693,
        "n_novel": 275200
    },
    "@450000": {
        "validity": 0.9917111111111111,
        "uniqueness": 0.70736,
        "novelty": 0.6799466666666667,
        "n_valid": 446270,
        "n_unique": 318312,
        "n_novel": 305976
    },
    "@500000": {
        "validity": 0.9917,
        "uniqueness": 0.698632,
        "novelty": 0.672306,
        "n_valid": 495850,
        "n_unique": 349316,
        "n_novel": 336153
    },
    "@550000": {
        "validity": 0.9917563636363637,
        "uniqueness": 0.6906690909090909,
        "novelty": 0.6653890909090909,
        "n_valid": 545466,
        "n_unique": 379868,
        "n_novel": 365964
    },
    "@600000": {
        "validity": 0.9918083333333333,
        "uniqueness": 0.6834683333333333,
        "novelty": 0.658995,
        "n_valid": 595085,
        "n_unique": 410081,
        "n_novel": 395397
    },
    "@650000": {
        "validity": 0.9918030769230769,
        "uniqueness": 0.6767138461538461,
        "novelty": 0.6530384615384616,
        "n_valid": 644672,
        "n_unique": 439864,
        "n_novel": 424475
    },
    "@700000": {
        "validity": 0.99175,
        "uniqueness": 0.6704614285714285,
        "novelty": 0.6475071428571428,
        "n_valid": 694225,
        "n_unique": 469323,
        "n_novel": 453255
    },
    "@750000": {
        "validity": 0.991732,
        "uniqueness": 0.6646226666666667,
        "novelty": 0.6423093333333333,
        "n_valid": 743799,
        "n_unique": 498467,
        "n_novel": 481732
    },
    "@800000": {
        "validity": 0.99174125,
        "uniqueness": 0.65896375,
        "novelty": 0.6371875,
        "n_valid": 793393,
        "n_unique": 527171,
        "n_novel": 509750
    },
    "@850000": {
        "validity": 0.99176,
        "uniqueness": 0.6538529411764706,
        "novelty": 0.6326670588235294,
        "n_valid": 842996,
        "n_unique": 555775,
        "n_novel": 537767
    },
    "@900000": {
        "validity": 0.9917477777777778,
        "uniqueness": 0.6489277777777778,
        "novelty": 0.6282233333333334,
        "n_valid": 892573,
        "n_unique": 584035,
        "n_novel": 565401
    },
    "@950000": {
        "validity": 0.9917736842105264,
        "uniqueness": 0.6444168421052632,
        "novelty": 0.6241968421052632,
        "n_valid": 942185,
        "n_unique": 612196,
        "n_novel": 592987
    },
    "@1000000": {
        "validity": 0.991773,
        "uniqueness": 0.640082,
        "novelty": 0.620306,
        "n_valid": 991773,
        "n_unique": 640082,
        "n_novel": 620306
    }
}