{
    "@50000": {
        "validity": 0.971,
        "uniqueness": 0.1561,
        "novelty": 0.15118,
        "n_valid": 48550,
        "n_unique": 7805,
        "n_novel": 7559
    },
    "@100000": {
        "validity": 0.97115,
        "uniqueness": 0.12961,
        "novelty": 0.12632,
        "n_valid": 97115,
        "n_unique": 12961,
        "n_novel": 12632
    },
    "@150000": {
        "validity": 0.9711733333333333,
        "uniqueness": 0.11593333333333333,
        "novelty": 0.11343333333333333,
        "n_valid": 145676,
        "n_unique": 17390,
        "n_novel": 17015
    },
    "@200000": {
        "validity": 0.971055,
        "uniqueness": 0.10663,
        "novelty": 0.10457,
        "n_valid": 194211,
        "n_unique": 21326,
        "n_novel": 20914
    },
    "@250000": {
        "validity": 0.970888,
        "uniqueness": 0.099988,
        "novelty": 0.098212,
        "n_valid": 242722,
        "n_unique": 24997,
        "n_novel": 24553
    },
    "@300000": {
        "validity": 0.97104,
        "uniqueness": 0.09487333333333334,
        "novelty": 0.09328333333333333,
        "n_valid": 291312,
        "n_unique": 28462,
        "n_novel": 27985
    },
    "@350000": {
        "validity": 0.9711885714285714,
        "uniqueness": 0.09088571428571429,
        "novelty": 0.08946857142857143,
        "n_valid": 339916,
        "n_unique": 31810,
        "n_novel": 31314
    },
    "@400000": {
        "validity": 0.97116,
        "uniqueness": 0.087215,
        "novelty": 0.0859425,
        "n_valid": 388464,
        "n_unique": 34886,
        "n_novel": 34377
    },
    "@450000": {
        "validity": 0.9711622222222223,
        "uniqueness": 0.08427333333333334,
        "novelty": 0.08309777777777778,
        "n_valid": 437023,
        "n_unique": 37923,
        "n_novel": 37394
    },
    "@500000": {
        "validity": 0.971072,
        "uniqueness": 0.081742,
        "novelty": 0.08065,
        "n_valid": 485536,
        "n_unique": 40871,
        "n_novel": 40325
    },
    "@550000": {
        "validity": 0.9711290909090909,
        "uniqueness": 0.07942363636363636,
        "novelty": 0.0784,
        "n_valid": 534121,
        "n_unique": 43683,
        "n_novel": 43120
    },
    "@600000": {
        "validity": 0.9711083333333334,
        "uniqueness": 0.07739833333333333,
        "novelty": 0.07643333333333334,
        "n_valid": 582665,
        "n_unique": 46439,
        "n_novel": 45860
    },
    "@650000": {
        "validity": 0.9710584615384615,
        "uniqueness": 0.07551692307692308,
        "novelty": 0.0746,
        "n_valid": 631188,
        "n_unique": 49086,
        "n_novel": 48490
    },
    "@700000": {
        "validity": 0.9710642857142857,
        "uniqueness": 0.07402857142857143,
        "novelty": 0.07315714285714285,
        "n_valid": 679745,
        "n_unique": 51820,
        "n_novel": 51210
    },
    "@750000": {
        "validity": 0.97112,
        "uniqueness": 0.07253066666666666,
        "novelty": 0.07170133333333334,
        "n_valid": 728340,
        "n_unique": 54398,
        "n_novel": 53776
    },
    "@800000": {
        "validity": 0.97107125,
        "uniqueness": 0.0711325,
        "novelty": 0.07034625,
        "n_valid": 776857,
        "n_unique": 56906,
        "n_novel": 56277
    },
    "@850000": {
        "validity": 0.9711129411764706,
        "uniqueness": 0.06987529411764706,
        "novelty": 0.06912,
        "n_valid": 825446,
        "n_unique": 59394,
        "n_novel": 58752
    },
    "@900000": {
        "validity": 0.9711166666666666,
        "uniqueness": 0.06861222222222223,
        "novelty": 0.06788888888888889,
        "n_valid": 874005,
        "n_unique": 61751,
        "n_novel": 61100
    },
    "@950000": {
        "validity": 0.9710357894736842,
        "uniqueness": 0.0674421052631579,
        "novelty": 0.06674526315789474,
        "n_valid": 922484,
        "n_unique": 64070,
        "n_novel": 63408
    },
    "@1000000": {
        "validity": 0.970993,
        "uniqueness": 0.066425,
        "novelty": 0.065748,
        "n_valid": 970993,
        "n_unique": 66425,
        "n_novel": 65748
    }
}