{
    "@50000": {
        "validity": 0.54898,
        "uniqueness": 0.54694,
        "novelty": 0.54322,
        "n_valid": 27449,
        "n_unique": 27347,
        "n_novel": 27161
    },
    "@100000": {
        "validity": 0.54697,
        "uniqueness": 0.54356,
        "novelty": 0.54014,
        "n_valid": 54697,
        "n_unique": 54356,
        "n_novel": 54014
    },
    "@150000": {
        "validity": 0.5471533333333334,
        "uniqueness": 0.5427466666666667,
        "novelty": 0.5395533333333333,
        "n_valid": 82073,
        "n_unique": 81412,
        "n_novel": 80933
    },
    "@200000": {
        "validity": 0.547465,
        "uniqueness": 0.54218,
        "novelty": 0.53909,
        "n_valid": 109493,
        "n_unique": 108436,
        "n_novel": 107818
    },
    "@250000": {
        "validity": 0.547132,
        "uniqueness": 0.54122,
        "novelty": 0.538264,
        "n_valid": 136783,
        "n_unique": 135305,
        "n_novel": 134566
    },
    "@300000": {
        "validity": 0.5474266666666666,
        "uniqueness": 0.54094,
        "novelty": 0.5381766666666666,
        "n_valid": 164228,
        "n_unique": 162282,
        "n_novel": 161453
    },
    "@350000": {
        "validity": 0.54748,
        "uniqueness": 0.5404142857142857,
        "novelty": 0.53768,
        "n_valid": 191618,
        "n_unique": 189145,
        "n_novel": 188188
    },
    "@400000": {
        "validity": 0.5475975,
        "uniqueness": 0.5401325,
        "novelty": 0.537455,
        "n_valid": 219039,
        "n_unique": 216053,
        "n_novel": 214982
    },
    "@450000": {
        "validity": 0.5481377777777777,
        "uniqueness": 0.5402555555555556,
        "novelty": 0.5376111111111112,
        "n_valid": 246662,
        "n_unique": 243115,
        "n_novel": 241925
    },
    "@500000": {
        "validity": 0.548014,
        "uniqueness": 0.539746,
        "novelty": 0.537192,
        "n_valid": 274007,
        "n_unique": 269873,
        "n_novel": 268596
    },
    "@550000": {
        "validity": 0.5480490909090909,
        "uniqueness": 0.5393709090909091,
        "novelty": 0.5368618181818182,
        "n_valid": 301427,
        "n_unique": 296654,
        "n_novel": 295274
    },
    "@600000": {
        "validity": 0.548295,
        "uniqueness": 0.5391666666666667,
        "novelty": 0.5367233333333333,
        "n_valid": 328977,
        "n_unique": 323500,
        "n_novel": 322034
    },
    "@650000": {
        "validity": 0.5484861538461538,
        "uniqueness": 0.5389846153846154,
        "novelty": 0.5365661538461538,
        "n_valid": 356516,
        "n_unique": 350340,
        "n_novel": 348768
    },
    "@700000": {
        "validity": 0.5483471428571428,
        "uniqueness": 0.5385071428571429,
        "novelty": 0.53614,
        "n_valid": 383843,
        "n_unique": 376955,
        "n_novel": 375298
    },
    "@750000": {
        "validity": 0.548396,
        "uniqueness": 0.5382986666666667,
        "novelty": 0.5359866666666666,
        "n_valid": 411297,
        "n_unique": 403724,
        "n_novel": 401990
    },
    "@800000": {
        "validity": 0.54827625,
        "uniqueness": 0.53785875,
        "novelty": 0.535565,
        "n_valid": 438621,
        "n_unique": 430287,
        "n_novel": 428452
    },
    "@850000": {
        "validity": 0.5484023529411765,
        "uniqueness": 0.5376964705882353,
        "novelty": 0.5354541176470589,
        "n_valid": 466142,
        "n_unique": 457042,
        "n_novel": 455136
    },
    "@900000": {
        "validity": 0.5481911111111111,
        "uniqueness": 0.5372355555555556,
        "novelty": 0.5350055555555555,
        "n_valid": 493372,
        "n_unique": 483512,
        "n_novel": 481505
    },
    "@950000": {
        "validity": 0.5482747368421053,
        "uniqueness": 0.53706,
        "novelty": 0.5348642105263158,
        "n_valid": 520861,
        "n_unique": 510207,
        "n_novel": 508121
    },
    "@1000000": {
        "validity": 0.548117,
        "uniqueness": 0.536662,
        "novelty": 0.534502,
        "n_valid": 548117,
        "n_unique": 536662,
        "n_novel": 534502
    }
}