{
    "@50000": {
        "validity": 0.80644,
        "uniqueness": 0.80494,
        "novelty": 0.80102,
        "n_valid": 40322,
        "n_unique": 40247,
        "n_novel": 40051
    },
    "@100000": {
        "validity": 0.80436,
        "uniqueness": 0.80243,
        "novelty": 0.79869,
        "n_valid": 80436,
        "n_unique": 80243,
        "n_novel": 79869
    },
    "@150000": {
        "validity": 0.8056666666666666,
        "uniqueness": 0.8031066666666666,
        "novelty": 0.79936,
        "n_valid": 120850,
        "n_unique": 120466,
        "n_novel": 119904
    },
    "@200000": {
        "validity": 0.80568,
        "uniqueness": 0.802785,
        "novelty": 0.79902,
        "n_valid": 161136,
        "n_unique": 160557,
        "n_novel": 159804
    },
    "@250000": {
        "validity": 0.806212,
        "uniqueness": 0.802912,
        "novelty": 0.799208,
        "n_valid": 201553,
        "n_unique": 200728,
        "n_novel": 199802
    },
    "@300000": {
        "validity": 0.8059866666666666,
        "uniqueness": 0.8024466666666666,
        "novelty": 0.7987733333333333,
        "n_valid": 241796,
        "n_unique": 240734,
        "n_novel": 239632
    },
    "@350000": {
        "validity": 0.80628,
        "uniqueness": 0.8024,
        "novelty": 0.7988,
        "n_valid": 282198,
        "n_unique": 280840,
        "n_novel": 279580
    },
    "@400000": {
        "validity": 0.8059525,
        "uniqueness": 0.80174,
        "novelty": 0.798225,
        "n_valid": 322381,
        "n_unique": 320696,
        "n_novel": 319290
    },
    "@450000": {
        "validity": 0.8061022222222223,
        "uniqueness": 0.8016444444444445,
        "novelty": 0.7981955555555555,
        "n_valid": 362746,
        "n_unique": 360740,
        "n_novel": 359188
    },
    "@500000": {
        "validity": 0.806224,
        "uniqueness": 0.801516,
        "novelty": 0.798084,
        "n_valid": 403112,
        "n_unique": 400758,
        "n_novel": 399042
    },
    "@550000": {
        "validity": 0.8063781818181818,
        "uniqueness": 0.8014218181818182,
        "novelty": 0.7979818181818182,
        "n_valid": 443508,
        "n_unique": 440782,
        "n_novel": 438890
    },
    "@600000": {
        "validity": 0.8062733333333333,
        "uniqueness": 0.8010866666666666,
        "novelty": 0.79768,
        "n_valid": 483764,
        "n_unique": 480652,
        "n_novel": 478608
    },
    "@650000": {
        "validity": 0.8063076923076923,
        "uniqueness": 0.8008907692307692,
        "novelty": 0.7975446153846154,
        "n_valid": 524100,
        "n_unique": 520579,
        "n_novel": 518404
    },
    "@700000": {
        "validity": 0.8063257142857143,
        "uniqueness": 0.8006957142857143,
        "novelty": 0.79737,
        "n_valid": 564428,
        "n_unique": 560487,
        "n_novel": 558159
    },
    "@750000": {
        "validity": 0.8063506666666667,
        "uniqueness": 0.8005346666666666,
        "novelty": 0.7972586666666667,
        "n_valid": 604763,
        "n_unique": 600401,
        "n_novel": 597944
    },
    "@800000": {
        "validity": 0.80642125,
        "uniqueness": 0.8004075,
        "novelty": 0.797165,
        "n_valid": 645137,
        "n_unique": 640326,
        "n_novel": 637732
    },
    "@850000": {
        "validity": 0.8064435294117647,
        "uniqueness": 0.8002517647058823,
        "novelty": 0.7970494117647059,
        "n_valid": 685477,
        "n_unique": 680214,
        "n_novel": 677492
    },
    "@900000": {
        "validity": 0.8063755555555555,
        "uniqueness": 0.8000022222222222,
        "novelty": 0.7968244444444444,
        "n_valid": 725738,
        "n_unique": 720002,
        "n_novel": 717142
    },
    "@950000": {
        "validity": 0.8065273684210527,
        "uniqueness": 0.7999589473684211,
        "novelty": 0.796798947368421,
        "n_valid": 766201,
        "n_unique": 759961,
        "n_novel": 756959
    },
    "@1000000": {
        "validity": 0.806604,
        "uniqueness": 0.799898,
        "novelty": 0.796784,
        "n_valid": 806604,
        "n_unique": 799898,
        "n_novel": 796784
    }
}