{
    "train_loss": [
        0.7148840844631195,
        0.6067584097385407,
        0.542660927772522,
        0.5088148355484009,
        0.4890765130519867,
        0.4641603767871857
    ],
    "val_loss": [
        0.6454135477542877,
        0.6351998448371887,
        0.6202009916305542,
        0.6385035365819931,
        0.6503738313913345,
        0.6591917127370834
    ]
}