{
    "@50000": {
        "validity": 0.82944,
        "uniqueness": 0.82794,
        "novelty": 0.82246,
        "n_valid": 41472,
        "n_unique": 41397,
        "n_novel": 41123
    },
    "@100000": {
        "validity": 0.82723,
        "uniqueness": 0.82486,
        "novelty": 0.81955,
        "n_valid": 82723,
        "n_unique": 82486,
        "n_novel": 81955
    },
    "@150000": {
        "validity": 0.82728,
        "uniqueness": 0.8245733333333334,
        "novelty": 0.81942,
        "n_valid": 124092,
        "n_unique": 123686,
        "n_novel": 122913
    },
    "@200000": {
        "validity": 0.82699,
        "uniqueness": 0.82377,
        "novelty": 0.81864,
        "n_valid": 165398,
        "n_unique": 164754,
        "n_novel": 163728
    },
    "@250000": {
        "validity": 0.827024,
        "uniqueness": 0.823188,
        "novelty": 0.81814,
        "n_valid": 206756,
        "n_unique": 205797,
        "n_novel": 204535
    },
    "@300000": {
        "validity": 0.8270366666666666,
        "uniqueness": 0.82275,
        "novelty": 0.8177366666666667,
        "n_valid": 248111,
        "n_unique": 246825,
        "n_novel": 245321
    },
    "@350000": {
        "validity": 0.82672,
        "uniqueness": 0.8220342857142857,
        "novelty": 0.8171257142857142,
        "n_valid": 289352,
        "n_unique": 287712,
        "n_novel": 285994
    },
    "@400000": {
        "validity": 0.8266025,
        "uniqueness": 0.821475,
        "novelty": 0.8166725,
        "n_valid": 330641,
        "n_unique": 328590,
        "n_novel": 326669
    },
    "@450000": {
        "validity": 0.8266066666666667,
        "uniqueness": 0.8211111111111111,
        "novelty": 0.8163888888888889,
        "n_valid": 371973,
        "n_unique": 369500,
        "n_novel": 367375
    },
    "@500000": {
        "validity": 0.826352,
        "uniqueness": 0.820524,
        "novelty": 0.815844,
        "n_valid": 413176,
        "n_unique": 410262,
        "n_novel": 407922
    },
    "@550000": {
        "validity": 0.8264018181818181,
        "uniqueness": 0.8202218181818182,
        "novelty": 0.8155672727272727,
        "n_valid": 454521,
        "n_unique": 451122,
        "n_novel": 448562
    },
    "@600000": {
        "validity": 0.8264933333333333,
        "uniqueness": 0.8200183333333333,
        "novelty": 0.8154316666666667,
        "n_valid": 495896,
        "n_unique": 492011,
        "n_novel": 489259
    },
    "@650000": {
        "validity": 0.82644,
        "uniqueness": 0.8196230769230769,
        "novelty": 0.8151015384615384,
        "n_valid": 537186,
        "n_unique": 532755,
        "n_novel": 529816
    },
    "@700000": {
        "validity": 0.8261614285714286,
        "uniqueness": 0.8190528571428571,
        "novelty": 0.8145628571428571,
        "n_valid": 578313,
        "n_unique": 573337,
        "n_novel": 570194
    },
    "@750000": {
        "validity": 0.826072,
        "uniqueness": 0.8187066666666667,
        "novelty": 0.8142946666666667,
        "n_valid": 619554,
        "n_unique": 614030,
        "n_novel": 610721
    },
    "@800000": {
        "validity": 0.826055,
        "uniqueness": 0.81842375,
        "novelty": 0.8140525,
        "n_valid": 660844,
        "n_unique": 654739,
        "n_novel": 651242
    },
    "@850000": {
        "validity": 0.8260329411764706,
        "uniqueness": 0.8181176470588235,
        "novelty": 0.8137964705882353,
        "n_valid": 702128,
        "n_unique": 695400,
        "n_novel": 691727
    },
    "@900000": {
        "validity": 0.8261466666666667,
        "uniqueness": 0.8179855555555555,
        "novelty": 0.8136988888888889,
        "n_valid": 743532,
        "n_unique": 736187,
        "n_novel": 732329
    },
    "@950000": {
        "validity": 0.82624,
        "uniqueness": 0.8178105263157894,
        "novelty": 0.813558947368421,
        "n_valid": 784928,
        "n_unique": 776920,
        "n_novel": 772881
    },
    "@1000000": {
        "validity": 0.826295,
        "uniqueness": 0.817659,
        "novelty": 0.813436,
        "n_valid": 826295,
        "n_unique": 817659,
        "n_novel": 813436
    }
}