{
    "@50000": {
        "validity": 0.85358,
        "uniqueness": 0.85062,
        "novelty": 0.841,
        "n_valid": 42679,
        "n_unique": 42531,
        "n_novel": 42050
    },
    "@100000": {
        "validity": 0.8529,
        "uniqueness": 0.84777,
        "novelty": 0.83834,
        "n_valid": 85290,
        "n_unique": 84777,
        "n_novel": 83834
    },
    "@150000": {
        "validity": 0.85312,
        "uniqueness": 0.84654,
        "novelty": 0.8372933333333333,
        "n_valid": 127968,
        "n_unique": 126981,
        "n_novel": 125594
    },
    "@200000": {
        "validity": 0.853005,
        "uniqueness": 0.84501,
        "novelty": 0.836125,
        "n_valid": 170601,
        "n_unique": 169002,
        "n_novel": 167225
    },
    "@250000": {
        "validity": 0.852928,
        "uniqueness": 0.843856,
        "novelty": 0.835244,
        "n_valid": 213232,
        "n_unique": 210964,
        "n_novel": 208811
    },
    "@300000": {
        "validity": 0.8528333333333333,
        "uniqueness": 0.8428633333333333,
        "novelty": 0.83443,
        "n_valid": 255850,
        "n_unique": 252859,
        "n_novel": 250329
    },
    "@350000": {
        "validity": 0.8529371428571428,
        "uniqueness": 0.84204,
        "novelty": 0.8338142857142857,
        "n_valid": 298528,
        "n_unique": 294714,
        "n_novel": 291835
    },
    "@400000": {
        "validity": 0.85274,
        "uniqueness": 0.841075,
        "novelty": 0.833025,
        "n_valid": 341096,
        "n_unique": 336430,
        "n_novel": 333210
    },
    "@450000": {
        "validity": 0.8529422222222223,
        "uniqueness": 0.8404955555555556,
        "novelty": 0.8325911111111111,
        "n_valid": 383824,
        "n_unique": 378223,
        "n_novel": 374666
    },
    "@500000": {
        "validity": 0.853258,
        "uniqueness": 0.840118,
        "novelty": 0.832358,
        "n_valid": 426629,
        "n_unique": 420059,
        "n_novel": 416179
    },
    "@550000": {
        "validity": 0.8535145454545454,
        "uniqueness": 0.8396563636363636,
        "novelty": 0.8320745454545454,
        "n_valid": 469433,
        "n_unique": 461811,
        "n_novel": 457641
    },
    "@600000": {
        "validity": 0.8535066666666666,
        "uniqueness": 0.8390566666666667,
        "novelty": 0.8316483333333333,
        "n_valid": 512104,
        "n_unique": 503434,
        "n_novel": 498989
    },
    "@650000": {
        "validity": 0.8533861538461538,
        "uniqueness": 0.8382846153846154,
        "novelty": 0.8309969230769231,
        "n_valid": 554701,
        "n_unique": 544885,
        "n_novel": 540148
    },
    "@700000": {
        "validity": 0.8532828571428571,
        "uniqueness": 0.8376771428571429,
        "novelty": 0.8304371428571429,
        "n_valid": 597298,
        "n_unique": 586374,
        "n_novel": 581306
    },
    "@750000": {
        "validity": 0.853144,
        "uniqueness": 0.8370666666666666,
        "novelty": 0.829916,
        "n_valid": 639858,
        "n_unique": 627800,
        "n_novel": 622437
    },
    "@800000": {
        "validity": 0.8531075,
        "uniqueness": 0.8364825,
        "novelty": 0.82939125,
        "n_valid": 682486,
        "n_unique": 669186,
        "n_novel": 663513
    },
    "@850000": {
        "validity": 0.8530094117647059,
        "uniqueness": 0.8358611764705882,
        "novelty": 0.8288858823529411,
        "n_valid": 725058,
        "n_unique": 710482,
        "n_novel": 704553
    },
    "@900000": {
        "validity": 0.8530588888888889,
        "uniqueness": 0.8354544444444445,
        "novelty": 0.8285677777777778,
        "n_valid": 767753,
        "n_unique": 751909,
        "n_novel": 745711
    },
    "@950000": {
        "validity": 0.85312,
        "uniqueness": 0.8350326315789474,
        "novelty": 0.8282178947368422,
        "n_valid": 810464,
        "n_unique": 793281,
        "n_novel": 786807
    },
    "@1000000": {
        "validity": 0.853141,
        "uniqueness": 0.834582,
        "novelty": 0.827848,
        "n_valid": 853141,
        "n_unique": 834582,
        "n_novel": 827848
    }
}