{
    "@50000": {
        "validity": 0.98006,
        "uniqueness": 0.96,
        "novelty": 0.92884,
        "n_valid": 49003,
        "n_unique": 48000,
        "n_novel": 46442
    },
    "@100000": {
        "validity": 0.97981,
        "uniqueness": 0.94991,
        "novelty": 0.92121,
        "n_valid": 97981,
        "n_unique": 94991,
        "n_novel": 92121
    },
    "@150000": {
        "validity": 0.97946,
        "uniqueness": 0.9414666666666667,
        "novelty": 0.9144933333333334,
        "n_valid": 146919,
        "n_unique": 141220,
        "n_novel": 137174
    },
    "@200000": {
        "validity": 0.97952,
        "uniqueness": 0.93539,
        "novelty": 0.90964,
        "n_valid": 195904,
        "n_unique": 187078,
        "n_novel": 181928
    },
    "@250000": {
        "validity": 0.979868,
        "uniqueness": 0.92982,
        "novelty": 0.905368,
        "n_valid": 244967,
        "n_unique": 232455,
        "n_novel": 226342
    },
    "@300000": {
        "validity": 0.97981,
        "uniqueness": 0.9252466666666667,
        "novelty": 0.9015633333333334,
        "n_valid": 293943,
        "n_unique": 277574,
        "n_novel": 270469
    },
    "@350000": {
        "validity": 0.9797828571428572,
        "uniqueness": 0.9205685714285714,
        "novelty": 0.8978314285714286,
        "n_valid": 342924,
        "n_unique": 322199,
        "n_novel": 314241
    },
    "@400000": {
        "validity": 0.979865,
        "uniqueness": 0.91653,
        "novelty": 0.8946,
        "n_valid": 391946,
        "n_unique": 366612,
        "n_novel": 357840
    },
    "@450000": {
        "validity": 0.9798844444444444,
        "uniqueness": 0.9127511111111111,
        "novelty": 0.8914266666666667,
        "n_valid": 440948,
        "n_unique": 410738,
        "n_novel": 401142
    },
    "@500000": {
        "validity": 0.979806,
        "uniqueness": 0.909204,
        "novelty": 0.888594,
        "n_valid": 489903,
        "n_unique": 454602,
        "n_novel": 444297
    },
    "@550000": {
        "validity": 0.9798763636363637,
        "uniqueness": 0.9057036363636364,
        "novelty": 0.8855927272727273,
        "n_valid": 538932,
        "n_unique": 498137,
        "n_novel": 487076
    },
    "@600000": {
        "validity": 0.9798816666666667,
        "uniqueness": 0.902685,
        "novelty": 0.883005,
        "n_valid": 587929,
        "n_unique": 541611,
        "n_novel": 529803
    },
    "@650000": {
        "validity": 0.9799953846153846,
        "uniqueness": 0.8996169230769231,
        "novelty": 0.8803769230769231,
        "n_valid": 636997,
        "n_unique": 584751,
        "n_novel": 572245
    },
    "@700000": {
        "validity": 0.9800085714285715,
        "uniqueness": 0.8967271428571428,
        "novelty": 0.8778985714285714,
        "n_valid": 686006,
        "n_unique": 627709,
        "n_novel": 614529
    },
    "@750000": {
        "validity": 0.9800426666666666,
        "uniqueness": 0.8939853333333333,
        "novelty": 0.8755906666666666,
        "n_valid": 735032,
        "n_unique": 670489,
        "n_novel": 656693
    },
    "@800000": {
        "validity": 0.980115,
        "uniqueness": 0.891565,
        "novelty": 0.87357875,
        "n_valid": 784092,
        "n_unique": 713252,
        "n_novel": 698863
    },
    "@850000": {
        "validity": 0.9801329411764705,
        "uniqueness": 0.8891611764705882,
        "novelty": 0.8715270588235294,
        "n_valid": 833113,
        "n_unique": 755787,
        "n_novel": 740798
    },
    "@900000": {
        "validity": 0.98015,
        "uniqueness": 0.88669,
        "novelty": 0.8693733333333333,
        "n_valid": 882135,
        "n_unique": 798021,
        "n_novel": 782436
    },
    "@950000": {
        "validity": 0.9801315789473685,
        "uniqueness": 0.8844505263157895,
        "novelty": 0.86746,
        "n_valid": 931125,
        "n_unique": 840228,
        "n_novel": 824087
    },
    "@1000000": {
        "validity": 0.980138,
        "uniqueness": 0.88228,
        "novelty": 0.865564,
        "n_valid": 980138,
        "n_unique": 882280,
        "n_novel": 865564
    }
}