{
    "@50000": {
        "validity": 0.95886,
        "uniqueness": 0.74182,
        "novelty": 0.73646,
        "n_valid": 47943,
        "n_unique": 37091,
        "n_novel": 36823
    },
    "@100000": {
        "validity": 0.95923,
        "uniqueness": 0.68462,
        "novelty": 0.68072,
        "n_valid": 95923,
        "n_unique": 68462,
        "n_novel": 68072
    },
    "@150000": {
        "validity": 0.9592466666666667,
        "uniqueness": 0.6481733333333334,
        "novelty": 0.6449866666666667,
        "n_valid": 143887,
        "n_unique": 97226,
        "n_novel": 96748
    },
    "@200000": {
        "validity": 0.959575,
        "uniqueness": 0.62343,
        "novelty": 0.620695,
        "n_valid": 191915,
        "n_unique": 124686,
        "n_novel": 124139
    },
    "@250000": {
        "validity": 0.959348,
        "uniqueness": 0.603412,
        "novelty": 0.600988,
        "n_valid": 239837,
        "n_unique": 150853,
        "n_novel": 150247
    },
    "@300000": {
        "validity": 0.9593966666666667,
        "uniqueness": 0.5879766666666667,
        "novelty": 0.58578,
        "n_valid": 287819,
        "n_unique": 176393,
        "n_novel": 175734
    },
    "@350000": {
        "validity": 0.9591942857142857,
        "uniqueness": 0.5739142857142857,
        "novelty": 0.5719171428571429,
        "n_valid": 335718,
        "n_unique": 200870,
        "n_novel": 200171
    },
    "@400000": {
        "validity": 0.9589375,
        "uniqueness": 0.5626225,
        "novelty": 0.5607675,
        "n_valid": 383575,
        "n_unique": 225049,
        "n_novel": 224307
    },
    "@450000": {
        "validity": 0.9589066666666667,
        "uniqueness": 0.5520311111111111,
        "novelty": 0.5503222222222223,
        "n_valid": 431508,
        "n_unique": 248414,
        "n_novel": 247645
    },
    "@500000": {
        "validity": 0.95897,
        "uniqueness": 0.54311,
        "novelty": 0.541526,
        "n_valid": 479485,
        "n_unique": 271555,
        "n_novel": 270763
    },
    "@550000": {
        "validity": 0.9588509090909091,
        "uniqueness": 0.5348618181818182,
        "novelty": 0.5333709090909091,
        "n_valid": 527368,
        "n_unique": 294174,
        "n_novel": 293354
    },
    "@600000": {
        "validity": 0.95891,
        "uniqueness": 0.5272333333333333,
        "novelty": 0.5258233333333333,
        "n_valid": 575346,
        "n_unique": 316340,
        "n_novel": 315494
    },
    "@650000": {
        "validity": 0.9588507692307693,
        "uniqueness": 0.5205384615384615,
        "novelty": 0.5191984615384615,
        "n_valid": 623253,
        "n_unique": 338350,
        "n_novel": 337479
    },
    "@700000": {
        "validity": 0.9588828571428571,
        "uniqueness": 0.5141071428571429,
        "novelty": 0.5128328571428571,
        "n_valid": 671218,
        "n_unique": 359875,
        "n_novel": 358983
    },
    "@750000": {
        "validity": 0.9588826666666667,
        "uniqueness": 0.508012,
        "novelty": 0.5068026666666666,
        "n_valid": 719162,
        "n_unique": 381009,
        "n_novel": 380102
    },
    "@800000": {
        "validity": 0.95884875,
        "uniqueness": 0.50247,
        "novelty": 0.501315,
        "n_valid": 767079,
        "n_unique": 401976,
        "n_novel": 401052
    },
    "@850000": {
        "validity": 0.9588670588235294,
        "uniqueness": 0.49702,
        "novelty": 0.49591176470588233,
        "n_valid": 815037,
        "n_unique": 422467,
        "n_novel": 421525
    },
    "@900000": {
        "validity": 0.9588166666666667,
        "uniqueness": 0.4919922222222222,
        "novelty": 0.4909266666666667,
        "n_valid": 862935,
        "n_unique": 442793,
        "n_novel": 441834
    },
    "@950000": {
        "validity": 0.9588494736842105,
        "uniqueness": 0.4874663157894737,
        "novelty": 0.48643684210526317,
        "n_valid": 910907,
        "n_unique": 463093,
        "n_novel": 462115
    },
    "@1000000": {
        "validity": 0.958941,
        "uniqueness": 0.483304,
        "novelty": 0.482314,
        "n_valid": 958941,
        "n_unique": 483304,
        "n_novel": 482314
    }
}