{
    "@50000": {
        "validity": 0.98704,
        "uniqueness": 0.62688,
        "novelty": 0.60134,
        "n_valid": 49352,
        "n_unique": 31344,
        "n_novel": 30067
    },
    "@100000": {
        "validity": 0.98689,
        "uniqueness": 0.57786,
        "novelty": 0.55757,
        "n_valid": 98689,
        "n_unique": 57786,
        "n_novel": 55757
    },
    "@150000": {
        "validity": 0.98676,
        "uniqueness": 0.54862,
        "novelty": 0.5310333333333334,
        "n_valid": 148014,
        "n_unique": 82293,
        "n_novel": 79655
    },
    "@200000": {
        "validity": 0.986735,
        "uniqueness": 0.528925,
        "novelty": 0.51307,
        "n_valid": 197347,
        "n_unique": 105785,
        "n_novel": 102614
    },
    "@250000": {
        "validity": 0.986628,
        "uniqueness": 0.51332,
        "novelty": 0.498688,
        "n_valid": 246657,
        "n_unique": 128330,
        "n_novel": 124672
    },
    "@300000": {
        "validity": 0.9866766666666666,
        "uniqueness": 0.5004966666666667,
        "novelty": 0.4868266666666667,
        "n_valid": 296003,
        "n_unique": 150149,
        "n_novel": 146048
    },
    "@350000": {
        "validity": 0.9866428571428572,
        "uniqueness": 0.48995714285714287,
        "novelty": 0.47710285714285716,
        "n_valid": 345325,
        "n_unique": 171485,
        "n_novel": 166986
    },
    "@400000": {
        "validity": 0.9866425,
        "uniqueness": 0.4808325,
        "novelty": 0.4686275,
        "n_valid": 394657,
        "n_unique": 192333,
        "n_novel": 187451
    },
    "@450000": {
        "validity": 0.9867266666666666,
        "uniqueness": 0.47267555555555557,
        "novelty": 0.46111555555555556,
        "n_valid": 444027,
        "n_unique": 212704,
        "n_novel": 207502
    },
    "@500000": {
        "validity": 0.986828,
        "uniqueness": 0.465176,
        "novelty": 0.454082,
        "n_valid": 493414,
        "n_unique": 232588,
        "n_novel": 227041
    },
    "@550000": {
        "validity": 0.9867490909090909,
        "uniqueness": 0.4588563636363636,
        "novelty": 0.4481781818181818,
        "n_valid": 542712,
        "n_unique": 252371,
        "n_novel": 246498
    },
    "@600000": {
        "validity": 0.9867716666666667,
        "uniqueness": 0.45318166666666665,
        "novelty": 0.4429383333333333,
        "n_valid": 592063,
        "n_unique": 271909,
        "n_novel": 265763
    },
    "@650000": {
        "validity": 0.9867646153846154,
        "uniqueness": 0.44786923076923074,
        "novelty": 0.43793692307692306,
        "n_valid": 641397,
        "n_unique": 291115,
        "n_novel": 284659
    },
    "@700000": {
        "validity": 0.9867257142857143,
        "uniqueness": 0.4429571428571429,
        "novelty": 0.43328285714285714,
        "n_valid": 690708,
        "n_unique": 310070,
        "n_novel": 303298
    },
    "@750000": {
        "validity": 0.9866306666666667,
        "uniqueness": 0.438168,
        "novelty": 0.4287106666666667,
        "n_valid": 739973,
        "n_unique": 328626,
        "n_novel": 321533
    },
    "@800000": {
        "validity": 0.9866025,
        "uniqueness": 0.43384375,
        "novelty": 0.4246175,
        "n_valid": 789282,
        "n_unique": 347075,
        "n_novel": 339694
    },
    "@850000": {
        "validity": 0.986615294117647,
        "uniqueness": 0.4300176470588235,
        "novelty": 0.42101647058823527,
        "n_valid": 838623,
        "n_unique": 365515,
        "n_novel": 357864
    },
    "@900000": {
        "validity": 0.9866355555555556,
        "uniqueness": 0.42622777777777776,
        "novelty": 0.41743444444444444,
        "n_valid": 887972,
        "n_unique": 383605,
        "n_novel": 375691
    },
    "@950000": {
        "validity": 0.9865505263157894,
        "uniqueness": 0.4226557894736842,
        "novelty": 0.4140157894736842,
        "n_valid": 937223,
        "n_unique": 401523,
        "n_novel": 393315
    },
    "@1000000": {
        "validity": 0.986591,
        "uniqueness": 0.419479,
        "novelty": 0.411035,
        "n_valid": 986591,
        "n_unique": 419479,
        "n_novel": 411035
    }
}