{
    "@50000": {
        "validity": 0.9228,
        "uniqueness": 0.82932,
        "novelty": 0.81972,
        "n_valid": 46140,
        "n_unique": 41466,
        "n_novel": 40986
    },
    "@100000": {
        "validity": 0.92291,
        "uniqueness": 0.79938,
        "novelty": 0.79179,
        "n_valid": 92291,
        "n_unique": 79938,
        "n_novel": 79179
    },
    "@150000": {
        "validity": 0.92356,
        "uniqueness": 0.78136,
        "novelty": 0.7749133333333333,
        "n_valid": 138534,
        "n_unique": 117204,
        "n_novel": 116237
    },
    "@200000": {
        "validity": 0.92333,
        "uniqueness": 0.766135,
        "novelty": 0.760335,
        "n_valid": 184666,
        "n_unique": 153227,
        "n_novel": 152067
    },
    "@250000": {
        "validity": 0.922968,
        "uniqueness": 0.753536,
        "novelty": 0.748268,
        "n_valid": 230742,
        "n_unique": 188384,
        "n_novel": 187067
    },
    "@300000": {
        "validity": 0.9231933333333333,
        "uniqueness": 0.74417,
        "novelty": 0.73935,
        "n_valid": 276958,
        "n_unique": 223251,
        "n_novel": 221805
    },
    "@350000": {
        "validity": 0.9231828571428572,
        "uniqueness": 0.7347885714285715,
        "novelty": 0.7303228571428572,
        "n_valid": 323114,
        "n_unique": 257176,
        "n_novel": 255613
    },
    "@400000": {
        "validity": 0.9232275,
        "uniqueness": 0.726895,
        "novelty": 0.722665,
        "n_valid": 369291,
        "n_unique": 290758,
        "n_novel": 289066
    },
    "@450000": {
        "validity": 0.9232111111111111,
        "uniqueness": 0.7198511111111111,
        "novelty": 0.7158755555555556,
        "n_valid": 415445,
        "n_unique": 323933,
        "n_novel": 322144
    },
    "@500000": {
        "validity": 0.92344,
        "uniqueness": 0.71387,
        "novelty": 0.710072,
        "n_valid": 461720,
        "n_unique": 356935,
        "n_novel": 355036
    },
    "@550000": {
        "validity": 0.9234981818181818,
        "uniqueness": 0.7081381818181818,
        "novelty": 0.7045181818181818,
        "n_valid": 507924,
        "n_unique": 389476,
        "n_novel": 387485
    },
    "@600000": {
        "validity": 0.92361,
        "uniqueness": 0.7031516666666666,
        "novelty": 0.699655,
        "n_valid": 554166,
        "n_unique": 421891,
        "n_novel": 419793
    },
    "@650000": {
        "validity": 0.9236092307692307,
        "uniqueness": 0.6985153846153846,
        "novelty": 0.6951384615384616,
        "n_valid": 600346,
        "n_unique": 454035,
        "n_novel": 451840
    },
    "@700000": {
        "validity": 0.9235685714285714,
        "uniqueness": 0.6940485714285715,
        "novelty": 0.6907971428571429,
        "n_valid": 646498,
        "n_unique": 485834,
        "n_novel": 483558
    },
    "@750000": {
        "validity": 0.9235666666666666,
        "uniqueness": 0.689968,
        "novelty": 0.6868533333333333,
        "n_valid": 692675,
        "n_unique": 517476,
        "n_novel": 515140
    },
    "@800000": {
        "validity": 0.9237075,
        "uniqueness": 0.686025,
        "novelty": 0.68301125,
        "n_valid": 738966,
        "n_unique": 548820,
        "n_novel": 546409
    },
    "@850000": {
        "validity": 0.9236247058823529,
        "uniqueness": 0.6821458823529412,
        "novelty": 0.6792141176470589,
        "n_valid": 785081,
        "n_unique": 579824,
        "n_novel": 577332
    },
    "@900000": {
        "validity": 0.9235255555555556,
        "uniqueness": 0.6783288888888889,
        "novelty": 0.6754777777777777,
        "n_valid": 831173,
        "n_unique": 610496,
        "n_novel": 607930
    },
    "@950000": {
        "validity": 0.9235768421052631,
        "uniqueness": 0.6750263157894737,
        "novelty": 0.672241052631579,
        "n_valid": 877398,
        "n_unique": 641275,
        "n_novel": 638629
    },
    "@1000000": {
        "validity": 0.923626,
        "uniqueness": 0.671728,
        "novelty": 0.669014,
        "n_valid": 923626,
        "n_unique": 671728,
        "n_novel": 669014
    }
}