{
    "@50000": {
        "validity": 0.99276,
        "uniqueness": 0.85958,
        "novelty": 0.81294,
        "n_valid": 49638,
        "n_unique": 42979,
        "n_novel": 40647
    },
    "@100000": {
        "validity": 0.99254,
        "uniqueness": 0.82043,
        "novelty": 0.78182,
        "n_valid": 99254,
        "n_unique": 82043,
        "n_novel": 78182
    },
    "@150000": {
        "validity": 0.9925533333333333,
        "uniqueness": 0.7953533333333334,
        "novelty": 0.7616066666666667,
        "n_valid": 148883,
        "n_unique": 119303,
        "n_novel": 114241
    },
    "@200000": {
        "validity": 0.99235,
        "uniqueness": 0.777675,
        "novelty": 0.74718,
        "n_valid": 198470,
        "n_unique": 155535,
        "n_novel": 149436
    },
    "@250000": {
        "validity": 0.992348,
        "uniqueness": 0.761864,
        "novelty": 0.733844,
        "n_valid": 248087,
        "n_unique": 190466,
        "n_novel": 183461
    },
    "@300000": {
        "validity": 0.99236,
        "uniqueness": 0.7487333333333334,
        "novelty": 0.72279,
        "n_valid": 297708,
        "n_unique": 224620,
        "n_novel": 216837
    },
    "@350000": {
        "validity": 0.9923485714285715,
        "uniqueness": 0.7371285714285715,
        "novelty": 0.7128142857142857,
        "n_valid": 347322,
        "n_unique": 257995,
        "n_novel": 249485
    },
    "@400000": {
        "validity": 0.9924025,
        "uniqueness": 0.7274,
        "novelty": 0.70449,
        "n_valid": 396961,
        "n_unique": 290960,
        "n_novel": 281796
    },
    "@450000": {
        "validity": 0.9924133333333334,
        "uniqueness": 0.7179777777777778,
        "novelty": 0.6961755555555555,
        "n_valid": 446586,
        "n_unique": 323090,
        "n_novel": 313279
    },
    "@500000": {
        "validity": 0.992414,
        "uniqueness": 0.709468,
        "novelty": 0.688752,
        "n_valid": 496207,
        "n_unique": 354734,
        "n_novel": 344376
    },
    "@550000": {
        "validity": 0.9923563636363636,
        "uniqueness": 0.7016018181818182,
        "novelty": 0.6817345454545455,
        "n_valid": 545796,
        "n_unique": 385881,
        "n_novel": 374954
    },
    "@600000": {
        "validity": 0.9923666666666666,
        "uniqueness": 0.6942716666666666,
        "novelty": 0.6752116666666667,
        "n_valid": 595420,
        "n_unique": 416563,
        "n_novel": 405127
    },
    "@650000": {
        "validity": 0.9923723076923077,
        "uniqueness": 0.6876969230769231,
        "novelty": 0.6693923076923077,
        "n_valid": 645042,
        "n_unique": 447003,
        "n_novel": 435105
    },
    "@700000": {
        "validity": 0.9923957142857143,
        "uniqueness": 0.6815371428571428,
        "novelty": 0.6638957142857143,
        "n_valid": 694677,
        "n_unique": 477076,
        "n_novel": 464727
    },
    "@750000": {
        "validity": 0.9923666666666666,
        "uniqueness": 0.6756786666666666,
        "novelty": 0.6585733333333333,
        "n_valid": 744275,
        "n_unique": 506759,
        "n_novel": 493930
    },
    "@800000": {
        "validity": 0.99238375,
        "uniqueness": 0.6706,
        "novelty": 0.654035,
        "n_valid": 793907,
        "n_unique": 536480,
        "n_novel": 523228
    },
    "@850000": {
        "validity": 0.9923529411764705,
        "uniqueness": 0.66564,
        "novelty": 0.6495788235294118,
        "n_valid": 843500,
        "n_unique": 565794,
        "n_novel": 552142
    },
    "@900000": {
        "validity": 0.9923677777777777,
        "uniqueness": 0.6606155555555555,
        "novelty": 0.6450311111111111,
        "n_valid": 893131,
        "n_unique": 594554,
        "n_novel": 580528
    },
    "@950000": {
        "validity": 0.9923778947368421,
        "uniqueness": 0.6559357894736842,
        "novelty": 0.6407957894736842,
        "n_valid": 942759,
        "n_unique": 623139,
        "n_novel": 608756
    },
    "@1000000": {
        "validity": 0.992362,
        "uniqueness": 0.651422,
        "novelty": 0.636683,
        "n_valid": 992362,
        "n_unique": 651422,
        "n_novel": 636683
    }
}