{
    "@50000": {
        "validity": 0.95316,
        "uniqueness": 0.8465,
        "novelty": 0.83438,
        "n_valid": 47658,
        "n_unique": 42325,
        "n_novel": 41719
    },
    "@100000": {
        "validity": 0.95351,
        "uniqueness": 0.81571,
        "novelty": 0.80601,
        "n_valid": 95351,
        "n_unique": 81571,
        "n_novel": 80601
    },
    "@150000": {
        "validity": 0.9528933333333334,
        "uniqueness": 0.79456,
        "novelty": 0.7861533333333334,
        "n_valid": 142934,
        "n_unique": 119184,
        "n_novel": 117923
    },
    "@200000": {
        "validity": 0.9526,
        "uniqueness": 0.77922,
        "novelty": 0.77164,
        "n_valid": 190520,
        "n_unique": 155844,
        "n_novel": 154328
    },
    "@250000": {
        "validity": 0.952636,
        "uniqueness": 0.766984,
        "novelty": 0.760052,
        "n_valid": 238159,
        "n_unique": 191746,
        "n_novel": 190013
    },
    "@300000": {
        "validity": 0.95252,
        "uniqueness": 0.7564766666666667,
        "novelty": 0.7498933333333333,
        "n_valid": 285756,
        "n_unique": 226943,
        "n_novel": 224968
    },
    "@350000": {
        "validity": 0.9525314285714286,
        "uniqueness": 0.7474171428571429,
        "novelty": 0.7411542857142858,
        "n_valid": 333386,
        "n_unique": 261596,
        "n_novel": 259404
    },
    "@400000": {
        "validity": 0.9527125,
        "uniqueness": 0.7397725,
        "novelty": 0.7338325,
        "n_valid": 381085,
        "n_unique": 295909,
        "n_novel": 293533
    },
    "@450000": {
        "validity": 0.9528444444444445,
        "uniqueness": 0.7330533333333333,
        "novelty": 0.72742,
        "n_valid": 428780,
        "n_unique": 329874,
        "n_novel": 327339
    },
    "@500000": {
        "validity": 0.95296,
        "uniqueness": 0.727234,
        "novelty": 0.721834,
        "n_valid": 476480,
        "n_unique": 363617,
        "n_novel": 360917
    },
    "@550000": {
        "validity": 0.9529327272727273,
        "uniqueness": 0.721570909090909,
        "novelty": 0.7163672727272727,
        "n_valid": 524113,
        "n_unique": 396864,
        "n_novel": 394002
    },
    "@600000": {
        "validity": 0.9529316666666666,
        "uniqueness": 0.716405,
        "novelty": 0.7113866666666666,
        "n_valid": 571759,
        "n_unique": 429843,
        "n_novel": 426832
    },
    "@650000": {
        "validity": 0.9528738461538462,
        "uniqueness": 0.7114076923076923,
        "novelty": 0.7065861538461539,
        "n_valid": 619368,
        "n_unique": 462415,
        "n_novel": 459281
    },
    "@700000": {
        "validity": 0.9528342857142857,
        "uniqueness": 0.7070885714285714,
        "novelty": 0.7024228571428571,
        "n_valid": 666984,
        "n_unique": 494962,
        "n_novel": 491696
    },
    "@750000": {
        "validity": 0.9529386666666667,
        "uniqueness": 0.7027946666666667,
        "novelty": 0.698284,
        "n_valid": 714704,
        "n_unique": 527096,
        "n_novel": 523713
    },
    "@800000": {
        "validity": 0.9531075,
        "uniqueness": 0.6990425,
        "novelty": 0.694665,
        "n_valid": 762486,
        "n_unique": 559234,
        "n_novel": 555732
    },
    "@850000": {
        "validity": 0.9530823529411765,
        "uniqueness": 0.6954388235294118,
        "novelty": 0.6911752941176471,
        "n_valid": 810120,
        "n_unique": 591123,
        "n_novel": 587499
    },
    "@900000": {
        "validity": 0.9530644444444445,
        "uniqueness": 0.6920822222222223,
        "novelty": 0.6879211111111111,
        "n_valid": 857758,
        "n_unique": 622874,
        "n_novel": 619129
    },
    "@950000": {
        "validity": 0.9530726315789474,
        "uniqueness": 0.6885831578947369,
        "novelty": 0.6845052631578947,
        "n_valid": 905419,
        "n_unique": 654154,
        "n_novel": 650280
    },
    "@1000000": {
        "validity": 0.953043,
        "uniqueness": 0.685393,
        "novelty": 0.681413,
        "n_valid": 953043,
        "n_unique": 685393,
        "n_novel": 681413
    }
}