{
    "@50000": {
        "validity": 0.94344,
        "uniqueness": 0.64618,
        "novelty": 0.63946,
        "n_valid": 47172,
        "n_unique": 32309,
        "n_novel": 31973
    },
    "@100000": {
        "validity": 0.94398,
        "uniqueness": 0.58135,
        "novelty": 0.57678,
        "n_valid": 94398,
        "n_unique": 58135,
        "n_novel": 57678
    },
    "@150000": {
        "validity": 0.94404,
        "uniqueness": 0.5443866666666667,
        "novelty": 0.5409,
        "n_valid": 141606,
        "n_unique": 81658,
        "n_novel": 81135
    },
    "@200000": {
        "validity": 0.944395,
        "uniqueness": 0.51706,
        "novelty": 0.51415,
        "n_valid": 188879,
        "n_unique": 103412,
        "n_novel": 102830
    },
    "@250000": {
        "validity": 0.9444,
        "uniqueness": 0.496704,
        "novelty": 0.4942,
        "n_valid": 236100,
        "n_unique": 124176,
        "n_novel": 123550
    },
    "@300000": {
        "validity": 0.9445233333333334,
        "uniqueness": 0.47995666666666664,
        "novelty": 0.4777733333333333,
        "n_valid": 283357,
        "n_unique": 143987,
        "n_novel": 143332
    },
    "@350000": {
        "validity": 0.94426,
        "uniqueness": 0.4655057142857143,
        "novelty": 0.4635742857142857,
        "n_valid": 330491,
        "n_unique": 162927,
        "n_novel": 162251
    },
    "@400000": {
        "validity": 0.94406,
        "uniqueness": 0.4529475,
        "novelty": 0.4511925,
        "n_valid": 377624,
        "n_unique": 181179,
        "n_novel": 180477
    },
    "@450000": {
        "validity": 0.9441111111111111,
        "uniqueness": 0.44238222222222223,
        "novelty": 0.4407622222222222,
        "n_valid": 424850,
        "n_unique": 199072,
        "n_novel": 198343
    },
    "@500000": {
        "validity": 0.944072,
        "uniqueness": 0.432882,
        "novelty": 0.43139,
        "n_valid": 472036,
        "n_unique": 216441,
        "n_novel": 215695
    },
    "@550000": {
        "validity": 0.9437127272727273,
        "uniqueness": 0.4242181818181818,
        "novelty": 0.42283272727272725,
        "n_valid": 519042,
        "n_unique": 233320,
        "n_novel": 232558
    },
    "@600000": {
        "validity": 0.9436416666666667,
        "uniqueness": 0.416595,
        "novelty": 0.41529166666666667,
        "n_valid": 566185,
        "n_unique": 249957,
        "n_novel": 249175
    },
    "@650000": {
        "validity": 0.9436184615384615,
        "uniqueness": 0.4095676923076923,
        "novelty": 0.4083430769230769,
        "n_valid": 613352,
        "n_unique": 266219,
        "n_novel": 265423
    },
    "@700000": {
        "validity": 0.9436542857142857,
        "uniqueness": 0.4031,
        "novelty": 0.40194142857142856,
        "n_valid": 660558,
        "n_unique": 282170,
        "n_novel": 281359
    },
    "@750000": {
        "validity": 0.9436026666666667,
        "uniqueness": 0.39703066666666664,
        "novelty": 0.39592933333333336,
        "n_valid": 707702,
        "n_unique": 297773,
        "n_novel": 296947
    },
    "@800000": {
        "validity": 0.9434975,
        "uniqueness": 0.3913925,
        "novelty": 0.39034,
        "n_valid": 754798,
        "n_unique": 313114,
        "n_novel": 312272
    },
    "@850000": {
        "validity": 0.943364705882353,
        "uniqueness": 0.38604235294117645,
        "novelty": 0.38503529411764703,
        "n_valid": 801860,
        "n_unique": 328136,
        "n_novel": 327280
    },
    "@900000": {
        "validity": 0.9433066666666666,
        "uniqueness": 0.38103444444444445,
        "novelty": 0.3800722222222222,
        "n_valid": 848976,
        "n_unique": 342931,
        "n_novel": 342065
    },
    "@950000": {
        "validity": 0.94328,
        "uniqueness": 0.37645684210526315,
        "novelty": 0.3755378947368421,
        "n_valid": 896116,
        "n_unique": 357634,
        "n_novel": 356761
    },
    "@1000000": {
        "validity": 0.943343,
        "uniqueness": 0.372083,
        "novelty": 0.371204,
        "n_valid": 943343,
        "n_unique": 372083,
        "n_novel": 371204
    }
}