{
    "@50000": {
        "validity": 0.8709,
        "uniqueness": 0.63728,
        "novelty": 0.6264,
        "n_valid": 43545,
        "n_unique": 31864,
        "n_novel": 31320
    },
    "@100000": {
        "validity": 0.86979,
        "uniqueness": 0.59817,
        "novelty": 0.59045,
        "n_valid": 86979,
        "n_unique": 59817,
        "n_novel": 59045
    },
    "@150000": {
        "validity": 0.8692,
        "uniqueness": 0.5747733333333334,
        "novelty": 0.5686066666666667,
        "n_valid": 130380,
        "n_unique": 86216,
        "n_novel": 85291
    },
    "@200000": {
        "validity": 0.869125,
        "uniqueness": 0.5592,
        "novelty": 0.55394,
        "n_valid": 173825,
        "n_unique": 111840,
        "n_novel": 110788
    },
    "@250000": {
        "validity": 0.869284,
        "uniqueness": 0.546796,
        "novelty": 0.542112,
        "n_valid": 217321,
        "n_unique": 136699,
        "n_novel": 135528
    },
    "@300000": {
        "validity": 0.8691866666666667,
        "uniqueness": 0.5364966666666666,
        "novelty": 0.5322233333333334,
        "n_valid": 260756,
        "n_unique": 160949,
        "n_novel": 159667
    },
    "@350000": {
        "validity": 0.8691628571428571,
        "uniqueness": 0.5273942857142857,
        "novelty": 0.5234028571428572,
        "n_valid": 304207,
        "n_unique": 184588,
        "n_novel": 183191
    },
    "@400000": {
        "validity": 0.869145,
        "uniqueness": 0.5195475,
        "novelty": 0.51582,
        "n_valid": 347658,
        "n_unique": 207819,
        "n_novel": 206328
    },
    "@450000": {
        "validity": 0.8694022222222222,
        "uniqueness": 0.5128422222222222,
        "novelty": 0.5093622222222223,
        "n_valid": 391231,
        "n_unique": 230779,
        "n_novel": 229213
    },
    "@500000": {
        "validity": 0.869058,
        "uniqueness": 0.506902,
        "novelty": 0.503616,
        "n_valid": 434529,
        "n_unique": 253451,
        "n_novel": 251808
    },
    "@550000": {
        "validity": 0.8691181818181818,
        "uniqueness": 0.5014381818181818,
        "novelty": 0.4983309090909091,
        "n_valid": 478015,
        "n_unique": 275791,
        "n_novel": 274082
    },
    "@600000": {
        "validity": 0.86907,
        "uniqueness": 0.49646666666666667,
        "novelty": 0.4934983333333333,
        "n_valid": 521442,
        "n_unique": 297880,
        "n_novel": 296099
    },
    "@650000": {
        "validity": 0.8690169230769231,
        "uniqueness": 0.49183692307692306,
        "novelty": 0.48899076923076923,
        "n_valid": 564861,
        "n_unique": 319694,
        "n_novel": 317844
    },
    "@700000": {
        "validity": 0.8689185714285714,
        "uniqueness": 0.4875757142857143,
        "novelty": 0.48484,
        "n_valid": 608243,
        "n_unique": 341303,
        "n_novel": 339388
    },
    "@750000": {
        "validity": 0.8689333333333333,
        "uniqueness": 0.4837,
        "novelty": 0.48107333333333335,
        "n_valid": 651700,
        "n_unique": 362775,
        "n_novel": 360805
    },
    "@800000": {
        "validity": 0.86879,
        "uniqueness": 0.479995,
        "novelty": 0.47746,
        "n_valid": 695032,
        "n_unique": 383996,
        "n_novel": 381968
    },
    "@850000": {
        "validity": 0.8688329411764706,
        "uniqueness": 0.47645882352941177,
        "novelty": 0.47400470588235294,
        "n_valid": 738508,
        "n_unique": 404990,
        "n_novel": 402904
    },
    "@900000": {
        "validity": 0.8687788888888889,
        "uniqueness": 0.4732766666666667,
        "novelty": 0.4708966666666667,
        "n_valid": 781901,
        "n_unique": 425949,
        "n_novel": 423807
    },
    "@950000": {
        "validity": 0.8686863157894736,
        "uniqueness": 0.4702884210526316,
        "novelty": 0.4679842105263158,
        "n_valid": 825252,
        "n_unique": 446774,
        "n_novel": 444585
    },
    "@1000000": {
        "validity": 0.868674,
        "uniqueness": 0.467362,
        "novelty": 0.465135,
        "n_valid": 868674,
        "n_unique": 467362,
        "n_novel": 465135
    }
}