{
    "@50000": {
        "validity": 0.9972,
        "uniqueness": 0.7421,
        "novelty": 0.70462,
        "n_valid": 49860,
        "n_unique": 37105,
        "n_novel": 35231
    },
    "@100000": {
        "validity": 0.99724,
        "uniqueness": 0.66374,
        "novelty": 0.63726,
        "n_valid": 99724,
        "n_unique": 66374,
        "n_novel": 63726
    },
    "@150000": {
        "validity": 0.9971066666666667,
        "uniqueness": 0.61452,
        "novelty": 0.5933533333333333,
        "n_valid": 149566,
        "n_unique": 92178,
        "n_novel": 89003
    },
    "@200000": {
        "validity": 0.997055,
        "uniqueness": 0.58076,
        "novelty": 0.56278,
        "n_valid": 199411,
        "n_unique": 116152,
        "n_novel": 112556
    },
    "@250000": {
        "validity": 0.997016,
        "uniqueness": 0.553184,
        "novelty": 0.537432,
        "n_valid": 249254,
        "n_unique": 138296,
        "n_novel": 134358
    },
    "@300000": {
        "validity": 0.99698,
        "uniqueness": 0.53131,
        "novelty": 0.5172666666666667,
        "n_valid": 299094,
        "n_unique": 159393,
        "n_novel": 155180
    },
    "@350000": {
        "validity": 0.9969971428571428,
        "uniqueness": 0.5127571428571429,
        "novelty": 0.5000571428571429,
        "n_valid": 348949,
        "n_unique": 179465,
        "n_novel": 175020
    },
    "@400000": {
        "validity": 0.9970075,
        "uniqueness": 0.49685,
        "novelty": 0.4853025,
        "n_valid": 398803,
        "n_unique": 198740,
        "n_novel": 194121
    },
    "@450000": {
        "validity": 0.9970311111111111,
        "uniqueness": 0.48276444444444444,
        "novelty": 0.4720977777777778,
        "n_valid": 448664,
        "n_unique": 217244,
        "n_novel": 212444
    },
    "@500000": {
        "validity": 0.997026,
        "uniqueness": 0.470206,
        "novelty": 0.4603,
        "n_valid": 498513,
        "n_unique": 235103,
        "n_novel": 230150
    },
    "@550000": {
        "validity": 0.9970163636363636,
        "uniqueness": 0.45902363636363636,
        "novelty": 0.44975272727272725,
        "n_valid": 548359,
        "n_unique": 252463,
        "n_novel": 247364
    },
    "@600000": {
        "validity": 0.9970283333333333,
        "uniqueness": 0.44864166666666666,
        "novelty": 0.4399166666666667,
        "n_valid": 598217,
        "n_unique": 269185,
        "n_novel": 263950
    },
    "@650000": {
        "validity": 0.9970476923076923,
        "uniqueness": 0.4395369230769231,
        "novelty": 0.4312723076923077,
        "n_valid": 648081,
        "n_unique": 285699,
        "n_novel": 280327
    },
    "@700000": {
        "validity": 0.99707,
        "uniqueness": 0.4310357142857143,
        "novelty": 0.42320142857142856,
        "n_valid": 697949,
        "n_unique": 301725,
        "n_novel": 296241
    },
    "@750000": {
        "validity": 0.9970773333333334,
        "uniqueness": 0.42329066666666665,
        "novelty": 0.41585066666666665,
        "n_valid": 747808,
        "n_unique": 317468,
        "n_novel": 311888
    },
    "@800000": {
        "validity": 0.99708625,
        "uniqueness": 0.4158225,
        "novelty": 0.40870625,
        "n_valid": 797669,
        "n_unique": 332658,
        "n_novel": 326965
    },
    "@850000": {
        "validity": 0.9970858823529412,
        "uniqueness": 0.4089976470588235,
        "novelty": 0.4021941176470588,
        "n_valid": 847523,
        "n_unique": 347648,
        "n_novel": 341865
    },
    "@900000": {
        "validity": 0.9970944444444444,
        "uniqueness": 0.4026133333333333,
        "novelty": 0.3961166666666667,
        "n_valid": 897385,
        "n_unique": 362352,
        "n_novel": 356505
    },
    "@950000": {
        "validity": 0.997077894736842,
        "uniqueness": 0.39683052631578947,
        "novelty": 0.3905757894736842,
        "n_valid": 947224,
        "n_unique": 376989,
        "n_novel": 371047
    },
    "@1000000": {
        "validity": 0.99709,
        "uniqueness": 0.391351,
        "novelty": 0.385346,
        "n_valid": 997090,
        "n_unique": 391351,
        "n_novel": 385346
    }
}