{
    "@50000": {
        "validity": 0.96186,
        "uniqueness": 0.418,
        "novelty": 0.41578,
        "n_valid": 48093,
        "n_unique": 20900,
        "n_novel": 20789
    },
    "@100000": {
        "validity": 0.96154,
        "uniqueness": 0.33751,
        "novelty": 0.33629,
        "n_valid": 96154,
        "n_unique": 33751,
        "n_novel": 33629
    },
    "@150000": {
        "validity": 0.96196,
        "uniqueness": 0.29780666666666666,
        "novelty": 0.29696666666666666,
        "n_valid": 144294,
        "n_unique": 44671,
        "n_novel": 44545
    },
    "@200000": {
        "validity": 0.962155,
        "uniqueness": 0.26968,
        "novelty": 0.269025,
        "n_valid": 192431,
        "n_unique": 53936,
        "n_novel": 53805
    },
    "@250000": {
        "validity": 0.962052,
        "uniqueness": 0.25004,
        "novelty": 0.249496,
        "n_valid": 240513,
        "n_unique": 62510,
        "n_novel": 62374
    },
    "@300000": {
        "validity": 0.9619433333333334,
        "uniqueness": 0.23424666666666666,
        "novelty": 0.23379,
        "n_valid": 288583,
        "n_unique": 70274,
        "n_novel": 70137
    },
    "@350000": {
        "validity": 0.9617571428571429,
        "uniqueness": 0.22176285714285715,
        "novelty": 0.22136571428571428,
        "n_valid": 336615,
        "n_unique": 77617,
        "n_novel": 77478
    },
    "@400000": {
        "validity": 0.9618075,
        "uniqueness": 0.211185,
        "novelty": 0.2108375,
        "n_valid": 384723,
        "n_unique": 84474,
        "n_novel": 84335
    },
    "@450000": {
        "validity": 0.9618111111111111,
        "uniqueness": 0.20223555555555556,
        "novelty": 0.20192,
        "n_valid": 432815,
        "n_unique": 91006,
        "n_novel": 90864
    },
    "@500000": {
        "validity": 0.961856,
        "uniqueness": 0.194714,
        "novelty": 0.19443,
        "n_valid": 480928,
        "n_unique": 97357,
        "n_novel": 97215
    },
    "@550000": {
        "validity": 0.9618818181818182,
        "uniqueness": 0.1881,
        "novelty": 0.18784,
        "n_valid": 529035,
        "n_unique": 103455,
        "n_novel": 103312
    },
    "@600000": {
        "validity": 0.9617283333333333,
        "uniqueness": 0.182115,
        "novelty": 0.18187666666666666,
        "n_valid": 577037,
        "n_unique": 109269,
        "n_novel": 109126
    },
    "@650000": {
        "validity": 0.9616738461538461,
        "uniqueness": 0.17668923076923077,
        "novelty": 0.1764676923076923,
        "n_valid": 625088,
        "n_unique": 114848,
        "n_novel": 114704
    },
    "@700000": {
        "validity": 0.9616585714285715,
        "uniqueness": 0.17171142857142857,
        "novelty": 0.1715057142857143,
        "n_valid": 673161,
        "n_unique": 120198,
        "n_novel": 120054
    },
    "@750000": {
        "validity": 0.9617893333333334,
        "uniqueness": 0.16714266666666666,
        "novelty": 0.16695066666666666,
        "n_valid": 721342,
        "n_unique": 125357,
        "n_novel": 125213
    },
    "@800000": {
        "validity": 0.96168375,
        "uniqueness": 0.163,
        "novelty": 0.16281875,
        "n_valid": 769347,
        "n_unique": 130400,
        "n_novel": 130255
    },
    "@850000": {
        "validity": 0.9616635294117647,
        "uniqueness": 0.15914470588235294,
        "novelty": 0.15897411764705882,
        "n_valid": 817414,
        "n_unique": 135273,
        "n_novel": 135128
    },
    "@900000": {
        "validity": 0.9616744444444445,
        "uniqueness": 0.15555222222222223,
        "novelty": 0.15539111111111112,
        "n_valid": 865507,
        "n_unique": 139997,
        "n_novel": 139852
    },
    "@950000": {
        "validity": 0.9615957894736842,
        "uniqueness": 0.15238,
        "novelty": 0.15222526315789472,
        "n_valid": 913516,
        "n_unique": 144761,
        "n_novel": 144614
    },
    "@1000000": {
        "validity": 0.961605,
        "uniqueness": 0.149378,
        "novelty": 0.14923,
        "n_valid": 961605,
        "n_unique": 149378,
        "n_novel": 149230
    }
}