{
    "@50000": {
        "validity": 0.9879,
        "uniqueness": 0.5961,
        "novelty": 0.57142,
        "n_valid": 49395,
        "n_unique": 29805,
        "n_novel": 28571
    },
    "@100000": {
        "validity": 0.98776,
        "uniqueness": 0.54496,
        "novelty": 0.52575,
        "n_valid": 98776,
        "n_unique": 54496,
        "n_novel": 52575
    },
    "@150000": {
        "validity": 0.98766,
        "uniqueness": 0.51456,
        "novelty": 0.4981933333333333,
        "n_valid": 148149,
        "n_unique": 77184,
        "n_novel": 74729
    },
    "@200000": {
        "validity": 0.98767,
        "uniqueness": 0.494085,
        "novelty": 0.479385,
        "n_valid": 197534,
        "n_unique": 98817,
        "n_novel": 95877
    },
    "@250000": {
        "validity": 0.9876,
        "uniqueness": 0.478028,
        "novelty": 0.464516,
        "n_valid": 246900,
        "n_unique": 119507,
        "n_novel": 116129
    },
    "@300000": {
        "validity": 0.98772,
        "uniqueness": 0.4652,
        "novelty": 0.45271666666666666,
        "n_valid": 296316,
        "n_unique": 139560,
        "n_novel": 135815
    },
    "@350000": {
        "validity": 0.9876485714285714,
        "uniqueness": 0.45451714285714284,
        "novelty": 0.44279714285714283,
        "n_valid": 345677,
        "n_unique": 159081,
        "n_novel": 154979
    },
    "@400000": {
        "validity": 0.987645,
        "uniqueness": 0.4449475,
        "novelty": 0.433835,
        "n_valid": 395058,
        "n_unique": 177979,
        "n_novel": 173534
    },
    "@450000": {
        "validity": 0.98774,
        "uniqueness": 0.43659555555555557,
        "novelty": 0.42610888888888887,
        "n_valid": 444483,
        "n_unique": 196468,
        "n_novel": 191749
    },
    "@500000": {
        "validity": 0.987822,
        "uniqueness": 0.429008,
        "novelty": 0.418972,
        "n_valid": 493911,
        "n_unique": 214504,
        "n_novel": 209486
    },
    "@550000": {
        "validity": 0.9877236363636364,
        "uniqueness": 0.4224909090909091,
        "novelty": 0.4128363636363636,
        "n_valid": 543248,
        "n_unique": 232370,
        "n_novel": 227060
    },
    "@600000": {
        "validity": 0.9877866666666667,
        "uniqueness": 0.41682166666666665,
        "novelty": 0.407555,
        "n_valid": 592672,
        "n_unique": 250093,
        "n_novel": 244533
    },
    "@650000": {
        "validity": 0.9877907692307692,
        "uniqueness": 0.4113830769230769,
        "novelty": 0.40239846153846154,
        "n_valid": 642064,
        "n_unique": 267399,
        "n_novel": 261559
    },
    "@700000": {
        "validity": 0.9877557142857143,
        "uniqueness": 0.40644714285714284,
        "novelty": 0.3977242857142857,
        "n_valid": 691429,
        "n_unique": 284513,
        "n_novel": 278407
    },
    "@750000": {
        "validity": 0.9876573333333334,
        "uniqueness": 0.40164133333333335,
        "novelty": 0.3931213333333333,
        "n_valid": 740743,
        "n_unique": 301231,
        "n_novel": 294841
    },
    "@800000": {
        "validity": 0.98761625,
        "uniqueness": 0.39730875,
        "novelty": 0.38901125,
        "n_valid": 790093,
        "n_unique": 317847,
        "n_novel": 311209
    },
    "@850000": {
        "validity": 0.9876129411764706,
        "uniqueness": 0.3934447058823529,
        "novelty": 0.3853670588235294,
        "n_valid": 839471,
        "n_unique": 334428,
        "n_novel": 327562
    },
    "@900000": {
        "validity": 0.9876355555555556,
        "uniqueness": 0.38964666666666664,
        "novelty": 0.3817711111111111,
        "n_valid": 888872,
        "n_unique": 350682,
        "n_novel": 343594
    },
    "@950000": {
        "validity": 0.9875684210526315,
        "uniqueness": 0.38606105263157897,
        "novelty": 0.37833578947368424,
        "n_valid": 938190,
        "n_unique": 366758,
        "n_novel": 359419
    },
    "@1000000": {
        "validity": 0.987597,
        "uniqueness": 0.382867,
        "novelty": 0.375326,
        "n_valid": 987597,
        "n_unique": 382867,
        "n_novel": 375326
    }
}