{
    "@50000": {
        "validity": 0.93658,
        "uniqueness": 0.86296,
        "novelty": 0.85576,
        "n_valid": 46829,
        "n_unique": 43148,
        "n_novel": 42788
    },
    "@100000": {
        "validity": 0.93659,
        "uniqueness": 0.83647,
        "novelty": 0.83042,
        "n_valid": 93659,
        "n_unique": 83647,
        "n_novel": 83042
    },
    "@150000": {
        "validity": 0.93736,
        "uniqueness": 0.8194733333333334,
        "novelty": 0.8142133333333333,
        "n_valid": 140604,
        "n_unique": 122921,
        "n_novel": 122132
    },
    "@200000": {
        "validity": 0.93729,
        "uniqueness": 0.806725,
        "novelty": 0.80199,
        "n_valid": 187458,
        "n_unique": 161345,
        "n_novel": 160398
    },
    "@250000": {
        "validity": 0.93702,
        "uniqueness": 0.79512,
        "novelty": 0.790832,
        "n_valid": 234255,
        "n_unique": 198780,
        "n_novel": 197708
    },
    "@300000": {
        "validity": 0.9369733333333333,
        "uniqueness": 0.7855633333333333,
        "novelty": 0.7815666666666666,
        "n_valid": 281092,
        "n_unique": 235669,
        "n_novel": 234470
    },
    "@350000": {
        "validity": 0.9368942857142857,
        "uniqueness": 0.7774971428571429,
        "novelty": 0.7737028571428571,
        "n_valid": 327913,
        "n_unique": 272124,
        "n_novel": 270796
    },
    "@400000": {
        "validity": 0.9369975,
        "uniqueness": 0.77064,
        "novelty": 0.7670475,
        "n_valid": 374799,
        "n_unique": 308256,
        "n_novel": 306819
    },
    "@450000": {
        "validity": 0.9371222222222222,
        "uniqueness": 0.7643777777777778,
        "novelty": 0.7609444444444444,
        "n_valid": 421705,
        "n_unique": 343970,
        "n_novel": 342425
    },
    "@500000": {
        "validity": 0.937282,
        "uniqueness": 0.758332,
        "novelty": 0.755044,
        "n_valid": 468641,
        "n_unique": 379166,
        "n_novel": 377522
    },
    "@550000": {
        "validity": 0.9372654545454545,
        "uniqueness": 0.7529745454545455,
        "novelty": 0.7498345454545454,
        "n_valid": 515496,
        "n_unique": 414136,
        "n_novel": 412409
    },
    "@600000": {
        "validity": 0.937225,
        "uniqueness": 0.7481,
        "novelty": 0.7450866666666667,
        "n_valid": 562335,
        "n_unique": 448860,
        "n_novel": 447052
    },
    "@650000": {
        "validity": 0.9371861538461539,
        "uniqueness": 0.7436707692307692,
        "novelty": 0.7407476923076923,
        "n_valid": 609171,
        "n_unique": 483386,
        "n_novel": 481486
    },
    "@700000": {
        "validity": 0.9372542857142857,
        "uniqueness": 0.73947,
        "novelty": 0.7366471428571428,
        "n_valid": 656078,
        "n_unique": 517629,
        "n_novel": 515653
    },
    "@750000": {
        "validity": 0.9372773333333333,
        "uniqueness": 0.735436,
        "novelty": 0.7326933333333333,
        "n_valid": 702958,
        "n_unique": 551577,
        "n_novel": 549520
    },
    "@800000": {
        "validity": 0.93730375,
        "uniqueness": 0.7317275,
        "novelty": 0.72907125,
        "n_valid": 749843,
        "n_unique": 585382,
        "n_novel": 583257
    },
    "@850000": {
        "validity": 0.9372270588235294,
        "uniqueness": 0.7278917647058823,
        "novelty": 0.7253011764705882,
        "n_valid": 796643,
        "n_unique": 618708,
        "n_novel": 616506
    },
    "@900000": {
        "validity": 0.9373044444444445,
        "uniqueness": 0.7245311111111111,
        "novelty": 0.7220122222222223,
        "n_valid": 843574,
        "n_unique": 652078,
        "n_novel": 649811
    },
    "@950000": {
        "validity": 0.9372936842105263,
        "uniqueness": 0.7213115789473684,
        "novelty": 0.7188621052631579,
        "n_valid": 890429,
        "n_unique": 685246,
        "n_novel": 682919
    },
    "@1000000": {
        "validity": 0.937334,
        "uniqueness": 0.71839,
        "novelty": 0.716006,
        "n_valid": 937334,
        "n_unique": 718390,
        "n_novel": 716006
    }
}