{
    "train_loss": [
        0.5514738261699677,
        0.45018385350704193,
        0.39354628026485444,
        0.35438833832740785,
        0.31848041117191317,
        0.2973430514335632,
        0.27426195740699766,
        0.25483469665050507
    ],
    "val_loss": [
        0.49874014407396317,
        0.46495580673217773,
        0.4517732337117195,
        0.44456344097852707,
        0.44275738298892975,
        0.44633419066667557,
        0.4447312280535698,
        0.4528414160013199
    ]
}