{
    "@50000": {
        "validity": 0.97276,
        "uniqueness": 0.95576,
        "novelty": 0.93222,
        "n_valid": 48638,
        "n_unique": 47788,
        "n_novel": 46611
    },
    "@100000": {
        "validity": 0.97226,
        "uniqueness": 0.94547,
        "novelty": 0.92486,
        "n_valid": 97226,
        "n_unique": 94547,
        "n_novel": 92486
    },
    "@150000": {
        "validity": 0.97204,
        "uniqueness": 0.9380133333333334,
        "novelty": 0.9187733333333333,
        "n_valid": 145806,
        "n_unique": 140702,
        "n_novel": 137816
    },
    "@200000": {
        "validity": 0.97199,
        "uniqueness": 0.932425,
        "novelty": 0.91422,
        "n_valid": 194398,
        "n_unique": 186485,
        "n_novel": 182844
    },
    "@250000": {
        "validity": 0.972024,
        "uniqueness": 0.927404,
        "novelty": 0.9098,
        "n_valid": 243006,
        "n_unique": 231851,
        "n_novel": 227450
    },
    "@300000": {
        "validity": 0.9721,
        "uniqueness": 0.92311,
        "novelty": 0.9060933333333333,
        "n_valid": 291630,
        "n_unique": 276933,
        "n_novel": 271828
    },
    "@350000": {
        "validity": 0.9721057142857142,
        "uniqueness": 0.9192314285714286,
        "novelty": 0.9027514285714285,
        "n_valid": 340237,
        "n_unique": 321731,
        "n_novel": 315963
    },
    "@400000": {
        "validity": 0.972175,
        "uniqueness": 0.91558,
        "novelty": 0.8995825,
        "n_valid": 388870,
        "n_unique": 366232,
        "n_novel": 359833
    },
    "@450000": {
        "validity": 0.9721377777777778,
        "uniqueness": 0.9121088888888889,
        "novelty": 0.8965666666666666,
        "n_valid": 437462,
        "n_unique": 410449,
        "n_novel": 403455
    },
    "@500000": {
        "validity": 0.9721,
        "uniqueness": 0.909174,
        "novelty": 0.89399,
        "n_valid": 486050,
        "n_unique": 454587,
        "n_novel": 446995
    },
    "@550000": {
        "validity": 0.972250909090909,
        "uniqueness": 0.9063854545454545,
        "novelty": 0.8916309090909091,
        "n_valid": 534738,
        "n_unique": 498512,
        "n_novel": 490397
    },
    "@600000": {
        "validity": 0.97222,
        "uniqueness": 0.9037516666666666,
        "novelty": 0.8892833333333333,
        "n_valid": 583332,
        "n_unique": 542251,
        "n_novel": 533570
    },
    "@650000": {
        "validity": 0.9722292307692307,
        "uniqueness": 0.9011723076923077,
        "novelty": 0.8869230769230769,
        "n_valid": 631949,
        "n_unique": 585762,
        "n_novel": 576500
    },
    "@700000": {
        "validity": 0.9722271428571428,
        "uniqueness": 0.8985985714285715,
        "novelty": 0.8846385714285714,
        "n_valid": 680559,
        "n_unique": 629019,
        "n_novel": 619247
    },
    "@750000": {
        "validity": 0.9721746666666666,
        "uniqueness": 0.8963213333333333,
        "novelty": 0.8826626666666667,
        "n_valid": 729131,
        "n_unique": 672241,
        "n_novel": 661997
    },
    "@800000": {
        "validity": 0.97218,
        "uniqueness": 0.89407125,
        "novelty": 0.880695,
        "n_valid": 777744,
        "n_unique": 715257,
        "n_novel": 704556
    },
    "@850000": {
        "validity": 0.9721976470588235,
        "uniqueness": 0.8921011764705883,
        "novelty": 0.8789564705882353,
        "n_valid": 826368,
        "n_unique": 758286,
        "n_novel": 747113
    },
    "@900000": {
        "validity": 0.9721888888888889,
        "uniqueness": 0.8900822222222222,
        "novelty": 0.8771444444444444,
        "n_valid": 874970,
        "n_unique": 801074,
        "n_novel": 789430
    },
    "@950000": {
        "validity": 0.9721557894736842,
        "uniqueness": 0.88812,
        "novelty": 0.87542,
        "n_valid": 923548,
        "n_unique": 843714,
        "n_novel": 831649
    },
    "@1000000": {
        "validity": 0.972148,
        "uniqueness": 0.88641,
        "novelty": 0.873903,
        "n_valid": 972148,
        "n_unique": 886410,
        "n_novel": 873903
    }
}