{
    "@50000": {
        "validity": 0.76052,
        "uniqueness": 0.7485,
        "novelty": 0.73752,
        "n_valid": 38026,
        "n_unique": 37425,
        "n_novel": 36876
    },
    "@100000": {
        "validity": 0.76285,
        "uniqueness": 0.74633,
        "novelty": 0.73658,
        "n_valid": 76285,
        "n_unique": 74633,
        "n_novel": 73658
    },
    "@150000": {
        "validity": 0.7629533333333334,
        "uniqueness": 0.7428733333333334,
        "novelty": 0.73386,
        "n_valid": 114443,
        "n_unique": 111431,
        "n_novel": 110079
    },
    "@200000": {
        "validity": 0.763305,
        "uniqueness": 0.739755,
        "novelty": 0.731555,
        "n_valid": 152661,
        "n_unique": 147951,
        "n_novel": 146311
    },
    "@250000": {
        "validity": 0.763364,
        "uniqueness": 0.737128,
        "novelty": 0.729456,
        "n_valid": 190841,
        "n_unique": 184282,
        "n_novel": 182364
    },
    "@300000": {
        "validity": 0.7631666666666667,
        "uniqueness": 0.7349,
        "novelty": 0.72767,
        "n_valid": 228950,
        "n_unique": 220470,
        "n_novel": 218301
    },
    "@350000": {
        "validity": 0.7626428571428572,
        "uniqueness": 0.7325628571428572,
        "novelty": 0.7256371428571429,
        "n_valid": 266925,
        "n_unique": 256397,
        "n_novel": 253973
    },
    "@400000": {
        "validity": 0.762755,
        "uniqueness": 0.73097,
        "novelty": 0.7243225,
        "n_valid": 305102,
        "n_unique": 292388,
        "n_novel": 289729
    },
    "@450000": {
        "validity": 0.7625822222222223,
        "uniqueness": 0.7291177777777778,
        "novelty": 0.7227688888888889,
        "n_valid": 343162,
        "n_unique": 328103,
        "n_novel": 325246
    },
    "@500000": {
        "validity": 0.762398,
        "uniqueness": 0.727516,
        "novelty": 0.721352,
        "n_valid": 381199,
        "n_unique": 363758,
        "n_novel": 360676
    },
    "@550000": {
        "validity": 0.7625163636363637,
        "uniqueness": 0.7261636363636363,
        "novelty": 0.7201636363636363,
        "n_valid": 419384,
        "n_unique": 399390,
        "n_novel": 396090
    },
    "@600000": {
        "validity": 0.7626883333333333,
        "uniqueness": 0.7250916666666667,
        "novelty": 0.7192416666666667,
        "n_valid": 457613,
        "n_unique": 435055,
        "n_novel": 431545
    },
    "@650000": {
        "validity": 0.7625015384615385,
        "uniqueness": 0.7236569230769231,
        "novelty": 0.7179676923076923,
        "n_valid": 495626,
        "n_unique": 470377,
        "n_novel": 466679
    },
    "@700000": {
        "validity": 0.76264,
        "uniqueness": 0.7227942857142857,
        "novelty": 0.7172585714285714,
        "n_valid": 533848,
        "n_unique": 505956,
        "n_novel": 502081
    },
    "@750000": {
        "validity": 0.7628106666666666,
        "uniqueness": 0.721828,
        "novelty": 0.716432,
        "n_valid": 572108,
        "n_unique": 541371,
        "n_novel": 537324
    },
    "@800000": {
        "validity": 0.76263,
        "uniqueness": 0.720725,
        "novelty": 0.7154375,
        "n_valid": 610104,
        "n_unique": 576580,
        "n_novel": 572350
    },
    "@850000": {
        "validity": 0.7624623529411765,
        "uniqueness": 0.7196611764705882,
        "novelty": 0.7144941176470588,
        "n_valid": 648093,
        "n_unique": 611712,
        "n_novel": 607320
    },
    "@900000": {
        "validity": 0.76251,
        "uniqueness": 0.7187522222222222,
        "novelty": 0.7136877777777778,
        "n_valid": 686259,
        "n_unique": 646877,
        "n_novel": 642319
    },
    "@950000": {
        "validity": 0.762498947368421,
        "uniqueness": 0.7178273684210527,
        "novelty": 0.7128473684210527,
        "n_valid": 724374,
        "n_unique": 681936,
        "n_novel": 677205
    },
    "@1000000": {
        "validity": 0.762438,
        "uniqueness": 0.716876,
        "novelty": 0.711984,
        "n_valid": 762438,
        "n_unique": 716876,
        "n_novel": 711984
    }
}