{
    "@50000": {
        "validity": 0.96168,
        "uniqueness": 0.95312,
        "novelty": 0.92248,
        "n_valid": 48084,
        "n_unique": 47656,
        "n_novel": 46124
    },
    "@100000": {
        "validity": 0.96015,
        "uniqueness": 0.94581,
        "novelty": 0.91691,
        "n_valid": 96015,
        "n_unique": 94581,
        "n_novel": 91691
    },
    "@150000": {
        "validity": 0.96028,
        "uniqueness": 0.9419066666666667,
        "novelty": 0.91392,
        "n_valid": 144042,
        "n_unique": 141286,
        "n_novel": 137088
    },
    "@200000": {
        "validity": 0.960295,
        "uniqueness": 0.938285,
        "novelty": 0.91163,
        "n_valid": 192059,
        "n_unique": 187657,
        "n_novel": 182326
    },
    "@250000": {
        "validity": 0.960292,
        "uniqueness": 0.934732,
        "novelty": 0.909172,
        "n_valid": 240073,
        "n_unique": 233683,
        "n_novel": 227293
    },
    "@300000": {
        "validity": 0.95998,
        "uniqueness": 0.9314366666666667,
        "novelty": 0.90659,
        "n_valid": 287994,
        "n_unique": 279431,
        "n_novel": 271977
    },
    "@350000": {
        "validity": 0.9599171428571428,
        "uniqueness": 0.9286771428571429,
        "novelty": 0.9045885714285714,
        "n_valid": 335971,
        "n_unique": 325037,
        "n_novel": 316606
    },
    "@400000": {
        "validity": 0.9599975,
        "uniqueness": 0.9264575,
        "novelty": 0.903215,
        "n_valid": 383999,
        "n_unique": 370583,
        "n_novel": 361286
    },
    "@450000": {
        "validity": 0.9599444444444445,
        "uniqueness": 0.9240955555555556,
        "novelty": 0.9015266666666667,
        "n_valid": 431975,
        "n_unique": 415843,
        "n_novel": 405687
    },
    "@500000": {
        "validity": 0.959966,
        "uniqueness": 0.922028,
        "novelty": 0.900044,
        "n_valid": 479983,
        "n_unique": 461014,
        "n_novel": 450022
    },
    "@550000": {
        "validity": 0.9600345454545455,
        "uniqueness": 0.92006,
        "novelty": 0.8985781818181818,
        "n_valid": 528019,
        "n_unique": 506033,
        "n_novel": 494218
    },
    "@600000": {
        "validity": 0.9599833333333333,
        "uniqueness": 0.9181066666666666,
        "novelty": 0.897095,
        "n_valid": 575990,
        "n_unique": 550864,
        "n_novel": 538257
    },
    "@650000": {
        "validity": 0.9600430769230769,
        "uniqueness": 0.9163538461538462,
        "novelty": 0.8957476923076924,
        "n_valid": 624028,
        "n_unique": 595630,
        "n_novel": 582236
    },
    "@700000": {
        "validity": 0.9601271428571428,
        "uniqueness": 0.9149542857142857,
        "novelty": 0.8947571428571428,
        "n_valid": 672089,
        "n_unique": 640468,
        "n_novel": 626330
    },
    "@750000": {
        "validity": 0.960164,
        "uniqueness": 0.9134413333333333,
        "novelty": 0.893616,
        "n_valid": 720123,
        "n_unique": 685081,
        "n_novel": 670212
    },
    "@800000": {
        "validity": 0.9601175,
        "uniqueness": 0.91199875,
        "novelty": 0.8925925,
        "n_valid": 768094,
        "n_unique": 729599,
        "n_novel": 714074
    },
    "@850000": {
        "validity": 0.9602529411764706,
        "uniqueness": 0.9106882352941177,
        "novelty": 0.8915905882352941,
        "n_valid": 816215,
        "n_unique": 774085,
        "n_novel": 757852
    },
    "@900000": {
        "validity": 0.9603166666666667,
        "uniqueness": 0.9092644444444444,
        "novelty": 0.8904722222222222,
        "n_valid": 864285,
        "n_unique": 818338,
        "n_novel": 801425
    },
    "@950000": {
        "validity": 0.9602873684210527,
        "uniqueness": 0.9078378947368421,
        "novelty": 0.8893410526315789,
        "n_valid": 912273,
        "n_unique": 862446,
        "n_novel": 844874
    },
    "@1000000": {
        "validity": 0.960311,
        "uniqueness": 0.906434,
        "novelty": 0.888198,
        "n_valid": 960311,
        "n_unique": 906434,
        "n_novel": 888198
    }
}