{
    "@50000": {
        "validity": 0.99452,
        "uniqueness": 0.41416,
        "novelty": 0.39598,
        "n_valid": 49726,
        "n_unique": 20708,
        "n_novel": 19799
    },
    "@100000": {
        "validity": 0.9946,
        "uniqueness": 0.36754,
        "novelty": 0.35416,
        "n_valid": 99460,
        "n_unique": 36754,
        "n_novel": 35416
    },
    "@150000": {
        "validity": 0.9946666666666667,
        "uniqueness": 0.3414333333333333,
        "novelty": 0.33022,
        "n_valid": 149200,
        "n_unique": 51215,
        "n_novel": 49533
    },
    "@200000": {
        "validity": 0.994655,
        "uniqueness": 0.324255,
        "novelty": 0.31435,
        "n_valid": 198931,
        "n_unique": 64851,
        "n_novel": 62870
    },
    "@250000": {
        "validity": 0.994568,
        "uniqueness": 0.311068,
        "novelty": 0.302028,
        "n_valid": 248642,
        "n_unique": 77767,
        "n_novel": 75507
    },
    "@300000": {
        "validity": 0.99462,
        "uniqueness": 0.29984333333333335,
        "novelty": 0.29158,
        "n_valid": 298386,
        "n_unique": 89953,
        "n_novel": 87474
    },
    "@350000": {
        "validity": 0.99468,
        "uniqueness": 0.29048285714285715,
        "novelty": 0.28283142857142857,
        "n_valid": 348138,
        "n_unique": 101669,
        "n_novel": 98991
    },
    "@400000": {
        "validity": 0.99464,
        "uniqueness": 0.283025,
        "novelty": 0.275825,
        "n_valid": 397856,
        "n_unique": 113210,
        "n_novel": 110330
    },
    "@450000": {
        "validity": 0.9946266666666667,
        "uniqueness": 0.27646444444444446,
        "novelty": 0.2695711111111111,
        "n_valid": 447582,
        "n_unique": 124409,
        "n_novel": 121307
    },
    "@500000": {
        "validity": 0.994614,
        "uniqueness": 0.270876,
        "novelty": 0.264342,
        "n_valid": 497307,
        "n_unique": 135438,
        "n_novel": 132171
    },
    "@550000": {
        "validity": 0.9946,
        "uniqueness": 0.2655272727272727,
        "novelty": 0.2592836363636364,
        "n_valid": 547030,
        "n_unique": 146040,
        "n_novel": 142606
    },
    "@600000": {
        "validity": 0.9945966666666667,
        "uniqueness": 0.26096833333333336,
        "novelty": 0.25495666666666666,
        "n_valid": 596758,
        "n_unique": 156581,
        "n_novel": 152974
    },
    "@650000": {
        "validity": 0.9945707692307693,
        "uniqueness": 0.25692923076923074,
        "novelty": 0.2511323076923077,
        "n_valid": 646471,
        "n_unique": 167004,
        "n_novel": 163236
    },
    "@700000": {
        "validity": 0.9945728571428571,
        "uniqueness": 0.2530314285714286,
        "novelty": 0.24741428571428573,
        "n_valid": 696201,
        "n_unique": 177122,
        "n_novel": 173190
    },
    "@750000": {
        "validity": 0.9945866666666666,
        "uniqueness": 0.249292,
        "novelty": 0.243832,
        "n_valid": 745940,
        "n_unique": 186969,
        "n_novel": 182874
    },
    "@800000": {
        "validity": 0.994545,
        "uniqueness": 0.24581,
        "novelty": 0.24052,
        "n_valid": 795636,
        "n_unique": 196648,
        "n_novel": 192416
    },
    "@850000": {
        "validity": 0.9945505882352941,
        "uniqueness": 0.24271294117647058,
        "novelty": 0.23757176470588234,
        "n_valid": 845368,
        "n_unique": 206306,
        "n_novel": 201936
    },
    "@900000": {
        "validity": 0.9945411111111111,
        "uniqueness": 0.23979444444444445,
        "novelty": 0.23479555555555556,
        "n_valid": 895087,
        "n_unique": 215815,
        "n_novel": 211316
    },
    "@950000": {
        "validity": 0.9945294736842105,
        "uniqueness": 0.23702421052631578,
        "novelty": 0.2321442105263158,
        "n_valid": 944803,
        "n_unique": 225173,
        "n_novel": 220537
    },
    "@1000000": {
        "validity": 0.994531,
        "uniqueness": 0.234567,
        "novelty": 0.229805,
        "n_valid": 994531,
        "n_unique": 234567,
        "n_novel": 229805
    }
}