{
    "@50000": {
        "validity": 0.4371,
        "uniqueness": 0.41724,
        "novelty": 0.39828,
        "n_valid": 21855,
        "n_unique": 20862,
        "n_novel": 19914
    },
    "@100000": {
        "validity": 0.43762,
        "uniqueness": 0.41297,
        "novelty": 0.39518,
        "n_valid": 43762,
        "n_unique": 41297,
        "n_novel": 39518
    },
    "@150000": {
        "validity": 0.43700666666666665,
        "uniqueness": 0.40908666666666665,
        "novelty": 0.3920666666666667,
        "n_valid": 65551,
        "n_unique": 61363,
        "n_novel": 58810
    },
    "@200000": {
        "validity": 0.43745,
        "uniqueness": 0.40692,
        "novelty": 0.390395,
        "n_valid": 87490,
        "n_unique": 81384,
        "n_novel": 78079
    },
    "@250000": {
        "validity": 0.437636,
        "uniqueness": 0.404968,
        "novelty": 0.389252,
        "n_valid": 109409,
        "n_unique": 101242,
        "n_novel": 97313
    },
    "@300000": {
        "validity": 0.43743666666666664,
        "uniqueness": 0.40257333333333334,
        "novelty": 0.38738666666666666,
        "n_valid": 131231,
        "n_unique": 120772,
        "n_novel": 116216
    },
    "@350000": {
        "validity": 0.43686,
        "uniqueness": 0.4002657142857143,
        "novelty": 0.3856342857142857,
        "n_valid": 152901,
        "n_unique": 140093,
        "n_novel": 134972
    },
    "@400000": {
        "validity": 0.4366625,
        "uniqueness": 0.39848,
        "novelty": 0.3841775,
        "n_valid": 174665,
        "n_unique": 159392,
        "n_novel": 153671
    },
    "@450000": {
        "validity": 0.4363022222222222,
        "uniqueness": 0.3966911111111111,
        "novelty": 0.3827333333333333,
        "n_valid": 196336,
        "n_unique": 178511,
        "n_novel": 172230
    },
    "@500000": {
        "validity": 0.436348,
        "uniqueness": 0.39546,
        "novelty": 0.381872,
        "n_valid": 218174,
        "n_unique": 197730,
        "n_novel": 190936
    },
    "@550000": {
        "validity": 0.4364709090909091,
        "uniqueness": 0.39433090909090907,
        "novelty": 0.3810090909090909,
        "n_valid": 240059,
        "n_unique": 216882,
        "n_novel": 209555
    },
    "@600000": {
        "validity": 0.436445,
        "uniqueness": 0.393075,
        "novelty": 0.380005,
        "n_valid": 261867,
        "n_unique": 235845,
        "n_novel": 228003
    },
    "@650000": {
        "validity": 0.4364569230769231,
        "uniqueness": 0.3919076923076923,
        "novelty": 0.37906153846153845,
        "n_valid": 283697,
        "n_unique": 254740,
        "n_novel": 246390
    },
    "@700000": {
        "validity": 0.4364071428571429,
        "uniqueness": 0.3907357142857143,
        "novelty": 0.37814,
        "n_valid": 305485,
        "n_unique": 273515,
        "n_novel": 264698
    },
    "@750000": {
        "validity": 0.4362893333333333,
        "uniqueness": 0.3899026666666667,
        "novelty": 0.37752933333333333,
        "n_valid": 327217,
        "n_unique": 292427,
        "n_novel": 283147
    },
    "@800000": {
        "validity": 0.43640625,
        "uniqueness": 0.389045,
        "novelty": 0.37690125,
        "n_valid": 349125,
        "n_unique": 311236,
        "n_novel": 301521
    },
    "@850000": {
        "validity": 0.43648,
        "uniqueness": 0.38821058823529414,
        "novelty": 0.3762552941176471,
        "n_valid": 371008,
        "n_unique": 329979,
        "n_novel": 319817
    },
    "@900000": {
        "validity": 0.43674666666666667,
        "uniqueness": 0.3874988888888889,
        "novelty": 0.37571,
        "n_valid": 393072,
        "n_unique": 348749,
        "n_novel": 338139
    },
    "@950000": {
        "validity": 0.4367442105263158,
        "uniqueness": 0.3865884210526316,
        "novelty": 0.37498105263157894,
        "n_valid": 414907,
        "n_unique": 367259,
        "n_novel": 356232
    },
    "@1000000": {
        "validity": 0.436631,
        "uniqueness": 0.385678,
        "novelty": 0.374214,
        "n_valid": 436631,
        "n_unique": 385678,
        "n_novel": 374214
    }
}