{
    "@50000": {
        "validity": 0.97268,
        "uniqueness": 0.96002,
        "novelty": 0.93066,
        "n_valid": 48634,
        "n_unique": 48001,
        "n_novel": 46533
    },
    "@100000": {
        "validity": 0.97183,
        "uniqueness": 0.95156,
        "novelty": 0.92378,
        "n_valid": 97183,
        "n_unique": 95156,
        "n_novel": 92378
    },
    "@150000": {
        "validity": 0.9719266666666667,
        "uniqueness": 0.9454933333333333,
        "novelty": 0.91874,
        "n_valid": 145789,
        "n_unique": 141824,
        "n_novel": 137811
    },
    "@200000": {
        "validity": 0.971715,
        "uniqueness": 0.94034,
        "novelty": 0.91454,
        "n_valid": 194343,
        "n_unique": 188068,
        "n_novel": 182908
    },
    "@250000": {
        "validity": 0.971876,
        "uniqueness": 0.935916,
        "novelty": 0.911112,
        "n_valid": 242969,
        "n_unique": 233979,
        "n_novel": 227778
    },
    "@300000": {
        "validity": 0.9718233333333334,
        "uniqueness": 0.9317233333333333,
        "novelty": 0.9078833333333334,
        "n_valid": 291547,
        "n_unique": 279517,
        "n_novel": 272365
    },
    "@350000": {
        "validity": 0.9719085714285715,
        "uniqueness": 0.9280314285714286,
        "novelty": 0.9049342857142857,
        "n_valid": 340168,
        "n_unique": 324811,
        "n_novel": 316727
    },
    "@400000": {
        "validity": 0.971765,
        "uniqueness": 0.924535,
        "novelty": 0.90214,
        "n_valid": 388706,
        "n_unique": 369814,
        "n_novel": 360856
    },
    "@450000": {
        "validity": 0.9717333333333333,
        "uniqueness": 0.9211177777777778,
        "novelty": 0.8993111111111111,
        "n_valid": 437280,
        "n_unique": 414503,
        "n_novel": 404690
    },
    "@500000": {
        "validity": 0.97186,
        "uniqueness": 0.918482,
        "novelty": 0.89729,
        "n_valid": 485930,
        "n_unique": 459241,
        "n_novel": 448645
    },
    "@550000": {
        "validity": 0.9718418181818181,
        "uniqueness": 0.9158036363636364,
        "novelty": 0.8951309090909091,
        "n_valid": 534513,
        "n_unique": 503692,
        "n_novel": 492322
    },
    "@600000": {
        "validity": 0.971815,
        "uniqueness": 0.9132966666666666,
        "novelty": 0.8931133333333333,
        "n_valid": 583089,
        "n_unique": 547978,
        "n_novel": 535868
    },
    "@650000": {
        "validity": 0.9717615384615385,
        "uniqueness": 0.9107553846153846,
        "novelty": 0.8909846153846154,
        "n_valid": 631645,
        "n_unique": 591991,
        "n_novel": 579140
    },
    "@700000": {
        "validity": 0.97167,
        "uniqueness": 0.9084614285714285,
        "novelty": 0.8890671428571428,
        "n_valid": 680169,
        "n_unique": 635923,
        "n_novel": 622347
    },
    "@750000": {
        "validity": 0.971716,
        "uniqueness": 0.9063333333333333,
        "novelty": 0.887264,
        "n_valid": 728787,
        "n_unique": 679750,
        "n_novel": 665448
    },
    "@800000": {
        "validity": 0.97170625,
        "uniqueness": 0.9042775,
        "novelty": 0.8855675,
        "n_valid": 777365,
        "n_unique": 723422,
        "n_novel": 708454
    },
    "@850000": {
        "validity": 0.9717164705882353,
        "uniqueness": 0.9024082352941176,
        "novelty": 0.8839894117647059,
        "n_valid": 825959,
        "n_unique": 767047,
        "n_novel": 751391
    },
    "@900000": {
        "validity": 0.9718144444444444,
        "uniqueness": 0.9005933333333334,
        "novelty": 0.8824733333333333,
        "n_valid": 874633,
        "n_unique": 810534,
        "n_novel": 794226
    },
    "@950000": {
        "validity": 0.9718263157894736,
        "uniqueness": 0.8989315789473684,
        "novelty": 0.8810978947368421,
        "n_valid": 923235,
        "n_unique": 853985,
        "n_novel": 837043
    },
    "@1000000": {
        "validity": 0.971745,
        "uniqueness": 0.897129,
        "novelty": 0.879584,
        "n_valid": 971745,
        "n_unique": 897129,
        "n_novel": 879584
    }
}