{
    "@50000": {
        "validity": 0.90102,
        "uniqueness": 0.88144,
        "novelty": 0.87092,
        "n_valid": 45051,
        "n_unique": 44072,
        "n_novel": 43546
    },
    "@100000": {
        "validity": 0.90084,
        "uniqueness": 0.87224,
        "novelty": 0.86276,
        "n_valid": 90084,
        "n_unique": 87224,
        "n_novel": 86276
    },
    "@150000": {
        "validity": 0.8997666666666667,
        "uniqueness": 0.86396,
        "novelty": 0.8553933333333333,
        "n_valid": 134965,
        "n_unique": 129594,
        "n_novel": 128309
    },
    "@200000": {
        "validity": 0.89967,
        "uniqueness": 0.858415,
        "novelty": 0.850445,
        "n_valid": 179934,
        "n_unique": 171683,
        "n_novel": 170089
    },
    "@250000": {
        "validity": 0.899316,
        "uniqueness": 0.85326,
        "novelty": 0.845808,
        "n_valid": 224829,
        "n_unique": 213315,
        "n_novel": 211452
    },
    "@300000": {
        "validity": 0.8990033333333334,
        "uniqueness": 0.8487333333333333,
        "novelty": 0.8415133333333333,
        "n_valid": 269701,
        "n_unique": 254620,
        "n_novel": 252454
    },
    "@350000": {
        "validity": 0.8987314285714286,
        "uniqueness": 0.84464,
        "novelty": 0.83774,
        "n_valid": 314556,
        "n_unique": 295624,
        "n_novel": 293209
    },
    "@400000": {
        "validity": 0.898265,
        "uniqueness": 0.8411375,
        "novelty": 0.8344425,
        "n_valid": 359306,
        "n_unique": 336455,
        "n_novel": 333777
    },
    "@450000": {
        "validity": 0.8980911111111111,
        "uniqueness": 0.8379244444444445,
        "novelty": 0.8314911111111111,
        "n_valid": 404141,
        "n_unique": 377066,
        "n_novel": 374171
    },
    "@500000": {
        "validity": 0.898038,
        "uniqueness": 0.83536,
        "novelty": 0.829168,
        "n_valid": 449019,
        "n_unique": 417680,
        "n_novel": 414584
    },
    "@550000": {
        "validity": 0.8980745454545455,
        "uniqueness": 0.8329709090909091,
        "novelty": 0.8269618181818181,
        "n_valid": 493941,
        "n_unique": 458134,
        "n_novel": 454829
    },
    "@600000": {
        "validity": 0.8982083333333334,
        "uniqueness": 0.8307866666666667,
        "novelty": 0.824885,
        "n_valid": 538925,
        "n_unique": 498472,
        "n_novel": 494931
    },
    "@650000": {
        "validity": 0.8983876923076923,
        "uniqueness": 0.8288892307692308,
        "novelty": 0.82316,
        "n_valid": 583952,
        "n_unique": 538778,
        "n_novel": 535054
    },
    "@700000": {
        "validity": 0.8983257142857143,
        "uniqueness": 0.8266114285714286,
        "novelty": 0.8210414285714286,
        "n_valid": 628828,
        "n_unique": 578628,
        "n_novel": 574729
    },
    "@750000": {
        "validity": 0.898336,
        "uniqueness": 0.8247346666666666,
        "novelty": 0.8193,
        "n_valid": 673752,
        "n_unique": 618551,
        "n_novel": 614475
    },
    "@800000": {
        "validity": 0.89830375,
        "uniqueness": 0.82276375,
        "novelty": 0.81746875,
        "n_valid": 718643,
        "n_unique": 658211,
        "n_novel": 653975
    },
    "@850000": {
        "validity": 0.8984176470588235,
        "uniqueness": 0.8210729411764706,
        "novelty": 0.8158741176470589,
        "n_valid": 763655,
        "n_unique": 697912,
        "n_novel": 693493
    },
    "@900000": {
        "validity": 0.8984855555555555,
        "uniqueness": 0.8195533333333334,
        "novelty": 0.8144544444444445,
        "n_valid": 808637,
        "n_unique": 737598,
        "n_novel": 733009
    },
    "@950000": {
        "validity": 0.898521052631579,
        "uniqueness": 0.8179842105263158,
        "novelty": 0.8129873684210527,
        "n_valid": 853595,
        "n_unique": 777085,
        "n_novel": 772338
    },
    "@1000000": {
        "validity": 0.898591,
        "uniqueness": 0.816465,
        "novelty": 0.811576,
        "n_valid": 898591,
        "n_unique": 816465,
        "n_novel": 811576
    }
}