{
    "@50000": {
        "validity": 0.3468,
        "uniqueness": 0.34168,
        "novelty": 0.33952,
        "n_valid": 17340,
        "n_unique": 17084,
        "n_novel": 16976
    },
    "@100000": {
        "validity": 0.34749,
        "uniqueness": 0.34077,
        "novelty": 0.3387,
        "n_valid": 34749,
        "n_unique": 34077,
        "n_novel": 33870
    },
    "@150000": {
        "validity": 0.3485333333333333,
        "uniqueness": 0.34056,
        "novelty": 0.3387,
        "n_valid": 52280,
        "n_unique": 51084,
        "n_novel": 50805
    },
    "@200000": {
        "validity": 0.348255,
        "uniqueness": 0.33914,
        "novelty": 0.33741,
        "n_valid": 69651,
        "n_unique": 67828,
        "n_novel": 67482
    },
    "@250000": {
        "validity": 0.348004,
        "uniqueness": 0.338168,
        "novelty": 0.336564,
        "n_valid": 87001,
        "n_unique": 84542,
        "n_novel": 84141
    },
    "@300000": {
        "validity": 0.34778333333333333,
        "uniqueness": 0.33723,
        "novelty": 0.3357,
        "n_valid": 104335,
        "n_unique": 101169,
        "n_novel": 100710
    },
    "@350000": {
        "validity": 0.34800857142857144,
        "uniqueness": 0.3367,
        "novelty": 0.3352342857142857,
        "n_valid": 121803,
        "n_unique": 117845,
        "n_novel": 117332
    },
    "@400000": {
        "validity": 0.348005,
        "uniqueness": 0.336175,
        "novelty": 0.334755,
        "n_valid": 139202,
        "n_unique": 134470,
        "n_novel": 133902
    },
    "@450000": {
        "validity": 0.34790666666666664,
        "uniqueness": 0.33546888888888887,
        "novelty": 0.3340911111111111,
        "n_valid": 156558,
        "n_unique": 150961,
        "n_novel": 150341
    },
    "@500000": {
        "validity": 0.348114,
        "uniqueness": 0.335202,
        "novelty": 0.333858,
        "n_valid": 174057,
        "n_unique": 167601,
        "n_novel": 166929
    },
    "@550000": {
        "validity": 0.3475581818181818,
        "uniqueness": 0.33431636363636363,
        "novelty": 0.3330036363636364,
        "n_valid": 191157,
        "n_unique": 183874,
        "n_novel": 183152
    },
    "@600000": {
        "validity": 0.3477616666666667,
        "uniqueness": 0.33417166666666664,
        "novelty": 0.33289,
        "n_valid": 208657,
        "n_unique": 200503,
        "n_novel": 199734
    },
    "@650000": {
        "validity": 0.3476169230769231,
        "uniqueness": 0.33359384615384613,
        "novelty": 0.3323384615384615,
        "n_valid": 225951,
        "n_unique": 216836,
        "n_novel": 216020
    },
    "@700000": {
        "validity": 0.34729714285714286,
        "uniqueness": 0.3329642857142857,
        "novelty": 0.33173285714285716,
        "n_valid": 243108,
        "n_unique": 233075,
        "n_novel": 232213
    },
    "@750000": {
        "validity": 0.34732266666666667,
        "uniqueness": 0.332544,
        "novelty": 0.3313293333333333,
        "n_valid": 260492,
        "n_unique": 249408,
        "n_novel": 248497
    },
    "@800000": {
        "validity": 0.347005,
        "uniqueness": 0.33195375,
        "novelty": 0.33076875,
        "n_valid": 277604,
        "n_unique": 265563,
        "n_novel": 264615
    },
    "@850000": {
        "validity": 0.3470788235294118,
        "uniqueness": 0.33171529411764705,
        "novelty": 0.3305505882352941,
        "n_valid": 295017,
        "n_unique": 281958,
        "n_novel": 280968
    },
    "@900000": {
        "validity": 0.3470077777777778,
        "uniqueness": 0.33138222222222224,
        "novelty": 0.33023555555555556,
        "n_valid": 312307,
        "n_unique": 298244,
        "n_novel": 297212
    },
    "@950000": {
        "validity": 0.34716,
        "uniqueness": 0.3313136842105263,
        "novelty": 0.3301968421052632,
        "n_valid": 329802,
        "n_unique": 314748,
        "n_novel": 313687
    },
    "@1000000": {
        "validity": 0.347055,
        "uniqueness": 0.330961,
        "novelty": 0.329874,
        "n_valid": 347055,
        "n_unique": 330961,
        "n_novel": 329874
    }
}