{
    "@50000": {
        "validity": 0.6949,
        "uniqueness": 0.69256,
        "novelty": 0.69014,
        "n_valid": 34745,
        "n_unique": 34628,
        "n_novel": 34507
    },
    "@100000": {
        "validity": 0.69491,
        "uniqueness": 0.69167,
        "novelty": 0.68942,
        "n_valid": 69491,
        "n_unique": 69167,
        "n_novel": 68942
    },
    "@150000": {
        "validity": 0.6953133333333333,
        "uniqueness": 0.6914,
        "novelty": 0.6890866666666666,
        "n_valid": 104297,
        "n_unique": 103710,
        "n_novel": 103363
    },
    "@200000": {
        "validity": 0.695665,
        "uniqueness": 0.691375,
        "novelty": 0.689035,
        "n_valid": 139133,
        "n_unique": 138275,
        "n_novel": 137807
    },
    "@250000": {
        "validity": 0.695888,
        "uniqueness": 0.691256,
        "novelty": 0.688952,
        "n_valid": 173972,
        "n_unique": 172814,
        "n_novel": 172238
    },
    "@300000": {
        "validity": 0.6964433333333333,
        "uniqueness": 0.69147,
        "novelty": 0.6891466666666667,
        "n_valid": 208933,
        "n_unique": 207441,
        "n_novel": 206744
    },
    "@350000": {
        "validity": 0.6962971428571428,
        "uniqueness": 0.6908771428571429,
        "novelty": 0.6886428571428571,
        "n_valid": 243704,
        "n_unique": 241807,
        "n_novel": 241025
    },
    "@400000": {
        "validity": 0.6963075,
        "uniqueness": 0.6904825,
        "novelty": 0.6882825,
        "n_valid": 278523,
        "n_unique": 276193,
        "n_novel": 275313
    },
    "@450000": {
        "validity": 0.6963844444444445,
        "uniqueness": 0.6903088888888889,
        "novelty": 0.6881466666666667,
        "n_valid": 313373,
        "n_unique": 310639,
        "n_novel": 309666
    },
    "@500000": {
        "validity": 0.696558,
        "uniqueness": 0.690298,
        "novelty": 0.688156,
        "n_valid": 348279,
        "n_unique": 345149,
        "n_novel": 344078
    },
    "@550000": {
        "validity": 0.6963927272727273,
        "uniqueness": 0.6898436363636363,
        "novelty": 0.6877036363636364,
        "n_valid": 383016,
        "n_unique": 379414,
        "n_novel": 378237
    },
    "@600000": {
        "validity": 0.696555,
        "uniqueness": 0.689815,
        "novelty": 0.687705,
        "n_valid": 417933,
        "n_unique": 413889,
        "n_novel": 412623
    },
    "@650000": {
        "validity": 0.6965938461538461,
        "uniqueness": 0.6896676923076923,
        "novelty": 0.6875984615384615,
        "n_valid": 452786,
        "n_unique": 448284,
        "n_novel": 446939
    },
    "@700000": {
        "validity": 0.6965257142857143,
        "uniqueness": 0.6894014285714286,
        "novelty": 0.6873442857142857,
        "n_valid": 487568,
        "n_unique": 482581,
        "n_novel": 481141
    },
    "@750000": {
        "validity": 0.6966853333333334,
        "uniqueness": 0.6893933333333333,
        "novelty": 0.6873826666666667,
        "n_valid": 522514,
        "n_unique": 517045,
        "n_novel": 515537
    },
    "@800000": {
        "validity": 0.69687375,
        "uniqueness": 0.68938375,
        "novelty": 0.68740875,
        "n_valid": 557499,
        "n_unique": 551507,
        "n_novel": 549927
    },
    "@850000": {
        "validity": 0.6968670588235294,
        "uniqueness": 0.6892223529411765,
        "novelty": 0.6872658823529412,
        "n_valid": 592337,
        "n_unique": 585839,
        "n_novel": 584176
    },
    "@900000": {
        "validity": 0.6968333333333333,
        "uniqueness": 0.6890688888888888,
        "novelty": 0.6871377777777777,
        "n_valid": 627150,
        "n_unique": 620162,
        "n_novel": 618424
    },
    "@950000": {
        "validity": 0.69684,
        "uniqueness": 0.6888915789473684,
        "novelty": 0.68698,
        "n_valid": 661998,
        "n_unique": 654447,
        "n_novel": 652631
    },
    "@1000000": {
        "validity": 0.696667,
        "uniqueness": 0.688619,
        "novelty": 0.686723,
        "n_valid": 696667,
        "n_unique": 688619,
        "n_novel": 686723
    }
}