{
    "@50000": {
        "validity": 0.99168,
        "uniqueness": 0.19246,
        "novelty": 0.18716,
        "n_valid": 49584,
        "n_unique": 9623,
        "n_novel": 9358
    },
    "@100000": {
        "validity": 0.99125,
        "uniqueness": 0.15248,
        "novelty": 0.14926,
        "n_valid": 99125,
        "n_unique": 15248,
        "n_novel": 14926
    },
    "@150000": {
        "validity": 0.9912666666666666,
        "uniqueness": 0.13204666666666667,
        "novelty": 0.12964,
        "n_valid": 148690,
        "n_unique": 19807,
        "n_novel": 19446
    },
    "@200000": {
        "validity": 0.99123,
        "uniqueness": 0.119045,
        "novelty": 0.117085,
        "n_valid": 198246,
        "n_unique": 23809,
        "n_novel": 23417
    },
    "@250000": {
        "validity": 0.991168,
        "uniqueness": 0.109248,
        "novelty": 0.107564,
        "n_valid": 247792,
        "n_unique": 27312,
        "n_novel": 26891
    },
    "@300000": {
        "validity": 0.99114,
        "uniqueness": 0.10196666666666666,
        "novelty": 0.10052,
        "n_valid": 297342,
        "n_unique": 30590,
        "n_novel": 30156
    },
    "@350000": {
        "validity": 0.9911228571428572,
        "uniqueness": 0.09624571428571428,
        "novelty": 0.09496857142857143,
        "n_valid": 346893,
        "n_unique": 33686,
        "n_novel": 33239
    },
    "@400000": {
        "validity": 0.9911975,
        "uniqueness": 0.09139,
        "novelty": 0.090235,
        "n_valid": 396479,
        "n_unique": 36556,
        "n_novel": 36094
    },
    "@450000": {
        "validity": 0.9911755555555556,
        "uniqueness": 0.08697111111111111,
        "novelty": 0.08592888888888889,
        "n_valid": 446029,
        "n_unique": 39137,
        "n_novel": 38668
    },
    "@500000": {
        "validity": 0.99113,
        "uniqueness": 0.083328,
        "novelty": 0.08237,
        "n_valid": 495565,
        "n_unique": 41664,
        "n_novel": 41185
    },
    "@550000": {
        "validity": 0.9911054545454545,
        "uniqueness": 0.07998727272727273,
        "novelty": 0.07909090909090909,
        "n_valid": 545108,
        "n_unique": 43993,
        "n_novel": 43500
    },
    "@600000": {
        "validity": 0.9911416666666667,
        "uniqueness": 0.07712333333333334,
        "novelty": 0.07628833333333333,
        "n_valid": 594685,
        "n_unique": 46274,
        "n_novel": 45773
    },
    "@650000": {
        "validity": 0.9911092307692307,
        "uniqueness": 0.07460307692307692,
        "novelty": 0.07382615384615385,
        "n_valid": 644221,
        "n_unique": 48492,
        "n_novel": 47987
    },
    "@700000": {
        "validity": 0.9910514285714286,
        "uniqueness": 0.07216714285714286,
        "novelty": 0.07143571428571428,
        "n_valid": 693736,
        "n_unique": 50517,
        "n_novel": 50005
    },
    "@750000": {
        "validity": 0.9910253333333333,
        "uniqueness": 0.070044,
        "novelty": 0.06935333333333334,
        "n_valid": 743269,
        "n_unique": 52533,
        "n_novel": 52015
    },
    "@800000": {
        "validity": 0.99102125,
        "uniqueness": 0.06815375,
        "novelty": 0.06749625,
        "n_valid": 792817,
        "n_unique": 54523,
        "n_novel": 53997
    },
    "@850000": {
        "validity": 0.9910035294117647,
        "uniqueness": 0.06637764705882353,
        "novelty": 0.06575294117647058,
        "n_valid": 842353,
        "n_unique": 56421,
        "n_novel": 55890
    },
    "@900000": {
        "validity": 0.9909944444444444,
        "uniqueness": 0.06473888888888889,
        "novelty": 0.06414333333333333,
        "n_valid": 891895,
        "n_unique": 58265,
        "n_novel": 57729
    },
    "@950000": {
        "validity": 0.9910136842105263,
        "uniqueness": 0.06317473684210527,
        "novelty": 0.06260421052631579,
        "n_valid": 941463,
        "n_unique": 60016,
        "n_novel": 59474
    },
    "@1000000": {
        "validity": 0.991041,
        "uniqueness": 0.061773,
        "novelty": 0.061228,
        "n_valid": 991041,
        "n_unique": 61773,
        "n_novel": 61228
    }
}