{
    "@50000": {
        "validity": 0.9938,
        "uniqueness": 0.75608,
        "novelty": 0.73544,
        "n_valid": 49690,
        "n_unique": 37804,
        "n_novel": 36772
    },
    "@100000": {
        "validity": 0.99388,
        "uniqueness": 0.68059,
        "novelty": 0.66546,
        "n_valid": 99388,
        "n_unique": 68059,
        "n_novel": 66546
    },
    "@150000": {
        "validity": 0.99414,
        "uniqueness": 0.6370333333333333,
        "novelty": 0.62464,
        "n_valid": 149121,
        "n_unique": 95555,
        "n_novel": 93696
    },
    "@200000": {
        "validity": 0.994135,
        "uniqueness": 0.60325,
        "novelty": 0.592515,
        "n_valid": 198827,
        "n_unique": 120650,
        "n_novel": 118503
    },
    "@250000": {
        "validity": 0.994148,
        "uniqueness": 0.577232,
        "novelty": 0.567808,
        "n_valid": 248537,
        "n_unique": 144308,
        "n_novel": 141952
    },
    "@300000": {
        "validity": 0.9942033333333333,
        "uniqueness": 0.5567266666666667,
        "novelty": 0.5483466666666666,
        "n_valid": 298261,
        "n_unique": 167018,
        "n_novel": 164504
    },
    "@350000": {
        "validity": 0.9941342857142857,
        "uniqueness": 0.5387542857142857,
        "novelty": 0.5311457142857143,
        "n_valid": 347947,
        "n_unique": 188564,
        "n_novel": 185901
    },
    "@400000": {
        "validity": 0.994125,
        "uniqueness": 0.5230875,
        "novelty": 0.5160725,
        "n_valid": 397650,
        "n_unique": 209235,
        "n_novel": 206429
    },
    "@450000": {
        "validity": 0.9941577777777778,
        "uniqueness": 0.5090444444444444,
        "novelty": 0.5025711111111111,
        "n_valid": 447371,
        "n_unique": 229070,
        "n_novel": 226157
    },
    "@500000": {
        "validity": 0.99413,
        "uniqueness": 0.497428,
        "novelty": 0.49142,
        "n_valid": 497065,
        "n_unique": 248714,
        "n_novel": 245710
    },
    "@550000": {
        "validity": 0.9941745454545454,
        "uniqueness": 0.4865890909090909,
        "novelty": 0.4809381818181818,
        "n_valid": 546796,
        "n_unique": 267624,
        "n_novel": 264516
    },
    "@600000": {
        "validity": 0.99416,
        "uniqueness": 0.4768233333333333,
        "novelty": 0.471505,
        "n_valid": 596496,
        "n_unique": 286094,
        "n_novel": 282903
    },
    "@650000": {
        "validity": 0.9941138461538461,
        "uniqueness": 0.4679953846153846,
        "novelty": 0.4629723076923077,
        "n_valid": 646174,
        "n_unique": 304197,
        "n_novel": 300932
    },
    "@700000": {
        "validity": 0.9941085714285715,
        "uniqueness": 0.4595842857142857,
        "novelty": 0.4548214285714286,
        "n_valid": 695876,
        "n_unique": 321709,
        "n_novel": 318375
    },
    "@750000": {
        "validity": 0.9941186666666667,
        "uniqueness": 0.4519626666666667,
        "novelty": 0.447424,
        "n_valid": 745589,
        "n_unique": 338972,
        "n_novel": 335568
    },
    "@800000": {
        "validity": 0.9941075,
        "uniqueness": 0.4449425,
        "novelty": 0.44059625,
        "n_valid": 795286,
        "n_unique": 355954,
        "n_novel": 352477
    },
    "@850000": {
        "validity": 0.9940976470588235,
        "uniqueness": 0.43812235294117646,
        "novelty": 0.4339529411764706,
        "n_valid": 844983,
        "n_unique": 372404,
        "n_novel": 368860
    },
    "@900000": {
        "validity": 0.9940933333333334,
        "uniqueness": 0.4318588888888889,
        "novelty": 0.42784666666666665,
        "n_valid": 894684,
        "n_unique": 388673,
        "n_novel": 385062
    },
    "@950000": {
        "validity": 0.9940726315789473,
        "uniqueness": 0.42588,
        "novelty": 0.4220178947368421,
        "n_valid": 944369,
        "n_unique": 404586,
        "n_novel": 400917
    },
    "@1000000": {
        "validity": 0.994063,
        "uniqueness": 0.420302,
        "novelty": 0.41658,
        "n_valid": 994063,
        "n_unique": 420302,
        "n_novel": 416580
    }
}