{
    "train_loss": [
        0.6096022844314575,
        0.5018415242433548,
        0.44751017093658446,
        0.41000258922576904,
        0.3832358866930008,
        0.3606382191181183,
        0.33211895227432253,
        0.31445339918136594,
        0.3064119666814804
    ],
    "val_loss": [
        0.5793533772230148,
        0.5580501109361649,
        0.5107159540057182,
        0.5157131254673004,
        0.5006026551127434,
        0.49605681747198105,
        0.5046383365988731,
        0.5029745176434517,
        0.5107783600687981
    ]
}