{
    "@50000": {
        "validity": 0.57026,
        "uniqueness": 0.56918,
        "novelty": 0.56682,
        "n_valid": 28513,
        "n_unique": 28459,
        "n_novel": 28341
    },
    "@100000": {
        "validity": 0.5705,
        "uniqueness": 0.56866,
        "novelty": 0.5664,
        "n_valid": 57050,
        "n_unique": 56866,
        "n_novel": 56640
    },
    "@150000": {
        "validity": 0.57048,
        "uniqueness": 0.5682,
        "novelty": 0.5660133333333334,
        "n_valid": 85572,
        "n_unique": 85230,
        "n_novel": 84902
    },
    "@200000": {
        "validity": 0.56993,
        "uniqueness": 0.56721,
        "novelty": 0.56511,
        "n_valid": 113986,
        "n_unique": 113442,
        "n_novel": 113022
    },
    "@250000": {
        "validity": 0.57052,
        "uniqueness": 0.567384,
        "novelty": 0.565316,
        "n_valid": 142630,
        "n_unique": 141846,
        "n_novel": 141329
    },
    "@300000": {
        "validity": 0.5705,
        "uniqueness": 0.5670466666666667,
        "novelty": 0.5650366666666666,
        "n_valid": 171150,
        "n_unique": 170114,
        "n_novel": 169511
    },
    "@350000": {
        "validity": 0.5707485714285714,
        "uniqueness": 0.5670028571428571,
        "novelty": 0.5650342857142857,
        "n_valid": 199762,
        "n_unique": 198451,
        "n_novel": 197762
    },
    "@400000": {
        "validity": 0.570885,
        "uniqueness": 0.566845,
        "novelty": 0.56491,
        "n_valid": 228354,
        "n_unique": 226738,
        "n_novel": 225964
    },
    "@450000": {
        "validity": 0.5708488888888889,
        "uniqueness": 0.5665244444444445,
        "novelty": 0.5646533333333333,
        "n_valid": 256882,
        "n_unique": 254936,
        "n_novel": 254094
    },
    "@500000": {
        "validity": 0.57075,
        "uniqueness": 0.566146,
        "novelty": 0.564308,
        "n_valid": 285375,
        "n_unique": 283073,
        "n_novel": 282154
    },
    "@550000": {
        "validity": 0.57078,
        "uniqueness": 0.5658509090909091,
        "novelty": 0.56404,
        "n_valid": 313929,
        "n_unique": 311218,
        "n_novel": 310222
    },
    "@600000": {
        "validity": 0.5708033333333333,
        "uniqueness": 0.5656466666666666,
        "novelty": 0.5638433333333334,
        "n_valid": 342482,
        "n_unique": 339388,
        "n_novel": 338306
    },
    "@650000": {
        "validity": 0.5706507692307692,
        "uniqueness": 0.5652138461538462,
        "novelty": 0.563416923076923,
        "n_valid": 370923,
        "n_unique": 367389,
        "n_novel": 366221
    },
    "@700000": {
        "validity": 0.5706185714285714,
        "uniqueness": 0.5649885714285714,
        "novelty": 0.5632285714285714,
        "n_valid": 399433,
        "n_unique": 395492,
        "n_novel": 394260
    },
    "@750000": {
        "validity": 0.5707253333333333,
        "uniqueness": 0.5648453333333333,
        "novelty": 0.5631013333333333,
        "n_valid": 428044,
        "n_unique": 423634,
        "n_novel": 422326
    },
    "@800000": {
        "validity": 0.57037875,
        "uniqueness": 0.564295,
        "novelty": 0.5625625,
        "n_valid": 456303,
        "n_unique": 451436,
        "n_novel": 450050
    },
    "@850000": {
        "validity": 0.5702623529411764,
        "uniqueness": 0.5639823529411765,
        "novelty": 0.5622694117647059,
        "n_valid": 484723,
        "n_unique": 479385,
        "n_novel": 477929
    },
    "@900000": {
        "validity": 0.5701688888888888,
        "uniqueness": 0.5636755555555556,
        "novelty": 0.5619744444444444,
        "n_valid": 513152,
        "n_unique": 507308,
        "n_novel": 505777
    },
    "@950000": {
        "validity": 0.5700105263157895,
        "uniqueness": 0.5633242105263158,
        "novelty": 0.5616336842105263,
        "n_valid": 541510,
        "n_unique": 535158,
        "n_novel": 533552
    },
    "@1000000": {
        "validity": 0.569921,
        "uniqueness": 0.563058,
        "novelty": 0.561397,
        "n_valid": 569921,
        "n_unique": 563058,
        "n_novel": 561397
    }
}