{
    "@50000": {
        "validity": 0.9272,
        "uniqueness": 0.8769,
        "novelty": 0.86558,
        "n_valid": 46360,
        "n_unique": 43845,
        "n_novel": 43279
    },
    "@100000": {
        "validity": 0.92739,
        "uniqueness": 0.85841,
        "novelty": 0.84938,
        "n_valid": 92739,
        "n_unique": 85841,
        "n_novel": 84938
    },
    "@150000": {
        "validity": 0.9283133333333333,
        "uniqueness": 0.8452133333333334,
        "novelty": 0.8375666666666667,
        "n_valid": 139247,
        "n_unique": 126782,
        "n_novel": 125635
    },
    "@200000": {
        "validity": 0.92785,
        "uniqueness": 0.83446,
        "novelty": 0.82752,
        "n_valid": 185570,
        "n_unique": 166892,
        "n_novel": 165504
    },
    "@250000": {
        "validity": 0.927664,
        "uniqueness": 0.825556,
        "novelty": 0.8192,
        "n_valid": 231916,
        "n_unique": 206389,
        "n_novel": 204800
    },
    "@300000": {
        "validity": 0.92769,
        "uniqueness": 0.81821,
        "novelty": 0.8124066666666667,
        "n_valid": 278307,
        "n_unique": 245463,
        "n_novel": 243722
    },
    "@350000": {
        "validity": 0.9278342857142857,
        "uniqueness": 0.8123685714285714,
        "novelty": 0.8068885714285714,
        "n_valid": 324742,
        "n_unique": 284329,
        "n_novel": 282411
    },
    "@400000": {
        "validity": 0.9278125,
        "uniqueness": 0.8066425,
        "novelty": 0.8014575,
        "n_valid": 371125,
        "n_unique": 322657,
        "n_novel": 320583
    },
    "@450000": {
        "validity": 0.9278444444444445,
        "uniqueness": 0.8016066666666667,
        "novelty": 0.7967266666666667,
        "n_valid": 417530,
        "n_unique": 360723,
        "n_novel": 358527
    },
    "@500000": {
        "validity": 0.927886,
        "uniqueness": 0.796642,
        "novelty": 0.792012,
        "n_valid": 463943,
        "n_unique": 398321,
        "n_novel": 396006
    },
    "@550000": {
        "validity": 0.9278818181818181,
        "uniqueness": 0.7923018181818182,
        "novelty": 0.7878618181818182,
        "n_valid": 510335,
        "n_unique": 435766,
        "n_novel": 433324
    },
    "@600000": {
        "validity": 0.9278683333333333,
        "uniqueness": 0.78807,
        "novelty": 0.7838033333333333,
        "n_valid": 556721,
        "n_unique": 472842,
        "n_novel": 470282
    },
    "@650000": {
        "validity": 0.9278815384615384,
        "uniqueness": 0.7843538461538462,
        "novelty": 0.78026,
        "n_valid": 603123,
        "n_unique": 509830,
        "n_novel": 507169
    },
    "@700000": {
        "validity": 0.9278514285714285,
        "uniqueness": 0.7809028571428571,
        "novelty": 0.7769528571428571,
        "n_valid": 649496,
        "n_unique": 546632,
        "n_novel": 543867
    },
    "@750000": {
        "validity": 0.9279213333333334,
        "uniqueness": 0.7777173333333334,
        "novelty": 0.7739146666666666,
        "n_valid": 695941,
        "n_unique": 583288,
        "n_novel": 580436
    },
    "@800000": {
        "validity": 0.9278975,
        "uniqueness": 0.77451875,
        "novelty": 0.77081125,
        "n_valid": 742318,
        "n_unique": 619615,
        "n_novel": 616649
    },
    "@850000": {
        "validity": 0.9280917647058824,
        "uniqueness": 0.7716588235294117,
        "novelty": 0.7680670588235294,
        "n_valid": 788878,
        "n_unique": 655910,
        "n_novel": 652857
    },
    "@900000": {
        "validity": 0.9279788888888889,
        "uniqueness": 0.7688466666666667,
        "novelty": 0.7653522222222222,
        "n_valid": 835181,
        "n_unique": 691962,
        "n_novel": 688817
    },
    "@950000": {
        "validity": 0.9280368421052632,
        "uniqueness": 0.7662536842105263,
        "novelty": 0.7628494736842105,
        "n_valid": 881635,
        "n_unique": 727941,
        "n_novel": 724707
    },
    "@1000000": {
        "validity": 0.928068,
        "uniqueness": 0.763584,
        "novelty": 0.76027,
        "n_valid": 928068,
        "n_unique": 763584,
        "n_novel": 760270
    }
}