{
    "@50000": {
        "validity": 0.9883,
        "uniqueness": 0.89204,
        "novelty": 0.86378,
        "n_valid": 49415,
        "n_unique": 44602,
        "n_novel": 43189
    },
    "@100000": {
        "validity": 0.98834,
        "uniqueness": 0.85734,
        "novelty": 0.83309,
        "n_valid": 98834,
        "n_unique": 85734,
        "n_novel": 83309
    },
    "@150000": {
        "validity": 0.9884266666666667,
        "uniqueness": 0.8346533333333334,
        "novelty": 0.8131,
        "n_valid": 148264,
        "n_unique": 125198,
        "n_novel": 121965
    },
    "@200000": {
        "validity": 0.98854,
        "uniqueness": 0.81711,
        "novelty": 0.797055,
        "n_valid": 197708,
        "n_unique": 163422,
        "n_novel": 159411
    },
    "@250000": {
        "validity": 0.98862,
        "uniqueness": 0.802516,
        "novelty": 0.783684,
        "n_valid": 247155,
        "n_unique": 200629,
        "n_novel": 195921
    },
    "@300000": {
        "validity": 0.9886266666666667,
        "uniqueness": 0.7908733333333333,
        "novelty": 0.7729633333333333,
        "n_valid": 296588,
        "n_unique": 237262,
        "n_novel": 231889
    },
    "@350000": {
        "validity": 0.9886142857142857,
        "uniqueness": 0.7811057142857143,
        "novelty": 0.7639314285714286,
        "n_valid": 346015,
        "n_unique": 273387,
        "n_novel": 267376
    },
    "@400000": {
        "validity": 0.9885925,
        "uniqueness": 0.772115,
        "novelty": 0.7556225,
        "n_valid": 395437,
        "n_unique": 308846,
        "n_novel": 302249
    },
    "@450000": {
        "validity": 0.9886133333333333,
        "uniqueness": 0.7639155555555556,
        "novelty": 0.7479622222222222,
        "n_valid": 444876,
        "n_unique": 343762,
        "n_novel": 336583
    },
    "@500000": {
        "validity": 0.98866,
        "uniqueness": 0.756148,
        "novelty": 0.740828,
        "n_valid": 494330,
        "n_unique": 378074,
        "n_novel": 370414
    },
    "@550000": {
        "validity": 0.98864,
        "uniqueness": 0.7493381818181818,
        "novelty": 0.7345018181818181,
        "n_valid": 543752,
        "n_unique": 412136,
        "n_novel": 403976
    },
    "@600000": {
        "validity": 0.988655,
        "uniqueness": 0.7430866666666667,
        "novelty": 0.7287416666666666,
        "n_valid": 593193,
        "n_unique": 445852,
        "n_novel": 437245
    },
    "@650000": {
        "validity": 0.9886092307692308,
        "uniqueness": 0.7373046153846153,
        "novelty": 0.72336,
        "n_valid": 642596,
        "n_unique": 479248,
        "n_novel": 470184
    },
    "@700000": {
        "validity": 0.9886114285714286,
        "uniqueness": 0.7316871428571429,
        "novelty": 0.7181442857142857,
        "n_valid": 692028,
        "n_unique": 512181,
        "n_novel": 502701
    },
    "@750000": {
        "validity": 0.988576,
        "uniqueness": 0.726696,
        "novelty": 0.7134826666666667,
        "n_valid": 741432,
        "n_unique": 545022,
        "n_novel": 535112
    },
    "@800000": {
        "validity": 0.9886125,
        "uniqueness": 0.72175,
        "novelty": 0.708835,
        "n_valid": 790890,
        "n_unique": 577400,
        "n_novel": 567068
    },
    "@850000": {
        "validity": 0.9886258823529411,
        "uniqueness": 0.7172211764705883,
        "novelty": 0.7045847058823529,
        "n_valid": 840332,
        "n_unique": 609638,
        "n_novel": 598897
    },
    "@900000": {
        "validity": 0.9885922222222222,
        "uniqueness": 0.7128933333333334,
        "novelty": 0.70054,
        "n_valid": 889733,
        "n_unique": 641604,
        "n_novel": 630486
    },
    "@950000": {
        "validity": 0.9886305263157895,
        "uniqueness": 0.70884,
        "novelty": 0.6967621052631578,
        "n_valid": 939199,
        "n_unique": 673398,
        "n_novel": 661924
    },
    "@1000000": {
        "validity": 0.988637,
        "uniqueness": 0.704893,
        "novelty": 0.693048,
        "n_valid": 988637,
        "n_unique": 704893,
        "n_novel": 693048
    }
}