{
    "@50000": {
        "validity": 0.9321,
        "uniqueness": 0.80464,
        "novelty": 0.78758,
        "n_valid": 46605,
        "n_unique": 40232,
        "n_novel": 39379
    },
    "@100000": {
        "validity": 0.93216,
        "uniqueness": 0.76961,
        "novelty": 0.75668,
        "n_valid": 93216,
        "n_unique": 76961,
        "n_novel": 75668
    },
    "@150000": {
        "validity": 0.9313066666666666,
        "uniqueness": 0.74576,
        "novelty": 0.73514,
        "n_valid": 139696,
        "n_unique": 111864,
        "n_novel": 110271
    },
    "@200000": {
        "validity": 0.930755,
        "uniqueness": 0.728495,
        "novelty": 0.71936,
        "n_valid": 186151,
        "n_unique": 145699,
        "n_novel": 143872
    },
    "@250000": {
        "validity": 0.930608,
        "uniqueness": 0.714868,
        "novelty": 0.70674,
        "n_valid": 232652,
        "n_unique": 178717,
        "n_novel": 176685
    },
    "@300000": {
        "validity": 0.93076,
        "uniqueness": 0.70363,
        "novelty": 0.69632,
        "n_valid": 279228,
        "n_unique": 211089,
        "n_novel": 208896
    },
    "@350000": {
        "validity": 0.9309657142857143,
        "uniqueness": 0.6937828571428571,
        "novelty": 0.6870257142857142,
        "n_valid": 325838,
        "n_unique": 242824,
        "n_novel": 240459
    },
    "@400000": {
        "validity": 0.930965,
        "uniqueness": 0.68561,
        "novelty": 0.6793475,
        "n_valid": 372386,
        "n_unique": 274244,
        "n_novel": 271739
    },
    "@450000": {
        "validity": 0.9308111111111111,
        "uniqueness": 0.6781133333333333,
        "novelty": 0.6722533333333334,
        "n_valid": 418865,
        "n_unique": 305151,
        "n_novel": 302514
    },
    "@500000": {
        "validity": 0.930828,
        "uniqueness": 0.671792,
        "novelty": 0.666254,
        "n_valid": 465414,
        "n_unique": 335896,
        "n_novel": 333127
    },
    "@550000": {
        "validity": 0.9307090909090909,
        "uniqueness": 0.6653763636363637,
        "novelty": 0.6600945454545455,
        "n_valid": 511890,
        "n_unique": 365957,
        "n_novel": 363052
    },
    "@600000": {
        "validity": 0.9306016666666667,
        "uniqueness": 0.6597966666666667,
        "novelty": 0.6547683333333333,
        "n_valid": 558361,
        "n_unique": 395878,
        "n_novel": 392861
    },
    "@650000": {
        "validity": 0.9305092307692308,
        "uniqueness": 0.6543846153846153,
        "novelty": 0.6495538461538461,
        "n_valid": 604831,
        "n_unique": 425350,
        "n_novel": 422210
    },
    "@700000": {
        "validity": 0.9304142857142857,
        "uniqueness": 0.6497742857142857,
        "novelty": 0.6451671428571428,
        "n_valid": 651290,
        "n_unique": 454842,
        "n_novel": 451617
    },
    "@750000": {
        "validity": 0.930468,
        "uniqueness": 0.6452146666666667,
        "novelty": 0.6407746666666667,
        "n_valid": 697851,
        "n_unique": 483911,
        "n_novel": 480581
    },
    "@800000": {
        "validity": 0.930415,
        "uniqueness": 0.6410325,
        "novelty": 0.63676,
        "n_valid": 744332,
        "n_unique": 512826,
        "n_novel": 509408
    },
    "@850000": {
        "validity": 0.9303494117647059,
        "uniqueness": 0.6369682352941176,
        "novelty": 0.63284,
        "n_valid": 790797,
        "n_unique": 541423,
        "n_novel": 537914
    },
    "@900000": {
        "validity": 0.9303122222222222,
        "uniqueness": 0.6332366666666667,
        "novelty": 0.62925,
        "n_valid": 837281,
        "n_unique": 569913,
        "n_novel": 566325
    },
    "@950000": {
        "validity": 0.9302652631578947,
        "uniqueness": 0.6294810526315789,
        "novelty": 0.6256231578947369,
        "n_valid": 883752,
        "n_unique": 598007,
        "n_novel": 594342
    },
    "@1000000": {
        "validity": 0.930325,
        "uniqueness": 0.626028,
        "novelty": 0.622298,
        "n_valid": 930325,
        "n_unique": 626028,
        "n_novel": 622298
    }
}