{
    "@50000": {
        "validity": 0.96134,
        "uniqueness": 0.15268,
        "novelty": 0.14738,
        "n_valid": 48067,
        "n_unique": 7634,
        "n_novel": 7369
    },
    "@100000": {
        "validity": 0.96108,
        "uniqueness": 0.12461,
        "novelty": 0.12132,
        "n_valid": 96108,
        "n_unique": 12461,
        "n_novel": 12132
    },
    "@150000": {
        "validity": 0.9612266666666667,
        "uniqueness": 0.11016666666666666,
        "novelty": 0.10757333333333334,
        "n_valid": 144184,
        "n_unique": 16525,
        "n_novel": 16136
    },
    "@200000": {
        "validity": 0.961225,
        "uniqueness": 0.100955,
        "novelty": 0.09882,
        "n_valid": 192245,
        "n_unique": 20191,
        "n_novel": 19764
    },
    "@250000": {
        "validity": 0.961428,
        "uniqueness": 0.094648,
        "novelty": 0.092856,
        "n_valid": 240357,
        "n_unique": 23662,
        "n_novel": 23214
    },
    "@300000": {
        "validity": 0.9617933333333333,
        "uniqueness": 0.08945666666666667,
        "novelty": 0.08788333333333333,
        "n_valid": 288538,
        "n_unique": 26837,
        "n_novel": 26365
    },
    "@350000": {
        "validity": 0.9617628571428571,
        "uniqueness": 0.08513428571428572,
        "novelty": 0.08372285714285714,
        "n_valid": 336617,
        "n_unique": 29797,
        "n_novel": 29303
    },
    "@400000": {
        "validity": 0.961715,
        "uniqueness": 0.0815175,
        "novelty": 0.0802475,
        "n_valid": 384686,
        "n_unique": 32607,
        "n_novel": 32099
    },
    "@450000": {
        "validity": 0.9615822222222222,
        "uniqueness": 0.0786088888888889,
        "novelty": 0.07744666666666666,
        "n_valid": 432712,
        "n_unique": 35374,
        "n_novel": 34851
    },
    "@500000": {
        "validity": 0.961638,
        "uniqueness": 0.07595,
        "novelty": 0.074864,
        "n_valid": 480819,
        "n_unique": 37975,
        "n_novel": 37432
    },
    "@550000": {
        "validity": 0.9615836363636364,
        "uniqueness": 0.07364727272727273,
        "novelty": 0.0726309090909091,
        "n_valid": 528871,
        "n_unique": 40506,
        "n_novel": 39947
    },
    "@600000": {
        "validity": 0.9615233333333333,
        "uniqueness": 0.07168666666666666,
        "novelty": 0.07073833333333333,
        "n_valid": 576914,
        "n_unique": 43012,
        "n_novel": 42443
    },
    "@650000": {
        "validity": 0.9615753846153846,
        "uniqueness": 0.07001384615384615,
        "novelty": 0.06912307692307693,
        "n_valid": 625024,
        "n_unique": 45509,
        "n_novel": 44930
    },
    "@700000": {
        "validity": 0.9616528571428572,
        "uniqueness": 0.06836428571428571,
        "novelty": 0.06752714285714286,
        "n_valid": 673157,
        "n_unique": 47855,
        "n_novel": 47269
    },
    "@750000": {
        "validity": 0.9616786666666667,
        "uniqueness": 0.066848,
        "novelty": 0.066052,
        "n_valid": 721259,
        "n_unique": 50136,
        "n_novel": 49539
    },
    "@800000": {
        "validity": 0.96166375,
        "uniqueness": 0.0654325,
        "novelty": 0.06466875,
        "n_valid": 769331,
        "n_unique": 52346,
        "n_novel": 51735
    },
    "@850000": {
        "validity": 0.961635294117647,
        "uniqueness": 0.06411882352941177,
        "novelty": 0.06337529411764706,
        "n_valid": 817390,
        "n_unique": 54501,
        "n_novel": 53869
    },
    "@900000": {
        "validity": 0.9616577777777777,
        "uniqueness": 0.06295111111111111,
        "novelty": 0.06223888888888889,
        "n_valid": 865492,
        "n_unique": 56656,
        "n_novel": 56015
    },
    "@950000": {
        "validity": 0.961622105263158,
        "uniqueness": 0.061866315789473686,
        "novelty": 0.061178947368421055,
        "n_valid": 913541,
        "n_unique": 58773,
        "n_novel": 58120
    },
    "@1000000": {
        "validity": 0.96165,
        "uniqueness": 0.060906,
        "novelty": 0.060246,
        "n_valid": 961650,
        "n_unique": 60906,
        "n_novel": 60246
    }
}