{
    "@50000": {
        "validity": 0.87784,
        "uniqueness": 0.85388,
        "novelty": 0.84368,
        "n_valid": 43892,
        "n_unique": 42694,
        "n_novel": 42184
    },
    "@100000": {
        "validity": 0.87788,
        "uniqueness": 0.84468,
        "novelty": 0.83637,
        "n_valid": 87788,
        "n_unique": 84468,
        "n_novel": 83637
    },
    "@150000": {
        "validity": 0.8791466666666666,
        "uniqueness": 0.8389933333333334,
        "novelty": 0.83146,
        "n_valid": 131872,
        "n_unique": 125849,
        "n_novel": 124719
    },
    "@200000": {
        "validity": 0.878745,
        "uniqueness": 0.833285,
        "novelty": 0.826345,
        "n_valid": 175749,
        "n_unique": 166657,
        "n_novel": 165269
    },
    "@250000": {
        "validity": 0.878564,
        "uniqueness": 0.828412,
        "novelty": 0.822012,
        "n_valid": 219641,
        "n_unique": 207103,
        "n_novel": 205503
    },
    "@300000": {
        "validity": 0.87879,
        "uniqueness": 0.8249966666666667,
        "novelty": 0.8190166666666666,
        "n_valid": 263637,
        "n_unique": 247499,
        "n_novel": 245705
    },
    "@350000": {
        "validity": 0.87904,
        "uniqueness": 0.8221514285714285,
        "novelty": 0.8164085714285715,
        "n_valid": 307664,
        "n_unique": 287753,
        "n_novel": 285743
    },
    "@400000": {
        "validity": 0.8791425,
        "uniqueness": 0.8195075,
        "novelty": 0.814055,
        "n_valid": 351657,
        "n_unique": 327803,
        "n_novel": 325622
    },
    "@450000": {
        "validity": 0.8791,
        "uniqueness": 0.8167355555555555,
        "novelty": 0.8115155555555555,
        "n_valid": 395595,
        "n_unique": 367531,
        "n_novel": 365182
    },
    "@500000": {
        "validity": 0.879084,
        "uniqueness": 0.814196,
        "novelty": 0.809188,
        "n_valid": 439542,
        "n_unique": 407098,
        "n_novel": 404594
    },
    "@550000": {
        "validity": 0.8793109090909091,
        "uniqueness": 0.8119781818181818,
        "novelty": 0.8071363636363637,
        "n_valid": 483621,
        "n_unique": 446588,
        "n_novel": 443925
    },
    "@600000": {
        "validity": 0.8792833333333333,
        "uniqueness": 0.8097433333333334,
        "novelty": 0.8050833333333334,
        "n_valid": 527570,
        "n_unique": 485846,
        "n_novel": 483050
    },
    "@650000": {
        "validity": 0.8791676923076923,
        "uniqueness": 0.8075015384615385,
        "novelty": 0.80298,
        "n_valid": 571459,
        "n_unique": 524876,
        "n_novel": 521937
    },
    "@700000": {
        "validity": 0.8792157142857143,
        "uniqueness": 0.80567,
        "novelty": 0.8012742857142857,
        "n_valid": 615451,
        "n_unique": 563969,
        "n_novel": 560892
    },
    "@750000": {
        "validity": 0.879332,
        "uniqueness": 0.8040613333333333,
        "novelty": 0.7997573333333333,
        "n_valid": 659499,
        "n_unique": 603046,
        "n_novel": 599818
    },
    "@800000": {
        "validity": 0.87923625,
        "uniqueness": 0.80216125,
        "novelty": 0.79795,
        "n_valid": 703389,
        "n_unique": 641729,
        "n_novel": 638360
    },
    "@850000": {
        "validity": 0.8791247058823529,
        "uniqueness": 0.800215294117647,
        "novelty": 0.7960988235294117,
        "n_valid": 747256,
        "n_unique": 680183,
        "n_novel": 676684
    },
    "@900000": {
        "validity": 0.8791211111111111,
        "uniqueness": 0.7986866666666667,
        "novelty": 0.79467,
        "n_valid": 791209,
        "n_unique": 718818,
        "n_novel": 715203
    },
    "@950000": {
        "validity": 0.8790884210526316,
        "uniqueness": 0.7970389473684211,
        "novelty": 0.7931063157894737,
        "n_valid": 835134,
        "n_unique": 757187,
        "n_novel": 753451
    },
    "@1000000": {
        "validity": 0.879053,
        "uniqueness": 0.795447,
        "novelty": 0.791599,
        "n_valid": 879053,
        "n_unique": 795447,
        "n_novel": 791599
    }
}