{
    "@50000": {
        "validity": 0.98164,
        "uniqueness": 0.94778,
        "novelty": 0.91276,
        "n_valid": 49082,
        "n_unique": 47389,
        "n_novel": 45638
    },
    "@100000": {
        "validity": 0.9808,
        "uniqueness": 0.92971,
        "novelty": 0.89871,
        "n_valid": 98080,
        "n_unique": 92971,
        "n_novel": 89871
    },
    "@150000": {
        "validity": 0.9804133333333334,
        "uniqueness": 0.9170733333333333,
        "novelty": 0.8884533333333333,
        "n_valid": 147062,
        "n_unique": 137561,
        "n_novel": 133268
    },
    "@200000": {
        "validity": 0.98029,
        "uniqueness": 0.90716,
        "novelty": 0.88008,
        "n_valid": 196058,
        "n_unique": 181432,
        "n_novel": 176016
    },
    "@250000": {
        "validity": 0.980592,
        "uniqueness": 0.89904,
        "novelty": 0.87322,
        "n_valid": 245148,
        "n_unique": 224760,
        "n_novel": 218305
    },
    "@300000": {
        "validity": 0.98059,
        "uniqueness": 0.89155,
        "novelty": 0.86688,
        "n_valid": 294177,
        "n_unique": 267465,
        "n_novel": 260064
    },
    "@350000": {
        "validity": 0.9806057142857143,
        "uniqueness": 0.8847628571428572,
        "novelty": 0.8612314285714285,
        "n_valid": 343212,
        "n_unique": 309667,
        "n_novel": 301431
    },
    "@400000": {
        "validity": 0.9807475,
        "uniqueness": 0.8789675,
        "novelty": 0.85636,
        "n_valid": 392299,
        "n_unique": 351587,
        "n_novel": 342544
    },
    "@450000": {
        "validity": 0.98072,
        "uniqueness": 0.8734422222222222,
        "novelty": 0.8515222222222222,
        "n_valid": 441324,
        "n_unique": 393049,
        "n_novel": 383185
    },
    "@500000": {
        "validity": 0.98076,
        "uniqueness": 0.868624,
        "novelty": 0.847396,
        "n_valid": 490380,
        "n_unique": 434312,
        "n_novel": 423698
    },
    "@550000": {
        "validity": 0.9807236363636364,
        "uniqueness": 0.8640290909090909,
        "novelty": 0.8433963636363636,
        "n_valid": 539398,
        "n_unique": 475216,
        "n_novel": 463868
    },
    "@600000": {
        "validity": 0.9807233333333333,
        "uniqueness": 0.8596666666666667,
        "novelty": 0.8394666666666667,
        "n_valid": 588434,
        "n_unique": 515800,
        "n_novel": 503680
    },
    "@650000": {
        "validity": 0.9808046153846154,
        "uniqueness": 0.8556323076923077,
        "novelty": 0.8360138461538461,
        "n_valid": 637523,
        "n_unique": 556161,
        "n_novel": 543409
    },
    "@700000": {
        "validity": 0.9808714285714286,
        "uniqueness": 0.8519085714285715,
        "novelty": 0.83278,
        "n_valid": 686610,
        "n_unique": 596336,
        "n_novel": 582946
    },
    "@750000": {
        "validity": 0.9807866666666667,
        "uniqueness": 0.848272,
        "novelty": 0.82958,
        "n_valid": 735590,
        "n_unique": 636204,
        "n_novel": 622185
    },
    "@800000": {
        "validity": 0.98078625,
        "uniqueness": 0.84501125,
        "novelty": 0.8267575,
        "n_valid": 784629,
        "n_unique": 676009,
        "n_novel": 661406
    },
    "@850000": {
        "validity": 0.9808305882352941,
        "uniqueness": 0.8420682352941177,
        "novelty": 0.8241988235294118,
        "n_valid": 833706,
        "n_unique": 715758,
        "n_novel": 700569
    },
    "@900000": {
        "validity": 0.9808055555555556,
        "uniqueness": 0.8389122222222222,
        "novelty": 0.8213966666666667,
        "n_valid": 882725,
        "n_unique": 755021,
        "n_novel": 739257
    },
    "@950000": {
        "validity": 0.9808368421052631,
        "uniqueness": 0.8360610526315789,
        "novelty": 0.8188989473684211,
        "n_valid": 931795,
        "n_unique": 794258,
        "n_novel": 777954
    },
    "@1000000": {
        "validity": 0.980839,
        "uniqueness": 0.833352,
        "novelty": 0.816516,
        "n_valid": 980839,
        "n_unique": 833352,
        "n_novel": 816516
    }
}