{
    "@50000": {
        "validity": 0.8783,
        "uniqueness": 0.69474,
        "novelty": 0.68392,
        "n_valid": 43915,
        "n_unique": 34737,
        "n_novel": 34196
    },
    "@100000": {
        "validity": 0.87939,
        "uniqueness": 0.65955,
        "novelty": 0.65143,
        "n_valid": 87939,
        "n_unique": 65955,
        "n_novel": 65143
    },
    "@150000": {
        "validity": 0.8795533333333333,
        "uniqueness": 0.6383466666666666,
        "novelty": 0.6316333333333334,
        "n_valid": 131933,
        "n_unique": 95752,
        "n_novel": 94745
    },
    "@200000": {
        "validity": 0.879435,
        "uniqueness": 0.62372,
        "novelty": 0.61785,
        "n_valid": 175887,
        "n_unique": 124744,
        "n_novel": 123570
    },
    "@250000": {
        "validity": 0.879596,
        "uniqueness": 0.611676,
        "novelty": 0.60644,
        "n_valid": 219899,
        "n_unique": 152919,
        "n_novel": 151610
    },
    "@300000": {
        "validity": 0.8793866666666666,
        "uniqueness": 0.6020366666666667,
        "novelty": 0.5973133333333334,
        "n_valid": 263816,
        "n_unique": 180611,
        "n_novel": 179194
    },
    "@350000": {
        "validity": 0.8799514285714286,
        "uniqueness": 0.5941142857142857,
        "novelty": 0.5897514285714286,
        "n_valid": 307983,
        "n_unique": 207940,
        "n_novel": 206413
    },
    "@400000": {
        "validity": 0.87981,
        "uniqueness": 0.586605,
        "novelty": 0.58253,
        "n_valid": 351924,
        "n_unique": 234642,
        "n_novel": 233012
    },
    "@450000": {
        "validity": 0.8795044444444444,
        "uniqueness": 0.5801822222222223,
        "novelty": 0.5763444444444444,
        "n_valid": 395777,
        "n_unique": 261082,
        "n_novel": 259355
    },
    "@500000": {
        "validity": 0.879414,
        "uniqueness": 0.574418,
        "novelty": 0.570774,
        "n_valid": 439707,
        "n_unique": 287209,
        "n_novel": 285387
    },
    "@550000": {
        "validity": 0.8792763636363636,
        "uniqueness": 0.5694418181818182,
        "novelty": 0.5659909090909091,
        "n_valid": 483602,
        "n_unique": 313193,
        "n_novel": 311295
    },
    "@600000": {
        "validity": 0.8791,
        "uniqueness": 0.564725,
        "novelty": 0.5614233333333334,
        "n_valid": 527460,
        "n_unique": 338835,
        "n_novel": 336854
    },
    "@650000": {
        "validity": 0.8790507692307692,
        "uniqueness": 0.5605815384615385,
        "novelty": 0.5574138461538461,
        "n_valid": 571383,
        "n_unique": 364378,
        "n_novel": 362319
    },
    "@700000": {
        "validity": 0.8791242857142857,
        "uniqueness": 0.55688,
        "novelty": 0.5538185714285714,
        "n_valid": 615387,
        "n_unique": 389816,
        "n_novel": 387673
    },
    "@750000": {
        "validity": 0.879168,
        "uniqueness": 0.5530933333333333,
        "novelty": 0.5501373333333334,
        "n_valid": 659376,
        "n_unique": 414820,
        "n_novel": 412603
    },
    "@800000": {
        "validity": 0.8790925,
        "uniqueness": 0.549865,
        "novelty": 0.54699375,
        "n_valid": 703274,
        "n_unique": 439892,
        "n_novel": 437595
    },
    "@850000": {
        "validity": 0.879135294117647,
        "uniqueness": 0.5469035294117647,
        "novelty": 0.5441164705882353,
        "n_valid": 747265,
        "n_unique": 464868,
        "n_novel": 462499
    },
    "@900000": {
        "validity": 0.8789722222222223,
        "uniqueness": 0.5438377777777778,
        "novelty": 0.5411233333333333,
        "n_valid": 791075,
        "n_unique": 489454,
        "n_novel": 487011
    },
    "@950000": {
        "validity": 0.8789010526315789,
        "uniqueness": 0.5411368421052631,
        "novelty": 0.5385031578947368,
        "n_valid": 834956,
        "n_unique": 514080,
        "n_novel": 511578
    },
    "@1000000": {
        "validity": 0.878896,
        "uniqueness": 0.538314,
        "novelty": 0.535743,
        "n_valid": 878896,
        "n_unique": 538314,
        "n_novel": 535743
    }
}