{
    "@50000": {
        "validity": 0.90542,
        "uniqueness": 0.64066,
        "novelty": 0.62936,
        "n_valid": 45271,
        "n_unique": 32033,
        "n_novel": 31468
    },
    "@100000": {
        "validity": 0.90632,
        "uniqueness": 0.59664,
        "novelty": 0.58876,
        "n_valid": 90632,
        "n_unique": 59664,
        "n_novel": 58876
    },
    "@150000": {
        "validity": 0.9059866666666667,
        "uniqueness": 0.5700266666666667,
        "novelty": 0.56388,
        "n_valid": 135898,
        "n_unique": 85504,
        "n_novel": 84582
    },
    "@200000": {
        "validity": 0.90587,
        "uniqueness": 0.552,
        "novelty": 0.54676,
        "n_valid": 181174,
        "n_unique": 110400,
        "n_novel": 109352
    },
    "@250000": {
        "validity": 0.906116,
        "uniqueness": 0.537608,
        "novelty": 0.532996,
        "n_valid": 226529,
        "n_unique": 134402,
        "n_novel": 133249
    },
    "@300000": {
        "validity": 0.9057166666666666,
        "uniqueness": 0.5259133333333333,
        "novelty": 0.5217933333333333,
        "n_valid": 271715,
        "n_unique": 157774,
        "n_novel": 156538
    },
    "@350000": {
        "validity": 0.9060371428571429,
        "uniqueness": 0.51678,
        "novelty": 0.5130114285714286,
        "n_valid": 317113,
        "n_unique": 180873,
        "n_novel": 179554
    },
    "@400000": {
        "validity": 0.906065,
        "uniqueness": 0.5083325,
        "novelty": 0.504845,
        "n_valid": 362426,
        "n_unique": 203333,
        "n_novel": 201938
    },
    "@450000": {
        "validity": 0.9059266666666667,
        "uniqueness": 0.5008355555555556,
        "novelty": 0.4975822222222222,
        "n_valid": 407667,
        "n_unique": 225376,
        "n_novel": 223912
    },
    "@500000": {
        "validity": 0.905882,
        "uniqueness": 0.494402,
        "novelty": 0.491324,
        "n_valid": 452941,
        "n_unique": 247201,
        "n_novel": 245662
    },
    "@550000": {
        "validity": 0.90578,
        "uniqueness": 0.48840727272727275,
        "novelty": 0.4855236363636364,
        "n_valid": 498179,
        "n_unique": 268624,
        "n_novel": 267038
    },
    "@600000": {
        "validity": 0.9057683333333333,
        "uniqueness": 0.4831,
        "novelty": 0.4803616666666667,
        "n_valid": 543461,
        "n_unique": 289860,
        "n_novel": 288217
    },
    "@650000": {
        "validity": 0.9056615384615384,
        "uniqueness": 0.47825384615384614,
        "novelty": 0.47562615384615387,
        "n_valid": 588680,
        "n_unique": 310865,
        "n_novel": 309157
    },
    "@700000": {
        "validity": 0.9056257142857143,
        "uniqueness": 0.4738857142857143,
        "novelty": 0.47137142857142855,
        "n_valid": 633938,
        "n_unique": 331720,
        "n_novel": 329960
    },
    "@750000": {
        "validity": 0.90578,
        "uniqueness": 0.469716,
        "novelty": 0.467304,
        "n_valid": 679335,
        "n_unique": 352287,
        "n_novel": 350478
    },
    "@800000": {
        "validity": 0.9056725,
        "uniqueness": 0.46599875,
        "novelty": 0.46367,
        "n_valid": 724538,
        "n_unique": 372799,
        "n_novel": 370936
    },
    "@850000": {
        "validity": 0.905815294117647,
        "uniqueness": 0.4625858823529412,
        "novelty": 0.46034117647058825,
        "n_valid": 769943,
        "n_unique": 393198,
        "n_novel": 391290
    },
    "@900000": {
        "validity": 0.9056455555555556,
        "uniqueness": 0.4592644444444444,
        "novelty": 0.45709666666666665,
        "n_valid": 815081,
        "n_unique": 413338,
        "n_novel": 411387
    },
    "@950000": {
        "validity": 0.9055094736842105,
        "uniqueness": 0.45605368421052633,
        "novelty": 0.4539557894736842,
        "n_valid": 860234,
        "n_unique": 433251,
        "n_novel": 431258
    },
    "@1000000": {
        "validity": 0.905427,
        "uniqueness": 0.452818,
        "novelty": 0.450786,
        "n_valid": 905427,
        "n_unique": 452818,
        "n_novel": 450786
    }
}