{
    "@50000": {
        "validity": 0.9967,
        "uniqueness": 0.3135,
        "novelty": 0.30308,
        "n_valid": 49835,
        "n_unique": 15675,
        "n_novel": 15154
    },
    "@100000": {
        "validity": 0.99679,
        "uniqueness": 0.24011,
        "novelty": 0.23416,
        "n_valid": 99679,
        "n_unique": 24011,
        "n_novel": 23416
    },
    "@150000": {
        "validity": 0.9968466666666667,
        "uniqueness": 0.20296,
        "novelty": 0.19878,
        "n_valid": 149527,
        "n_unique": 30444,
        "n_novel": 29817
    },
    "@200000": {
        "validity": 0.996775,
        "uniqueness": 0.17888,
        "novelty": 0.17566,
        "n_valid": 199355,
        "n_unique": 35776,
        "n_novel": 35132
    },
    "@250000": {
        "validity": 0.996844,
        "uniqueness": 0.161772,
        "novelty": 0.159092,
        "n_valid": 249211,
        "n_unique": 40443,
        "n_novel": 39773
    },
    "@300000": {
        "validity": 0.99681,
        "uniqueness": 0.14878666666666668,
        "novelty": 0.14650666666666667,
        "n_valid": 299043,
        "n_unique": 44636,
        "n_novel": 43952
    },
    "@350000": {
        "validity": 0.9968228571428571,
        "uniqueness": 0.13852285714285714,
        "novelty": 0.13653714285714286,
        "n_valid": 348888,
        "n_unique": 48483,
        "n_novel": 47788
    },
    "@400000": {
        "validity": 0.99678,
        "uniqueness": 0.13014,
        "novelty": 0.1283625,
        "n_valid": 398712,
        "n_unique": 52056,
        "n_novel": 51345
    },
    "@450000": {
        "validity": 0.9968066666666666,
        "uniqueness": 0.12291555555555556,
        "novelty": 0.12132666666666667,
        "n_valid": 448563,
        "n_unique": 55312,
        "n_novel": 54597
    },
    "@500000": {
        "validity": 0.9968,
        "uniqueness": 0.116664,
        "novelty": 0.11521,
        "n_valid": 498400,
        "n_unique": 58332,
        "n_novel": 57605
    },
    "@550000": {
        "validity": 0.9968072727272728,
        "uniqueness": 0.11128545454545455,
        "novelty": 0.10995818181818182,
        "n_valid": 548244,
        "n_unique": 61207,
        "n_novel": 60477
    },
    "@600000": {
        "validity": 0.9968333333333333,
        "uniqueness": 0.10661166666666666,
        "novelty": 0.10538666666666667,
        "n_valid": 598100,
        "n_unique": 63967,
        "n_novel": 63232
    },
    "@650000": {
        "validity": 0.9968276923076923,
        "uniqueness": 0.10246153846153847,
        "novelty": 0.10132615384615384,
        "n_valid": 647938,
        "n_unique": 66600,
        "n_novel": 65862
    },
    "@700000": {
        "validity": 0.9968557142857143,
        "uniqueness": 0.09893571428571428,
        "novelty": 0.09787571428571429,
        "n_valid": 697799,
        "n_unique": 69255,
        "n_novel": 68513
    },
    "@750000": {
        "validity": 0.9968453333333334,
        "uniqueness": 0.09566533333333334,
        "novelty": 0.09467333333333333,
        "n_valid": 747634,
        "n_unique": 71749,
        "n_novel": 71005
    },
    "@800000": {
        "validity": 0.9968275,
        "uniqueness": 0.0925925,
        "novelty": 0.09165875,
        "n_valid": 797462,
        "n_unique": 74074,
        "n_novel": 73327
    },
    "@850000": {
        "validity": 0.9968188235294118,
        "uniqueness": 0.08988235294117647,
        "novelty": 0.08899647058823529,
        "n_valid": 847296,
        "n_unique": 76400,
        "n_novel": 75647
    },
    "@900000": {
        "validity": 0.9968344444444445,
        "uniqueness": 0.08725333333333334,
        "novelty": 0.08641555555555555,
        "n_valid": 897151,
        "n_unique": 78528,
        "n_novel": 77774
    },
    "@950000": {
        "validity": 0.996841052631579,
        "uniqueness": 0.08486105263157895,
        "novelty": 0.08406526315789474,
        "n_valid": 946999,
        "n_unique": 80618,
        "n_novel": 79862
    },
    "@1000000": {
        "validity": 0.996856,
        "uniqueness": 0.082673,
        "novelty": 0.081916,
        "n_valid": 996856,
        "n_unique": 82673,
        "n_novel": 81916
    }
}