{
    "@50000": {
        "validity": 0.3892,
        "uniqueness": 0.3878,
        "novelty": 0.38654,
        "n_valid": 19460,
        "n_unique": 19390,
        "n_novel": 19327
    },
    "@100000": {
        "validity": 0.38859,
        "uniqueness": 0.38655,
        "novelty": 0.38528,
        "n_valid": 38859,
        "n_unique": 38655,
        "n_novel": 38528
    },
    "@150000": {
        "validity": 0.38819333333333333,
        "uniqueness": 0.38572666666666666,
        "novelty": 0.38432,
        "n_valid": 58229,
        "n_unique": 57859,
        "n_novel": 57648
    },
    "@200000": {
        "validity": 0.389355,
        "uniqueness": 0.386435,
        "novelty": 0.38515,
        "n_valid": 77871,
        "n_unique": 77287,
        "n_novel": 77030
    },
    "@250000": {
        "validity": 0.389352,
        "uniqueness": 0.386,
        "novelty": 0.384756,
        "n_valid": 97338,
        "n_unique": 96500,
        "n_novel": 96189
    },
    "@300000": {
        "validity": 0.39015666666666665,
        "uniqueness": 0.3864033333333333,
        "novelty": 0.38518,
        "n_valid": 117047,
        "n_unique": 115921,
        "n_novel": 115554
    },
    "@350000": {
        "validity": 0.39064571428571426,
        "uniqueness": 0.38658857142857145,
        "novelty": 0.3853857142857143,
        "n_valid": 136726,
        "n_unique": 135306,
        "n_novel": 134885
    },
    "@400000": {
        "validity": 0.3909325,
        "uniqueness": 0.38663,
        "novelty": 0.3854575,
        "n_valid": 156373,
        "n_unique": 154652,
        "n_novel": 154183
    },
    "@450000": {
        "validity": 0.3910266666666667,
        "uniqueness": 0.38643777777777777,
        "novelty": 0.3853022222222222,
        "n_valid": 175962,
        "n_unique": 173897,
        "n_novel": 173386
    },
    "@500000": {
        "validity": 0.391406,
        "uniqueness": 0.386654,
        "novelty": 0.385514,
        "n_valid": 195703,
        "n_unique": 193327,
        "n_novel": 192757
    },
    "@550000": {
        "validity": 0.39132181818181816,
        "uniqueness": 0.38634,
        "novelty": 0.3852109090909091,
        "n_valid": 215227,
        "n_unique": 212487,
        "n_novel": 211866
    },
    "@600000": {
        "validity": 0.39178,
        "uniqueness": 0.3865633333333333,
        "novelty": 0.38543333333333335,
        "n_valid": 235068,
        "n_unique": 231938,
        "n_novel": 231260
    },
    "@650000": {
        "validity": 0.39184615384615384,
        "uniqueness": 0.38642923076923075,
        "novelty": 0.3853076923076923,
        "n_valid": 254700,
        "n_unique": 251179,
        "n_novel": 250450
    },
    "@700000": {
        "validity": 0.39202714285714285,
        "uniqueness": 0.38643,
        "novelty": 0.38531714285714286,
        "n_valid": 274419,
        "n_unique": 270501,
        "n_novel": 269722
    },
    "@750000": {
        "validity": 0.39193333333333336,
        "uniqueness": 0.3861306666666667,
        "novelty": 0.3850226666666667,
        "n_valid": 293950,
        "n_unique": 289598,
        "n_novel": 288767
    },
    "@800000": {
        "validity": 0.391935,
        "uniqueness": 0.386005,
        "novelty": 0.38490125,
        "n_valid": 313548,
        "n_unique": 308804,
        "n_novel": 307921
    },
    "@850000": {
        "validity": 0.39183411764705883,
        "uniqueness": 0.3857611764705882,
        "novelty": 0.38465647058823527,
        "n_valid": 333059,
        "n_unique": 327897,
        "n_novel": 326958
    },
    "@900000": {
        "validity": 0.3918488888888889,
        "uniqueness": 0.3856266666666667,
        "novelty": 0.38452444444444445,
        "n_valid": 352664,
        "n_unique": 347064,
        "n_novel": 346072
    },
    "@950000": {
        "validity": 0.3918821052631579,
        "uniqueness": 0.38549894736842105,
        "novelty": 0.38440315789473684,
        "n_valid": 372288,
        "n_unique": 366224,
        "n_novel": 365183
    },
    "@1000000": {
        "validity": 0.391838,
        "uniqueness": 0.38534,
        "novelty": 0.384262,
        "n_valid": 391838,
        "n_unique": 385340,
        "n_novel": 384262
    }
}