{
    "@50000": {
        "validity": 0.78884,
        "uniqueness": 0.73388,
        "novelty": 0.72492,
        "n_valid": 39442,
        "n_unique": 36694,
        "n_novel": 36246
    },
    "@100000": {
        "validity": 0.79035,
        "uniqueness": 0.7198,
        "novelty": 0.71272,
        "n_valid": 79035,
        "n_unique": 71980,
        "n_novel": 71272
    },
    "@150000": {
        "validity": 0.79056,
        "uniqueness": 0.70984,
        "novelty": 0.7038,
        "n_valid": 118584,
        "n_unique": 106476,
        "n_novel": 105570
    },
    "@200000": {
        "validity": 0.789705,
        "uniqueness": 0.700905,
        "novelty": 0.695465,
        "n_valid": 157941,
        "n_unique": 140181,
        "n_novel": 139093
    },
    "@250000": {
        "validity": 0.789664,
        "uniqueness": 0.694432,
        "novelty": 0.68946,
        "n_valid": 197416,
        "n_unique": 173608,
        "n_novel": 172365
    },
    "@300000": {
        "validity": 0.7890733333333333,
        "uniqueness": 0.6884966666666666,
        "novelty": 0.6839066666666667,
        "n_valid": 236722,
        "n_unique": 206549,
        "n_novel": 205172
    },
    "@350000": {
        "validity": 0.7897057142857142,
        "uniqueness": 0.6843371428571429,
        "novelty": 0.68,
        "n_valid": 276397,
        "n_unique": 239518,
        "n_novel": 238000
    },
    "@400000": {
        "validity": 0.78932,
        "uniqueness": 0.6799225,
        "novelty": 0.6758525,
        "n_valid": 315728,
        "n_unique": 271969,
        "n_novel": 270341
    },
    "@450000": {
        "validity": 0.7897733333333333,
        "uniqueness": 0.6766822222222222,
        "novelty": 0.6728111111111111,
        "n_valid": 355398,
        "n_unique": 304507,
        "n_novel": 302765
    },
    "@500000": {
        "validity": 0.789882,
        "uniqueness": 0.673412,
        "novelty": 0.669716,
        "n_valid": 394941,
        "n_unique": 336706,
        "n_novel": 334858
    },
    "@550000": {
        "validity": 0.7900236363636364,
        "uniqueness": 0.6704727272727272,
        "novelty": 0.6669218181818182,
        "n_valid": 434513,
        "n_unique": 368760,
        "n_novel": 366807
    },
    "@600000": {
        "validity": 0.7897266666666667,
        "uniqueness": 0.6673866666666667,
        "novelty": 0.6639433333333333,
        "n_valid": 473836,
        "n_unique": 400432,
        "n_novel": 398366
    },
    "@650000": {
        "validity": 0.7898123076923077,
        "uniqueness": 0.6650046153846154,
        "novelty": 0.6616692307692308,
        "n_valid": 513378,
        "n_unique": 432253,
        "n_novel": 430085
    },
    "@700000": {
        "validity": 0.7896757142857143,
        "uniqueness": 0.6625742857142857,
        "novelty": 0.6593485714285714,
        "n_valid": 552773,
        "n_unique": 463802,
        "n_novel": 461544
    },
    "@750000": {
        "validity": 0.789464,
        "uniqueness": 0.6600653333333333,
        "novelty": 0.6569213333333334,
        "n_valid": 592098,
        "n_unique": 495049,
        "n_novel": 492691
    },
    "@800000": {
        "validity": 0.78928625,
        "uniqueness": 0.65780125,
        "novelty": 0.65474125,
        "n_valid": 631429,
        "n_unique": 526241,
        "n_novel": 523793
    },
    "@850000": {
        "validity": 0.7893,
        "uniqueness": 0.6558905882352941,
        "novelty": 0.65292,
        "n_valid": 670905,
        "n_unique": 557507,
        "n_novel": 554982
    },
    "@900000": {
        "validity": 0.7893411111111112,
        "uniqueness": 0.6539422222222222,
        "novelty": 0.6510322222222222,
        "n_valid": 710407,
        "n_unique": 588548,
        "n_novel": 585929
    },
    "@950000": {
        "validity": 0.7893768421052632,
        "uniqueness": 0.6521863157894737,
        "novelty": 0.6493421052631579,
        "n_valid": 749908,
        "n_unique": 619577,
        "n_novel": 616875
    },
    "@1000000": {
        "validity": 0.789463,
        "uniqueness": 0.650562,
        "novelty": 0.647771,
        "n_valid": 789463,
        "n_unique": 650562,
        "n_novel": 647771
    }
}