{
    "@50000": {
        "validity": 0.86886,
        "uniqueness": 0.57262,
        "novelty": 0.56614,
        "n_valid": 43443,
        "n_unique": 28631,
        "n_novel": 28307
    },
    "@100000": {
        "validity": 0.86849,
        "uniqueness": 0.53118,
        "novelty": 0.52693,
        "n_valid": 86849,
        "n_unique": 53118,
        "n_novel": 52693
    },
    "@150000": {
        "validity": 0.8681733333333334,
        "uniqueness": 0.5047133333333333,
        "novelty": 0.5013866666666666,
        "n_valid": 130226,
        "n_unique": 75707,
        "n_novel": 75208
    },
    "@200000": {
        "validity": 0.868445,
        "uniqueness": 0.486215,
        "novelty": 0.48351,
        "n_valid": 173689,
        "n_unique": 97243,
        "n_novel": 96702
    },
    "@250000": {
        "validity": 0.868824,
        "uniqueness": 0.47264,
        "novelty": 0.470324,
        "n_valid": 217206,
        "n_unique": 118160,
        "n_novel": 117581
    },
    "@300000": {
        "validity": 0.86826,
        "uniqueness": 0.46048666666666666,
        "novelty": 0.4584433333333333,
        "n_valid": 260478,
        "n_unique": 138146,
        "n_novel": 137533
    },
    "@350000": {
        "validity": 0.8681428571428571,
        "uniqueness": 0.45091714285714285,
        "novelty": 0.4490657142857143,
        "n_valid": 303850,
        "n_unique": 157821,
        "n_novel": 157173
    },
    "@400000": {
        "validity": 0.867885,
        "uniqueness": 0.4423125,
        "novelty": 0.4406225,
        "n_valid": 347154,
        "n_unique": 176925,
        "n_novel": 176249
    },
    "@450000": {
        "validity": 0.86776,
        "uniqueness": 0.43511555555555553,
        "novelty": 0.43352666666666667,
        "n_valid": 390492,
        "n_unique": 195802,
        "n_novel": 195087
    },
    "@500000": {
        "validity": 0.867578,
        "uniqueness": 0.428884,
        "novelty": 0.427402,
        "n_valid": 433789,
        "n_unique": 214442,
        "n_novel": 213701
    },
    "@550000": {
        "validity": 0.8674563636363636,
        "uniqueness": 0.4229818181818182,
        "novelty": 0.42159454545454544,
        "n_valid": 477101,
        "n_unique": 232640,
        "n_novel": 231877
    },
    "@600000": {
        "validity": 0.86747,
        "uniqueness": 0.41754166666666664,
        "novelty": 0.416245,
        "n_valid": 520482,
        "n_unique": 250525,
        "n_novel": 249747
    },
    "@650000": {
        "validity": 0.8674707692307693,
        "uniqueness": 0.4129246153846154,
        "novelty": 0.4117,
        "n_valid": 563856,
        "n_unique": 268401,
        "n_novel": 267605
    },
    "@700000": {
        "validity": 0.8675985714285714,
        "uniqueness": 0.4084685714285714,
        "novelty": 0.4073014285714286,
        "n_valid": 607319,
        "n_unique": 285928,
        "n_novel": 285111
    },
    "@750000": {
        "validity": 0.8674893333333333,
        "uniqueness": 0.40452666666666665,
        "novelty": 0.40340533333333334,
        "n_valid": 650617,
        "n_unique": 303395,
        "n_novel": 302554
    },
    "@800000": {
        "validity": 0.86754,
        "uniqueness": 0.4005625,
        "novelty": 0.39949,
        "n_valid": 694032,
        "n_unique": 320450,
        "n_novel": 319592
    },
    "@850000": {
        "validity": 0.8675811764705882,
        "uniqueness": 0.39690117647058826,
        "novelty": 0.39586470588235295,
        "n_valid": 737444,
        "n_unique": 337366,
        "n_novel": 336485
    },
    "@900000": {
        "validity": 0.8676111111111111,
        "uniqueness": 0.3937422222222222,
        "novelty": 0.39274444444444445,
        "n_valid": 780850,
        "n_unique": 354368,
        "n_novel": 353470
    },
    "@950000": {
        "validity": 0.8675842105263157,
        "uniqueness": 0.39046105263157893,
        "novelty": 0.38950315789473683,
        "n_valid": 824205,
        "n_unique": 370938,
        "n_novel": 370028
    },
    "@1000000": {
        "validity": 0.867572,
        "uniqueness": 0.387323,
        "novelty": 0.386398,
        "n_valid": 867572,
        "n_unique": 387323,
        "n_novel": 386398
    }
}