{
    "@50000": {
        "validity": 0.21808,
        "uniqueness": 0.21678,
        "novelty": 0.21532,
        "n_valid": 10904,
        "n_unique": 10839,
        "n_novel": 10766
    },
    "@100000": {
        "validity": 0.21855,
        "uniqueness": 0.21658,
        "novelty": 0.21528,
        "n_valid": 21855,
        "n_unique": 21658,
        "n_novel": 21528
    },
    "@150000": {
        "validity": 0.21723333333333333,
        "uniqueness": 0.21485333333333334,
        "novelty": 0.21353333333333332,
        "n_valid": 32585,
        "n_unique": 32228,
        "n_novel": 32030
    },
    "@200000": {
        "validity": 0.217715,
        "uniqueness": 0.21475,
        "novelty": 0.213515,
        "n_valid": 43543,
        "n_unique": 42950,
        "n_novel": 42703
    },
    "@250000": {
        "validity": 0.21754,
        "uniqueness": 0.214084,
        "novelty": 0.212924,
        "n_valid": 54385,
        "n_unique": 53521,
        "n_novel": 53231
    },
    "@300000": {
        "validity": 0.21717,
        "uniqueness": 0.21330333333333334,
        "novelty": 0.21217333333333332,
        "n_valid": 65151,
        "n_unique": 63991,
        "n_novel": 63652
    },
    "@350000": {
        "validity": 0.21692571428571428,
        "uniqueness": 0.21268,
        "novelty": 0.21157428571428571,
        "n_valid": 75924,
        "n_unique": 74438,
        "n_novel": 74051
    },
    "@400000": {
        "validity": 0.217305,
        "uniqueness": 0.2128,
        "novelty": 0.2117425,
        "n_valid": 86922,
        "n_unique": 85120,
        "n_novel": 84697
    },
    "@450000": {
        "validity": 0.21718666666666667,
        "uniqueness": 0.21241555555555555,
        "novelty": 0.21139777777777777,
        "n_valid": 97734,
        "n_unique": 95587,
        "n_novel": 95129
    },
    "@500000": {
        "validity": 0.21694,
        "uniqueness": 0.211918,
        "novelty": 0.21091,
        "n_valid": 108470,
        "n_unique": 105959,
        "n_novel": 105455
    },
    "@550000": {
        "validity": 0.2167890909090909,
        "uniqueness": 0.2114890909090909,
        "novelty": 0.21052181818181817,
        "n_valid": 119234,
        "n_unique": 116319,
        "n_novel": 115787
    },
    "@600000": {
        "validity": 0.216795,
        "uniqueness": 0.211255,
        "novelty": 0.21030166666666666,
        "n_valid": 130077,
        "n_unique": 126753,
        "n_novel": 126181
    },
    "@650000": {
        "validity": 0.21652153846153846,
        "uniqueness": 0.21078923076923076,
        "novelty": 0.20983846153846153,
        "n_valid": 140739,
        "n_unique": 137013,
        "n_novel": 136395
    },
    "@700000": {
        "validity": 0.21644,
        "uniqueness": 0.2105257142857143,
        "novelty": 0.20959285714285714,
        "n_valid": 151508,
        "n_unique": 147368,
        "n_novel": 146715
    },
    "@750000": {
        "validity": 0.21651333333333334,
        "uniqueness": 0.210448,
        "novelty": 0.20953066666666667,
        "n_valid": 162385,
        "n_unique": 157836,
        "n_novel": 157148
    },
    "@800000": {
        "validity": 0.21653375,
        "uniqueness": 0.21034125,
        "novelty": 0.20943125,
        "n_valid": 173227,
        "n_unique": 168273,
        "n_novel": 167545
    },
    "@850000": {
        "validity": 0.21644235294117647,
        "uniqueness": 0.21011294117647059,
        "novelty": 0.2092094117647059,
        "n_valid": 183976,
        "n_unique": 178596,
        "n_novel": 177828
    },
    "@900000": {
        "validity": 0.21662333333333333,
        "uniqueness": 0.21015,
        "novelty": 0.20925222222222223,
        "n_valid": 194961,
        "n_unique": 189135,
        "n_novel": 188327
    },
    "@950000": {
        "validity": 0.21666947368421052,
        "uniqueness": 0.21000947368421052,
        "novelty": 0.2091263157894737,
        "n_valid": 205836,
        "n_unique": 199509,
        "n_novel": 198670
    },
    "@1000000": {
        "validity": 0.216663,
        "uniqueness": 0.20987,
        "novelty": 0.208998,
        "n_valid": 216663,
        "n_unique": 209870,
        "n_novel": 208998
    }
}