{
    "@50000": {
        "validity": 0.86486,
        "uniqueness": 0.66,
        "novelty": 0.64912,
        "n_valid": 43243,
        "n_unique": 33000,
        "n_novel": 32456
    },
    "@100000": {
        "validity": 0.86392,
        "uniqueness": 0.62337,
        "novelty": 0.61541,
        "n_valid": 86392,
        "n_unique": 62337,
        "n_novel": 61541
    },
    "@150000": {
        "validity": 0.8632333333333333,
        "uniqueness": 0.6012466666666667,
        "novelty": 0.5946933333333333,
        "n_valid": 129485,
        "n_unique": 90187,
        "n_novel": 89204
    },
    "@200000": {
        "validity": 0.86291,
        "uniqueness": 0.58647,
        "novelty": 0.580805,
        "n_valid": 172582,
        "n_unique": 117294,
        "n_novel": 116161
    },
    "@250000": {
        "validity": 0.862868,
        "uniqueness": 0.574892,
        "novelty": 0.56984,
        "n_valid": 215717,
        "n_unique": 143723,
        "n_novel": 142460
    },
    "@300000": {
        "validity": 0.8625766666666667,
        "uniqueness": 0.5649566666666667,
        "novelty": 0.5603433333333333,
        "n_valid": 258773,
        "n_unique": 169487,
        "n_novel": 168103
    },
    "@350000": {
        "validity": 0.8626314285714286,
        "uniqueness": 0.5564257142857143,
        "novelty": 0.5520942857142858,
        "n_valid": 301921,
        "n_unique": 194749,
        "n_novel": 193233
    },
    "@400000": {
        "validity": 0.8626425,
        "uniqueness": 0.5490625,
        "novelty": 0.545015,
        "n_valid": 345057,
        "n_unique": 219625,
        "n_novel": 218006
    },
    "@450000": {
        "validity": 0.8627266666666666,
        "uniqueness": 0.5426022222222222,
        "novelty": 0.5387777777777778,
        "n_valid": 388227,
        "n_unique": 244171,
        "n_novel": 242450
    },
    "@500000": {
        "validity": 0.862546,
        "uniqueness": 0.537188,
        "novelty": 0.533572,
        "n_valid": 431273,
        "n_unique": 268594,
        "n_novel": 266786
    },
    "@550000": {
        "validity": 0.8625290909090909,
        "uniqueness": 0.53196,
        "novelty": 0.5285254545454545,
        "n_valid": 474391,
        "n_unique": 292578,
        "n_novel": 290689
    },
    "@600000": {
        "validity": 0.8624733333333333,
        "uniqueness": 0.5272416666666667,
        "novelty": 0.52397,
        "n_valid": 517484,
        "n_unique": 316345,
        "n_novel": 314382
    },
    "@650000": {
        "validity": 0.86242,
        "uniqueness": 0.5227307692307692,
        "novelty": 0.5195815384615384,
        "n_valid": 560573,
        "n_unique": 339775,
        "n_novel": 337728
    },
    "@700000": {
        "validity": 0.8624214285714286,
        "uniqueness": 0.5186842857142857,
        "novelty": 0.5156557142857143,
        "n_valid": 603695,
        "n_unique": 363079,
        "n_novel": 360959
    },
    "@750000": {
        "validity": 0.862436,
        "uniqueness": 0.5150253333333333,
        "novelty": 0.5121133333333333,
        "n_valid": 646827,
        "n_unique": 386269,
        "n_novel": 384085
    },
    "@800000": {
        "validity": 0.862185,
        "uniqueness": 0.51140625,
        "novelty": 0.5086075,
        "n_valid": 689748,
        "n_unique": 409125,
        "n_novel": 406886
    },
    "@850000": {
        "validity": 0.8622776470588235,
        "uniqueness": 0.5080470588235294,
        "novelty": 0.5053247058823529,
        "n_valid": 732936,
        "n_unique": 431840,
        "n_novel": 429526
    },
    "@900000": {
        "validity": 0.8622022222222222,
        "uniqueness": 0.5049266666666666,
        "novelty": 0.5022777777777778,
        "n_valid": 775982,
        "n_unique": 454434,
        "n_novel": 452050
    },
    "@950000": {
        "validity": 0.8621873684210526,
        "uniqueness": 0.5021757894736842,
        "novelty": 0.49960947368421055,
        "n_valid": 819078,
        "n_unique": 477067,
        "n_novel": 474629
    },
    "@1000000": {
        "validity": 0.862213,
        "uniqueness": 0.499481,
        "novelty": 0.496988,
        "n_valid": 862213,
        "n_unique": 499481,
        "n_novel": 496988
    }
}