{
    "train_loss": [
        0.5981302976608276,
        0.5172503173351288,
        0.46081459522247314,
        0.4236659467220306,
        0.39396254122257235,
        0.37071618139743806,
        0.3495750814676285,
        0.33310467600822447,
        0.3133927911520004,
        0.3028590947389603
    ],
    "val_loss": [
        0.5382728576660156,
        0.4931061416864395,
        0.47608109563589096,
        0.46456509083509445,
        0.4592970088124275,
        0.45385250449180603,
        0.45177868008613586,
        0.4559222385287285,
        0.458627812564373,
        0.45509716123342514
    ]
}