{
    "train_loss": [
        0.6135902404785156,
        0.5062272518873214,
        0.4412250220775604,
        0.4077392935752869,
        0.38122043311595916,
        0.3634323090314865,
        0.3511227071285248,
        0.33636024296283723
    ],
    "val_loss": [
        0.5564425513148308,
        0.5220373123884201,
        0.5028276517987251,
        0.49728044122457504,
        0.4859805777668953,
        0.4945020154118538,
        0.4994572028517723,
        0.5027760192751884
    ]
}