{
    "train_loss": [
        0.678735888004303,
        0.5980112910270691,
        0.5526778101921082,
        0.5194314420223236,
        0.4881665498018265
    ],
    "val_loss": [
        0.5787780582904816,
        0.5554628819227219,
        0.5554874837398529,
        0.5647707432508469,
        0.5691917538642883
    ]
}