{
    "@50000": {
        "validity": 0.95924,
        "uniqueness": 0.95578,
        "novelty": 0.93404,
        "n_valid": 47962,
        "n_unique": 47789,
        "n_novel": 46702
    },
    "@100000": {
        "validity": 0.95891,
        "uniqueness": 0.95243,
        "novelty": 0.93174,
        "n_valid": 95891,
        "n_unique": 95243,
        "n_novel": 93174
    },
    "@150000": {
        "validity": 0.9589533333333333,
        "uniqueness": 0.9502933333333333,
        "novelty": 0.9301333333333334,
        "n_valid": 143843,
        "n_unique": 142544,
        "n_novel": 139520
    },
    "@200000": {
        "validity": 0.95893,
        "uniqueness": 0.9483,
        "novelty": 0.928865,
        "n_valid": 191786,
        "n_unique": 189660,
        "n_novel": 185773
    },
    "@250000": {
        "validity": 0.959024,
        "uniqueness": 0.946952,
        "novelty": 0.927936,
        "n_valid": 239756,
        "n_unique": 236738,
        "n_novel": 231984
    },
    "@300000": {
        "validity": 0.9589,
        "uniqueness": 0.9454133333333333,
        "novelty": 0.9267433333333334,
        "n_valid": 287670,
        "n_unique": 283624,
        "n_novel": 278023
    },
    "@350000": {
        "validity": 0.9588942857142857,
        "uniqueness": 0.9438885714285714,
        "novelty": 0.9258114285714286,
        "n_valid": 335613,
        "n_unique": 330361,
        "n_novel": 324034
    },
    "@400000": {
        "validity": 0.9588525,
        "uniqueness": 0.94248,
        "novelty": 0.924865,
        "n_valid": 383541,
        "n_unique": 376992,
        "n_novel": 369946
    },
    "@450000": {
        "validity": 0.9589444444444445,
        "uniqueness": 0.9411355555555555,
        "novelty": 0.9239066666666667,
        "n_valid": 431525,
        "n_unique": 423511,
        "n_novel": 415758
    },
    "@500000": {
        "validity": 0.958878,
        "uniqueness": 0.939976,
        "novelty": 0.923058,
        "n_valid": 479439,
        "n_unique": 469988,
        "n_novel": 461529
    },
    "@550000": {
        "validity": 0.9587872727272727,
        "uniqueness": 0.938710909090909,
        "novelty": 0.92212,
        "n_valid": 527333,
        "n_unique": 516291,
        "n_novel": 507166
    },
    "@600000": {
        "validity": 0.958715,
        "uniqueness": 0.9376466666666666,
        "novelty": 0.921315,
        "n_valid": 575229,
        "n_unique": 562588,
        "n_novel": 552789
    },
    "@650000": {
        "validity": 0.9586584615384616,
        "uniqueness": 0.9364446153846154,
        "novelty": 0.9203492307692308,
        "n_valid": 623128,
        "n_unique": 608689,
        "n_novel": 598227
    },
    "@700000": {
        "validity": 0.9586757142857143,
        "uniqueness": 0.9354314285714286,
        "novelty": 0.9195828571428571,
        "n_valid": 671073,
        "n_unique": 654802,
        "n_novel": 643708
    },
    "@750000": {
        "validity": 0.9586333333333333,
        "uniqueness": 0.9344453333333334,
        "novelty": 0.9188253333333334,
        "n_valid": 718975,
        "n_unique": 700834,
        "n_novel": 689119
    },
    "@800000": {
        "validity": 0.95859625,
        "uniqueness": 0.93348375,
        "novelty": 0.918115,
        "n_valid": 766877,
        "n_unique": 746787,
        "n_novel": 734492
    },
    "@850000": {
        "validity": 0.9585788235294118,
        "uniqueness": 0.9326247058823529,
        "novelty": 0.9174788235294118,
        "n_valid": 814792,
        "n_unique": 792731,
        "n_novel": 779857
    },
    "@900000": {
        "validity": 0.9586833333333333,
        "uniqueness": 0.9318377777777778,
        "novelty": 0.9168933333333333,
        "n_valid": 862815,
        "n_unique": 838654,
        "n_novel": 825204
    },
    "@950000": {
        "validity": 0.9586915789473685,
        "uniqueness": 0.930998947368421,
        "novelty": 0.9162589473684211,
        "n_valid": 910757,
        "n_unique": 884449,
        "n_novel": 870446
    },
    "@1000000": {
        "validity": 0.958709,
        "uniqueness": 0.930169,
        "novelty": 0.915619,
        "n_valid": 958709,
        "n_unique": 930169,
        "n_novel": 915619
    }
}