{
    "@50000": {
        "validity": 0.75684,
        "uniqueness": 0.75516,
        "novelty": 0.75188,
        "n_valid": 37842,
        "n_unique": 37758,
        "n_novel": 37594
    },
    "@100000": {
        "validity": 0.75596,
        "uniqueness": 0.75348,
        "novelty": 0.75051,
        "n_valid": 75596,
        "n_unique": 75348,
        "n_novel": 75051
    },
    "@150000": {
        "validity": 0.7557,
        "uniqueness": 0.75268,
        "novelty": 0.74976,
        "n_valid": 113355,
        "n_unique": 112902,
        "n_novel": 112464
    },
    "@200000": {
        "validity": 0.755,
        "uniqueness": 0.751495,
        "novelty": 0.74853,
        "n_valid": 151000,
        "n_unique": 150299,
        "n_novel": 149706
    },
    "@250000": {
        "validity": 0.756036,
        "uniqueness": 0.752104,
        "novelty": 0.749044,
        "n_valid": 189009,
        "n_unique": 188026,
        "n_novel": 187261
    },
    "@300000": {
        "validity": 0.75575,
        "uniqueness": 0.7513733333333333,
        "novelty": 0.7483966666666667,
        "n_valid": 226725,
        "n_unique": 225412,
        "n_novel": 224519
    },
    "@350000": {
        "validity": 0.7550257142857143,
        "uniqueness": 0.7502285714285715,
        "novelty": 0.7472714285714286,
        "n_valid": 264259,
        "n_unique": 262580,
        "n_novel": 261545
    },
    "@400000": {
        "validity": 0.7547625,
        "uniqueness": 0.7495925,
        "novelty": 0.74667,
        "n_valid": 301905,
        "n_unique": 299837,
        "n_novel": 298668
    },
    "@450000": {
        "validity": 0.7548022222222223,
        "uniqueness": 0.7494333333333333,
        "novelty": 0.74654,
        "n_valid": 339661,
        "n_unique": 337245,
        "n_novel": 335943
    },
    "@500000": {
        "validity": 0.755034,
        "uniqueness": 0.749344,
        "novelty": 0.746484,
        "n_valid": 377517,
        "n_unique": 374672,
        "n_novel": 373242
    },
    "@550000": {
        "validity": 0.7549709090909091,
        "uniqueness": 0.7490181818181818,
        "novelty": 0.7461618181818181,
        "n_valid": 415234,
        "n_unique": 411960,
        "n_novel": 410389
    },
    "@600000": {
        "validity": 0.7547766666666667,
        "uniqueness": 0.7485516666666666,
        "novelty": 0.7457566666666666,
        "n_valid": 452866,
        "n_unique": 449131,
        "n_novel": 447454
    },
    "@650000": {
        "validity": 0.7546907692307693,
        "uniqueness": 0.7481815384615385,
        "novelty": 0.7454123076923077,
        "n_valid": 490549,
        "n_unique": 486318,
        "n_novel": 484518
    },
    "@700000": {
        "validity": 0.7547071428571429,
        "uniqueness": 0.7479614285714286,
        "novelty": 0.7452271428571429,
        "n_valid": 528295,
        "n_unique": 523573,
        "n_novel": 521659
    },
    "@750000": {
        "validity": 0.7549026666666667,
        "uniqueness": 0.7479506666666667,
        "novelty": 0.7452493333333333,
        "n_valid": 566177,
        "n_unique": 560963,
        "n_novel": 558937
    },
    "@800000": {
        "validity": 0.754885,
        "uniqueness": 0.74771625,
        "novelty": 0.74505125,
        "n_valid": 603908,
        "n_unique": 598173,
        "n_novel": 596041
    },
    "@850000": {
        "validity": 0.7548458823529411,
        "uniqueness": 0.7474611764705882,
        "novelty": 0.7448294117647059,
        "n_valid": 641619,
        "n_unique": 635342,
        "n_novel": 633105
    },
    "@900000": {
        "validity": 0.7548611111111111,
        "uniqueness": 0.7473055555555556,
        "novelty": 0.7446922222222222,
        "n_valid": 679375,
        "n_unique": 672575,
        "n_novel": 670223
    },
    "@950000": {
        "validity": 0.754818947368421,
        "uniqueness": 0.7470231578947368,
        "novelty": 0.744421052631579,
        "n_valid": 717078,
        "n_unique": 709672,
        "n_novel": 707200
    },
    "@1000000": {
        "validity": 0.754883,
        "uniqueness": 0.746933,
        "novelty": 0.744349,
        "n_valid": 754883,
        "n_unique": 746933,
        "n_novel": 744349
    }
}