{
    "@50000": {
        "validity": 0.99632,
        "uniqueness": 0.59792,
        "novelty": 0.56306,
        "n_valid": 49816,
        "n_unique": 29896,
        "n_novel": 28153
    },
    "@100000": {
        "validity": 0.99639,
        "uniqueness": 0.52624,
        "novelty": 0.49962,
        "n_valid": 99639,
        "n_unique": 52624,
        "n_novel": 49962
    },
    "@150000": {
        "validity": 0.99628,
        "uniqueness": 0.48656666666666665,
        "novelty": 0.46386,
        "n_valid": 149442,
        "n_unique": 72985,
        "n_novel": 69579
    },
    "@200000": {
        "validity": 0.996315,
        "uniqueness": 0.458405,
        "novelty": 0.43839,
        "n_valid": 199263,
        "n_unique": 91681,
        "n_novel": 87678
    },
    "@250000": {
        "validity": 0.996276,
        "uniqueness": 0.43626,
        "novelty": 0.418092,
        "n_valid": 249069,
        "n_unique": 109065,
        "n_novel": 104523
    },
    "@300000": {
        "validity": 0.9963033333333333,
        "uniqueness": 0.4189866666666667,
        "novelty": 0.4022366666666667,
        "n_valid": 298891,
        "n_unique": 125696,
        "n_novel": 120671
    },
    "@350000": {
        "validity": 0.9963085714285714,
        "uniqueness": 0.4046057142857143,
        "novelty": 0.38898,
        "n_valid": 348708,
        "n_unique": 141612,
        "n_novel": 136143
    },
    "@400000": {
        "validity": 0.996325,
        "uniqueness": 0.392605,
        "novelty": 0.37792,
        "n_valid": 398530,
        "n_unique": 157042,
        "n_novel": 151168
    },
    "@450000": {
        "validity": 0.9963444444444445,
        "uniqueness": 0.3817711111111111,
        "novelty": 0.36789555555555553,
        "n_valid": 448355,
        "n_unique": 171797,
        "n_novel": 165553
    },
    "@500000": {
        "validity": 0.9964,
        "uniqueness": 0.372676,
        "novelty": 0.359578,
        "n_valid": 498200,
        "n_unique": 186338,
        "n_novel": 179789
    },
    "@550000": {
        "validity": 0.9964109090909091,
        "uniqueness": 0.36432,
        "novelty": 0.3518218181818182,
        "n_valid": 548026,
        "n_unique": 200376,
        "n_novel": 193502
    },
    "@600000": {
        "validity": 0.996405,
        "uniqueness": 0.35671833333333336,
        "novelty": 0.344755,
        "n_valid": 597843,
        "n_unique": 214031,
        "n_novel": 206853
    },
    "@650000": {
        "validity": 0.9963846153846154,
        "uniqueness": 0.34955384615384616,
        "novelty": 0.3380630769230769,
        "n_valid": 647650,
        "n_unique": 227210,
        "n_novel": 219741
    },
    "@700000": {
        "validity": 0.9964171428571429,
        "uniqueness": 0.3433414285714286,
        "novelty": 0.33221428571428574,
        "n_valid": 697492,
        "n_unique": 240339,
        "n_novel": 232550
    },
    "@750000": {
        "validity": 0.9964093333333334,
        "uniqueness": 0.3375186666666667,
        "novelty": 0.32677333333333336,
        "n_valid": 747307,
        "n_unique": 253139,
        "n_novel": 245080
    },
    "@800000": {
        "validity": 0.99644375,
        "uniqueness": 0.3321575,
        "novelty": 0.32176,
        "n_valid": 797155,
        "n_unique": 265726,
        "n_novel": 257408
    },
    "@850000": {
        "validity": 0.9964317647058824,
        "uniqueness": 0.32709176470588236,
        "novelty": 0.31696,
        "n_valid": 846967,
        "n_unique": 278028,
        "n_novel": 269416
    },
    "@900000": {
        "validity": 0.9964088888888889,
        "uniqueness": 0.3222611111111111,
        "novelty": 0.31242444444444445,
        "n_valid": 896768,
        "n_unique": 290035,
        "n_novel": 281182
    },
    "@950000": {
        "validity": 0.9964052631578947,
        "uniqueness": 0.31783263157894737,
        "novelty": 0.3082621052631579,
        "n_valid": 946585,
        "n_unique": 301941,
        "n_novel": 292849
    },
    "@1000000": {
        "validity": 0.996391,
        "uniqueness": 0.313589,
        "novelty": 0.304288,
        "n_valid": 996391,
        "n_unique": 313589,
        "n_novel": 304288
    }
}