{
    "@50000": {
        "validity": 0.87762,
        "uniqueness": 0.8397,
        "novelty": 0.83032,
        "n_valid": 43881,
        "n_unique": 41985,
        "n_novel": 41516
    },
    "@100000": {
        "validity": 0.87752,
        "uniqueness": 0.82832,
        "novelty": 0.82029,
        "n_valid": 87752,
        "n_unique": 82832,
        "n_novel": 82029
    },
    "@150000": {
        "validity": 0.87776,
        "uniqueness": 0.8201733333333333,
        "novelty": 0.81306,
        "n_valid": 131664,
        "n_unique": 123026,
        "n_novel": 121959
    },
    "@200000": {
        "validity": 0.877175,
        "uniqueness": 0.81316,
        "novelty": 0.80653,
        "n_valid": 175435,
        "n_unique": 162632,
        "n_novel": 161306
    },
    "@250000": {
        "validity": 0.877072,
        "uniqueness": 0.80788,
        "novelty": 0.80172,
        "n_valid": 219268,
        "n_unique": 201970,
        "n_novel": 200430
    },
    "@300000": {
        "validity": 0.8770766666666666,
        "uniqueness": 0.8039033333333333,
        "novelty": 0.7980966666666667,
        "n_valid": 263123,
        "n_unique": 241171,
        "n_novel": 239429
    },
    "@350000": {
        "validity": 0.8772885714285714,
        "uniqueness": 0.7998942857142857,
        "novelty": 0.7943485714285714,
        "n_valid": 307051,
        "n_unique": 279963,
        "n_novel": 278022
    },
    "@400000": {
        "validity": 0.8777025,
        "uniqueness": 0.79638,
        "novelty": 0.791035,
        "n_valid": 351081,
        "n_unique": 318552,
        "n_novel": 316414
    },
    "@450000": {
        "validity": 0.8776444444444444,
        "uniqueness": 0.7931288888888889,
        "novelty": 0.7879844444444445,
        "n_valid": 394940,
        "n_unique": 356908,
        "n_novel": 354593
    },
    "@500000": {
        "validity": 0.877806,
        "uniqueness": 0.79046,
        "novelty": 0.785498,
        "n_valid": 438903,
        "n_unique": 395230,
        "n_novel": 392749
    },
    "@550000": {
        "validity": 0.8779109090909091,
        "uniqueness": 0.7878818181818181,
        "novelty": 0.7831145454545455,
        "n_valid": 482851,
        "n_unique": 433335,
        "n_novel": 430713
    },
    "@600000": {
        "validity": 0.87811,
        "uniqueness": 0.7854933333333334,
        "novelty": 0.780835,
        "n_valid": 526866,
        "n_unique": 471296,
        "n_novel": 468501
    },
    "@650000": {
        "validity": 0.8781046153846154,
        "uniqueness": 0.7830138461538462,
        "novelty": 0.7784676923076923,
        "n_valid": 570768,
        "n_unique": 508959,
        "n_novel": 506004
    },
    "@700000": {
        "validity": 0.8782771428571429,
        "uniqueness": 0.7809114285714286,
        "novelty": 0.7764714285714286,
        "n_valid": 614794,
        "n_unique": 546638,
        "n_novel": 543530
    },
    "@750000": {
        "validity": 0.87812,
        "uniqueness": 0.7786106666666667,
        "novelty": 0.7742493333333333,
        "n_valid": 658590,
        "n_unique": 583958,
        "n_novel": 580687
    },
    "@800000": {
        "validity": 0.8780375,
        "uniqueness": 0.77651375,
        "novelty": 0.772245,
        "n_valid": 702430,
        "n_unique": 621211,
        "n_novel": 617796
    },
    "@850000": {
        "validity": 0.8778176470588235,
        "uniqueness": 0.7744929411764706,
        "novelty": 0.7703117647058824,
        "n_valid": 746145,
        "n_unique": 658319,
        "n_novel": 654765
    },
    "@900000": {
        "validity": 0.8777766666666666,
        "uniqueness": 0.7726044444444444,
        "novelty": 0.76851,
        "n_valid": 789999,
        "n_unique": 695344,
        "n_novel": 691659
    },
    "@950000": {
        "validity": 0.8777747368421053,
        "uniqueness": 0.7708284210526316,
        "novelty": 0.766798947368421,
        "n_valid": 833886,
        "n_unique": 732287,
        "n_novel": 728459
    },
    "@1000000": {
        "validity": 0.877772,
        "uniqueness": 0.769121,
        "novelty": 0.765171,
        "n_valid": 877772,
        "n_unique": 769121,
        "n_novel": 765171
    }
}