{
    "@50000": {
        "validity": 0.98528,
        "uniqueness": 0.96484,
        "novelty": 0.92568,
        "n_valid": 49264,
        "n_unique": 48242,
        "n_novel": 46284
    },
    "@100000": {
        "validity": 0.98521,
        "uniqueness": 0.95589,
        "novelty": 0.91986,
        "n_valid": 98521,
        "n_unique": 95589,
        "n_novel": 91986
    },
    "@150000": {
        "validity": 0.98518,
        "uniqueness": 0.94828,
        "novelty": 0.9142066666666666,
        "n_valid": 147777,
        "n_unique": 142242,
        "n_novel": 137131
    },
    "@200000": {
        "validity": 0.985325,
        "uniqueness": 0.94218,
        "novelty": 0.909865,
        "n_valid": 197065,
        "n_unique": 188436,
        "n_novel": 181973
    },
    "@250000": {
        "validity": 0.985544,
        "uniqueness": 0.937088,
        "novelty": 0.906112,
        "n_valid": 246386,
        "n_unique": 234272,
        "n_novel": 226528
    },
    "@300000": {
        "validity": 0.9857133333333333,
        "uniqueness": 0.9326133333333333,
        "novelty": 0.9028866666666666,
        "n_valid": 295714,
        "n_unique": 279784,
        "n_novel": 270866
    },
    "@350000": {
        "validity": 0.9856142857142857,
        "uniqueness": 0.9278485714285715,
        "novelty": 0.8991828571428572,
        "n_valid": 344965,
        "n_unique": 324747,
        "n_novel": 314714
    },
    "@400000": {
        "validity": 0.985595,
        "uniqueness": 0.9242325,
        "novelty": 0.8965975,
        "n_valid": 394238,
        "n_unique": 369693,
        "n_novel": 358639
    },
    "@450000": {
        "validity": 0.9856511111111111,
        "uniqueness": 0.92044,
        "novelty": 0.8936733333333333,
        "n_valid": 443543,
        "n_unique": 414198,
        "n_novel": 402153
    },
    "@500000": {
        "validity": 0.98569,
        "uniqueness": 0.917168,
        "novelty": 0.891146,
        "n_valid": 492845,
        "n_unique": 458584,
        "n_novel": 445573
    },
    "@550000": {
        "validity": 0.9857127272727273,
        "uniqueness": 0.9140345454545454,
        "novelty": 0.8886745454545455,
        "n_valid": 542142,
        "n_unique": 502719,
        "n_novel": 488771
    },
    "@600000": {
        "validity": 0.9857133333333333,
        "uniqueness": 0.91123,
        "novelty": 0.8865283333333334,
        "n_valid": 591428,
        "n_unique": 546738,
        "n_novel": 531917
    },
    "@650000": {
        "validity": 0.98566,
        "uniqueness": 0.9084276923076923,
        "novelty": 0.8843292307692308,
        "n_valid": 640679,
        "n_unique": 590478,
        "n_novel": 574814
    },
    "@700000": {
        "validity": 0.98564,
        "uniqueness": 0.9058228571428572,
        "novelty": 0.8822742857142857,
        "n_valid": 689948,
        "n_unique": 634076,
        "n_novel": 617592
    },
    "@750000": {
        "validity": 0.9856333333333334,
        "uniqueness": 0.9032693333333334,
        "novelty": 0.8801893333333334,
        "n_valid": 739225,
        "n_unique": 677452,
        "n_novel": 660142
    },
    "@800000": {
        "validity": 0.98569125,
        "uniqueness": 0.90100875,
        "novelty": 0.87843125,
        "n_valid": 788553,
        "n_unique": 720807,
        "n_novel": 702745
    },
    "@850000": {
        "validity": 0.9856588235294118,
        "uniqueness": 0.8986388235294117,
        "novelty": 0.8764694117647058,
        "n_valid": 837810,
        "n_unique": 763843,
        "n_novel": 744999
    },
    "@900000": {
        "validity": 0.9856444444444444,
        "uniqueness": 0.8965111111111111,
        "novelty": 0.8747244444444444,
        "n_valid": 887080,
        "n_unique": 806860,
        "n_novel": 787252
    },
    "@950000": {
        "validity": 0.9856863157894736,
        "uniqueness": 0.8945294736842105,
        "novelty": 0.8730968421052632,
        "n_valid": 936402,
        "n_unique": 849803,
        "n_novel": 829442
    },
    "@1000000": {
        "validity": 0.985735,
        "uniqueness": 0.892475,
        "novelty": 0.871411,
        "n_valid": 985735,
        "n_unique": 892475,
        "n_novel": 871411
    }
}