{
    "@50000": {
        "validity": 0.50254,
        "uniqueness": 0.45112,
        "novelty": 0.43094,
        "n_valid": 25127,
        "n_unique": 22556,
        "n_novel": 21547
    },
    "@100000": {
        "validity": 0.50121,
        "uniqueness": 0.43639,
        "novelty": 0.41897,
        "n_valid": 50121,
        "n_unique": 43639,
        "n_novel": 41897
    },
    "@150000": {
        "validity": 0.50078,
        "uniqueness": 0.42796,
        "novelty": 0.41223333333333334,
        "n_valid": 75117,
        "n_unique": 64194,
        "n_novel": 61835
    },
    "@200000": {
        "validity": 0.50091,
        "uniqueness": 0.42229,
        "novelty": 0.40766,
        "n_valid": 100182,
        "n_unique": 84458,
        "n_novel": 81532
    },
    "@250000": {
        "validity": 0.501048,
        "uniqueness": 0.417428,
        "novelty": 0.403648,
        "n_valid": 125262,
        "n_unique": 104357,
        "n_novel": 100912
    },
    "@300000": {
        "validity": 0.5002333333333333,
        "uniqueness": 0.41271,
        "novelty": 0.39960666666666667,
        "n_valid": 150070,
        "n_unique": 123813,
        "n_novel": 119882
    },
    "@350000": {
        "validity": 0.5000942857142857,
        "uniqueness": 0.4087742857142857,
        "novelty": 0.3962657142857143,
        "n_valid": 175033,
        "n_unique": 143071,
        "n_novel": 138693
    },
    "@400000": {
        "validity": 0.5,
        "uniqueness": 0.40546,
        "novelty": 0.3934075,
        "n_valid": 200000,
        "n_unique": 162184,
        "n_novel": 157363
    },
    "@450000": {
        "validity": 0.5000711111111111,
        "uniqueness": 0.4023911111111111,
        "novelty": 0.39073555555555556,
        "n_valid": 225032,
        "n_unique": 181076,
        "n_novel": 175831
    },
    "@500000": {
        "validity": 0.500246,
        "uniqueness": 0.39968,
        "novelty": 0.38835,
        "n_valid": 250123,
        "n_unique": 199840,
        "n_novel": 194175
    },
    "@550000": {
        "validity": 0.5001872727272727,
        "uniqueness": 0.39719272727272725,
        "novelty": 0.3861781818181818,
        "n_valid": 275103,
        "n_unique": 218456,
        "n_novel": 212398
    },
    "@600000": {
        "validity": 0.5001933333333334,
        "uniqueness": 0.39494,
        "novelty": 0.38420666666666664,
        "n_valid": 300116,
        "n_unique": 236964,
        "n_novel": 230524
    },
    "@650000": {
        "validity": 0.49988615384615387,
        "uniqueness": 0.3925876923076923,
        "novelty": 0.38216,
        "n_valid": 324926,
        "n_unique": 255182,
        "n_novel": 248404
    },
    "@700000": {
        "validity": 0.4997785714285714,
        "uniqueness": 0.39031714285714286,
        "novelty": 0.3801442857142857,
        "n_valid": 349845,
        "n_unique": 273222,
        "n_novel": 266101
    },
    "@750000": {
        "validity": 0.4997,
        "uniqueness": 0.38854666666666665,
        "novelty": 0.37864533333333333,
        "n_valid": 374775,
        "n_unique": 291410,
        "n_novel": 283984
    },
    "@800000": {
        "validity": 0.49956875,
        "uniqueness": 0.38664125,
        "novelty": 0.37698,
        "n_valid": 399655,
        "n_unique": 309313,
        "n_novel": 301584
    },
    "@850000": {
        "validity": 0.49968823529411766,
        "uniqueness": 0.38504235294117645,
        "novelty": 0.37559882352941176,
        "n_valid": 424735,
        "n_unique": 327286,
        "n_novel": 319259
    },
    "@900000": {
        "validity": 0.49986888888888886,
        "uniqueness": 0.3837022222222222,
        "novelty": 0.37443666666666664,
        "n_valid": 449882,
        "n_unique": 345332,
        "n_novel": 336993
    },
    "@950000": {
        "validity": 0.49979684210526315,
        "uniqueness": 0.3821305263157895,
        "novelty": 0.3730294736842105,
        "n_valid": 474807,
        "n_unique": 363024,
        "n_novel": 354378
    },
    "@1000000": {
        "validity": 0.499728,
        "uniqueness": 0.380645,
        "novelty": 0.371703,
        "n_valid": 499728,
        "n_unique": 380645,
        "n_novel": 371703
    }
}