{
    "train_loss": [
        0.6228742957115173,
        0.5405647099018097,
        0.4785892486572266,
        0.42939957678318025,
        0.39249569475650786
    ],
    "val_loss": [
        0.5765861123800278,
        0.5707092881202698,
        0.5719514340162277,
        0.5750966966152191,
        0.5901472121477127
    ]
}