{
    "@50000": {
        "validity": 0.93028,
        "uniqueness": 0.46252,
        "novelty": 0.45316,
        "n_valid": 46514,
        "n_unique": 23126,
        "n_novel": 22658
    },
    "@100000": {
        "validity": 0.93128,
        "uniqueness": 0.41584,
        "novelty": 0.40953,
        "n_valid": 93128,
        "n_unique": 41584,
        "n_novel": 40953
    },
    "@150000": {
        "validity": 0.9303466666666667,
        "uniqueness": 0.38976,
        "novelty": 0.38474,
        "n_valid": 139552,
        "n_unique": 58464,
        "n_novel": 57711
    },
    "@200000": {
        "validity": 0.930385,
        "uniqueness": 0.371865,
        "novelty": 0.367655,
        "n_valid": 186077,
        "n_unique": 74373,
        "n_novel": 73531
    },
    "@250000": {
        "validity": 0.930212,
        "uniqueness": 0.358556,
        "novelty": 0.3548,
        "n_valid": 232553,
        "n_unique": 89639,
        "n_novel": 88700
    },
    "@300000": {
        "validity": 0.9305966666666666,
        "uniqueness": 0.34859666666666667,
        "novelty": 0.3452266666666667,
        "n_valid": 279179,
        "n_unique": 104579,
        "n_novel": 103568
    },
    "@350000": {
        "validity": 0.9306628571428571,
        "uniqueness": 0.33995142857142857,
        "novelty": 0.33686571428571427,
        "n_valid": 325732,
        "n_unique": 118983,
        "n_novel": 117903
    },
    "@400000": {
        "validity": 0.9305675,
        "uniqueness": 0.3321725,
        "novelty": 0.32933,
        "n_valid": 372227,
        "n_unique": 132869,
        "n_novel": 131732
    },
    "@450000": {
        "validity": 0.9303511111111111,
        "uniqueness": 0.3253688888888889,
        "novelty": 0.32272222222222224,
        "n_valid": 418658,
        "n_unique": 146416,
        "n_novel": 145225
    },
    "@500000": {
        "validity": 0.93039,
        "uniqueness": 0.31945,
        "novelty": 0.316944,
        "n_valid": 465195,
        "n_unique": 159725,
        "n_novel": 158472
    },
    "@550000": {
        "validity": 0.9302836363636363,
        "uniqueness": 0.3144509090909091,
        "novelty": 0.31207636363636365,
        "n_valid": 511656,
        "n_unique": 172948,
        "n_novel": 171642
    },
    "@600000": {
        "validity": 0.9301816666666667,
        "uniqueness": 0.309755,
        "novelty": 0.30749,
        "n_valid": 558109,
        "n_unique": 185853,
        "n_novel": 184494
    },
    "@650000": {
        "validity": 0.9301092307692308,
        "uniqueness": 0.30538923076923075,
        "novelty": 0.30323384615384613,
        "n_valid": 604571,
        "n_unique": 198503,
        "n_novel": 197102
    },
    "@700000": {
        "validity": 0.9300642857142857,
        "uniqueness": 0.3016285714285714,
        "novelty": 0.2995528571428571,
        "n_valid": 651045,
        "n_unique": 211140,
        "n_novel": 209687
    },
    "@750000": {
        "validity": 0.93018,
        "uniqueness": 0.298068,
        "novelty": 0.29607466666666665,
        "n_valid": 697635,
        "n_unique": 223551,
        "n_novel": 222056
    },
    "@800000": {
        "validity": 0.930155,
        "uniqueness": 0.2947825,
        "novelty": 0.292875,
        "n_valid": 744124,
        "n_unique": 235826,
        "n_novel": 234300
    },
    "@850000": {
        "validity": 0.9301623529411764,
        "uniqueness": 0.29176588235294115,
        "novelty": 0.2899329411764706,
        "n_valid": 790638,
        "n_unique": 248001,
        "n_novel": 246443
    },
    "@900000": {
        "validity": 0.9301822222222222,
        "uniqueness": 0.2887777777777778,
        "novelty": 0.2869977777777778,
        "n_valid": 837164,
        "n_unique": 259900,
        "n_novel": 258298
    },
    "@950000": {
        "validity": 0.9302273684210526,
        "uniqueness": 0.28614526315789474,
        "novelty": 0.2844115789473684,
        "n_valid": 883716,
        "n_unique": 271838,
        "n_novel": 270191
    },
    "@1000000": {
        "validity": 0.93029,
        "uniqueness": 0.283554,
        "novelty": 0.281872,
        "n_valid": 930290,
        "n_unique": 283554,
        "n_novel": 281872
    }
}