{
    "@50000": {
        "validity": 0.8944,
        "uniqueness": 0.62202,
        "novelty": 0.61,
        "n_valid": 44720,
        "n_unique": 31101,
        "n_novel": 30500
    },
    "@100000": {
        "validity": 0.89506,
        "uniqueness": 0.57972,
        "novelty": 0.57151,
        "n_valid": 89506,
        "n_unique": 57972,
        "n_novel": 57151
    },
    "@150000": {
        "validity": 0.8953466666666666,
        "uniqueness": 0.55438,
        "novelty": 0.5476133333333333,
        "n_valid": 134302,
        "n_unique": 83157,
        "n_novel": 82142
    },
    "@200000": {
        "validity": 0.895345,
        "uniqueness": 0.537555,
        "novelty": 0.53188,
        "n_valid": 179069,
        "n_unique": 107511,
        "n_novel": 106376
    },
    "@250000": {
        "validity": 0.895224,
        "uniqueness": 0.523556,
        "novelty": 0.518496,
        "n_valid": 223806,
        "n_unique": 130889,
        "n_novel": 129624
    },
    "@300000": {
        "validity": 0.8950566666666666,
        "uniqueness": 0.5124333333333333,
        "novelty": 0.50785,
        "n_valid": 268517,
        "n_unique": 153730,
        "n_novel": 152355
    },
    "@350000": {
        "validity": 0.8949685714285714,
        "uniqueness": 0.5032085714285714,
        "novelty": 0.49902285714285716,
        "n_valid": 313239,
        "n_unique": 176123,
        "n_novel": 174658
    },
    "@400000": {
        "validity": 0.894895,
        "uniqueness": 0.494825,
        "novelty": 0.4909375,
        "n_valid": 357958,
        "n_unique": 197930,
        "n_novel": 196375
    },
    "@450000": {
        "validity": 0.8950711111111112,
        "uniqueness": 0.4879133333333333,
        "novelty": 0.48431555555555555,
        "n_valid": 402782,
        "n_unique": 219561,
        "n_novel": 217942
    },
    "@500000": {
        "validity": 0.895086,
        "uniqueness": 0.481614,
        "novelty": 0.47825,
        "n_valid": 447543,
        "n_unique": 240807,
        "n_novel": 239125
    },
    "@550000": {
        "validity": 0.8950781818181818,
        "uniqueness": 0.47594545454545456,
        "novelty": 0.47273818181818184,
        "n_valid": 492293,
        "n_unique": 261770,
        "n_novel": 260006
    },
    "@600000": {
        "validity": 0.8948716666666666,
        "uniqueness": 0.47051166666666666,
        "novelty": 0.46745333333333333,
        "n_valid": 536923,
        "n_unique": 282307,
        "n_novel": 280472
    },
    "@650000": {
        "validity": 0.8947753846153846,
        "uniqueness": 0.4657107692307692,
        "novelty": 0.4628,
        "n_valid": 581604,
        "n_unique": 302712,
        "n_novel": 300820
    },
    "@700000": {
        "validity": 0.8945642857142857,
        "uniqueness": 0.4613185714285714,
        "novelty": 0.4585314285714286,
        "n_valid": 626195,
        "n_unique": 322923,
        "n_novel": 320972
    },
    "@750000": {
        "validity": 0.8946493333333333,
        "uniqueness": 0.457236,
        "novelty": 0.45456,
        "n_valid": 670987,
        "n_unique": 342927,
        "n_novel": 340920
    },
    "@800000": {
        "validity": 0.89461875,
        "uniqueness": 0.45341875,
        "novelty": 0.4508225,
        "n_valid": 715695,
        "n_unique": 362735,
        "n_novel": 360658
    },
    "@850000": {
        "validity": 0.8946658823529412,
        "uniqueness": 0.4499,
        "novelty": 0.4473835294117647,
        "n_valid": 760466,
        "n_unique": 382415,
        "n_novel": 380276
    },
    "@900000": {
        "validity": 0.8946544444444444,
        "uniqueness": 0.44644,
        "novelty": 0.4440044444444444,
        "n_valid": 805189,
        "n_unique": 401796,
        "n_novel": 399604
    },
    "@950000": {
        "validity": 0.8947147368421052,
        "uniqueness": 0.44351684210526315,
        "novelty": 0.4411568421052632,
        "n_valid": 849979,
        "n_unique": 421341,
        "n_novel": 419099
    },
    "@1000000": {
        "validity": 0.894754,
        "uniqueness": 0.440635,
        "novelty": 0.438353,
        "n_valid": 894754,
        "n_unique": 440635,
        "n_novel": 438353
    }
}