{
    "@50000": {
        "validity": 0.8961,
        "uniqueness": 0.8614,
        "novelty": 0.8539,
        "n_valid": 44805,
        "n_unique": 43070,
        "n_novel": 42695
    },
    "@100000": {
        "validity": 0.89593,
        "uniqueness": 0.85111,
        "novelty": 0.84494,
        "n_valid": 89593,
        "n_unique": 85111,
        "n_novel": 84494
    },
    "@150000": {
        "validity": 0.8960533333333334,
        "uniqueness": 0.8440333333333333,
        "novelty": 0.8387333333333333,
        "n_valid": 134408,
        "n_unique": 126605,
        "n_novel": 125810
    },
    "@200000": {
        "validity": 0.89528,
        "uniqueness": 0.838325,
        "novelty": 0.83356,
        "n_valid": 179056,
        "n_unique": 167665,
        "n_novel": 166712
    },
    "@250000": {
        "validity": 0.895368,
        "uniqueness": 0.833636,
        "novelty": 0.82926,
        "n_valid": 223842,
        "n_unique": 208409,
        "n_novel": 207315
    },
    "@300000": {
        "validity": 0.8957,
        "uniqueness": 0.82992,
        "novelty": 0.8258633333333333,
        "n_valid": 268710,
        "n_unique": 248976,
        "n_novel": 247759
    },
    "@350000": {
        "validity": 0.8955914285714286,
        "uniqueness": 0.82626,
        "novelty": 0.82242,
        "n_valid": 313457,
        "n_unique": 289191,
        "n_novel": 287847
    },
    "@400000": {
        "validity": 0.89548,
        "uniqueness": 0.8232575,
        "novelty": 0.8196,
        "n_valid": 358192,
        "n_unique": 329303,
        "n_novel": 327840
    },
    "@450000": {
        "validity": 0.8954822222222222,
        "uniqueness": 0.8206622222222222,
        "novelty": 0.8171688888888888,
        "n_valid": 402967,
        "n_unique": 369298,
        "n_novel": 367726
    },
    "@500000": {
        "validity": 0.895528,
        "uniqueness": 0.818262,
        "novelty": 0.814928,
        "n_valid": 447764,
        "n_unique": 409131,
        "n_novel": 407464
    },
    "@550000": {
        "validity": 0.8956872727272728,
        "uniqueness": 0.81626,
        "novelty": 0.8130145454545454,
        "n_valid": 492628,
        "n_unique": 448943,
        "n_novel": 447158
    },
    "@600000": {
        "validity": 0.89561,
        "uniqueness": 0.81413,
        "novelty": 0.8109983333333334,
        "n_valid": 537366,
        "n_unique": 488478,
        "n_novel": 486599
    },
    "@650000": {
        "validity": 0.8957292307692307,
        "uniqueness": 0.8122676923076924,
        "novelty": 0.8092615384615385,
        "n_valid": 582224,
        "n_unique": 527974,
        "n_novel": 526020
    },
    "@700000": {
        "validity": 0.8954614285714285,
        "uniqueness": 0.8100428571428572,
        "novelty": 0.8071214285714285,
        "n_valid": 626823,
        "n_unique": 567030,
        "n_novel": 564985
    },
    "@750000": {
        "validity": 0.8953346666666666,
        "uniqueness": 0.8082066666666666,
        "novelty": 0.8053826666666667,
        "n_valid": 671501,
        "n_unique": 606155,
        "n_novel": 604037
    },
    "@800000": {
        "validity": 0.89521375,
        "uniqueness": 0.80646875,
        "novelty": 0.80370375,
        "n_valid": 716171,
        "n_unique": 645175,
        "n_novel": 642963
    },
    "@850000": {
        "validity": 0.8952023529411764,
        "uniqueness": 0.8048270588235295,
        "novelty": 0.802124705882353,
        "n_valid": 760922,
        "n_unique": 684103,
        "n_novel": 681806
    },
    "@900000": {
        "validity": 0.8952255555555556,
        "uniqueness": 0.8033677777777778,
        "novelty": 0.8007233333333333,
        "n_valid": 805703,
        "n_unique": 723031,
        "n_novel": 720651
    },
    "@950000": {
        "validity": 0.8951694736842105,
        "uniqueness": 0.8018157894736843,
        "novelty": 0.7992136842105263,
        "n_valid": 850411,
        "n_unique": 761725,
        "n_novel": 759253
    },
    "@1000000": {
        "validity": 0.895096,
        "uniqueness": 0.800381,
        "novelty": 0.797836,
        "n_valid": 895096,
        "n_unique": 800381,
        "n_novel": 797836
    }
}