{
    "@50000": {
        "validity": 0.9945,
        "uniqueness": 0.80968,
        "novelty": 0.77876,
        "n_valid": 49725,
        "n_unique": 40484,
        "n_novel": 38938
    },
    "@100000": {
        "validity": 0.99432,
        "uniqueness": 0.74473,
        "novelty": 0.72145,
        "n_valid": 99432,
        "n_unique": 74473,
        "n_novel": 72145
    },
    "@150000": {
        "validity": 0.9942933333333334,
        "uniqueness": 0.7025133333333333,
        "novelty": 0.6837133333333333,
        "n_valid": 149144,
        "n_unique": 105377,
        "n_novel": 102557
    },
    "@200000": {
        "validity": 0.99437,
        "uniqueness": 0.67124,
        "novelty": 0.65499,
        "n_valid": 198874,
        "n_unique": 134248,
        "n_novel": 130998
    },
    "@250000": {
        "validity": 0.99424,
        "uniqueness": 0.645816,
        "novelty": 0.631468,
        "n_valid": 248560,
        "n_unique": 161454,
        "n_novel": 157867
    },
    "@300000": {
        "validity": 0.9942566666666667,
        "uniqueness": 0.6251566666666667,
        "novelty": 0.61221,
        "n_valid": 298277,
        "n_unique": 187547,
        "n_novel": 183663
    },
    "@350000": {
        "validity": 0.9943085714285714,
        "uniqueness": 0.6077771428571429,
        "novelty": 0.5958942857142857,
        "n_valid": 348008,
        "n_unique": 212722,
        "n_novel": 208563
    },
    "@400000": {
        "validity": 0.9943125,
        "uniqueness": 0.5921725,
        "novelty": 0.58127,
        "n_valid": 397725,
        "n_unique": 236869,
        "n_novel": 232508
    },
    "@450000": {
        "validity": 0.9943111111111111,
        "uniqueness": 0.5786511111111111,
        "novelty": 0.5685288888888889,
        "n_valid": 447440,
        "n_unique": 260393,
        "n_novel": 255838
    },
    "@500000": {
        "validity": 0.99434,
        "uniqueness": 0.566458,
        "novelty": 0.556986,
        "n_valid": 497170,
        "n_unique": 283229,
        "n_novel": 278493
    },
    "@550000": {
        "validity": 0.9943909090909091,
        "uniqueness": 0.5556927272727272,
        "novelty": 0.5467527272727273,
        "n_valid": 546915,
        "n_unique": 305631,
        "n_novel": 300714
    },
    "@600000": {
        "validity": 0.9943716666666667,
        "uniqueness": 0.5454833333333333,
        "novelty": 0.5370416666666666,
        "n_valid": 596623,
        "n_unique": 327290,
        "n_novel": 322225
    },
    "@650000": {
        "validity": 0.9944107692307692,
        "uniqueness": 0.5365323076923076,
        "novelty": 0.5285323076923077,
        "n_valid": 646367,
        "n_unique": 348746,
        "n_novel": 343546
    },
    "@700000": {
        "validity": 0.9944185714285714,
        "uniqueness": 0.5279728571428571,
        "novelty": 0.5203628571428571,
        "n_valid": 696093,
        "n_unique": 369581,
        "n_novel": 364254
    },
    "@750000": {
        "validity": 0.9943986666666667,
        "uniqueness": 0.5201586666666667,
        "novelty": 0.512916,
        "n_valid": 745799,
        "n_unique": 390119,
        "n_novel": 384687
    },
    "@800000": {
        "validity": 0.99442375,
        "uniqueness": 0.51282,
        "novelty": 0.50589,
        "n_valid": 795539,
        "n_unique": 410256,
        "n_novel": 404712
    },
    "@850000": {
        "validity": 0.9943917647058823,
        "uniqueness": 0.5061294117647058,
        "novelty": 0.4994705882352941,
        "n_valid": 845233,
        "n_unique": 430210,
        "n_novel": 424550
    },
    "@900000": {
        "validity": 0.9944033333333333,
        "uniqueness": 0.49951222222222225,
        "novelty": 0.4931188888888889,
        "n_valid": 894963,
        "n_unique": 449561,
        "n_novel": 443807
    },
    "@950000": {
        "validity": 0.9944178947368421,
        "uniqueness": 0.49340736842105265,
        "novelty": 0.48723578947368423,
        "n_valid": 944697,
        "n_unique": 468737,
        "n_novel": 462874
    },
    "@1000000": {
        "validity": 0.994425,
        "uniqueness": 0.487573,
        "novelty": 0.481615,
        "n_valid": 994425,
        "n_unique": 487573,
        "n_novel": 481615
    }
}