{
    "train_loss": [
        0.613630348443985,
        0.5295219779014587,
        0.47079381048679353,
        0.42768163681030275,
        0.38562538027763366
    ],
    "val_loss": [
        0.5679544508457184,
        0.5636959075927734,
        0.5700797140598297,
        0.5847671180963516,
        0.5887435227632523
    ]
}