{
    "@50000": {
        "validity": 0.78318,
        "uniqueness": 0.70192,
        "novelty": 0.6915,
        "n_valid": 39159,
        "n_unique": 35096,
        "n_novel": 34575
    },
    "@100000": {
        "validity": 0.78327,
        "uniqueness": 0.68371,
        "novelty": 0.67573,
        "n_valid": 78327,
        "n_unique": 68371,
        "n_novel": 67573
    },
    "@150000": {
        "validity": 0.7840933333333333,
        "uniqueness": 0.6728333333333333,
        "novelty": 0.6660533333333334,
        "n_valid": 117614,
        "n_unique": 100925,
        "n_novel": 99908
    },
    "@200000": {
        "validity": 0.783975,
        "uniqueness": 0.66405,
        "novelty": 0.657995,
        "n_valid": 156795,
        "n_unique": 132810,
        "n_novel": 131599
    },
    "@250000": {
        "validity": 0.784044,
        "uniqueness": 0.656796,
        "novelty": 0.65122,
        "n_valid": 196011,
        "n_unique": 164199,
        "n_novel": 162805
    },
    "@300000": {
        "validity": 0.7848933333333333,
        "uniqueness": 0.6516166666666666,
        "novelty": 0.6464666666666666,
        "n_valid": 235468,
        "n_unique": 195485,
        "n_novel": 193940
    },
    "@350000": {
        "validity": 0.7848828571428571,
        "uniqueness": 0.6461314285714286,
        "novelty": 0.6413228571428572,
        "n_valid": 274709,
        "n_unique": 226146,
        "n_novel": 224463
    },
    "@400000": {
        "validity": 0.7850975,
        "uniqueness": 0.6418525,
        "novelty": 0.6373325,
        "n_valid": 314039,
        "n_unique": 256741,
        "n_novel": 254933
    },
    "@450000": {
        "validity": 0.7848533333333333,
        "uniqueness": 0.6377955555555556,
        "novelty": 0.6334977777777778,
        "n_valid": 353184,
        "n_unique": 287008,
        "n_novel": 285074
    },
    "@500000": {
        "validity": 0.785198,
        "uniqueness": 0.634386,
        "novelty": 0.63026,
        "n_valid": 392599,
        "n_unique": 317193,
        "n_novel": 315130
    },
    "@550000": {
        "validity": 0.7851436363636364,
        "uniqueness": 0.631090909090909,
        "novelty": 0.6271072727272727,
        "n_valid": 431829,
        "n_unique": 347100,
        "n_novel": 344909
    },
    "@600000": {
        "validity": 0.7847316666666667,
        "uniqueness": 0.6276266666666667,
        "novelty": 0.623805,
        "n_valid": 470839,
        "n_unique": 376576,
        "n_novel": 374283
    },
    "@650000": {
        "validity": 0.7848015384615384,
        "uniqueness": 0.6248784615384615,
        "novelty": 0.6211984615384616,
        "n_valid": 510121,
        "n_unique": 406171,
        "n_novel": 403779
    },
    "@700000": {
        "validity": 0.78476,
        "uniqueness": 0.6222942857142857,
        "novelty": 0.6187542857142857,
        "n_valid": 549332,
        "n_unique": 435606,
        "n_novel": 433128
    },
    "@750000": {
        "validity": 0.7848773333333333,
        "uniqueness": 0.6199933333333333,
        "novelty": 0.6165533333333333,
        "n_valid": 588658,
        "n_unique": 464995,
        "n_novel": 462415
    },
    "@800000": {
        "validity": 0.78492875,
        "uniqueness": 0.61790625,
        "novelty": 0.61454375,
        "n_valid": 627943,
        "n_unique": 494325,
        "n_novel": 491635
    },
    "@850000": {
        "validity": 0.785015294117647,
        "uniqueness": 0.6156035294117647,
        "novelty": 0.61234,
        "n_valid": 667263,
        "n_unique": 523263,
        "n_novel": 520489
    },
    "@900000": {
        "validity": 0.7852866666666667,
        "uniqueness": 0.6137822222222222,
        "novelty": 0.6105944444444444,
        "n_valid": 706758,
        "n_unique": 552404,
        "n_novel": 549535
    },
    "@950000": {
        "validity": 0.7852494736842105,
        "uniqueness": 0.6117515789473684,
        "novelty": 0.6086431578947369,
        "n_valid": 745987,
        "n_unique": 581164,
        "n_novel": 578211
    },
    "@1000000": {
        "validity": 0.785213,
        "uniqueness": 0.609945,
        "novelty": 0.606894,
        "n_valid": 785213,
        "n_unique": 609945,
        "n_novel": 606894
    }
}