{
    "@50000": {
        "validity": 0.99124,
        "uniqueness": 0.905,
        "novelty": 0.86596,
        "n_valid": 49562,
        "n_unique": 45250,
        "n_novel": 43298
    },
    "@100000": {
        "validity": 0.99102,
        "uniqueness": 0.87151,
        "novelty": 0.83841,
        "n_valid": 99102,
        "n_unique": 87151,
        "n_novel": 83841
    },
    "@150000": {
        "validity": 0.9911066666666667,
        "uniqueness": 0.84764,
        "novelty": 0.8186466666666666,
        "n_valid": 148666,
        "n_unique": 127146,
        "n_novel": 122797
    },
    "@200000": {
        "validity": 0.99105,
        "uniqueness": 0.83028,
        "novelty": 0.80347,
        "n_valid": 198210,
        "n_unique": 166056,
        "n_novel": 160694
    },
    "@250000": {
        "validity": 0.991076,
        "uniqueness": 0.814688,
        "novelty": 0.789716,
        "n_valid": 247769,
        "n_unique": 203672,
        "n_novel": 197429
    },
    "@300000": {
        "validity": 0.99106,
        "uniqueness": 0.8021766666666666,
        "novelty": 0.77892,
        "n_valid": 297318,
        "n_unique": 240653,
        "n_novel": 233676
    },
    "@350000": {
        "validity": 0.9909371428571428,
        "uniqueness": 0.7912314285714286,
        "novelty": 0.7691828571428572,
        "n_valid": 346828,
        "n_unique": 276931,
        "n_novel": 269214
    },
    "@400000": {
        "validity": 0.99087,
        "uniqueness": 0.781125,
        "novelty": 0.760135,
        "n_valid": 396348,
        "n_unique": 312450,
        "n_novel": 304054
    },
    "@450000": {
        "validity": 0.9908644444444444,
        "uniqueness": 0.7715933333333334,
        "novelty": 0.7515266666666667,
        "n_valid": 445889,
        "n_unique": 347217,
        "n_novel": 338187
    },
    "@500000": {
        "validity": 0.99085,
        "uniqueness": 0.7638,
        "novelty": 0.74461,
        "n_valid": 495425,
        "n_unique": 381900,
        "n_novel": 372305
    },
    "@550000": {
        "validity": 0.9908527272727272,
        "uniqueness": 0.7563890909090909,
        "novelty": 0.7379290909090909,
        "n_valid": 544969,
        "n_unique": 416014,
        "n_novel": 405861
    },
    "@600000": {
        "validity": 0.9908083333333333,
        "uniqueness": 0.749195,
        "novelty": 0.73142,
        "n_valid": 594485,
        "n_unique": 449517,
        "n_novel": 438852
    },
    "@650000": {
        "validity": 0.9908307692307692,
        "uniqueness": 0.7427676923076924,
        "novelty": 0.7255938461538461,
        "n_valid": 644040,
        "n_unique": 482799,
        "n_novel": 471636
    },
    "@700000": {
        "validity": 0.9907785714285714,
        "uniqueness": 0.73664,
        "novelty": 0.7200057142857142,
        "n_valid": 693545,
        "n_unique": 515648,
        "n_novel": 504004
    },
    "@750000": {
        "validity": 0.9908146666666666,
        "uniqueness": 0.7313066666666667,
        "novelty": 0.7151706666666666,
        "n_valid": 743111,
        "n_unique": 548480,
        "n_novel": 536378
    },
    "@800000": {
        "validity": 0.99086375,
        "uniqueness": 0.72603875,
        "novelty": 0.71037125,
        "n_valid": 792691,
        "n_unique": 580831,
        "n_novel": 568297
    },
    "@850000": {
        "validity": 0.9908929411764706,
        "uniqueness": 0.7211988235294118,
        "novelty": 0.7059364705882353,
        "n_valid": 842259,
        "n_unique": 613019,
        "n_novel": 600046
    },
    "@900000": {
        "validity": 0.9908866666666667,
        "uniqueness": 0.71653,
        "novelty": 0.70168,
        "n_valid": 891798,
        "n_unique": 644877,
        "n_novel": 631512
    },
    "@950000": {
        "validity": 0.9908663157894737,
        "uniqueness": 0.7120421052631579,
        "novelty": 0.697561052631579,
        "n_valid": 941323,
        "n_unique": 676440,
        "n_novel": 662683
    },
    "@1000000": {
        "validity": 0.990872,
        "uniqueness": 0.707671,
        "novelty": 0.693535,
        "n_valid": 990872,
        "n_unique": 707671,
        "n_novel": 693535
    }
}