{
    "@50000": {
        "validity": 0.99806,
        "uniqueness": 0.11312,
        "novelty": 0.10556,
        "n_valid": 49903,
        "n_unique": 5656,
        "n_novel": 5278
    },
    "@100000": {
        "validity": 0.99813,
        "uniqueness": 0.09006,
        "novelty": 0.08491,
        "n_valid": 99813,
        "n_unique": 9006,
        "n_novel": 8491
    },
    "@150000": {
        "validity": 0.9981466666666666,
        "uniqueness": 0.07815333333333334,
        "novelty": 0.07418666666666666,
        "n_valid": 149722,
        "n_unique": 11723,
        "n_novel": 11128
    },
    "@200000": {
        "validity": 0.99807,
        "uniqueness": 0.07061,
        "novelty": 0.06721,
        "n_valid": 199614,
        "n_unique": 14122,
        "n_novel": 13442
    },
    "@250000": {
        "validity": 0.998088,
        "uniqueness": 0.0651,
        "novelty": 0.062096,
        "n_valid": 249522,
        "n_unique": 16275,
        "n_novel": 15524
    },
    "@300000": {
        "validity": 0.9980466666666666,
        "uniqueness": 0.06118333333333333,
        "novelty": 0.05847,
        "n_valid": 299414,
        "n_unique": 18355,
        "n_novel": 17541
    },
    "@350000": {
        "validity": 0.9979771428571429,
        "uniqueness": 0.05801428571428571,
        "novelty": 0.055502857142857145,
        "n_valid": 349292,
        "n_unique": 20305,
        "n_novel": 19426
    },
    "@400000": {
        "validity": 0.99799,
        "uniqueness": 0.0553575,
        "novelty": 0.05303,
        "n_valid": 399196,
        "n_unique": 22143,
        "n_novel": 21212
    },
    "@450000": {
        "validity": 0.9980111111111111,
        "uniqueness": 0.05294,
        "novelty": 0.05078222222222222,
        "n_valid": 449105,
        "n_unique": 23823,
        "n_novel": 22852
    },
    "@500000": {
        "validity": 0.998066,
        "uniqueness": 0.051076,
        "novelty": 0.049022,
        "n_valid": 499033,
        "n_unique": 25538,
        "n_novel": 24511
    },
    "@550000": {
        "validity": 0.9980345454545455,
        "uniqueness": 0.049290909090909094,
        "novelty": 0.047356363636363634,
        "n_valid": 548919,
        "n_unique": 27110,
        "n_novel": 26046
    },
    "@600000": {
        "validity": 0.9980166666666667,
        "uniqueness": 0.047788333333333335,
        "novelty": 0.045961666666666665,
        "n_valid": 598810,
        "n_unique": 28673,
        "n_novel": 27577
    },
    "@650000": {
        "validity": 0.9980138461538461,
        "uniqueness": 0.04643846153846154,
        "novelty": 0.04469692307692308,
        "n_valid": 648709,
        "n_unique": 30185,
        "n_novel": 29053
    },
    "@700000": {
        "validity": 0.9980085714285715,
        "uniqueness": 0.04511285714285714,
        "novelty": 0.04345,
        "n_valid": 698606,
        "n_unique": 31579,
        "n_novel": 30415
    },
    "@750000": {
        "validity": 0.9980053333333333,
        "uniqueness": 0.04398266666666667,
        "novelty": 0.04238666666666667,
        "n_valid": 748504,
        "n_unique": 32987,
        "n_novel": 31790
    },
    "@800000": {
        "validity": 0.998005,
        "uniqueness": 0.0429175,
        "novelty": 0.041375,
        "n_valid": 798404,
        "n_unique": 34334,
        "n_novel": 33100
    },
    "@850000": {
        "validity": 0.9979952941176471,
        "uniqueness": 0.04187058823529412,
        "novelty": 0.04038117647058823,
        "n_valid": 848296,
        "n_unique": 35590,
        "n_novel": 34324
    },
    "@900000": {
        "validity": 0.9979766666666666,
        "uniqueness": 0.041,
        "novelty": 0.039557777777777775,
        "n_valid": 898179,
        "n_unique": 36900,
        "n_novel": 35602
    },
    "@950000": {
        "validity": 0.9979842105263158,
        "uniqueness": 0.04018631578947368,
        "novelty": 0.038781052631578945,
        "n_valid": 948085,
        "n_unique": 38177,
        "n_novel": 36842
    },
    "@1000000": {
        "validity": 0.997986,
        "uniqueness": 0.039471,
        "novelty": 0.038115,
        "n_valid": 997986,
        "n_unique": 39471,
        "n_novel": 38115
    }
}