{
    "@50000": {
        "validity": 0.97558,
        "uniqueness": 0.95994,
        "novelty": 0.93174,
        "n_valid": 48779,
        "n_unique": 47997,
        "n_novel": 46587
    },
    "@100000": {
        "validity": 0.97549,
        "uniqueness": 0.95173,
        "novelty": 0.92574,
        "n_valid": 97549,
        "n_unique": 95173,
        "n_novel": 92574
    },
    "@150000": {
        "validity": 0.97534,
        "uniqueness": 0.94444,
        "novelty": 0.9199666666666667,
        "n_valid": 146301,
        "n_unique": 141666,
        "n_novel": 137995
    },
    "@200000": {
        "validity": 0.97537,
        "uniqueness": 0.93905,
        "novelty": 0.915555,
        "n_valid": 195074,
        "n_unique": 187810,
        "n_novel": 183111
    },
    "@250000": {
        "validity": 0.975824,
        "uniqueness": 0.934452,
        "novelty": 0.91202,
        "n_valid": 243956,
        "n_unique": 233613,
        "n_novel": 228005
    },
    "@300000": {
        "validity": 0.9758166666666667,
        "uniqueness": 0.9303966666666666,
        "novelty": 0.9085433333333334,
        "n_valid": 292745,
        "n_unique": 279119,
        "n_novel": 272563
    },
    "@350000": {
        "validity": 0.9760371428571428,
        "uniqueness": 0.9265742857142857,
        "novelty": 0.9054657142857143,
        "n_valid": 341613,
        "n_unique": 324301,
        "n_novel": 316913
    },
    "@400000": {
        "validity": 0.9759575,
        "uniqueness": 0.922665,
        "novelty": 0.9022875,
        "n_valid": 390383,
        "n_unique": 369066,
        "n_novel": 360915
    },
    "@450000": {
        "validity": 0.9759466666666666,
        "uniqueness": 0.9192577777777777,
        "novelty": 0.8994622222222223,
        "n_valid": 439176,
        "n_unique": 413666,
        "n_novel": 404758
    },
    "@500000": {
        "validity": 0.975806,
        "uniqueness": 0.91616,
        "novelty": 0.897044,
        "n_valid": 487903,
        "n_unique": 458080,
        "n_novel": 448522
    },
    "@550000": {
        "validity": 0.9758472727272727,
        "uniqueness": 0.9131472727272727,
        "novelty": 0.8944763636363636,
        "n_valid": 536716,
        "n_unique": 502231,
        "n_novel": 491962
    },
    "@600000": {
        "validity": 0.975825,
        "uniqueness": 0.91052,
        "novelty": 0.8922516666666667,
        "n_valid": 585495,
        "n_unique": 546312,
        "n_novel": 535351
    },
    "@650000": {
        "validity": 0.9758261538461539,
        "uniqueness": 0.9076753846153847,
        "novelty": 0.8898138461538462,
        "n_valid": 634287,
        "n_unique": 589989,
        "n_novel": 578379
    },
    "@700000": {
        "validity": 0.9758071428571429,
        "uniqueness": 0.9052257142857143,
        "novelty": 0.8877142857142857,
        "n_valid": 683065,
        "n_unique": 633658,
        "n_novel": 621400
    },
    "@750000": {
        "validity": 0.975812,
        "uniqueness": 0.9027693333333333,
        "novelty": 0.885672,
        "n_valid": 731859,
        "n_unique": 677077,
        "n_novel": 664254
    },
    "@800000": {
        "validity": 0.9758675,
        "uniqueness": 0.900655,
        "novelty": 0.88395125,
        "n_valid": 780694,
        "n_unique": 720524,
        "n_novel": 707161
    },
    "@850000": {
        "validity": 0.9758564705882353,
        "uniqueness": 0.8985164705882352,
        "novelty": 0.8821070588235295,
        "n_valid": 829478,
        "n_unique": 763739,
        "n_novel": 749791
    },
    "@900000": {
        "validity": 0.9759011111111111,
        "uniqueness": 0.8964066666666667,
        "novelty": 0.88032,
        "n_valid": 878311,
        "n_unique": 806766,
        "n_novel": 792288
    },
    "@950000": {
        "validity": 0.9758652631578948,
        "uniqueness": 0.8944147368421053,
        "novelty": 0.8786105263157895,
        "n_valid": 927072,
        "n_unique": 849694,
        "n_novel": 834680
    },
    "@1000000": {
        "validity": 0.975829,
        "uniqueness": 0.892439,
        "novelty": 0.876867,
        "n_valid": 975829,
        "n_unique": 892439,
        "n_novel": 876867
    }
}