{
    "@50000": {
        "validity": 0.95248,
        "uniqueness": 0.88036,
        "novelty": 0.85872,
        "n_valid": 47624,
        "n_unique": 44018,
        "n_novel": 42936
    },
    "@100000": {
        "validity": 0.95233,
        "uniqueness": 0.86264,
        "novelty": 0.84425,
        "n_valid": 95233,
        "n_unique": 86264,
        "n_novel": 84425
    },
    "@150000": {
        "validity": 0.953,
        "uniqueness": 0.8512666666666666,
        "novelty": 0.8345933333333333,
        "n_valid": 142950,
        "n_unique": 127690,
        "n_novel": 125189
    },
    "@200000": {
        "validity": 0.953195,
        "uniqueness": 0.84178,
        "novelty": 0.826265,
        "n_valid": 190639,
        "n_unique": 168356,
        "n_novel": 165253
    },
    "@250000": {
        "validity": 0.953296,
        "uniqueness": 0.834604,
        "novelty": 0.819756,
        "n_valid": 238324,
        "n_unique": 208651,
        "n_novel": 204939
    },
    "@300000": {
        "validity": 0.95335,
        "uniqueness": 0.8278733333333333,
        "novelty": 0.81384,
        "n_valid": 286005,
        "n_unique": 248362,
        "n_novel": 244152
    },
    "@350000": {
        "validity": 0.9536,
        "uniqueness": 0.8221828571428571,
        "novelty": 0.8087857142857143,
        "n_valid": 333760,
        "n_unique": 287764,
        "n_novel": 283075
    },
    "@400000": {
        "validity": 0.9537,
        "uniqueness": 0.81705,
        "novelty": 0.8041325,
        "n_valid": 381480,
        "n_unique": 326820,
        "n_novel": 321653
    },
    "@450000": {
        "validity": 0.9538244444444445,
        "uniqueness": 0.8120244444444444,
        "novelty": 0.7995533333333333,
        "n_valid": 429221,
        "n_unique": 365411,
        "n_novel": 359799
    },
    "@500000": {
        "validity": 0.953742,
        "uniqueness": 0.80795,
        "novelty": 0.795858,
        "n_valid": 476871,
        "n_unique": 403975,
        "n_novel": 397929
    },
    "@550000": {
        "validity": 0.9538072727272727,
        "uniqueness": 0.8043163636363636,
        "novelty": 0.7925090909090909,
        "n_valid": 524594,
        "n_unique": 442374,
        "n_novel": 435880
    },
    "@600000": {
        "validity": 0.9537916666666667,
        "uniqueness": 0.8005966666666666,
        "novelty": 0.789055,
        "n_valid": 572275,
        "n_unique": 480358,
        "n_novel": 473433
    },
    "@650000": {
        "validity": 0.9539630769230769,
        "uniqueness": 0.7977,
        "novelty": 0.7864076923076924,
        "n_valid": 620076,
        "n_unique": 518505,
        "n_novel": 511165
    },
    "@700000": {
        "validity": 0.9539028571428572,
        "uniqueness": 0.7945328571428572,
        "novelty": 0.7834785714285715,
        "n_valid": 667732,
        "n_unique": 556173,
        "n_novel": 548435
    },
    "@750000": {
        "validity": 0.9538546666666666,
        "uniqueness": 0.7915493333333333,
        "novelty": 0.780732,
        "n_valid": 715391,
        "n_unique": 593662,
        "n_novel": 585549
    },
    "@800000": {
        "validity": 0.953775,
        "uniqueness": 0.78882625,
        "novelty": 0.7782275,
        "n_valid": 763020,
        "n_unique": 631061,
        "n_novel": 622582
    },
    "@850000": {
        "validity": 0.9537658823529411,
        "uniqueness": 0.7861047058823529,
        "novelty": 0.7757117647058823,
        "n_valid": 810701,
        "n_unique": 668189,
        "n_novel": 659355
    },
    "@900000": {
        "validity": 0.9537511111111111,
        "uniqueness": 0.7834588888888889,
        "novelty": 0.7732422222222223,
        "n_valid": 858376,
        "n_unique": 705113,
        "n_novel": 695918
    },
    "@950000": {
        "validity": 0.9537263157894736,
        "uniqueness": 0.7812852631578947,
        "novelty": 0.7712010526315789,
        "n_valid": 906040,
        "n_unique": 742221,
        "n_novel": 732641
    },
    "@1000000": {
        "validity": 0.953725,
        "uniqueness": 0.779075,
        "novelty": 0.769156,
        "n_valid": 953725,
        "n_unique": 779075,
        "n_novel": 769156
    }
}