{
    "@50000": {
        "validity": 0.92786,
        "uniqueness": 0.80122,
        "novelty": 0.79196,
        "n_valid": 46393,
        "n_unique": 40061,
        "n_novel": 39598
    },
    "@100000": {
        "validity": 0.92837,
        "uniqueness": 0.76696,
        "novelty": 0.75934,
        "n_valid": 92837,
        "n_unique": 76696,
        "n_novel": 75934
    },
    "@150000": {
        "validity": 0.9290266666666667,
        "uniqueness": 0.74612,
        "novelty": 0.73976,
        "n_valid": 139354,
        "n_unique": 111918,
        "n_novel": 110964
    },
    "@200000": {
        "validity": 0.929015,
        "uniqueness": 0.729795,
        "novelty": 0.724095,
        "n_valid": 185803,
        "n_unique": 145959,
        "n_novel": 144819
    },
    "@250000": {
        "validity": 0.929244,
        "uniqueness": 0.717272,
        "novelty": 0.712052,
        "n_valid": 232311,
        "n_unique": 179318,
        "n_novel": 178013
    },
    "@300000": {
        "validity": 0.9294366666666667,
        "uniqueness": 0.7068233333333334,
        "novelty": 0.70204,
        "n_valid": 278831,
        "n_unique": 212047,
        "n_novel": 210612
    },
    "@350000": {
        "validity": 0.9290571428571428,
        "uniqueness": 0.6977057142857143,
        "novelty": 0.6932057142857143,
        "n_valid": 325170,
        "n_unique": 244197,
        "n_novel": 242622
    },
    "@400000": {
        "validity": 0.9290075,
        "uniqueness": 0.689635,
        "novelty": 0.685425,
        "n_valid": 371603,
        "n_unique": 275854,
        "n_novel": 274170
    },
    "@450000": {
        "validity": 0.9290022222222222,
        "uniqueness": 0.6829866666666666,
        "novelty": 0.6789755555555556,
        "n_valid": 418051,
        "n_unique": 307344,
        "n_novel": 305539
    },
    "@500000": {
        "validity": 0.928906,
        "uniqueness": 0.67667,
        "novelty": 0.672864,
        "n_valid": 464453,
        "n_unique": 338335,
        "n_novel": 336432
    },
    "@550000": {
        "validity": 0.92876,
        "uniqueness": 0.6704254545454545,
        "novelty": 0.6667690909090909,
        "n_valid": 510818,
        "n_unique": 368734,
        "n_novel": 366723
    },
    "@600000": {
        "validity": 0.928645,
        "uniqueness": 0.6651033333333334,
        "novelty": 0.6615883333333333,
        "n_valid": 557187,
        "n_unique": 399062,
        "n_novel": 396953
    },
    "@650000": {
        "validity": 0.9286092307692307,
        "uniqueness": 0.6600338461538462,
        "novelty": 0.6566507692307693,
        "n_valid": 603596,
        "n_unique": 429022,
        "n_novel": 426823
    },
    "@700000": {
        "validity": 0.9285957142857143,
        "uniqueness": 0.6556342857142857,
        "novelty": 0.6523714285714286,
        "n_valid": 650017,
        "n_unique": 458944,
        "n_novel": 456660
    },
    "@750000": {
        "validity": 0.9285986666666667,
        "uniqueness": 0.6515306666666667,
        "novelty": 0.6483613333333333,
        "n_valid": 696449,
        "n_unique": 488648,
        "n_novel": 486271
    },
    "@800000": {
        "validity": 0.92875,
        "uniqueness": 0.6474225,
        "novelty": 0.6443225,
        "n_valid": 743000,
        "n_unique": 517938,
        "n_novel": 515458
    },
    "@850000": {
        "validity": 0.9287964705882353,
        "uniqueness": 0.64378,
        "novelty": 0.64076,
        "n_valid": 789477,
        "n_unique": 547213,
        "n_novel": 544646
    },
    "@900000": {
        "validity": 0.9288233333333333,
        "uniqueness": 0.6400822222222222,
        "novelty": 0.6371311111111111,
        "n_valid": 835941,
        "n_unique": 576074,
        "n_novel": 573418
    },
    "@950000": {
        "validity": 0.9288621052631579,
        "uniqueness": 0.6368494736842105,
        "novelty": 0.6339484210526316,
        "n_valid": 882419,
        "n_unique": 605007,
        "n_novel": 602251
    },
    "@1000000": {
        "validity": 0.928839,
        "uniqueness": 0.633596,
        "novelty": 0.630764,
        "n_valid": 928839,
        "n_unique": 633596,
        "n_novel": 630764
    }
}