{
    "@50000": {
        "validity": 0.86718,
        "uniqueness": 0.83712,
        "novelty": 0.8291,
        "n_valid": 43359,
        "n_unique": 41856,
        "n_novel": 41455
    },
    "@100000": {
        "validity": 0.86575,
        "uniqueness": 0.8232,
        "novelty": 0.8162,
        "n_valid": 86575,
        "n_unique": 82320,
        "n_novel": 81620
    },
    "@150000": {
        "validity": 0.86712,
        "uniqueness": 0.8165933333333333,
        "novelty": 0.8101466666666667,
        "n_valid": 130068,
        "n_unique": 122489,
        "n_novel": 121522
    },
    "@200000": {
        "validity": 0.867375,
        "uniqueness": 0.810645,
        "novelty": 0.80471,
        "n_valid": 173475,
        "n_unique": 162129,
        "n_novel": 160942
    },
    "@250000": {
        "validity": 0.86732,
        "uniqueness": 0.805336,
        "novelty": 0.799824,
        "n_valid": 216830,
        "n_unique": 201334,
        "n_novel": 199956
    },
    "@300000": {
        "validity": 0.8675,
        "uniqueness": 0.8011566666666666,
        "novelty": 0.7959133333333334,
        "n_valid": 260250,
        "n_unique": 240347,
        "n_novel": 238774
    },
    "@350000": {
        "validity": 0.8674257142857142,
        "uniqueness": 0.7970171428571429,
        "novelty": 0.7919914285714286,
        "n_valid": 303599,
        "n_unique": 278956,
        "n_novel": 277197
    },
    "@400000": {
        "validity": 0.8677175,
        "uniqueness": 0.7936925,
        "novelty": 0.78888,
        "n_valid": 347087,
        "n_unique": 317477,
        "n_novel": 315552
    },
    "@450000": {
        "validity": 0.8676111111111111,
        "uniqueness": 0.7903066666666667,
        "novelty": 0.7856444444444445,
        "n_valid": 390425,
        "n_unique": 355638,
        "n_novel": 353540
    },
    "@500000": {
        "validity": 0.86754,
        "uniqueness": 0.787264,
        "novelty": 0.782724,
        "n_valid": 433770,
        "n_unique": 393632,
        "n_novel": 391362
    },
    "@550000": {
        "validity": 0.8675872727272728,
        "uniqueness": 0.7845818181818182,
        "novelty": 0.7801672727272727,
        "n_valid": 477173,
        "n_unique": 431520,
        "n_novel": 429092
    },
    "@600000": {
        "validity": 0.8675433333333333,
        "uniqueness": 0.7821283333333333,
        "novelty": 0.7778583333333333,
        "n_valid": 520526,
        "n_unique": 469277,
        "n_novel": 466715
    },
    "@650000": {
        "validity": 0.8674938461538462,
        "uniqueness": 0.7797246153846153,
        "novelty": 0.77554,
        "n_valid": 563871,
        "n_unique": 506821,
        "n_novel": 504101
    },
    "@700000": {
        "validity": 0.8675228571428572,
        "uniqueness": 0.7776014285714286,
        "novelty": 0.7735028571428572,
        "n_valid": 607266,
        "n_unique": 544321,
        "n_novel": 541452
    },
    "@750000": {
        "validity": 0.8676186666666666,
        "uniqueness": 0.7755853333333333,
        "novelty": 0.771612,
        "n_valid": 650714,
        "n_unique": 581689,
        "n_novel": 578709
    },
    "@800000": {
        "validity": 0.86773,
        "uniqueness": 0.77353375,
        "novelty": 0.7696525,
        "n_valid": 694184,
        "n_unique": 618827,
        "n_novel": 615722
    },
    "@850000": {
        "validity": 0.8677411764705882,
        "uniqueness": 0.7715105882352942,
        "novelty": 0.7677023529411765,
        "n_valid": 737580,
        "n_unique": 655784,
        "n_novel": 652547
    },
    "@900000": {
        "validity": 0.8675988888888889,
        "uniqueness": 0.76953,
        "novelty": 0.7657988888888889,
        "n_valid": 780839,
        "n_unique": 692577,
        "n_novel": 689219
    },
    "@950000": {
        "validity": 0.8676,
        "uniqueness": 0.7678042105263158,
        "novelty": 0.7641578947368421,
        "n_valid": 824220,
        "n_unique": 729414,
        "n_novel": 725950
    },
    "@1000000": {
        "validity": 0.867687,
        "uniqueness": 0.766188,
        "novelty": 0.762608,
        "n_valid": 867687,
        "n_unique": 766188,
        "n_novel": 762608
    }
}