{
    "@50000": {
        "validity": 0.43104,
        "uniqueness": 0.42924,
        "novelty": 0.42738,
        "n_valid": 21552,
        "n_unique": 21462,
        "n_novel": 21369
    },
    "@100000": {
        "validity": 0.4326,
        "uniqueness": 0.42992,
        "novelty": 0.42797,
        "n_valid": 43260,
        "n_unique": 42992,
        "n_novel": 42797
    },
    "@150000": {
        "validity": 0.43224,
        "uniqueness": 0.42884666666666665,
        "novelty": 0.42688,
        "n_valid": 64836,
        "n_unique": 64327,
        "n_novel": 64032
    },
    "@200000": {
        "validity": 0.432965,
        "uniqueness": 0.429085,
        "novelty": 0.4271,
        "n_valid": 86593,
        "n_unique": 85817,
        "n_novel": 85420
    },
    "@250000": {
        "validity": 0.433504,
        "uniqueness": 0.429128,
        "novelty": 0.427272,
        "n_valid": 108376,
        "n_unique": 107282,
        "n_novel": 106818
    },
    "@300000": {
        "validity": 0.43334333333333336,
        "uniqueness": 0.42861333333333335,
        "novelty": 0.42681,
        "n_valid": 130003,
        "n_unique": 128584,
        "n_novel": 128043
    },
    "@350000": {
        "validity": 0.4339314285714286,
        "uniqueness": 0.42880857142857143,
        "novelty": 0.42700285714285713,
        "n_valid": 151876,
        "n_unique": 150083,
        "n_novel": 149451
    },
    "@400000": {
        "validity": 0.4344075,
        "uniqueness": 0.4288675,
        "novelty": 0.42711,
        "n_valid": 173763,
        "n_unique": 171547,
        "n_novel": 170844
    },
    "@450000": {
        "validity": 0.43419111111111114,
        "uniqueness": 0.42832444444444445,
        "novelty": 0.42664,
        "n_valid": 195386,
        "n_unique": 192746,
        "n_novel": 191988
    },
    "@500000": {
        "validity": 0.434298,
        "uniqueness": 0.428096,
        "novelty": 0.426462,
        "n_valid": 217149,
        "n_unique": 214048,
        "n_novel": 213231
    },
    "@550000": {
        "validity": 0.4341654545454545,
        "uniqueness": 0.4275927272727273,
        "novelty": 0.4259581818181818,
        "n_valid": 238791,
        "n_unique": 235176,
        "n_novel": 234277
    },
    "@600000": {
        "validity": 0.43437166666666666,
        "uniqueness": 0.427525,
        "novelty": 0.42590666666666666,
        "n_valid": 260623,
        "n_unique": 256515,
        "n_novel": 255544
    },
    "@650000": {
        "validity": 0.43440153846153845,
        "uniqueness": 0.4272276923076923,
        "novelty": 0.4256476923076923,
        "n_valid": 282361,
        "n_unique": 277698,
        "n_novel": 276671
    },
    "@700000": {
        "validity": 0.43434428571428574,
        "uniqueness": 0.42690428571428574,
        "novelty": 0.42535142857142855,
        "n_valid": 304041,
        "n_unique": 298833,
        "n_novel": 297746
    },
    "@750000": {
        "validity": 0.43442,
        "uniqueness": 0.4267533333333333,
        "novelty": 0.42523866666666665,
        "n_valid": 325815,
        "n_unique": 320065,
        "n_novel": 318929
    },
    "@800000": {
        "validity": 0.4344625,
        "uniqueness": 0.42651875,
        "novelty": 0.4250375,
        "n_valid": 347570,
        "n_unique": 341215,
        "n_novel": 340030
    },
    "@850000": {
        "validity": 0.4344764705882353,
        "uniqueness": 0.42633882352941177,
        "novelty": 0.4248870588235294,
        "n_valid": 369305,
        "n_unique": 362388,
        "n_novel": 361154
    },
    "@900000": {
        "validity": 0.43449,
        "uniqueness": 0.42611333333333334,
        "novelty": 0.42466444444444446,
        "n_valid": 391041,
        "n_unique": 383502,
        "n_novel": 382198
    },
    "@950000": {
        "validity": 0.4344094736842105,
        "uniqueness": 0.4257947368421053,
        "novelty": 0.42436842105263156,
        "n_valid": 412689,
        "n_unique": 404505,
        "n_novel": 403150
    },
    "@1000000": {
        "validity": 0.434433,
        "uniqueness": 0.42565,
        "novelty": 0.424237,
        "n_valid": 434433,
        "n_unique": 425650,
        "n_novel": 424237
    }
}