{
    "@50000": {
        "validity": 0.9843,
        "uniqueness": 0.96586,
        "novelty": 0.92528,
        "n_valid": 49215,
        "n_unique": 48293,
        "n_novel": 46264
    },
    "@100000": {
        "validity": 0.98351,
        "uniqueness": 0.95395,
        "novelty": 0.91624,
        "n_valid": 98351,
        "n_unique": 95395,
        "n_novel": 91624
    },
    "@150000": {
        "validity": 0.9834066666666667,
        "uniqueness": 0.94668,
        "novelty": 0.9118866666666666,
        "n_valid": 147511,
        "n_unique": 142002,
        "n_novel": 136783
    },
    "@200000": {
        "validity": 0.98353,
        "uniqueness": 0.940925,
        "novelty": 0.907875,
        "n_valid": 196706,
        "n_unique": 188185,
        "n_novel": 181575
    },
    "@250000": {
        "validity": 0.983424,
        "uniqueness": 0.935612,
        "novelty": 0.904344,
        "n_valid": 245856,
        "n_unique": 233903,
        "n_novel": 226086
    },
    "@300000": {
        "validity": 0.9833566666666667,
        "uniqueness": 0.9306733333333334,
        "novelty": 0.90062,
        "n_valid": 295007,
        "n_unique": 279202,
        "n_novel": 270186
    },
    "@350000": {
        "validity": 0.9832542857142857,
        "uniqueness": 0.9261657142857143,
        "novelty": 0.8971314285714286,
        "n_valid": 344139,
        "n_unique": 324158,
        "n_novel": 313996
    },
    "@400000": {
        "validity": 0.98335,
        "uniqueness": 0.9226525,
        "novelty": 0.894625,
        "n_valid": 393340,
        "n_unique": 369061,
        "n_novel": 357850
    },
    "@450000": {
        "validity": 0.9834422222222222,
        "uniqueness": 0.9189511111111112,
        "novelty": 0.8918222222222222,
        "n_valid": 442549,
        "n_unique": 413528,
        "n_novel": 401320
    },
    "@500000": {
        "validity": 0.983416,
        "uniqueness": 0.91554,
        "novelty": 0.889234,
        "n_valid": 491708,
        "n_unique": 457770,
        "n_novel": 444617
    },
    "@550000": {
        "validity": 0.9834018181818182,
        "uniqueness": 0.9123054545454545,
        "novelty": 0.88668,
        "n_valid": 540871,
        "n_unique": 501768,
        "n_novel": 487674
    },
    "@600000": {
        "validity": 0.9834033333333333,
        "uniqueness": 0.90934,
        "novelty": 0.8843066666666667,
        "n_valid": 590042,
        "n_unique": 545604,
        "n_novel": 530584
    },
    "@650000": {
        "validity": 0.9834107692307692,
        "uniqueness": 0.906503076923077,
        "novelty": 0.8820553846153846,
        "n_valid": 639217,
        "n_unique": 589227,
        "n_novel": 573336
    },
    "@700000": {
        "validity": 0.9834171428571429,
        "uniqueness": 0.9037871428571429,
        "novelty": 0.8798928571428571,
        "n_valid": 688392,
        "n_unique": 632651,
        "n_novel": 615925
    },
    "@750000": {
        "validity": 0.9833786666666666,
        "uniqueness": 0.9013733333333334,
        "novelty": 0.877936,
        "n_valid": 737534,
        "n_unique": 676030,
        "n_novel": 658452
    },
    "@800000": {
        "validity": 0.98337,
        "uniqueness": 0.89902,
        "novelty": 0.8760525,
        "n_valid": 786696,
        "n_unique": 719216,
        "n_novel": 700842
    },
    "@850000": {
        "validity": 0.9833152941176471,
        "uniqueness": 0.8967729411764706,
        "novelty": 0.8742129411764706,
        "n_valid": 835818,
        "n_unique": 762257,
        "n_novel": 743081
    },
    "@900000": {
        "validity": 0.9833088888888889,
        "uniqueness": 0.8947022222222222,
        "novelty": 0.8725044444444444,
        "n_valid": 884978,
        "n_unique": 805232,
        "n_novel": 785254
    },
    "@950000": {
        "validity": 0.9833115789473684,
        "uniqueness": 0.8924715789473684,
        "novelty": 0.8706284210526316,
        "n_valid": 934146,
        "n_unique": 847848,
        "n_novel": 827097
    },
    "@1000000": {
        "validity": 0.983311,
        "uniqueness": 0.890403,
        "novelty": 0.868884,
        "n_valid": 983311,
        "n_unique": 890403,
        "n_novel": 868884
    }
}