{
    "@50000": {
        "validity": 0.8949,
        "uniqueness": 0.62174,
        "novelty": 0.60972,
        "n_valid": 44745,
        "n_unique": 31087,
        "n_novel": 30486
    },
    "@100000": {
        "validity": 0.89566,
        "uniqueness": 0.57938,
        "novelty": 0.57118,
        "n_valid": 89566,
        "n_unique": 57938,
        "n_novel": 57118
    },
    "@150000": {
        "validity": 0.8959466666666667,
        "uniqueness": 0.5539666666666667,
        "novelty": 0.5472,
        "n_valid": 134392,
        "n_unique": 83095,
        "n_novel": 82080
    },
    "@200000": {
        "validity": 0.89603,
        "uniqueness": 0.53716,
        "novelty": 0.531485,
        "n_valid": 179206,
        "n_unique": 107432,
        "n_novel": 106297
    },
    "@250000": {
        "validity": 0.895888,
        "uniqueness": 0.523076,
        "novelty": 0.518016,
        "n_valid": 223972,
        "n_unique": 130769,
        "n_novel": 129504
    },
    "@300000": {
        "validity": 0.8957466666666667,
        "uniqueness": 0.5119366666666667,
        "novelty": 0.5073533333333333,
        "n_valid": 268724,
        "n_unique": 153581,
        "n_novel": 152206
    },
    "@350000": {
        "validity": 0.8956428571428572,
        "uniqueness": 0.5026428571428572,
        "novelty": 0.49846,
        "n_valid": 313475,
        "n_unique": 175925,
        "n_novel": 174461
    },
    "@400000": {
        "validity": 0.89557,
        "uniqueness": 0.4942475,
        "novelty": 0.49036,
        "n_valid": 358228,
        "n_unique": 197699,
        "n_novel": 196144
    },
    "@450000": {
        "validity": 0.8957666666666667,
        "uniqueness": 0.48734,
        "novelty": 0.48374222222222224,
        "n_valid": 403095,
        "n_unique": 219303,
        "n_novel": 217684
    },
    "@500000": {
        "validity": 0.895774,
        "uniqueness": 0.48104,
        "novelty": 0.477676,
        "n_valid": 447887,
        "n_unique": 240520,
        "n_novel": 238838
    },
    "@550000": {
        "validity": 0.8957545454545455,
        "uniqueness": 0.4753272727272727,
        "novelty": 0.47212,
        "n_valid": 492665,
        "n_unique": 261430,
        "n_novel": 259666
    },
    "@600000": {
        "validity": 0.8955383333333333,
        "uniqueness": 0.4698966666666667,
        "novelty": 0.46683833333333336,
        "n_valid": 537323,
        "n_unique": 281938,
        "n_novel": 280103
    },
    "@650000": {
        "validity": 0.8954430769230769,
        "uniqueness": 0.46507692307692305,
        "novelty": 0.4621630769230769,
        "n_valid": 582038,
        "n_unique": 302300,
        "n_novel": 300406
    },
    "@700000": {
        "validity": 0.8952157142857143,
        "uniqueness": 0.4606757142857143,
        "novelty": 0.4578871428571429,
        "n_valid": 626651,
        "n_unique": 322473,
        "n_novel": 320521
    },
    "@750000": {
        "validity": 0.895292,
        "uniqueness": 0.45659866666666665,
        "novelty": 0.45392,
        "n_valid": 671469,
        "n_unique": 342449,
        "n_novel": 340440
    },
    "@800000": {
        "validity": 0.8952525,
        "uniqueness": 0.45277875,
        "novelty": 0.45018,
        "n_valid": 716202,
        "n_unique": 362223,
        "n_novel": 360144
    },
    "@850000": {
        "validity": 0.8953035294117647,
        "uniqueness": 0.44925764705882354,
        "novelty": 0.44674,
        "n_valid": 761008,
        "n_unique": 381869,
        "n_novel": 379729
    },
    "@900000": {
        "validity": 0.8952922222222223,
        "uniqueness": 0.4457788888888889,
        "novelty": 0.44334222222222225,
        "n_valid": 805763,
        "n_unique": 401201,
        "n_novel": 399008
    },
    "@950000": {
        "validity": 0.8953484210526316,
        "uniqueness": 0.4428705263157895,
        "novelty": 0.4405094736842105,
        "n_valid": 850581,
        "n_unique": 420727,
        "n_novel": 418484
    },
    "@1000000": {
        "validity": 0.895395,
        "uniqueness": 0.439995,
        "novelty": 0.437712,
        "n_valid": 895395,
        "n_unique": 439995,
        "n_novel": 437712
    }
}