{
    "@50000": {
        "validity": 0.77614,
        "uniqueness": 0.7677,
        "novelty": 0.75876,
        "n_valid": 38807,
        "n_unique": 38385,
        "n_novel": 37938
    },
    "@100000": {
        "validity": 0.77556,
        "uniqueness": 0.76318,
        "novelty": 0.75542,
        "n_valid": 77556,
        "n_unique": 76318,
        "n_novel": 75542
    },
    "@150000": {
        "validity": 0.77484,
        "uniqueness": 0.7594333333333333,
        "novelty": 0.7523,
        "n_valid": 116226,
        "n_unique": 113915,
        "n_novel": 112845
    },
    "@200000": {
        "validity": 0.774815,
        "uniqueness": 0.757195,
        "novelty": 0.75043,
        "n_valid": 154963,
        "n_unique": 151439,
        "n_novel": 150086
    },
    "@250000": {
        "validity": 0.775672,
        "uniqueness": 0.75592,
        "novelty": 0.749468,
        "n_valid": 193918,
        "n_unique": 188980,
        "n_novel": 187367
    },
    "@300000": {
        "validity": 0.7753633333333333,
        "uniqueness": 0.75388,
        "novelty": 0.7477366666666667,
        "n_valid": 232609,
        "n_unique": 226164,
        "n_novel": 224321
    },
    "@350000": {
        "validity": 0.77542,
        "uniqueness": 0.7523914285714286,
        "novelty": 0.7465142857142857,
        "n_valid": 271397,
        "n_unique": 263337,
        "n_novel": 261280
    },
    "@400000": {
        "validity": 0.775465,
        "uniqueness": 0.751035,
        "novelty": 0.7453475,
        "n_valid": 310186,
        "n_unique": 300414,
        "n_novel": 298139
    },
    "@450000": {
        "validity": 0.7759577777777777,
        "uniqueness": 0.7502022222222222,
        "novelty": 0.7446511111111112,
        "n_valid": 349181,
        "n_unique": 337591,
        "n_novel": 335093
    },
    "@500000": {
        "validity": 0.776004,
        "uniqueness": 0.749006,
        "novelty": 0.743622,
        "n_valid": 388002,
        "n_unique": 374503,
        "n_novel": 371811
    },
    "@550000": {
        "validity": 0.7762127272727273,
        "uniqueness": 0.7480527272727273,
        "novelty": 0.7428254545454546,
        "n_valid": 426917,
        "n_unique": 411429,
        "n_novel": 408554
    },
    "@600000": {
        "validity": 0.7760716666666667,
        "uniqueness": 0.74699,
        "novelty": 0.741895,
        "n_valid": 465643,
        "n_unique": 448194,
        "n_novel": 445137
    },
    "@650000": {
        "validity": 0.7762292307692308,
        "uniqueness": 0.746,
        "novelty": 0.7410353846153847,
        "n_valid": 504549,
        "n_unique": 484900,
        "n_novel": 481673
    },
    "@700000": {
        "validity": 0.7763057142857143,
        "uniqueness": 0.7451228571428572,
        "novelty": 0.7402357142857143,
        "n_valid": 543414,
        "n_unique": 521586,
        "n_novel": 518165
    },
    "@750000": {
        "validity": 0.7761933333333333,
        "uniqueness": 0.7439786666666667,
        "novelty": 0.739192,
        "n_valid": 582145,
        "n_unique": 557984,
        "n_novel": 554394
    },
    "@800000": {
        "validity": 0.77599875,
        "uniqueness": 0.74295375,
        "novelty": 0.7382775,
        "n_valid": 620799,
        "n_unique": 594363,
        "n_novel": 590622
    },
    "@850000": {
        "validity": 0.7758729411764705,
        "uniqueness": 0.7419705882352942,
        "novelty": 0.7373776470588236,
        "n_valid": 659492,
        "n_unique": 630675,
        "n_novel": 626771
    },
    "@900000": {
        "validity": 0.7757922222222222,
        "uniqueness": 0.7410722222222222,
        "novelty": 0.7365622222222222,
        "n_valid": 698213,
        "n_unique": 666965,
        "n_novel": 662906
    },
    "@950000": {
        "validity": 0.7758168421052631,
        "uniqueness": 0.7403421052631579,
        "novelty": 0.7359136842105263,
        "n_valid": 737026,
        "n_unique": 703325,
        "n_novel": 699118
    },
    "@1000000": {
        "validity": 0.775849,
        "uniqueness": 0.739597,
        "novelty": 0.735232,
        "n_valid": 775849,
        "n_unique": 739597,
        "n_novel": 735232
    }
}