{
    "@50000": {
        "validity": 0.99036,
        "uniqueness": 0.9581,
        "novelty": 0.9135,
        "n_valid": 49518,
        "n_unique": 47905,
        "n_novel": 45675
    },
    "@100000": {
        "validity": 0.99042,
        "uniqueness": 0.94482,
        "novelty": 0.90412,
        "n_valid": 99042,
        "n_unique": 94482,
        "n_novel": 90412
    },
    "@150000": {
        "validity": 0.9902133333333333,
        "uniqueness": 0.9335,
        "novelty": 0.89572,
        "n_valid": 148532,
        "n_unique": 140025,
        "n_novel": 134358
    },
    "@200000": {
        "validity": 0.99013,
        "uniqueness": 0.924405,
        "novelty": 0.88903,
        "n_valid": 198026,
        "n_unique": 184881,
        "n_novel": 177806
    },
    "@250000": {
        "validity": 0.990508,
        "uniqueness": 0.91664,
        "novelty": 0.883092,
        "n_valid": 247627,
        "n_unique": 229160,
        "n_novel": 220773
    },
    "@300000": {
        "validity": 0.9905433333333333,
        "uniqueness": 0.9099833333333334,
        "novelty": 0.8780133333333333,
        "n_valid": 297163,
        "n_unique": 272995,
        "n_novel": 263404
    },
    "@350000": {
        "validity": 0.9904085714285714,
        "uniqueness": 0.9032857142857142,
        "novelty": 0.8728228571428571,
        "n_valid": 346643,
        "n_unique": 316150,
        "n_novel": 305488
    },
    "@400000": {
        "validity": 0.990385,
        "uniqueness": 0.89823,
        "novelty": 0.868995,
        "n_valid": 396154,
        "n_unique": 359292,
        "n_novel": 347598
    },
    "@450000": {
        "validity": 0.9904555555555555,
        "uniqueness": 0.8927911111111111,
        "novelty": 0.86458,
        "n_valid": 445705,
        "n_unique": 401756,
        "n_novel": 389061
    },
    "@500000": {
        "validity": 0.990512,
        "uniqueness": 0.888286,
        "novelty": 0.861008,
        "n_valid": 495256,
        "n_unique": 444143,
        "n_novel": 430504
    },
    "@550000": {
        "validity": 0.9905272727272727,
        "uniqueness": 0.8839509090909091,
        "novelty": 0.8574854545454546,
        "n_valid": 544790,
        "n_unique": 486173,
        "n_novel": 471617
    },
    "@600000": {
        "validity": 0.9905766666666667,
        "uniqueness": 0.880145,
        "novelty": 0.8544616666666667,
        "n_valid": 594346,
        "n_unique": 528087,
        "n_novel": 512677
    },
    "@650000": {
        "validity": 0.9906030769230769,
        "uniqueness": 0.8765430769230769,
        "novelty": 0.8515538461538461,
        "n_valid": 643892,
        "n_unique": 569753,
        "n_novel": 553510
    },
    "@700000": {
        "validity": 0.9905828571428571,
        "uniqueness": 0.8730357142857142,
        "novelty": 0.8487014285714286,
        "n_valid": 693408,
        "n_unique": 611125,
        "n_novel": 594091
    },
    "@750000": {
        "validity": 0.9905853333333333,
        "uniqueness": 0.869496,
        "novelty": 0.8457373333333333,
        "n_valid": 742939,
        "n_unique": 652122,
        "n_novel": 634303
    },
    "@800000": {
        "validity": 0.990585,
        "uniqueness": 0.86624375,
        "novelty": 0.84308125,
        "n_valid": 792468,
        "n_unique": 692995,
        "n_novel": 674465
    },
    "@850000": {
        "validity": 0.9905529411764706,
        "uniqueness": 0.8630329411764706,
        "novelty": 0.8403964705882353,
        "n_valid": 841970,
        "n_unique": 733578,
        "n_novel": 714337
    },
    "@900000": {
        "validity": 0.99054,
        "uniqueness": 0.8602244444444445,
        "novelty": 0.8380511111111111,
        "n_valid": 891486,
        "n_unique": 774202,
        "n_novel": 754246
    },
    "@950000": {
        "validity": 0.9905821052631579,
        "uniqueness": 0.8574147368421052,
        "novelty": 0.8356936842105264,
        "n_valid": 941053,
        "n_unique": 814544,
        "n_novel": 793909
    },
    "@1000000": {
        "validity": 0.990618,
        "uniqueness": 0.85471,
        "novelty": 0.83343,
        "n_valid": 990618,
        "n_unique": 854710,
        "n_novel": 833430
    }
}