{
    "@50000": {
        "validity": 0.94344,
        "uniqueness": 0.91014,
        "novelty": 0.89134,
        "n_valid": 47172,
        "n_unique": 45507,
        "n_novel": 44567
    },
    "@100000": {
        "validity": 0.94339,
        "uniqueness": 0.89946,
        "novelty": 0.88286,
        "n_valid": 94339,
        "n_unique": 89946,
        "n_novel": 88286
    },
    "@150000": {
        "validity": 0.9431666666666667,
        "uniqueness": 0.8908066666666666,
        "novelty": 0.8755266666666667,
        "n_valid": 141475,
        "n_unique": 133621,
        "n_novel": 131329
    },
    "@200000": {
        "validity": 0.942905,
        "uniqueness": 0.88441,
        "novelty": 0.870025,
        "n_valid": 188581,
        "n_unique": 176882,
        "n_novel": 174005
    },
    "@250000": {
        "validity": 0.943544,
        "uniqueness": 0.879472,
        "novelty": 0.865796,
        "n_valid": 235886,
        "n_unique": 219868,
        "n_novel": 216449
    },
    "@300000": {
        "validity": 0.94356,
        "uniqueness": 0.8747133333333333,
        "novelty": 0.8616966666666667,
        "n_valid": 283068,
        "n_unique": 262414,
        "n_novel": 258509
    },
    "@350000": {
        "validity": 0.94348,
        "uniqueness": 0.8709914285714285,
        "novelty": 0.8585457142857142,
        "n_valid": 330218,
        "n_unique": 304847,
        "n_novel": 300491
    },
    "@400000": {
        "validity": 0.9435225,
        "uniqueness": 0.867385,
        "novelty": 0.8553825,
        "n_valid": 377409,
        "n_unique": 346954,
        "n_novel": 342153
    },
    "@450000": {
        "validity": 0.9433488888888889,
        "uniqueness": 0.8639666666666667,
        "novelty": 0.85226,
        "n_valid": 424507,
        "n_unique": 388785,
        "n_novel": 383517
    },
    "@500000": {
        "validity": 0.943168,
        "uniqueness": 0.86079,
        "novelty": 0.849434,
        "n_valid": 471584,
        "n_unique": 430395,
        "n_novel": 424717
    },
    "@550000": {
        "validity": 0.9431527272727273,
        "uniqueness": 0.8579545454545454,
        "novelty": 0.8468945454545455,
        "n_valid": 518734,
        "n_unique": 471875,
        "n_novel": 465792
    },
    "@600000": {
        "validity": 0.9429633333333334,
        "uniqueness": 0.8550633333333333,
        "novelty": 0.8442916666666667,
        "n_valid": 565778,
        "n_unique": 513038,
        "n_novel": 506575
    },
    "@650000": {
        "validity": 0.9429553846153846,
        "uniqueness": 0.8525630769230769,
        "novelty": 0.8420430769230769,
        "n_valid": 612921,
        "n_unique": 554166,
        "n_novel": 547328
    },
    "@700000": {
        "validity": 0.9429457142857143,
        "uniqueness": 0.8503557142857143,
        "novelty": 0.8400528571428572,
        "n_valid": 660062,
        "n_unique": 595249,
        "n_novel": 588037
    },
    "@750000": {
        "validity": 0.942912,
        "uniqueness": 0.8480826666666667,
        "novelty": 0.8379386666666667,
        "n_valid": 707184,
        "n_unique": 636062,
        "n_novel": 628454
    },
    "@800000": {
        "validity": 0.94301875,
        "uniqueness": 0.846065,
        "novelty": 0.8360925,
        "n_valid": 754415,
        "n_unique": 676852,
        "n_novel": 668874
    },
    "@850000": {
        "validity": 0.9430094117647059,
        "uniqueness": 0.8439870588235294,
        "novelty": 0.8342105882352941,
        "n_valid": 801558,
        "n_unique": 717389,
        "n_novel": 709079
    },
    "@900000": {
        "validity": 0.9430488888888889,
        "uniqueness": 0.8421377777777778,
        "novelty": 0.8325288888888889,
        "n_valid": 848744,
        "n_unique": 757924,
        "n_novel": 749276
    },
    "@950000": {
        "validity": 0.9430336842105264,
        "uniqueness": 0.8403652631578947,
        "novelty": 0.8308989473684211,
        "n_valid": 895882,
        "n_unique": 798347,
        "n_novel": 789354
    },
    "@1000000": {
        "validity": 0.94295,
        "uniqueness": 0.838674,
        "novelty": 0.829342,
        "n_valid": 942950,
        "n_unique": 838674,
        "n_novel": 829342
    }
}