{
    "@50000": {
        "validity": 0.80052,
        "uniqueness": 0.79942,
        "novelty": 0.79514,
        "n_valid": 40026,
        "n_unique": 39971,
        "n_novel": 39757
    },
    "@100000": {
        "validity": 0.79937,
        "uniqueness": 0.7978,
        "novelty": 0.79349,
        "n_valid": 79937,
        "n_unique": 79780,
        "n_novel": 79349
    },
    "@150000": {
        "validity": 0.7999933333333333,
        "uniqueness": 0.7979,
        "novelty": 0.79374,
        "n_valid": 119999,
        "n_unique": 119685,
        "n_novel": 119061
    },
    "@200000": {
        "validity": 0.80002,
        "uniqueness": 0.79744,
        "novelty": 0.793315,
        "n_valid": 160004,
        "n_unique": 159488,
        "n_novel": 158663
    },
    "@250000": {
        "validity": 0.800024,
        "uniqueness": 0.797052,
        "novelty": 0.792916,
        "n_valid": 200006,
        "n_unique": 199263,
        "n_novel": 198229
    },
    "@300000": {
        "validity": 0.7997033333333333,
        "uniqueness": 0.7962766666666666,
        "novelty": 0.7921766666666666,
        "n_valid": 239911,
        "n_unique": 238883,
        "n_novel": 237653
    },
    "@350000": {
        "validity": 0.7992914285714285,
        "uniqueness": 0.7955085714285715,
        "novelty": 0.7914714285714286,
        "n_valid": 279752,
        "n_unique": 278428,
        "n_novel": 277015
    },
    "@400000": {
        "validity": 0.7992275,
        "uniqueness": 0.79505,
        "novelty": 0.79107,
        "n_valid": 319691,
        "n_unique": 318020,
        "n_novel": 316428
    },
    "@450000": {
        "validity": 0.7990911111111111,
        "uniqueness": 0.7947177777777777,
        "novelty": 0.7907822222222223,
        "n_valid": 359591,
        "n_unique": 357623,
        "n_novel": 355852
    },
    "@500000": {
        "validity": 0.799284,
        "uniqueness": 0.794602,
        "novelty": 0.79071,
        "n_valid": 399642,
        "n_unique": 397301,
        "n_novel": 395355
    },
    "@550000": {
        "validity": 0.7994163636363636,
        "uniqueness": 0.7944109090909091,
        "novelty": 0.79056,
        "n_valid": 439679,
        "n_unique": 436926,
        "n_novel": 434808
    },
    "@600000": {
        "validity": 0.7992916666666666,
        "uniqueness": 0.7940433333333333,
        "novelty": 0.7902416666666666,
        "n_valid": 479575,
        "n_unique": 476426,
        "n_novel": 474145
    },
    "@650000": {
        "validity": 0.7994415384615384,
        "uniqueness": 0.7939584615384615,
        "novelty": 0.7902323076923077,
        "n_valid": 519637,
        "n_unique": 516073,
        "n_novel": 513651
    },
    "@700000": {
        "validity": 0.7992842857142857,
        "uniqueness": 0.7935828571428571,
        "novelty": 0.7898985714285714,
        "n_valid": 559499,
        "n_unique": 555508,
        "n_novel": 552929
    },
    "@750000": {
        "validity": 0.7991106666666666,
        "uniqueness": 0.7931826666666667,
        "novelty": 0.7895173333333333,
        "n_valid": 599333,
        "n_unique": 594887,
        "n_novel": 592138
    },
    "@800000": {
        "validity": 0.7992275,
        "uniqueness": 0.79308375,
        "novelty": 0.7894575,
        "n_valid": 639382,
        "n_unique": 634467,
        "n_novel": 631566
    },
    "@850000": {
        "validity": 0.7992894117647059,
        "uniqueness": 0.7929211764705882,
        "novelty": 0.7893341176470589,
        "n_valid": 679396,
        "n_unique": 673983,
        "n_novel": 670934
    },
    "@900000": {
        "validity": 0.7992577777777777,
        "uniqueness": 0.7926877777777778,
        "novelty": 0.7891166666666667,
        "n_valid": 719332,
        "n_unique": 713419,
        "n_novel": 710205
    },
    "@950000": {
        "validity": 0.7991915789473685,
        "uniqueness": 0.7924031578947368,
        "novelty": 0.7888747368421053,
        "n_valid": 759232,
        "n_unique": 752783,
        "n_novel": 749431
    },
    "@1000000": {
        "validity": 0.799287,
        "uniqueness": 0.792328,
        "novelty": 0.788841,
        "n_valid": 799287,
        "n_unique": 792328,
        "n_novel": 788841
    }
}