{
    "train_loss": [
        0.7283837199211121,
        0.6330343067646027,
        0.5870880484580994,
        0.553197056055069,
        0.5262619704008102,
        0.4991201996803284,
        0.47243206202983856
    ],
    "val_loss": [
        0.5965689718723297,
        0.5704564452171326,
        0.567435160279274,
        0.5605028122663498,
        0.5624542087316513,
        0.5683259665966034,
        0.5642574280500412
    ]
}