{
    "@50000": {
        "validity": 0.99202,
        "uniqueness": 0.87328,
        "novelty": 0.83392,
        "n_valid": 49601,
        "n_unique": 43664,
        "n_novel": 41696
    },
    "@100000": {
        "validity": 0.99183,
        "uniqueness": 0.83215,
        "novelty": 0.79854,
        "n_valid": 99183,
        "n_unique": 83215,
        "n_novel": 79854
    },
    "@150000": {
        "validity": 0.9916933333333333,
        "uniqueness": 0.80478,
        "novelty": 0.7745066666666667,
        "n_valid": 148754,
        "n_unique": 120717,
        "n_novel": 116176
    },
    "@200000": {
        "validity": 0.991555,
        "uniqueness": 0.783985,
        "novelty": 0.75618,
        "n_valid": 198311,
        "n_unique": 156797,
        "n_novel": 151236
    },
    "@250000": {
        "validity": 0.991584,
        "uniqueness": 0.7677,
        "novelty": 0.741724,
        "n_valid": 247896,
        "n_unique": 191925,
        "n_novel": 185431
    },
    "@300000": {
        "validity": 0.9914866666666666,
        "uniqueness": 0.75426,
        "novelty": 0.7297266666666666,
        "n_valid": 297446,
        "n_unique": 226278,
        "n_novel": 218918
    },
    "@350000": {
        "validity": 0.9914457142857143,
        "uniqueness": 0.7430628571428571,
        "novelty": 0.7197428571428571,
        "n_valid": 347006,
        "n_unique": 260072,
        "n_novel": 251910
    },
    "@400000": {
        "validity": 0.991425,
        "uniqueness": 0.733175,
        "novelty": 0.71083,
        "n_valid": 396570,
        "n_unique": 293270,
        "n_novel": 284332
    },
    "@450000": {
        "validity": 0.99144,
        "uniqueness": 0.7238511111111111,
        "novelty": 0.7024822222222222,
        "n_valid": 446148,
        "n_unique": 325733,
        "n_novel": 316117
    },
    "@500000": {
        "validity": 0.991486,
        "uniqueness": 0.715354,
        "novelty": 0.694766,
        "n_valid": 495743,
        "n_unique": 357677,
        "n_novel": 347383
    },
    "@550000": {
        "validity": 0.9914545454545455,
        "uniqueness": 0.7077981818181818,
        "novelty": 0.6879727272727273,
        "n_valid": 545300,
        "n_unique": 389289,
        "n_novel": 378385
    },
    "@600000": {
        "validity": 0.99144,
        "uniqueness": 0.7009416666666667,
        "novelty": 0.6817333333333333,
        "n_valid": 594864,
        "n_unique": 420565,
        "n_novel": 409040
    },
    "@650000": {
        "validity": 0.9914107692307692,
        "uniqueness": 0.6945615384615385,
        "novelty": 0.6759507692307692,
        "n_valid": 644417,
        "n_unique": 451465,
        "n_novel": 439368
    },
    "@700000": {
        "validity": 0.9913914285714286,
        "uniqueness": 0.6883457142857143,
        "novelty": 0.6703142857142858,
        "n_valid": 693974,
        "n_unique": 481842,
        "n_novel": 469220
    },
    "@750000": {
        "validity": 0.9913906666666666,
        "uniqueness": 0.6828213333333333,
        "novelty": 0.6652906666666667,
        "n_valid": 743543,
        "n_unique": 512116,
        "n_novel": 498968
    },
    "@800000": {
        "validity": 0.9913725,
        "uniqueness": 0.677575,
        "novelty": 0.66048375,
        "n_valid": 793098,
        "n_unique": 542060,
        "n_novel": 528387
    },
    "@850000": {
        "validity": 0.9914035294117647,
        "uniqueness": 0.672484705882353,
        "novelty": 0.6557870588235294,
        "n_valid": 842693,
        "n_unique": 571612,
        "n_novel": 557419
    },
    "@900000": {
        "validity": 0.9914055555555555,
        "uniqueness": 0.6677655555555555,
        "novelty": 0.6514111111111112,
        "n_valid": 892265,
        "n_unique": 600989,
        "n_novel": 586270
    },
    "@950000": {
        "validity": 0.9914231578947369,
        "uniqueness": 0.6633263157894737,
        "novelty": 0.6473842105263158,
        "n_valid": 941852,
        "n_unique": 630160,
        "n_novel": 615015
    },
    "@1000000": {
        "validity": 0.991451,
        "uniqueness": 0.65922,
        "novelty": 0.643631,
        "n_valid": 991451,
        "n_unique": 659220,
        "n_novel": 643631
    }
}