{
    "@50000": {
        "validity": 0.98606,
        "uniqueness": 0.69054,
        "novelty": 0.66562,
        "n_valid": 49303,
        "n_unique": 34527,
        "n_novel": 33281
    },
    "@100000": {
        "validity": 0.98589,
        "uniqueness": 0.64477,
        "novelty": 0.62501,
        "n_valid": 98589,
        "n_unique": 64477,
        "n_novel": 62501
    },
    "@150000": {
        "validity": 0.9859066666666667,
        "uniqueness": 0.61662,
        "novelty": 0.5995533333333334,
        "n_valid": 147886,
        "n_unique": 92493,
        "n_novel": 89933
    },
    "@200000": {
        "validity": 0.98578,
        "uniqueness": 0.5954,
        "novelty": 0.58006,
        "n_valid": 197156,
        "n_unique": 119080,
        "n_novel": 116012
    },
    "@250000": {
        "validity": 0.985908,
        "uniqueness": 0.57924,
        "novelty": 0.56528,
        "n_valid": 246477,
        "n_unique": 144810,
        "n_novel": 141320
    },
    "@300000": {
        "validity": 0.9859566666666667,
        "uniqueness": 0.56667,
        "novelty": 0.5537433333333334,
        "n_valid": 295787,
        "n_unique": 170001,
        "n_novel": 166123
    },
    "@350000": {
        "validity": 0.9858742857142857,
        "uniqueness": 0.5555971428571429,
        "novelty": 0.5433971428571429,
        "n_valid": 345056,
        "n_unique": 194459,
        "n_novel": 190189
    },
    "@400000": {
        "validity": 0.985795,
        "uniqueness": 0.546195,
        "novelty": 0.534585,
        "n_valid": 394318,
        "n_unique": 218478,
        "n_novel": 213834
    },
    "@450000": {
        "validity": 0.9857133333333333,
        "uniqueness": 0.5374933333333334,
        "novelty": 0.5263533333333333,
        "n_valid": 443571,
        "n_unique": 241872,
        "n_novel": 236859
    },
    "@500000": {
        "validity": 0.98573,
        "uniqueness": 0.52963,
        "novelty": 0.519,
        "n_valid": 492865,
        "n_unique": 264815,
        "n_novel": 259500
    },
    "@550000": {
        "validity": 0.9858418181818182,
        "uniqueness": 0.5229763636363637,
        "novelty": 0.5127563636363637,
        "n_valid": 542213,
        "n_unique": 287637,
        "n_novel": 282016
    },
    "@600000": {
        "validity": 0.9857583333333333,
        "uniqueness": 0.5167266666666667,
        "novelty": 0.5069016666666667,
        "n_valid": 591455,
        "n_unique": 310036,
        "n_novel": 304141
    },
    "@650000": {
        "validity": 0.9858030769230769,
        "uniqueness": 0.51102,
        "novelty": 0.5015261538461538,
        "n_valid": 640772,
        "n_unique": 332163,
        "n_novel": 325992
    },
    "@700000": {
        "validity": 0.9858385714285715,
        "uniqueness": 0.5057814285714286,
        "novelty": 0.4965742857142857,
        "n_valid": 690087,
        "n_unique": 354047,
        "n_novel": 347602
    },
    "@750000": {
        "validity": 0.9858213333333333,
        "uniqueness": 0.5008413333333334,
        "novelty": 0.491852,
        "n_valid": 739366,
        "n_unique": 375631,
        "n_novel": 368889
    },
    "@800000": {
        "validity": 0.985835,
        "uniqueness": 0.49619,
        "novelty": 0.48742375,
        "n_valid": 788668,
        "n_unique": 396952,
        "n_novel": 389939
    },
    "@850000": {
        "validity": 0.9858211764705882,
        "uniqueness": 0.4920294117647059,
        "novelty": 0.48346470588235296,
        "n_valid": 837948,
        "n_unique": 418225,
        "n_novel": 410945
    },
    "@900000": {
        "validity": 0.9857733333333333,
        "uniqueness": 0.48776444444444444,
        "novelty": 0.47938444444444445,
        "n_valid": 887196,
        "n_unique": 438988,
        "n_novel": 431446
    },
    "@950000": {
        "validity": 0.985818947368421,
        "uniqueness": 0.4837694736842105,
        "novelty": 0.47554315789473683,
        "n_valid": 936528,
        "n_unique": 459581,
        "n_novel": 451766
    },
    "@1000000": {
        "validity": 0.985813,
        "uniqueness": 0.480322,
        "novelty": 0.472274,
        "n_valid": 985813,
        "n_unique": 480322,
        "n_novel": 472274
    }
}