{
    "@50000": {
        "validity": 0.8713,
        "uniqueness": 0.80782,
        "novelty": 0.79972,
        "n_valid": 43565,
        "n_unique": 40391,
        "n_novel": 39986
    },
    "@100000": {
        "validity": 0.87301,
        "uniqueness": 0.78785,
        "novelty": 0.78101,
        "n_valid": 87301,
        "n_unique": 78785,
        "n_novel": 78101
    },
    "@150000": {
        "validity": 0.8729466666666666,
        "uniqueness": 0.7734333333333333,
        "novelty": 0.7675266666666667,
        "n_valid": 130942,
        "n_unique": 116015,
        "n_novel": 115129
    },
    "@200000": {
        "validity": 0.873255,
        "uniqueness": 0.76249,
        "novelty": 0.757185,
        "n_valid": 174651,
        "n_unique": 152498,
        "n_novel": 151437
    },
    "@250000": {
        "validity": 0.873296,
        "uniqueness": 0.753092,
        "novelty": 0.748356,
        "n_valid": 218324,
        "n_unique": 188273,
        "n_novel": 187089
    },
    "@300000": {
        "validity": 0.8732266666666667,
        "uniqueness": 0.7454233333333333,
        "novelty": 0.74103,
        "n_valid": 261968,
        "n_unique": 223627,
        "n_novel": 222309
    },
    "@350000": {
        "validity": 0.8730514285714286,
        "uniqueness": 0.73854,
        "novelty": 0.7344371428571429,
        "n_valid": 305568,
        "n_unique": 258489,
        "n_novel": 257053
    },
    "@400000": {
        "validity": 0.8730775,
        "uniqueness": 0.73231,
        "novelty": 0.728435,
        "n_valid": 349231,
        "n_unique": 292924,
        "n_novel": 291374
    },
    "@450000": {
        "validity": 0.8732155555555555,
        "uniqueness": 0.7268533333333334,
        "novelty": 0.72318,
        "n_valid": 392947,
        "n_unique": 327084,
        "n_novel": 325431
    },
    "@500000": {
        "validity": 0.873316,
        "uniqueness": 0.722052,
        "novelty": 0.718516,
        "n_valid": 436658,
        "n_unique": 361026,
        "n_novel": 359258
    },
    "@550000": {
        "validity": 0.8734363636363637,
        "uniqueness": 0.7176327272727273,
        "novelty": 0.714269090909091,
        "n_valid": 480390,
        "n_unique": 394698,
        "n_novel": 392848
    },
    "@600000": {
        "validity": 0.8733566666666667,
        "uniqueness": 0.71348,
        "novelty": 0.7102766666666667,
        "n_valid": 524014,
        "n_unique": 428088,
        "n_novel": 426166
    },
    "@650000": {
        "validity": 0.8734938461538462,
        "uniqueness": 0.70968,
        "novelty": 0.7065784615384615,
        "n_valid": 567771,
        "n_unique": 461292,
        "n_novel": 459276
    },
    "@700000": {
        "validity": 0.8733985714285715,
        "uniqueness": 0.7057414285714285,
        "novelty": 0.7027442857142857,
        "n_valid": 611379,
        "n_unique": 494019,
        "n_novel": 491921
    },
    "@750000": {
        "validity": 0.8733373333333333,
        "uniqueness": 0.7022506666666667,
        "novelty": 0.699368,
        "n_valid": 655003,
        "n_unique": 526688,
        "n_novel": 524526
    },
    "@800000": {
        "validity": 0.8733025,
        "uniqueness": 0.69896625,
        "novelty": 0.696175,
        "n_valid": 698642,
        "n_unique": 559173,
        "n_novel": 556940
    },
    "@850000": {
        "validity": 0.8732294117647059,
        "uniqueness": 0.6957117647058824,
        "novelty": 0.6930129411764706,
        "n_valid": 742245,
        "n_unique": 591355,
        "n_novel": 589061
    },
    "@900000": {
        "validity": 0.8733788888888889,
        "uniqueness": 0.6928377777777778,
        "novelty": 0.6902144444444445,
        "n_valid": 786041,
        "n_unique": 623554,
        "n_novel": 621193
    },
    "@950000": {
        "validity": 0.873378947368421,
        "uniqueness": 0.6899368421052632,
        "novelty": 0.6873789473684211,
        "n_valid": 829710,
        "n_unique": 655440,
        "n_novel": 653010
    },
    "@1000000": {
        "validity": 0.873436,
        "uniqueness": 0.687416,
        "novelty": 0.684926,
        "n_valid": 873436,
        "n_unique": 687416,
        "n_novel": 684926
    }
}