{
    "@50000": {
        "validity": 0.98074,
        "uniqueness": 0.95056,
        "novelty": 0.90326,
        "n_valid": 49037,
        "n_unique": 47528,
        "n_novel": 45163
    },
    "@100000": {
        "validity": 0.98055,
        "uniqueness": 0.93478,
        "novelty": 0.89246,
        "n_valid": 98055,
        "n_unique": 93478,
        "n_novel": 89246
    },
    "@150000": {
        "validity": 0.98078,
        "uniqueness": 0.9243333333333333,
        "novelty": 0.8851866666666667,
        "n_valid": 147117,
        "n_unique": 138650,
        "n_novel": 132778
    },
    "@200000": {
        "validity": 0.980705,
        "uniqueness": 0.914845,
        "novelty": 0.877845,
        "n_valid": 196141,
        "n_unique": 182969,
        "n_novel": 175569
    },
    "@250000": {
        "validity": 0.981036,
        "uniqueness": 0.907236,
        "novelty": 0.87228,
        "n_valid": 245259,
        "n_unique": 226809,
        "n_novel": 218070
    },
    "@300000": {
        "validity": 0.9809666666666667,
        "uniqueness": 0.90028,
        "novelty": 0.8669133333333333,
        "n_valid": 294290,
        "n_unique": 270084,
        "n_novel": 260074
    },
    "@350000": {
        "validity": 0.9810114285714285,
        "uniqueness": 0.8945857142857143,
        "novelty": 0.8626342857142857,
        "n_valid": 343354,
        "n_unique": 313105,
        "n_novel": 301922
    },
    "@400000": {
        "validity": 0.9809175,
        "uniqueness": 0.889405,
        "novelty": 0.8587025,
        "n_valid": 392367,
        "n_unique": 355762,
        "n_novel": 343481
    },
    "@450000": {
        "validity": 0.9809533333333333,
        "uniqueness": 0.8842577777777778,
        "novelty": 0.8545577777777777,
        "n_valid": 441429,
        "n_unique": 397916,
        "n_novel": 384551
    },
    "@500000": {
        "validity": 0.980978,
        "uniqueness": 0.879902,
        "novelty": 0.851084,
        "n_valid": 490489,
        "n_unique": 439951,
        "n_novel": 425542
    },
    "@550000": {
        "validity": 0.9809636363636364,
        "uniqueness": 0.8754472727272727,
        "novelty": 0.8474836363636363,
        "n_valid": 539530,
        "n_unique": 481496,
        "n_novel": 466116
    },
    "@600000": {
        "validity": 0.981,
        "uniqueness": 0.871295,
        "novelty": 0.84408,
        "n_valid": 588600,
        "n_unique": 522777,
        "n_novel": 506448
    },
    "@650000": {
        "validity": 0.9809876923076923,
        "uniqueness": 0.8675338461538461,
        "novelty": 0.8409830769230769,
        "n_valid": 637642,
        "n_unique": 563897,
        "n_novel": 546639
    },
    "@700000": {
        "validity": 0.9809942857142857,
        "uniqueness": 0.8642185714285714,
        "novelty": 0.8383171428571429,
        "n_valid": 686696,
        "n_unique": 604953,
        "n_novel": 586822
    },
    "@750000": {
        "validity": 0.9809853333333334,
        "uniqueness": 0.8606586666666667,
        "novelty": 0.8353586666666667,
        "n_valid": 735739,
        "n_unique": 645494,
        "n_novel": 626519
    },
    "@800000": {
        "validity": 0.9809625,
        "uniqueness": 0.8574425,
        "novelty": 0.83269875,
        "n_valid": 784770,
        "n_unique": 685954,
        "n_novel": 666159
    },
    "@850000": {
        "validity": 0.9809588235294118,
        "uniqueness": 0.8543905882352941,
        "novelty": 0.8301388235294118,
        "n_valid": 833815,
        "n_unique": 726232,
        "n_novel": 705618
    },
    "@900000": {
        "validity": 0.9810244444444445,
        "uniqueness": 0.8515544444444444,
        "novelty": 0.8277322222222222,
        "n_valid": 882922,
        "n_unique": 766399,
        "n_novel": 744959
    },
    "@950000": {
        "validity": 0.9810642105263158,
        "uniqueness": 0.8488515789473684,
        "novelty": 0.8254621052631579,
        "n_valid": 932011,
        "n_unique": 806409,
        "n_novel": 784189
    },
    "@1000000": {
        "validity": 0.981011,
        "uniqueness": 0.846154,
        "novelty": 0.823147,
        "n_valid": 981011,
        "n_unique": 846154,
        "n_novel": 823147
    }
}