{
    "@50000": {
        "validity": 0.97896,
        "uniqueness": 0.5756,
        "novelty": 0.56948,
        "n_valid": 48948,
        "n_unique": 28780,
        "n_novel": 28474
    },
    "@100000": {
        "validity": 0.97945,
        "uniqueness": 0.5243,
        "novelty": 0.52009,
        "n_valid": 97945,
        "n_unique": 52430,
        "n_novel": 52009
    },
    "@150000": {
        "validity": 0.9793533333333333,
        "uniqueness": 0.49478666666666665,
        "novelty": 0.4913533333333333,
        "n_valid": 146903,
        "n_unique": 74218,
        "n_novel": 73703
    },
    "@200000": {
        "validity": 0.97922,
        "uniqueness": 0.47416,
        "novelty": 0.471235,
        "n_valid": 195844,
        "n_unique": 94832,
        "n_novel": 94247
    },
    "@250000": {
        "validity": 0.97922,
        "uniqueness": 0.45812,
        "novelty": 0.455448,
        "n_valid": 244805,
        "n_unique": 114530,
        "n_novel": 113862
    },
    "@300000": {
        "validity": 0.97909,
        "uniqueness": 0.44606666666666667,
        "novelty": 0.44370333333333334,
        "n_valid": 293727,
        "n_unique": 133820,
        "n_novel": 133111
    },
    "@350000": {
        "validity": 0.97898,
        "uniqueness": 0.4354828571428571,
        "novelty": 0.4333142857142857,
        "n_valid": 342643,
        "n_unique": 152419,
        "n_novel": 151660
    },
    "@400000": {
        "validity": 0.97905,
        "uniqueness": 0.4261675,
        "novelty": 0.42416,
        "n_valid": 391620,
        "n_unique": 170467,
        "n_novel": 169664
    },
    "@450000": {
        "validity": 0.9790422222222223,
        "uniqueness": 0.4181111111111111,
        "novelty": 0.41624666666666665,
        "n_valid": 440569,
        "n_unique": 188150,
        "n_novel": 187311
    },
    "@500000": {
        "validity": 0.979038,
        "uniqueness": 0.41102,
        "novelty": 0.409272,
        "n_valid": 489519,
        "n_unique": 205510,
        "n_novel": 204636
    },
    "@550000": {
        "validity": 0.9790418181818182,
        "uniqueness": 0.4045309090909091,
        "novelty": 0.40287636363636364,
        "n_valid": 538473,
        "n_unique": 222492,
        "n_novel": 221582
    },
    "@600000": {
        "validity": 0.9789083333333334,
        "uniqueness": 0.39837833333333333,
        "novelty": 0.39679333333333333,
        "n_valid": 587345,
        "n_unique": 239027,
        "n_novel": 238076
    },
    "@650000": {
        "validity": 0.978883076923077,
        "uniqueness": 0.3928153846153846,
        "novelty": 0.3912830769230769,
        "n_valid": 636274,
        "n_unique": 255330,
        "n_novel": 254334
    },
    "@700000": {
        "validity": 0.9788842857142858,
        "uniqueness": 0.38766428571428574,
        "novelty": 0.3861942857142857,
        "n_valid": 685219,
        "n_unique": 271365,
        "n_novel": 270336
    },
    "@750000": {
        "validity": 0.9789066666666667,
        "uniqueness": 0.3828413333333333,
        "novelty": 0.3814226666666667,
        "n_valid": 734180,
        "n_unique": 287131,
        "n_novel": 286067
    },
    "@800000": {
        "validity": 0.978865,
        "uniqueness": 0.37865125,
        "novelty": 0.37728375,
        "n_valid": 783092,
        "n_unique": 302921,
        "n_novel": 301827
    },
    "@850000": {
        "validity": 0.9788211764705882,
        "uniqueness": 0.37470588235294117,
        "novelty": 0.3733705882352941,
        "n_valid": 831998,
        "n_unique": 318500,
        "n_novel": 317365
    },
    "@900000": {
        "validity": 0.97882,
        "uniqueness": 0.37076888888888887,
        "novelty": 0.36947,
        "n_valid": 880938,
        "n_unique": 333692,
        "n_novel": 332523
    },
    "@950000": {
        "validity": 0.9788378947368421,
        "uniqueness": 0.36732,
        "novelty": 0.3660694736842105,
        "n_valid": 929896,
        "n_unique": 348954,
        "n_novel": 347766
    },
    "@1000000": {
        "validity": 0.978864,
        "uniqueness": 0.363948,
        "novelty": 0.362727,
        "n_valid": 978864,
        "n_unique": 363948,
        "n_novel": 362727
    }
}