{
    "@50000": {
        "validity": 0.99548,
        "uniqueness": 0.68718,
        "novelty": 0.65856,
        "n_valid": 49774,
        "n_unique": 34359,
        "n_novel": 32928
    },
    "@100000": {
        "validity": 0.99544,
        "uniqueness": 0.61943,
        "novelty": 0.5973,
        "n_valid": 99544,
        "n_unique": 61943,
        "n_novel": 59730
    },
    "@150000": {
        "validity": 0.9955466666666667,
        "uniqueness": 0.5767333333333333,
        "novelty": 0.5578533333333333,
        "n_valid": 149332,
        "n_unique": 86510,
        "n_novel": 83678
    },
    "@200000": {
        "validity": 0.9955,
        "uniqueness": 0.547815,
        "novelty": 0.53106,
        "n_valid": 199100,
        "n_unique": 109563,
        "n_novel": 106212
    },
    "@250000": {
        "validity": 0.995368,
        "uniqueness": 0.525056,
        "novelty": 0.50968,
        "n_valid": 248842,
        "n_unique": 131264,
        "n_novel": 127420
    },
    "@300000": {
        "validity": 0.9954466666666667,
        "uniqueness": 0.5065,
        "novelty": 0.49239,
        "n_valid": 298634,
        "n_unique": 151950,
        "n_novel": 147717
    },
    "@350000": {
        "validity": 0.9954371428571429,
        "uniqueness": 0.49174,
        "novelty": 0.4785542857142857,
        "n_valid": 348403,
        "n_unique": 172109,
        "n_novel": 167494
    },
    "@400000": {
        "validity": 0.995335,
        "uniqueness": 0.478655,
        "novelty": 0.4662075,
        "n_valid": 398134,
        "n_unique": 191462,
        "n_novel": 186483
    },
    "@450000": {
        "validity": 0.9952911111111111,
        "uniqueness": 0.4677688888888889,
        "novelty": 0.45598,
        "n_valid": 447881,
        "n_unique": 210496,
        "n_novel": 205191
    },
    "@500000": {
        "validity": 0.995298,
        "uniqueness": 0.458014,
        "novelty": 0.446782,
        "n_valid": 497649,
        "n_unique": 229007,
        "n_novel": 223391
    },
    "@550000": {
        "validity": 0.9953036363636364,
        "uniqueness": 0.44905272727272727,
        "novelty": 0.4382927272727273,
        "n_valid": 547417,
        "n_unique": 246979,
        "n_novel": 241061
    },
    "@600000": {
        "validity": 0.9952716666666667,
        "uniqueness": 0.44060333333333335,
        "novelty": 0.430295,
        "n_valid": 597163,
        "n_unique": 264362,
        "n_novel": 258177
    },
    "@650000": {
        "validity": 0.9952738461538462,
        "uniqueness": 0.43330153846153846,
        "novelty": 0.42339076923076924,
        "n_valid": 646928,
        "n_unique": 281646,
        "n_novel": 275204
    },
    "@700000": {
        "validity": 0.9952971428571429,
        "uniqueness": 0.42662428571428573,
        "novelty": 0.4171,
        "n_valid": 696708,
        "n_unique": 298637,
        "n_novel": 291970
    },
    "@750000": {
        "validity": 0.9952733333333333,
        "uniqueness": 0.420368,
        "novelty": 0.411148,
        "n_valid": 746455,
        "n_unique": 315276,
        "n_novel": 308361
    },
    "@800000": {
        "validity": 0.9952825,
        "uniqueness": 0.41469625,
        "novelty": 0.40575375,
        "n_valid": 796226,
        "n_unique": 331757,
        "n_novel": 324603
    },
    "@850000": {
        "validity": 0.9952988235294118,
        "uniqueness": 0.40916705882352944,
        "novelty": 0.40045294117647057,
        "n_valid": 846004,
        "n_unique": 347792,
        "n_novel": 340385
    },
    "@900000": {
        "validity": 0.9952877777777778,
        "uniqueness": 0.40399,
        "novelty": 0.39551333333333333,
        "n_valid": 895759,
        "n_unique": 363591,
        "n_novel": 355962
    },
    "@950000": {
        "validity": 0.9952852631578948,
        "uniqueness": 0.3992178947368421,
        "novelty": 0.3909757894736842,
        "n_valid": 945521,
        "n_unique": 379257,
        "n_novel": 371427
    },
    "@1000000": {
        "validity": 0.995311,
        "uniqueness": 0.394688,
        "novelty": 0.386646,
        "n_valid": 995311,
        "n_unique": 394688,
        "n_novel": 386646
    }
}