{
    "@50000": {
        "validity": 0.98258,
        "uniqueness": 0.94896,
        "novelty": 0.91502,
        "n_valid": 49129,
        "n_unique": 47448,
        "n_novel": 45751
    },
    "@100000": {
        "validity": 0.98229,
        "uniqueness": 0.93379,
        "novelty": 0.90349,
        "n_valid": 98229,
        "n_unique": 93379,
        "n_novel": 90349
    },
    "@150000": {
        "validity": 0.9825066666666666,
        "uniqueness": 0.9237933333333334,
        "novelty": 0.8955733333333333,
        "n_valid": 147376,
        "n_unique": 138569,
        "n_novel": 134336
    },
    "@200000": {
        "validity": 0.982185,
        "uniqueness": 0.91527,
        "novelty": 0.888675,
        "n_valid": 196437,
        "n_unique": 183054,
        "n_novel": 177735
    },
    "@250000": {
        "validity": 0.982008,
        "uniqueness": 0.908196,
        "novelty": 0.882832,
        "n_valid": 245502,
        "n_unique": 227049,
        "n_novel": 220708
    },
    "@300000": {
        "validity": 0.9822133333333334,
        "uniqueness": 0.9022466666666666,
        "novelty": 0.87799,
        "n_valid": 294664,
        "n_unique": 270674,
        "n_novel": 263397
    },
    "@350000": {
        "validity": 0.9822714285714286,
        "uniqueness": 0.8969,
        "novelty": 0.8735285714285714,
        "n_valid": 343795,
        "n_unique": 313915,
        "n_novel": 305735
    },
    "@400000": {
        "validity": 0.98244,
        "uniqueness": 0.8917725,
        "novelty": 0.8692225,
        "n_valid": 392976,
        "n_unique": 356709,
        "n_novel": 347689
    },
    "@450000": {
        "validity": 0.9824577777777778,
        "uniqueness": 0.8872955555555555,
        "novelty": 0.8655022222222222,
        "n_valid": 442106,
        "n_unique": 399283,
        "n_novel": 389476
    },
    "@500000": {
        "validity": 0.982496,
        "uniqueness": 0.883234,
        "novelty": 0.862,
        "n_valid": 491248,
        "n_unique": 441617,
        "n_novel": 431000
    },
    "@550000": {
        "validity": 0.9825018181818181,
        "uniqueness": 0.8792418181818182,
        "novelty": 0.8584636363636363,
        "n_valid": 540376,
        "n_unique": 483583,
        "n_novel": 472155
    },
    "@600000": {
        "validity": 0.982545,
        "uniqueness": 0.8756716666666666,
        "novelty": 0.8554283333333333,
        "n_valid": 589527,
        "n_unique": 525403,
        "n_novel": 513257
    },
    "@650000": {
        "validity": 0.9825153846153846,
        "uniqueness": 0.87236,
        "novelty": 0.8524907692307693,
        "n_valid": 638635,
        "n_unique": 567034,
        "n_novel": 554119
    },
    "@700000": {
        "validity": 0.9825114285714286,
        "uniqueness": 0.8689885714285714,
        "novelty": 0.8495128571428572,
        "n_valid": 687758,
        "n_unique": 608292,
        "n_novel": 594659
    },
    "@750000": {
        "validity": 0.982552,
        "uniqueness": 0.865836,
        "novelty": 0.8467826666666667,
        "n_valid": 736914,
        "n_unique": 649377,
        "n_novel": 635087
    },
    "@800000": {
        "validity": 0.9825675,
        "uniqueness": 0.862915,
        "novelty": 0.84428125,
        "n_valid": 786054,
        "n_unique": 690332,
        "n_novel": 675425
    },
    "@850000": {
        "validity": 0.9825329411764706,
        "uniqueness": 0.8601952941176471,
        "novelty": 0.8419541176470589,
        "n_valid": 835153,
        "n_unique": 731166,
        "n_novel": 715661
    },
    "@900000": {
        "validity": 0.9825366666666666,
        "uniqueness": 0.8577322222222222,
        "novelty": 0.8398222222222222,
        "n_valid": 884283,
        "n_unique": 771959,
        "n_novel": 755840
    },
    "@950000": {
        "validity": 0.9825357894736843,
        "uniqueness": 0.855162105263158,
        "novelty": 0.83756,
        "n_valid": 933409,
        "n_unique": 812404,
        "n_novel": 795682
    },
    "@1000000": {
        "validity": 0.982566,
        "uniqueness": 0.85272,
        "novelty": 0.835446,
        "n_valid": 982566,
        "n_unique": 852720,
        "n_novel": 835446
    }
}