{
    "@50000": {
        "validity": 0.9853,
        "uniqueness": 0.96486,
        "novelty": 0.9257,
        "n_valid": 49265,
        "n_unique": 48243,
        "n_novel": 46285
    },
    "@100000": {
        "validity": 0.98522,
        "uniqueness": 0.9559,
        "novelty": 0.91987,
        "n_valid": 98522,
        "n_unique": 95590,
        "n_novel": 91987
    },
    "@150000": {
        "validity": 0.9851933333333334,
        "uniqueness": 0.9482933333333333,
        "novelty": 0.91422,
        "n_valid": 147779,
        "n_unique": 142244,
        "n_novel": 137133
    },
    "@200000": {
        "validity": 0.98534,
        "uniqueness": 0.942195,
        "novelty": 0.90988,
        "n_valid": 197068,
        "n_unique": 188439,
        "n_novel": 181976
    },
    "@250000": {
        "validity": 0.98558,
        "uniqueness": 0.93712,
        "novelty": 0.906144,
        "n_valid": 246395,
        "n_unique": 234280,
        "n_novel": 226536
    },
    "@300000": {
        "validity": 0.9857433333333333,
        "uniqueness": 0.93264,
        "novelty": 0.9029133333333333,
        "n_valid": 295723,
        "n_unique": 279792,
        "n_novel": 270874
    },
    "@350000": {
        "validity": 0.9856428571428572,
        "uniqueness": 0.9278742857142858,
        "novelty": 0.8992085714285715,
        "n_valid": 344975,
        "n_unique": 324756,
        "n_novel": 314723
    },
    "@400000": {
        "validity": 0.9856275,
        "uniqueness": 0.92426,
        "novelty": 0.896625,
        "n_valid": 394251,
        "n_unique": 369704,
        "n_novel": 358650
    },
    "@450000": {
        "validity": 0.98568,
        "uniqueness": 0.9204644444444444,
        "novelty": 0.8936977777777778,
        "n_valid": 443556,
        "n_unique": 414209,
        "n_novel": 402164
    },
    "@500000": {
        "validity": 0.985722,
        "uniqueness": 0.917196,
        "novelty": 0.891174,
        "n_valid": 492861,
        "n_unique": 458598,
        "n_novel": 445587
    },
    "@550000": {
        "validity": 0.9857436363636364,
        "uniqueness": 0.91406,
        "novelty": 0.8887,
        "n_valid": 542159,
        "n_unique": 502733,
        "n_novel": 488785
    },
    "@600000": {
        "validity": 0.9857466666666667,
        "uniqueness": 0.9112566666666667,
        "novelty": 0.886555,
        "n_valid": 591448,
        "n_unique": 546754,
        "n_novel": 531933
    },
    "@650000": {
        "validity": 0.9856938461538461,
        "uniqueness": 0.9084553846153847,
        "novelty": 0.884356923076923,
        "n_valid": 640701,
        "n_unique": 590496,
        "n_novel": 574832
    },
    "@700000": {
        "validity": 0.9856714285714285,
        "uniqueness": 0.9058471428571429,
        "novelty": 0.8822985714285714,
        "n_valid": 689970,
        "n_unique": 634093,
        "n_novel": 617609
    },
    "@750000": {
        "validity": 0.9856653333333333,
        "uniqueness": 0.9032933333333333,
        "novelty": 0.8802133333333333,
        "n_valid": 739249,
        "n_unique": 677470,
        "n_novel": 660160
    },
    "@800000": {
        "validity": 0.98572375,
        "uniqueness": 0.90103375,
        "novelty": 0.87845625,
        "n_valid": 788579,
        "n_unique": 720827,
        "n_novel": 702765
    },
    "@850000": {
        "validity": 0.9856917647058824,
        "uniqueness": 0.8986647058823529,
        "novelty": 0.8764941176470589,
        "n_valid": 837838,
        "n_unique": 763865,
        "n_novel": 745020
    },
    "@900000": {
        "validity": 0.9856777777777778,
        "uniqueness": 0.8965366666666666,
        "novelty": 0.8747488888888889,
        "n_valid": 887110,
        "n_unique": 806883,
        "n_novel": 787274
    },
    "@950000": {
        "validity": 0.9857210526315789,
        "uniqueness": 0.8945568421052632,
        "novelty": 0.8731231578947368,
        "n_valid": 936435,
        "n_unique": 849829,
        "n_novel": 829467
    },
    "@1000000": {
        "validity": 0.98577,
        "uniqueness": 0.892503,
        "novelty": 0.871438,
        "n_valid": 985770,
        "n_unique": 892503,
        "n_novel": 871438
    }
}