{
    "@50000": {
        "validity": 0.9851,
        "uniqueness": 0.93182,
        "novelty": 0.8884,
        "n_valid": 49255,
        "n_unique": 46591,
        "n_novel": 44420
    },
    "@100000": {
        "validity": 0.98485,
        "uniqueness": 0.91424,
        "novelty": 0.87561,
        "n_valid": 98485,
        "n_unique": 91424,
        "n_novel": 87561
    },
    "@150000": {
        "validity": 0.98484,
        "uniqueness": 0.9017333333333334,
        "novelty": 0.8663,
        "n_valid": 147726,
        "n_unique": 135260,
        "n_novel": 129945
    },
    "@200000": {
        "validity": 0.984845,
        "uniqueness": 0.89252,
        "novelty": 0.859095,
        "n_valid": 196969,
        "n_unique": 178504,
        "n_novel": 171819
    },
    "@250000": {
        "validity": 0.98482,
        "uniqueness": 0.883692,
        "novelty": 0.85196,
        "n_valid": 246205,
        "n_unique": 220923,
        "n_novel": 212990
    },
    "@300000": {
        "validity": 0.9847533333333334,
        "uniqueness": 0.87643,
        "novelty": 0.84631,
        "n_valid": 295426,
        "n_unique": 262929,
        "n_novel": 253893
    },
    "@350000": {
        "validity": 0.9845628571428572,
        "uniqueness": 0.86988,
        "novelty": 0.8409114285714285,
        "n_valid": 344597,
        "n_unique": 304458,
        "n_novel": 294319
    },
    "@400000": {
        "validity": 0.984615,
        "uniqueness": 0.8645475,
        "novelty": 0.8368,
        "n_valid": 393846,
        "n_unique": 345819,
        "n_novel": 334720
    },
    "@450000": {
        "validity": 0.9846511111111111,
        "uniqueness": 0.8592777777777778,
        "novelty": 0.83256,
        "n_valid": 443093,
        "n_unique": 386675,
        "n_novel": 374652
    },
    "@500000": {
        "validity": 0.984632,
        "uniqueness": 0.854674,
        "novelty": 0.828888,
        "n_valid": 492316,
        "n_unique": 427337,
        "n_novel": 414444
    },
    "@550000": {
        "validity": 0.9846254545454546,
        "uniqueness": 0.8501636363636363,
        "novelty": 0.8251072727272727,
        "n_valid": 541544,
        "n_unique": 467590,
        "n_novel": 453809
    },
    "@600000": {
        "validity": 0.9845983333333334,
        "uniqueness": 0.8459016666666667,
        "novelty": 0.8215433333333333,
        "n_valid": 590759,
        "n_unique": 507541,
        "n_novel": 492926
    },
    "@650000": {
        "validity": 0.9845938461538462,
        "uniqueness": 0.8420953846153846,
        "novelty": 0.8182984615384615,
        "n_valid": 639986,
        "n_unique": 547362,
        "n_novel": 531894
    },
    "@700000": {
        "validity": 0.9846171428571429,
        "uniqueness": 0.8383485714285714,
        "novelty": 0.8151214285714286,
        "n_valid": 689232,
        "n_unique": 586844,
        "n_novel": 570585
    },
    "@750000": {
        "validity": 0.984604,
        "uniqueness": 0.8349453333333333,
        "novelty": 0.812216,
        "n_valid": 738453,
        "n_unique": 626209,
        "n_novel": 609162
    },
    "@800000": {
        "validity": 0.984595,
        "uniqueness": 0.8318725,
        "novelty": 0.80967875,
        "n_valid": 787676,
        "n_unique": 665498,
        "n_novel": 647743
    },
    "@850000": {
        "validity": 0.9845494117647059,
        "uniqueness": 0.8287788235294118,
        "novelty": 0.8070941176470589,
        "n_valid": 836867,
        "n_unique": 704462,
        "n_novel": 686030
    },
    "@900000": {
        "validity": 0.9845533333333333,
        "uniqueness": 0.8259244444444445,
        "novelty": 0.8046433333333334,
        "n_valid": 886098,
        "n_unique": 743332,
        "n_novel": 724179
    },
    "@950000": {
        "validity": 0.9845905263157895,
        "uniqueness": 0.8230526315789474,
        "novelty": 0.8021978947368421,
        "n_valid": 935361,
        "n_unique": 781900,
        "n_novel": 762088
    },
    "@1000000": {
        "validity": 0.984583,
        "uniqueness": 0.820255,
        "novelty": 0.799765,
        "n_valid": 984583,
        "n_unique": 820255,
        "n_novel": 799765
    }
}