{
    "@50000": {
        "validity": 0.8253,
        "uniqueness": 0.79846,
        "novelty": 0.79018,
        "n_valid": 41265,
        "n_unique": 39923,
        "n_novel": 39509
    },
    "@100000": {
        "validity": 0.82509,
        "uniqueness": 0.78816,
        "novelty": 0.78069,
        "n_valid": 82509,
        "n_unique": 78816,
        "n_novel": 78069
    },
    "@150000": {
        "validity": 0.8242866666666666,
        "uniqueness": 0.78046,
        "novelty": 0.77368,
        "n_valid": 123643,
        "n_unique": 117069,
        "n_novel": 116052
    },
    "@200000": {
        "validity": 0.82409,
        "uniqueness": 0.774975,
        "novelty": 0.768695,
        "n_valid": 164818,
        "n_unique": 154995,
        "n_novel": 153739
    },
    "@250000": {
        "validity": 0.824304,
        "uniqueness": 0.770588,
        "novelty": 0.764792,
        "n_valid": 206076,
        "n_unique": 192647,
        "n_novel": 191198
    },
    "@300000": {
        "validity": 0.8245966666666666,
        "uniqueness": 0.7671266666666666,
        "novelty": 0.7616066666666667,
        "n_valid": 247379,
        "n_unique": 230138,
        "n_novel": 228482
    },
    "@350000": {
        "validity": 0.8243,
        "uniqueness": 0.7636114285714286,
        "novelty": 0.7582914285714286,
        "n_valid": 288505,
        "n_unique": 267264,
        "n_novel": 265402
    },
    "@400000": {
        "validity": 0.8250425,
        "uniqueness": 0.7611575,
        "novelty": 0.7560125,
        "n_valid": 330017,
        "n_unique": 304463,
        "n_novel": 302405
    },
    "@450000": {
        "validity": 0.8252244444444444,
        "uniqueness": 0.7583688888888889,
        "novelty": 0.7534511111111111,
        "n_valid": 371351,
        "n_unique": 341266,
        "n_novel": 339053
    },
    "@500000": {
        "validity": 0.825402,
        "uniqueness": 0.755742,
        "novelty": 0.751008,
        "n_valid": 412701,
        "n_unique": 377871,
        "n_novel": 375504
    },
    "@550000": {
        "validity": 0.8254418181818182,
        "uniqueness": 0.7533527272727273,
        "novelty": 0.7487436363636364,
        "n_valid": 453993,
        "n_unique": 414344,
        "n_novel": 411809
    },
    "@600000": {
        "validity": 0.8255,
        "uniqueness": 0.7511916666666667,
        "novelty": 0.7467216666666666,
        "n_valid": 495300,
        "n_unique": 450715,
        "n_novel": 448033
    },
    "@650000": {
        "validity": 0.8255969230769231,
        "uniqueness": 0.7491430769230769,
        "novelty": 0.7447707692307692,
        "n_valid": 536638,
        "n_unique": 486943,
        "n_novel": 484101
    },
    "@700000": {
        "validity": 0.8255428571428571,
        "uniqueness": 0.7471514285714286,
        "novelty": 0.74287,
        "n_valid": 577880,
        "n_unique": 523006,
        "n_novel": 520009
    },
    "@750000": {
        "validity": 0.8254213333333333,
        "uniqueness": 0.7451226666666667,
        "novelty": 0.740928,
        "n_valid": 619066,
        "n_unique": 558842,
        "n_novel": 555696
    },
    "@800000": {
        "validity": 0.82549375,
        "uniqueness": 0.743425,
        "novelty": 0.73933,
        "n_valid": 660395,
        "n_unique": 594740,
        "n_novel": 591464
    },
    "@850000": {
        "validity": 0.8253576470588235,
        "uniqueness": 0.7416117647058823,
        "novelty": 0.7376047058823529,
        "n_valid": 701554,
        "n_unique": 630370,
        "n_novel": 626964
    },
    "@900000": {
        "validity": 0.8253844444444445,
        "uniqueness": 0.7401066666666667,
        "novelty": 0.7361811111111111,
        "n_valid": 742846,
        "n_unique": 666096,
        "n_novel": 662563
    },
    "@950000": {
        "validity": 0.8253463157894737,
        "uniqueness": 0.7385,
        "novelty": 0.7346347368421052,
        "n_valid": 784079,
        "n_unique": 701575,
        "n_novel": 697903
    },
    "@1000000": {
        "validity": 0.825371,
        "uniqueness": 0.737038,
        "novelty": 0.733269,
        "n_valid": 825371,
        "n_unique": 737038,
        "n_novel": 733269
    }
}