{
    "@50000": {
        "validity": 0.97968,
        "uniqueness": 0.7816,
        "novelty": 0.75428,
        "n_valid": 48984,
        "n_unique": 39080,
        "n_novel": 37714
    },
    "@100000": {
        "validity": 0.98029,
        "uniqueness": 0.74277,
        "novelty": 0.71967,
        "n_valid": 98029,
        "n_unique": 74277,
        "n_novel": 71967
    },
    "@150000": {
        "validity": 0.9798666666666667,
        "uniqueness": 0.7187333333333333,
        "novelty": 0.6982066666666666,
        "n_valid": 146980,
        "n_unique": 107810,
        "n_novel": 104731
    },
    "@200000": {
        "validity": 0.97977,
        "uniqueness": 0.70148,
        "novelty": 0.682395,
        "n_valid": 195954,
        "n_unique": 140296,
        "n_novel": 136479
    },
    "@250000": {
        "validity": 0.979724,
        "uniqueness": 0.68828,
        "novelty": 0.670564,
        "n_valid": 244931,
        "n_unique": 172070,
        "n_novel": 167641
    },
    "@300000": {
        "validity": 0.9798,
        "uniqueness": 0.6776133333333333,
        "novelty": 0.6608933333333333,
        "n_valid": 293940,
        "n_unique": 203284,
        "n_novel": 198268
    },
    "@350000": {
        "validity": 0.97984,
        "uniqueness": 0.6683114285714286,
        "novelty": 0.6523171428571428,
        "n_valid": 342944,
        "n_unique": 233909,
        "n_novel": 228311
    },
    "@400000": {
        "validity": 0.979725,
        "uniqueness": 0.6600825,
        "novelty": 0.6447575,
        "n_valid": 391890,
        "n_unique": 264033,
        "n_novel": 257903
    },
    "@450000": {
        "validity": 0.9797088888888889,
        "uniqueness": 0.6530533333333334,
        "novelty": 0.6383444444444445,
        "n_valid": 440869,
        "n_unique": 293874,
        "n_novel": 287255
    },
    "@500000": {
        "validity": 0.979602,
        "uniqueness": 0.646532,
        "novelty": 0.632388,
        "n_valid": 489801,
        "n_unique": 323266,
        "n_novel": 316194
    },
    "@550000": {
        "validity": 0.9796127272727273,
        "uniqueness": 0.6404254545454545,
        "novelty": 0.6267763636363637,
        "n_valid": 538787,
        "n_unique": 352234,
        "n_novel": 344727
    },
    "@600000": {
        "validity": 0.9796266666666666,
        "uniqueness": 0.6348166666666667,
        "novelty": 0.6215783333333333,
        "n_valid": 587776,
        "n_unique": 380890,
        "n_novel": 372947
    },
    "@650000": {
        "validity": 0.979616923076923,
        "uniqueness": 0.6298415384615385,
        "novelty": 0.616983076923077,
        "n_valid": 636751,
        "n_unique": 409397,
        "n_novel": 401039
    },
    "@700000": {
        "validity": 0.97967,
        "uniqueness": 0.6251828571428572,
        "novelty": 0.6126514285714286,
        "n_valid": 685769,
        "n_unique": 437628,
        "n_novel": 428856
    },
    "@750000": {
        "validity": 0.979612,
        "uniqueness": 0.6207493333333334,
        "novelty": 0.608508,
        "n_valid": 734709,
        "n_unique": 465562,
        "n_novel": 456381
    },
    "@800000": {
        "validity": 0.97968375,
        "uniqueness": 0.61645875,
        "novelty": 0.60456,
        "n_valid": 783747,
        "n_unique": 493167,
        "n_novel": 483648
    },
    "@850000": {
        "validity": 0.9795847058823529,
        "uniqueness": 0.6126023529411765,
        "novelty": 0.6009788235294118,
        "n_valid": 832647,
        "n_unique": 520712,
        "n_novel": 510832
    },
    "@900000": {
        "validity": 0.9795977777777778,
        "uniqueness": 0.6089666666666667,
        "novelty": 0.5975433333333333,
        "n_valid": 881638,
        "n_unique": 548070,
        "n_novel": 537789
    },
    "@950000": {
        "validity": 0.9795768421052632,
        "uniqueness": 0.6055905263157895,
        "novelty": 0.5943947368421053,
        "n_valid": 930598,
        "n_unique": 575311,
        "n_novel": 564675
    },
    "@1000000": {
        "validity": 0.979609,
        "uniqueness": 0.60227,
        "novelty": 0.591302,
        "n_valid": 979609,
        "n_unique": 602270,
        "n_novel": 591302
    }
}