{
    "@50000": {
        "validity": 0.87762,
        "uniqueness": 0.8397,
        "novelty": 0.83032,
        "n_valid": 43881,
        "n_unique": 41985,
        "n_novel": 41516
    },
    "@100000": {
        "validity": 0.87752,
        "uniqueness": 0.82832,
        "novelty": 0.82029,
        "n_valid": 87752,
        "n_unique": 82832,
        "n_novel": 82029
    },
    "@150000": {
        "validity": 0.87776,
        "uniqueness": 0.8201733333333333,
        "novelty": 0.81306,
        "n_valid": 131664,
        "n_unique": 123026,
        "n_novel": 121959
    },
    "@200000": {
        "validity": 0.877175,
        "uniqueness": 0.81316,
        "novelty": 0.80653,
        "n_valid": 175435,
        "n_unique": 162632,
        "n_novel": 161306
    },
    "@250000": {
        "validity": 0.877072,
        "uniqueness": 0.80788,
        "novelty": 0.80172,
        "n_valid": 219268,
        "n_unique": 201970,
        "n_novel": 200430
    },
    "@300000": {
        "validity": 0.8770766666666666,
        "uniqueness": 0.8039033333333333,
        "novelty": 0.7980966666666667,
        "n_valid": 263123,
        "n_unique": 241171,
        "n_novel": 239429
    },
    "@350000": {
        "validity": 0.8772885714285714,
        "uniqueness": 0.7998942857142857,
        "novelty": 0.7943485714285714,
        "n_valid": 307051,
        "n_unique": 279963,
        "n_novel": 278022
    },
    "@400000": {
        "validity": 0.8777025,
        "uniqueness": 0.79638,
        "novelty": 0.791035,
        "n_valid": 351081,
        "n_unique": 318552,
        "n_novel": 316414
    },
    "@450000": {
        "validity": 0.8776444444444444,
        "uniqueness": 0.7931288888888889,
        "novelty": 0.7879844444444445,
        "n_valid": 394940,
        "n_unique": 356908,
        "n_novel": 354593
    },
    "@500000": {
        "validity": 0.877806,
        "uniqueness": 0.79046,
        "novelty": 0.785498,
        "n_valid": 438903,
        "n_unique": 395230,
        "n_novel": 392749
    },
    "@550000": {
        "validity": 0.8779109090909091,
        "uniqueness": 0.7878818181818181,
        "novelty": 0.7831145454545455,
        "n_valid": 482851,
        "n_unique": 433335,
        "n_novel": 430713
    },
    "@600000": {
        "validity": 0.87811,
        "uniqueness": 0.7854933333333334,
        "novelty": 0.780835,
        "n_valid": 526866,
        "n_unique": 471296,
        "n_novel": 468501
    },
    "@650000": {
        "validity": 0.8781061538461539,
        "uniqueness": 0.7830153846153847,
        "novelty": 0.7784692307692308,
        "n_valid": 570769,
        "n_unique": 508960,
        "n_novel": 506005
    },
    "@700000": {
        "validity": 0.8782785714285715,
        "uniqueness": 0.7809128571428572,
        "novelty": 0.7764728571428572,
        "n_valid": 614795,
        "n_unique": 546639,
        "n_novel": 543531
    },
    "@750000": {
        "validity": 0.8781213333333333,
        "uniqueness": 0.778612,
        "novelty": 0.7742506666666666,
        "n_valid": 658591,
        "n_unique": 583959,
        "n_novel": 580688
    },
    "@800000": {
        "validity": 0.87803875,
        "uniqueness": 0.776515,
        "novelty": 0.77224625,
        "n_valid": 702431,
        "n_unique": 621212,
        "n_novel": 617797
    },
    "@850000": {
        "validity": 0.8778188235294118,
        "uniqueness": 0.7744941176470588,
        "novelty": 0.7703129411764705,
        "n_valid": 746146,
        "n_unique": 658320,
        "n_novel": 654766
    },
    "@900000": {
        "validity": 0.8777777777777778,
        "uniqueness": 0.7726044444444444,
        "novelty": 0.76851,
        "n_valid": 790000,
        "n_unique": 695344,
        "n_novel": 691659
    },
    "@950000": {
        "validity": 0.8777757894736842,
        "uniqueness": 0.7708284210526316,
        "novelty": 0.766798947368421,
        "n_valid": 833887,
        "n_unique": 732287,
        "n_novel": 728459
    },
    "@1000000": {
        "validity": 0.877773,
        "uniqueness": 0.769121,
        "novelty": 0.765171,
        "n_valid": 877773,
        "n_unique": 769121,
        "n_novel": 765171
    }
}