{
    "@50000": {
        "validity": 0.98634,
        "uniqueness": 0.62474,
        "novelty": 0.59994,
        "n_valid": 49317,
        "n_unique": 31237,
        "n_novel": 29997
    },
    "@100000": {
        "validity": 0.98625,
        "uniqueness": 0.57564,
        "novelty": 0.55579,
        "n_valid": 98625,
        "n_unique": 57564,
        "n_novel": 55579
    },
    "@150000": {
        "validity": 0.9866333333333334,
        "uniqueness": 0.5475733333333334,
        "novelty": 0.5301333333333333,
        "n_valid": 147995,
        "n_unique": 82136,
        "n_novel": 79520
    },
    "@200000": {
        "validity": 0.986485,
        "uniqueness": 0.527835,
        "novelty": 0.512195,
        "n_valid": 197297,
        "n_unique": 105567,
        "n_novel": 102439
    },
    "@250000": {
        "validity": 0.986504,
        "uniqueness": 0.512736,
        "novelty": 0.498284,
        "n_valid": 246626,
        "n_unique": 128184,
        "n_novel": 124571
    },
    "@300000": {
        "validity": 0.98655,
        "uniqueness": 0.4998433333333333,
        "novelty": 0.4863,
        "n_valid": 295965,
        "n_unique": 149953,
        "n_novel": 145890
    },
    "@350000": {
        "validity": 0.9865742857142857,
        "uniqueness": 0.48933714285714286,
        "novelty": 0.47656,
        "n_valid": 345301,
        "n_unique": 171268,
        "n_novel": 166796
    },
    "@400000": {
        "validity": 0.9865,
        "uniqueness": 0.480175,
        "novelty": 0.468065,
        "n_valid": 394600,
        "n_unique": 192070,
        "n_novel": 187226
    },
    "@450000": {
        "validity": 0.98646,
        "uniqueness": 0.4720022222222222,
        "novelty": 0.4604155555555556,
        "n_valid": 443907,
        "n_unique": 212401,
        "n_novel": 207187
    },
    "@500000": {
        "validity": 0.986418,
        "uniqueness": 0.464956,
        "novelty": 0.453866,
        "n_valid": 493209,
        "n_unique": 232478,
        "n_novel": 226933
    },
    "@550000": {
        "validity": 0.9864090909090909,
        "uniqueness": 0.45850545454545455,
        "novelty": 0.44781818181818184,
        "n_valid": 542525,
        "n_unique": 252178,
        "n_novel": 246300
    },
    "@600000": {
        "validity": 0.98643,
        "uniqueness": 0.4524283333333333,
        "novelty": 0.44212833333333335,
        "n_valid": 591858,
        "n_unique": 271457,
        "n_novel": 265277
    },
    "@650000": {
        "validity": 0.9863984615384616,
        "uniqueness": 0.4472953846153846,
        "novelty": 0.4373107692307692,
        "n_valid": 641159,
        "n_unique": 290742,
        "n_novel": 284252
    },
    "@700000": {
        "validity": 0.98638,
        "uniqueness": 0.4423542857142857,
        "novelty": 0.43270285714285717,
        "n_valid": 690466,
        "n_unique": 309648,
        "n_novel": 302892
    },
    "@750000": {
        "validity": 0.9864146666666667,
        "uniqueness": 0.437704,
        "novelty": 0.42832933333333334,
        "n_valid": 739811,
        "n_unique": 328278,
        "n_novel": 321247
    },
    "@800000": {
        "validity": 0.98645375,
        "uniqueness": 0.43330625,
        "novelty": 0.42417375,
        "n_valid": 789163,
        "n_unique": 346645,
        "n_novel": 339339
    },
    "@850000": {
        "validity": 0.9864635294117647,
        "uniqueness": 0.42941529411764706,
        "novelty": 0.4205129411764706,
        "n_valid": 838494,
        "n_unique": 365003,
        "n_novel": 357436
    },
    "@900000": {
        "validity": 0.9865122222222222,
        "uniqueness": 0.4256344444444444,
        "novelty": 0.4169688888888889,
        "n_valid": 887861,
        "n_unique": 383071,
        "n_novel": 375272
    },
    "@950000": {
        "validity": 0.986541052631579,
        "uniqueness": 0.4220021052631579,
        "novelty": 0.4135326315789474,
        "n_valid": 937214,
        "n_unique": 400902,
        "n_novel": 392856
    },
    "@1000000": {
        "validity": 0.986584,
        "uniqueness": 0.418579,
        "novelty": 0.410279,
        "n_valid": 986584,
        "n_unique": 418579,
        "n_novel": 410279
    }
}