{
    "@50000": {
        "validity": 0.99372,
        "uniqueness": 0.82408,
        "novelty": 0.78058,
        "n_valid": 49686,
        "n_unique": 41204,
        "n_novel": 39029
    },
    "@100000": {
        "validity": 0.99377,
        "uniqueness": 0.77659,
        "novelty": 0.74226,
        "n_valid": 99377,
        "n_unique": 77659,
        "n_novel": 74226
    },
    "@150000": {
        "validity": 0.9937,
        "uniqueness": 0.74712,
        "novelty": 0.71754,
        "n_valid": 149055,
        "n_unique": 112068,
        "n_novel": 107631
    },
    "@200000": {
        "validity": 0.9936,
        "uniqueness": 0.726,
        "novelty": 0.69962,
        "n_valid": 198720,
        "n_unique": 145200,
        "n_novel": 139924
    },
    "@250000": {
        "validity": 0.993628,
        "uniqueness": 0.707576,
        "novelty": 0.68348,
        "n_valid": 248407,
        "n_unique": 176894,
        "n_novel": 170870
    },
    "@300000": {
        "validity": 0.99365,
        "uniqueness": 0.6925333333333333,
        "novelty": 0.67043,
        "n_valid": 298095,
        "n_unique": 207760,
        "n_novel": 201129
    },
    "@350000": {
        "validity": 0.9936257142857143,
        "uniqueness": 0.6794142857142857,
        "novelty": 0.6588428571428572,
        "n_valid": 347769,
        "n_unique": 237795,
        "n_novel": 230595
    },
    "@400000": {
        "validity": 0.993685,
        "uniqueness": 0.668365,
        "novelty": 0.6490975,
        "n_valid": 397474,
        "n_unique": 267346,
        "n_novel": 259639
    },
    "@450000": {
        "validity": 0.9936577777777778,
        "uniqueness": 0.6581355555555556,
        "novelty": 0.6399422222222222,
        "n_valid": 447146,
        "n_unique": 296161,
        "n_novel": 287974
    },
    "@500000": {
        "validity": 0.993662,
        "uniqueness": 0.648684,
        "novelty": 0.631496,
        "n_valid": 496831,
        "n_unique": 324342,
        "n_novel": 315748
    },
    "@550000": {
        "validity": 0.9936290909090909,
        "uniqueness": 0.6399981818181818,
        "novelty": 0.6236290909090909,
        "n_valid": 546496,
        "n_unique": 351999,
        "n_novel": 342996
    },
    "@600000": {
        "validity": 0.99364,
        "uniqueness": 0.632015,
        "novelty": 0.6163583333333333,
        "n_valid": 596184,
        "n_unique": 379209,
        "n_novel": 369815
    },
    "@650000": {
        "validity": 0.9936415384615385,
        "uniqueness": 0.6245723076923076,
        "novelty": 0.6095815384615385,
        "n_valid": 645867,
        "n_unique": 405972,
        "n_novel": 396228
    },
    "@700000": {
        "validity": 0.9936557142857143,
        "uniqueness": 0.6176985714285714,
        "novelty": 0.6032957142857143,
        "n_valid": 695559,
        "n_unique": 432389,
        "n_novel": 422307
    },
    "@750000": {
        "validity": 0.993644,
        "uniqueness": 0.611448,
        "novelty": 0.5975266666666667,
        "n_valid": 745233,
        "n_unique": 458586,
        "n_novel": 448145
    },
    "@800000": {
        "validity": 0.99366125,
        "uniqueness": 0.605555,
        "novelty": 0.592105,
        "n_valid": 794929,
        "n_unique": 484444,
        "n_novel": 473684
    },
    "@850000": {
        "validity": 0.9936705882352941,
        "uniqueness": 0.6001505882352941,
        "novelty": 0.5871588235294117,
        "n_valid": 844620,
        "n_unique": 510128,
        "n_novel": 499085
    },
    "@900000": {
        "validity": 0.9936877777777777,
        "uniqueness": 0.5948577777777778,
        "novelty": 0.5822733333333333,
        "n_valid": 894319,
        "n_unique": 535372,
        "n_novel": 524046
    },
    "@950000": {
        "validity": 0.9936842105263158,
        "uniqueness": 0.5897442105263158,
        "novelty": 0.57754,
        "n_valid": 944000,
        "n_unique": 560257,
        "n_novel": 548663
    },
    "@1000000": {
        "validity": 0.99368,
        "uniqueness": 0.584815,
        "novelty": 0.572965,
        "n_valid": 993680,
        "n_unique": 584815,
        "n_novel": 572965
    }
}