{
    "@50000": {
        "validity": 0.82688,
        "uniqueness": 0.79998,
        "novelty": 0.79172,
        "n_valid": 41344,
        "n_unique": 39999,
        "n_novel": 39586
    },
    "@100000": {
        "validity": 0.82656,
        "uniqueness": 0.78953,
        "novelty": 0.78207,
        "n_valid": 82656,
        "n_unique": 78953,
        "n_novel": 78207
    },
    "@150000": {
        "validity": 0.8256666666666667,
        "uniqueness": 0.7817066666666667,
        "novelty": 0.7749266666666667,
        "n_valid": 123850,
        "n_unique": 117256,
        "n_novel": 116239
    },
    "@200000": {
        "validity": 0.825445,
        "uniqueness": 0.776155,
        "novelty": 0.769875,
        "n_valid": 165089,
        "n_unique": 155231,
        "n_novel": 153975
    },
    "@250000": {
        "validity": 0.82564,
        "uniqueness": 0.771736,
        "novelty": 0.76594,
        "n_valid": 206410,
        "n_unique": 192934,
        "n_novel": 191485
    },
    "@300000": {
        "validity": 0.8259,
        "uniqueness": 0.7682333333333333,
        "novelty": 0.7627133333333334,
        "n_valid": 247770,
        "n_unique": 230470,
        "n_novel": 228814
    },
    "@350000": {
        "validity": 0.8255257142857143,
        "uniqueness": 0.7646314285714285,
        "novelty": 0.7593085714285714,
        "n_valid": 288934,
        "n_unique": 267621,
        "n_novel": 265758
    },
    "@400000": {
        "validity": 0.8262475,
        "uniqueness": 0.7621275,
        "novelty": 0.756985,
        "n_valid": 330499,
        "n_unique": 304851,
        "n_novel": 302794
    },
    "@450000": {
        "validity": 0.8264377777777778,
        "uniqueness": 0.75932,
        "novelty": 0.7544044444444444,
        "n_valid": 371897,
        "n_unique": 341694,
        "n_novel": 339482
    },
    "@500000": {
        "validity": 0.82661,
        "uniqueness": 0.756686,
        "novelty": 0.751954,
        "n_valid": 413305,
        "n_unique": 378343,
        "n_novel": 375977
    },
    "@550000": {
        "validity": 0.82666,
        "uniqueness": 0.7542963636363637,
        "novelty": 0.7496927272727273,
        "n_valid": 454663,
        "n_unique": 414863,
        "n_novel": 412331
    },
    "@600000": {
        "validity": 0.8267316666666666,
        "uniqueness": 0.7521416666666667,
        "novelty": 0.7476766666666667,
        "n_valid": 496039,
        "n_unique": 451285,
        "n_novel": 448606
    },
    "@650000": {
        "validity": 0.8268246153846154,
        "uniqueness": 0.7500738461538462,
        "novelty": 0.7457061538461538,
        "n_valid": 537436,
        "n_unique": 487548,
        "n_novel": 484709
    },
    "@700000": {
        "validity": 0.8267571428571429,
        "uniqueness": 0.7480571428571429,
        "novelty": 0.7437814285714286,
        "n_valid": 578730,
        "n_unique": 523640,
        "n_novel": 520647
    },
    "@750000": {
        "validity": 0.8266306666666666,
        "uniqueness": 0.7460146666666667,
        "novelty": 0.7418253333333333,
        "n_valid": 619973,
        "n_unique": 559511,
        "n_novel": 556369
    },
    "@800000": {
        "validity": 0.82671125,
        "uniqueness": 0.744315,
        "novelty": 0.74022875,
        "n_valid": 661369,
        "n_unique": 595452,
        "n_novel": 592183
    },
    "@850000": {
        "validity": 0.8265941176470588,
        "uniqueness": 0.7425129411764706,
        "novelty": 0.7385105882352941,
        "n_valid": 702605,
        "n_unique": 631136,
        "n_novel": 627734
    },
    "@900000": {
        "validity": 0.8266311111111111,
        "uniqueness": 0.7410122222222222,
        "novelty": 0.7370933333333334,
        "n_valid": 743968,
        "n_unique": 666911,
        "n_novel": 663384
    },
    "@950000": {
        "validity": 0.826581052631579,
        "uniqueness": 0.7393915789473684,
        "novelty": 0.7355315789473684,
        "n_valid": 785252,
        "n_unique": 702422,
        "n_novel": 698755
    },
    "@1000000": {
        "validity": 0.826636,
        "uniqueness": 0.73795,
        "novelty": 0.734186,
        "n_valid": 826636,
        "n_unique": 737950,
        "n_novel": 734186
    }
}