{
    "@50000": {
        "validity": 0.94076,
        "uniqueness": 0.82002,
        "novelty": 0.79914,
        "n_valid": 47038,
        "n_unique": 41001,
        "n_novel": 39957
    },
    "@100000": {
        "validity": 0.93966,
        "uniqueness": 0.78104,
        "novelty": 0.76529,
        "n_valid": 93966,
        "n_unique": 78104,
        "n_novel": 76529
    },
    "@150000": {
        "validity": 0.9397666666666666,
        "uniqueness": 0.7558733333333333,
        "novelty": 0.7422733333333333,
        "n_valid": 140965,
        "n_unique": 113381,
        "n_novel": 111341
    },
    "@200000": {
        "validity": 0.9394,
        "uniqueness": 0.736765,
        "novelty": 0.72483,
        "n_valid": 187880,
        "n_unique": 147353,
        "n_novel": 144966
    },
    "@250000": {
        "validity": 0.939212,
        "uniqueness": 0.721984,
        "novelty": 0.71112,
        "n_valid": 234803,
        "n_unique": 180496,
        "n_novel": 177780
    },
    "@300000": {
        "validity": 0.9391333333333334,
        "uniqueness": 0.7093366666666666,
        "novelty": 0.69936,
        "n_valid": 281740,
        "n_unique": 212801,
        "n_novel": 209808
    },
    "@350000": {
        "validity": 0.9390342857142857,
        "uniqueness": 0.6988571428571428,
        "novelty": 0.6896228571428571,
        "n_valid": 328662,
        "n_unique": 244600,
        "n_novel": 241368
    },
    "@400000": {
        "validity": 0.93899,
        "uniqueness": 0.68904,
        "novelty": 0.68044,
        "n_valid": 375596,
        "n_unique": 275616,
        "n_novel": 272176
    },
    "@450000": {
        "validity": 0.9390644444444445,
        "uniqueness": 0.6803755555555555,
        "novelty": 0.6722755555555555,
        "n_valid": 422579,
        "n_unique": 306169,
        "n_novel": 302524
    },
    "@500000": {
        "validity": 0.939084,
        "uniqueness": 0.672926,
        "novelty": 0.665256,
        "n_valid": 469542,
        "n_unique": 336463,
        "n_novel": 332628
    },
    "@550000": {
        "validity": 0.9391909090909091,
        "uniqueness": 0.6659490909090909,
        "novelty": 0.65864,
        "n_valid": 516555,
        "n_unique": 366272,
        "n_novel": 362252
    },
    "@600000": {
        "validity": 0.9391033333333333,
        "uniqueness": 0.6594983333333333,
        "novelty": 0.652505,
        "n_valid": 563462,
        "n_unique": 395699,
        "n_novel": 391503
    },
    "@650000": {
        "validity": 0.9389953846153846,
        "uniqueness": 0.6534938461538462,
        "novelty": 0.6467630769230769,
        "n_valid": 610347,
        "n_unique": 424771,
        "n_novel": 420396
    },
    "@700000": {
        "validity": 0.9389071428571428,
        "uniqueness": 0.64812,
        "novelty": 0.64162,
        "n_valid": 657235,
        "n_unique": 453684,
        "n_novel": 449134
    },
    "@750000": {
        "validity": 0.9388533333333333,
        "uniqueness": 0.642964,
        "novelty": 0.6367026666666666,
        "n_valid": 704140,
        "n_unique": 482223,
        "n_novel": 477527
    },
    "@800000": {
        "validity": 0.93900375,
        "uniqueness": 0.63839125,
        "novelty": 0.63234125,
        "n_valid": 751203,
        "n_unique": 510713,
        "n_novel": 505873
    },
    "@850000": {
        "validity": 0.9390258823529412,
        "uniqueness": 0.634184705882353,
        "novelty": 0.6283070588235294,
        "n_valid": 798172,
        "n_unique": 539057,
        "n_novel": 534061
    },
    "@900000": {
        "validity": 0.93902,
        "uniqueness": 0.6298722222222222,
        "novelty": 0.6241677777777778,
        "n_valid": 845118,
        "n_unique": 566885,
        "n_novel": 561751
    },
    "@950000": {
        "validity": 0.9389715789473684,
        "uniqueness": 0.6256705263157895,
        "novelty": 0.6201273684210526,
        "n_valid": 892023,
        "n_unique": 594387,
        "n_novel": 589121
    },
    "@1000000": {
        "validity": 0.938957,
        "uniqueness": 0.621801,
        "novelty": 0.616417,
        "n_valid": 938957,
        "n_unique": 621801,
        "n_novel": 616417
    }
}