{
    "@50000": {
        "validity": 0.95732,
        "uniqueness": 0.36762,
        "novelty": 0.35892,
        "n_valid": 47866,
        "n_unique": 18381,
        "n_novel": 17946
    },
    "@100000": {
        "validity": 0.95607,
        "uniqueness": 0.31444,
        "novelty": 0.30929,
        "n_valid": 95607,
        "n_unique": 31444,
        "n_novel": 30929
    },
    "@150000": {
        "validity": 0.9562733333333333,
        "uniqueness": 0.28614666666666666,
        "novelty": 0.2823333333333333,
        "n_valid": 143441,
        "n_unique": 42922,
        "n_novel": 42350
    },
    "@200000": {
        "validity": 0.95607,
        "uniqueness": 0.2674,
        "novelty": 0.264315,
        "n_valid": 191214,
        "n_unique": 53480,
        "n_novel": 52863
    },
    "@250000": {
        "validity": 0.956364,
        "uniqueness": 0.253868,
        "novelty": 0.251232,
        "n_valid": 239091,
        "n_unique": 63467,
        "n_novel": 62808
    },
    "@300000": {
        "validity": 0.9561066666666667,
        "uniqueness": 0.24250333333333332,
        "novelty": 0.2402,
        "n_valid": 286832,
        "n_unique": 72751,
        "n_novel": 72060
    },
    "@350000": {
        "validity": 0.9560942857142857,
        "uniqueness": 0.23354,
        "novelty": 0.23148285714285713,
        "n_valid": 334633,
        "n_unique": 81739,
        "n_novel": 81019
    },
    "@400000": {
        "validity": 0.9560125,
        "uniqueness": 0.22587,
        "novelty": 0.2240225,
        "n_valid": 382405,
        "n_unique": 90348,
        "n_novel": 89609
    },
    "@450000": {
        "validity": 0.9559911111111111,
        "uniqueness": 0.21895111111111112,
        "novelty": 0.21727333333333335,
        "n_valid": 430196,
        "n_unique": 98528,
        "n_novel": 97773
    },
    "@500000": {
        "validity": 0.955902,
        "uniqueness": 0.21334,
        "novelty": 0.211786,
        "n_valid": 477951,
        "n_unique": 106670,
        "n_novel": 105893
    },
    "@550000": {
        "validity": 0.9558018181818182,
        "uniqueness": 0.2083,
        "novelty": 0.20684727272727274,
        "n_valid": 525691,
        "n_unique": 114565,
        "n_novel": 113766
    },
    "@600000": {
        "validity": 0.9557133333333333,
        "uniqueness": 0.20366166666666666,
        "novelty": 0.20230833333333334,
        "n_valid": 573428,
        "n_unique": 122197,
        "n_novel": 121385
    },
    "@650000": {
        "validity": 0.9557061538461539,
        "uniqueness": 0.1997676923076923,
        "novelty": 0.19849692307692307,
        "n_valid": 621209,
        "n_unique": 129849,
        "n_novel": 129023
    },
    "@700000": {
        "validity": 0.9557228571428571,
        "uniqueness": 0.1960542857142857,
        "novelty": 0.19485714285714287,
        "n_valid": 669006,
        "n_unique": 137238,
        "n_novel": 136400
    },
    "@750000": {
        "validity": 0.95572,
        "uniqueness": 0.192676,
        "novelty": 0.19154533333333335,
        "n_valid": 716790,
        "n_unique": 144507,
        "n_novel": 143659
    },
    "@800000": {
        "validity": 0.9557225,
        "uniqueness": 0.189505,
        "novelty": 0.18843125,
        "n_valid": 764578,
        "n_unique": 151604,
        "n_novel": 150745
    },
    "@850000": {
        "validity": 0.9556470588235294,
        "uniqueness": 0.18650705882352941,
        "novelty": 0.18547882352941175,
        "n_valid": 812300,
        "n_unique": 158531,
        "n_novel": 157657
    },
    "@900000": {
        "validity": 0.9556655555555555,
        "uniqueness": 0.18369444444444444,
        "novelty": 0.18270555555555557,
        "n_valid": 860099,
        "n_unique": 165325,
        "n_novel": 164435
    },
    "@950000": {
        "validity": 0.9556284210526316,
        "uniqueness": 0.1812842105263158,
        "novelty": 0.18033684210526316,
        "n_valid": 907847,
        "n_unique": 172220,
        "n_novel": 171320
    },
    "@1000000": {
        "validity": 0.955724,
        "uniqueness": 0.178948,
        "novelty": 0.178039,
        "n_valid": 955724,
        "n_unique": 178948,
        "n_novel": 178039
    }
}