{
    "@50000": {
        "validity": 0.981,
        "uniqueness": 0.95056,
        "novelty": 0.90318,
        "n_valid": 49050,
        "n_unique": 47528,
        "n_novel": 45159
    },
    "@100000": {
        "validity": 0.98077,
        "uniqueness": 0.93469,
        "novelty": 0.89234,
        "n_valid": 98077,
        "n_unique": 93469,
        "n_novel": 89234
    },
    "@150000": {
        "validity": 0.9809666666666667,
        "uniqueness": 0.9241466666666667,
        "novelty": 0.88494,
        "n_valid": 147145,
        "n_unique": 138622,
        "n_novel": 132741
    },
    "@200000": {
        "validity": 0.98087,
        "uniqueness": 0.91463,
        "novelty": 0.87759,
        "n_valid": 196174,
        "n_unique": 182926,
        "n_novel": 175518
    },
    "@250000": {
        "validity": 0.981212,
        "uniqueness": 0.907008,
        "novelty": 0.872012,
        "n_valid": 245303,
        "n_unique": 226752,
        "n_novel": 218003
    },
    "@300000": {
        "validity": 0.98112,
        "uniqueness": 0.9000133333333333,
        "novelty": 0.8666166666666667,
        "n_valid": 294336,
        "n_unique": 270004,
        "n_novel": 259985
    },
    "@350000": {
        "validity": 0.9811857142857143,
        "uniqueness": 0.89434,
        "novelty": 0.8623514285714285,
        "n_valid": 343415,
        "n_unique": 313019,
        "n_novel": 301823
    },
    "@400000": {
        "validity": 0.9811075,
        "uniqueness": 0.8891175,
        "novelty": 0.858385,
        "n_valid": 392443,
        "n_unique": 355647,
        "n_novel": 343354
    },
    "@450000": {
        "validity": 0.9811622222222223,
        "uniqueness": 0.8839688888888889,
        "novelty": 0.8542466666666667,
        "n_valid": 441523,
        "n_unique": 397786,
        "n_novel": 384411
    },
    "@500000": {
        "validity": 0.981178,
        "uniqueness": 0.87962,
        "novelty": 0.85078,
        "n_valid": 490589,
        "n_unique": 439810,
        "n_novel": 425390
    },
    "@550000": {
        "validity": 0.9811781818181818,
        "uniqueness": 0.8751618181818182,
        "novelty": 0.8471727272727273,
        "n_valid": 539648,
        "n_unique": 481339,
        "n_novel": 465945
    },
    "@600000": {
        "validity": 0.9812116666666667,
        "uniqueness": 0.8710016666666667,
        "novelty": 0.8437616666666666,
        "n_valid": 588727,
        "n_unique": 522601,
        "n_novel": 506257
    },
    "@650000": {
        "validity": 0.9811984615384616,
        "uniqueness": 0.8672230769230769,
        "novelty": 0.8406553846153846,
        "n_valid": 637779,
        "n_unique": 563695,
        "n_novel": 546426
    },
    "@700000": {
        "validity": 0.9812028571428572,
        "uniqueness": 0.8638928571428571,
        "novelty": 0.8379757142857143,
        "n_valid": 686842,
        "n_unique": 604725,
        "n_novel": 586583
    },
    "@750000": {
        "validity": 0.9811973333333334,
        "uniqueness": 0.8603266666666667,
        "novelty": 0.8350133333333334,
        "n_valid": 735898,
        "n_unique": 645245,
        "n_novel": 626260
    },
    "@800000": {
        "validity": 0.981175,
        "uniqueness": 0.85708,
        "novelty": 0.83232375,
        "n_valid": 784940,
        "n_unique": 685664,
        "n_novel": 665859
    },
    "@850000": {
        "validity": 0.9811717647058823,
        "uniqueness": 0.8540247058823529,
        "novelty": 0.82976,
        "n_valid": 833996,
        "n_unique": 725921,
        "n_novel": 705296
    },
    "@900000": {
        "validity": 0.9812277777777778,
        "uniqueness": 0.8511766666666667,
        "novelty": 0.8273433333333333,
        "n_valid": 883105,
        "n_unique": 766059,
        "n_novel": 744609
    },
    "@950000": {
        "validity": 0.9812642105263157,
        "uniqueness": 0.84846,
        "novelty": 0.8250568421052632,
        "n_valid": 932201,
        "n_unique": 806037,
        "n_novel": 783804
    },
    "@1000000": {
        "validity": 0.981212,
        "uniqueness": 0.845759,
        "novelty": 0.822737,
        "n_valid": 981212,
        "n_unique": 845759,
        "n_novel": 822737
    }
}