{
    "@50000": {
        "validity": 0.99618,
        "uniqueness": 0.06398,
        "novelty": 0.06176,
        "n_valid": 49809,
        "n_unique": 3199,
        "n_novel": 3088
    },
    "@100000": {
        "validity": 0.99623,
        "uniqueness": 0.04568,
        "novelty": 0.04447,
        "n_valid": 99623,
        "n_unique": 4568,
        "n_novel": 4447
    },
    "@150000": {
        "validity": 0.9962333333333333,
        "uniqueness": 0.03646666666666667,
        "novelty": 0.0356,
        "n_valid": 149435,
        "n_unique": 5470,
        "n_novel": 5340
    },
    "@200000": {
        "validity": 0.996195,
        "uniqueness": 0.031115,
        "novelty": 0.030435,
        "n_valid": 199239,
        "n_unique": 6223,
        "n_novel": 6087
    },
    "@250000": {
        "validity": 0.996216,
        "uniqueness": 0.027252,
        "novelty": 0.0267,
        "n_valid": 249054,
        "n_unique": 6813,
        "n_novel": 6675
    },
    "@300000": {
        "validity": 0.9961633333333333,
        "uniqueness": 0.024296666666666668,
        "novelty": 0.02383,
        "n_valid": 298849,
        "n_unique": 7289,
        "n_novel": 7149
    },
    "@350000": {
        "validity": 0.9961771428571429,
        "uniqueness": 0.022045714285714287,
        "novelty": 0.021645714285714285,
        "n_valid": 348662,
        "n_unique": 7716,
        "n_novel": 7576
    },
    "@400000": {
        "validity": 0.9962275,
        "uniqueness": 0.020305,
        "novelty": 0.0199525,
        "n_valid": 398491,
        "n_unique": 8122,
        "n_novel": 7981
    },
    "@450000": {
        "validity": 0.9961888888888889,
        "uniqueness": 0.018833333333333334,
        "novelty": 0.01852,
        "n_valid": 448285,
        "n_unique": 8475,
        "n_novel": 8334
    },
    "@500000": {
        "validity": 0.99621,
        "uniqueness": 0.017636,
        "novelty": 0.01735,
        "n_valid": 498105,
        "n_unique": 8818,
        "n_novel": 8675
    },
    "@550000": {
        "validity": 0.9962363636363636,
        "uniqueness": 0.016574545454545453,
        "novelty": 0.01631090909090909,
        "n_valid": 547930,
        "n_unique": 9116,
        "n_novel": 8971
    },
    "@600000": {
        "validity": 0.996255,
        "uniqueness": 0.015638333333333334,
        "novelty": 0.015396666666666666,
        "n_valid": 597753,
        "n_unique": 9383,
        "n_novel": 9238
    },
    "@650000": {
        "validity": 0.9962476923076923,
        "uniqueness": 0.014846153846153846,
        "novelty": 0.014623076923076923,
        "n_valid": 647561,
        "n_unique": 9650,
        "n_novel": 9505
    },
    "@700000": {
        "validity": 0.9962757142857143,
        "uniqueness": 0.014132857142857143,
        "novelty": 0.013925714285714286,
        "n_valid": 697393,
        "n_unique": 9893,
        "n_novel": 9748
    },
    "@750000": {
        "validity": 0.9962613333333333,
        "uniqueness": 0.013489333333333334,
        "novelty": 0.013294666666666666,
        "n_valid": 747196,
        "n_unique": 10117,
        "n_novel": 9971
    },
    "@800000": {
        "validity": 0.99626125,
        "uniqueness": 0.012925,
        "novelty": 0.0127425,
        "n_valid": 797009,
        "n_unique": 10340,
        "n_novel": 10194
    },
    "@850000": {
        "validity": 0.9962505882352941,
        "uniqueness": 0.01240235294117647,
        "novelty": 0.012230588235294118,
        "n_valid": 846813,
        "n_unique": 10542,
        "n_novel": 10396
    },
    "@900000": {
        "validity": 0.9962444444444445,
        "uniqueness": 0.011917777777777777,
        "novelty": 0.011755555555555556,
        "n_valid": 896620,
        "n_unique": 10726,
        "n_novel": 10580
    },
    "@950000": {
        "validity": 0.9962526315789474,
        "uniqueness": 0.011490526315789474,
        "novelty": 0.011336842105263157,
        "n_valid": 946440,
        "n_unique": 10916,
        "n_novel": 10770
    },
    "@1000000": {
        "validity": 0.99629,
        "uniqueness": 0.011079,
        "novelty": 0.010933,
        "n_valid": 996290,
        "n_unique": 11079,
        "n_novel": 10933
    }
}