{
    "@50000": {
        "validity": 0.9716,
        "uniqueness": 0.95456,
        "novelty": 0.93156,
        "n_valid": 48580,
        "n_unique": 47728,
        "n_novel": 46578
    },
    "@100000": {
        "validity": 0.97213,
        "uniqueness": 0.94603,
        "novelty": 0.92513,
        "n_valid": 97213,
        "n_unique": 94603,
        "n_novel": 92513
    },
    "@150000": {
        "validity": 0.9722666666666666,
        "uniqueness": 0.9393933333333333,
        "novelty": 0.9200733333333333,
        "n_valid": 145840,
        "n_unique": 140909,
        "n_novel": 138011
    },
    "@200000": {
        "validity": 0.97217,
        "uniqueness": 0.93281,
        "novelty": 0.91438,
        "n_valid": 194434,
        "n_unique": 186562,
        "n_novel": 182876
    },
    "@250000": {
        "validity": 0.972068,
        "uniqueness": 0.927248,
        "novelty": 0.909752,
        "n_valid": 243017,
        "n_unique": 231812,
        "n_novel": 227438
    },
    "@300000": {
        "validity": 0.9720333333333333,
        "uniqueness": 0.9227566666666667,
        "novelty": 0.9059,
        "n_valid": 291610,
        "n_unique": 276827,
        "n_novel": 271770
    },
    "@350000": {
        "validity": 0.9718771428571429,
        "uniqueness": 0.9186514285714286,
        "novelty": 0.9023771428571429,
        "n_valid": 340157,
        "n_unique": 321528,
        "n_novel": 315832
    },
    "@400000": {
        "validity": 0.9718675,
        "uniqueness": 0.9150075,
        "novelty": 0.8992125,
        "n_valid": 388747,
        "n_unique": 366003,
        "n_novel": 359685
    },
    "@450000": {
        "validity": 0.9717844444444445,
        "uniqueness": 0.9116244444444445,
        "novelty": 0.8962177777777778,
        "n_valid": 437303,
        "n_unique": 410231,
        "n_novel": 403298
    },
    "@500000": {
        "validity": 0.971892,
        "uniqueness": 0.908636,
        "novelty": 0.893556,
        "n_valid": 485946,
        "n_unique": 454318,
        "n_novel": 446778
    },
    "@550000": {
        "validity": 0.9718927272727272,
        "uniqueness": 0.9057054545454546,
        "novelty": 0.8909254545454546,
        "n_valid": 534541,
        "n_unique": 498138,
        "n_novel": 490009
    },
    "@600000": {
        "validity": 0.9719233333333334,
        "uniqueness": 0.9030566666666666,
        "novelty": 0.8886166666666667,
        "n_valid": 583154,
        "n_unique": 541834,
        "n_novel": 533170
    },
    "@650000": {
        "validity": 0.9720492307692308,
        "uniqueness": 0.9008384615384616,
        "novelty": 0.8866692307692308,
        "n_valid": 631832,
        "n_unique": 585545,
        "n_novel": 576335
    },
    "@700000": {
        "validity": 0.9720114285714285,
        "uniqueness": 0.8983585714285715,
        "novelty": 0.8845042857142857,
        "n_valid": 680408,
        "n_unique": 628851,
        "n_novel": 619153
    },
    "@750000": {
        "validity": 0.9720253333333333,
        "uniqueness": 0.8961413333333333,
        "novelty": 0.8825626666666667,
        "n_valid": 729019,
        "n_unique": 672106,
        "n_novel": 661922
    },
    "@800000": {
        "validity": 0.9720575,
        "uniqueness": 0.89399375,
        "novelty": 0.88064625,
        "n_valid": 777646,
        "n_unique": 715195,
        "n_novel": 704517
    },
    "@850000": {
        "validity": 0.9720388235294117,
        "uniqueness": 0.8918494117647059,
        "novelty": 0.8787458823529412,
        "n_valid": 826233,
        "n_unique": 758072,
        "n_novel": 746934
    },
    "@900000": {
        "validity": 0.9721088888888889,
        "uniqueness": 0.8900444444444444,
        "novelty": 0.8771366666666667,
        "n_valid": 874898,
        "n_unique": 801040,
        "n_novel": 789423
    },
    "@950000": {
        "validity": 0.9721315789473685,
        "uniqueness": 0.8881494736842105,
        "novelty": 0.8754621052631579,
        "n_valid": 923525,
        "n_unique": 843742,
        "n_novel": 831689
    },
    "@1000000": {
        "validity": 0.972127,
        "uniqueness": 0.886363,
        "novelty": 0.873839,
        "n_valid": 972127,
        "n_unique": 886363,
        "n_novel": 873839
    }
}