{
    "@50000": {
        "validity": 0.97254,
        "uniqueness": 0.96022,
        "novelty": 0.9303,
        "n_valid": 48627,
        "n_unique": 48011,
        "n_novel": 46515
    },
    "@100000": {
        "validity": 0.9725,
        "uniqueness": 0.95173,
        "novelty": 0.92363,
        "n_valid": 97250,
        "n_unique": 95173,
        "n_novel": 92363
    },
    "@150000": {
        "validity": 0.9720733333333333,
        "uniqueness": 0.94582,
        "novelty": 0.91884,
        "n_valid": 145811,
        "n_unique": 141873,
        "n_novel": 137826
    },
    "@200000": {
        "validity": 0.97203,
        "uniqueness": 0.94034,
        "novelty": 0.914725,
        "n_valid": 194406,
        "n_unique": 188068,
        "n_novel": 182945
    },
    "@250000": {
        "validity": 0.971992,
        "uniqueness": 0.935932,
        "novelty": 0.911168,
        "n_valid": 242998,
        "n_unique": 233983,
        "n_novel": 227792
    },
    "@300000": {
        "validity": 0.9717833333333333,
        "uniqueness": 0.93161,
        "novelty": 0.9075866666666667,
        "n_valid": 291535,
        "n_unique": 279483,
        "n_novel": 272276
    },
    "@350000": {
        "validity": 0.9717828571428572,
        "uniqueness": 0.9280657142857143,
        "novelty": 0.9048857142857143,
        "n_valid": 340124,
        "n_unique": 324823,
        "n_novel": 316710
    },
    "@400000": {
        "validity": 0.971825,
        "uniqueness": 0.9247575,
        "novelty": 0.902165,
        "n_valid": 388730,
        "n_unique": 369903,
        "n_novel": 360866
    },
    "@450000": {
        "validity": 0.9718711111111111,
        "uniqueness": 0.9217933333333334,
        "novelty": 0.8997644444444445,
        "n_valid": 437342,
        "n_unique": 414807,
        "n_novel": 404894
    },
    "@500000": {
        "validity": 0.971842,
        "uniqueness": 0.918862,
        "novelty": 0.897468,
        "n_valid": 485921,
        "n_unique": 459431,
        "n_novel": 448734
    },
    "@550000": {
        "validity": 0.9717545454545454,
        "uniqueness": 0.9159436363636364,
        "novelty": 0.8951036363636363,
        "n_valid": 534465,
        "n_unique": 503769,
        "n_novel": 492307
    },
    "@600000": {
        "validity": 0.9716833333333333,
        "uniqueness": 0.9133433333333333,
        "novelty": 0.89305,
        "n_valid": 583010,
        "n_unique": 548006,
        "n_novel": 535830
    },
    "@650000": {
        "validity": 0.9716769230769231,
        "uniqueness": 0.9110169230769231,
        "novelty": 0.8911507692307692,
        "n_valid": 631590,
        "n_unique": 592161,
        "n_novel": 579248
    },
    "@700000": {
        "validity": 0.9717142857142858,
        "uniqueness": 0.9087157142857143,
        "novelty": 0.8892971428571429,
        "n_valid": 680200,
        "n_unique": 636101,
        "n_novel": 622508
    },
    "@750000": {
        "validity": 0.971648,
        "uniqueness": 0.9067106666666667,
        "novelty": 0.887684,
        "n_valid": 728736,
        "n_unique": 680033,
        "n_novel": 665763
    },
    "@800000": {
        "validity": 0.97165375,
        "uniqueness": 0.90451125,
        "novelty": 0.88580375,
        "n_valid": 777323,
        "n_unique": 723609,
        "n_novel": 708643
    },
    "@850000": {
        "validity": 0.9715894117647059,
        "uniqueness": 0.9025058823529412,
        "novelty": 0.8841141176470588,
        "n_valid": 825851,
        "n_unique": 767130,
        "n_novel": 751497
    },
    "@900000": {
        "validity": 0.9717011111111111,
        "uniqueness": 0.9006477777777778,
        "novelty": 0.8825211111111111,
        "n_valid": 874531,
        "n_unique": 810583,
        "n_novel": 794269
    },
    "@950000": {
        "validity": 0.9717084210526316,
        "uniqueness": 0.898918947368421,
        "novelty": 0.8810989473684211,
        "n_valid": 923123,
        "n_unique": 853973,
        "n_novel": 837044
    },
    "@1000000": {
        "validity": 0.971802,
        "uniqueness": 0.897199,
        "novelty": 0.879648,
        "n_valid": 971802,
        "n_unique": 897199,
        "n_novel": 879648
    }
}