{
    "@50000": {
        "validity": 0.988,
        "uniqueness": 0.9595,
        "novelty": 0.91818,
        "n_valid": 49400,
        "n_unique": 47975,
        "n_novel": 45909
    },
    "@100000": {
        "validity": 0.98759,
        "uniqueness": 0.94691,
        "novelty": 0.90917,
        "n_valid": 98759,
        "n_unique": 94691,
        "n_novel": 90917
    },
    "@150000": {
        "validity": 0.9873133333333334,
        "uniqueness": 0.9368266666666667,
        "novelty": 0.9017666666666667,
        "n_valid": 148097,
        "n_unique": 140524,
        "n_novel": 135265
    },
    "@200000": {
        "validity": 0.98741,
        "uniqueness": 0.92919,
        "novelty": 0.895915,
        "n_valid": 197482,
        "n_unique": 185838,
        "n_novel": 179183
    },
    "@250000": {
        "validity": 0.987732,
        "uniqueness": 0.922692,
        "novelty": 0.891168,
        "n_valid": 246933,
        "n_unique": 230673,
        "n_novel": 222792
    },
    "@300000": {
        "validity": 0.9878333333333333,
        "uniqueness": 0.9169566666666666,
        "novelty": 0.8869,
        "n_valid": 296350,
        "n_unique": 275087,
        "n_novel": 266070
    },
    "@350000": {
        "validity": 0.9877228571428571,
        "uniqueness": 0.9110057142857143,
        "novelty": 0.8823714285714286,
        "n_valid": 345703,
        "n_unique": 318852,
        "n_novel": 308830
    },
    "@400000": {
        "validity": 0.987735,
        "uniqueness": 0.9065,
        "novelty": 0.879,
        "n_valid": 395094,
        "n_unique": 362600,
        "n_novel": 351600
    },
    "@450000": {
        "validity": 0.9877066666666666,
        "uniqueness": 0.9013866666666667,
        "novelty": 0.87486,
        "n_valid": 444468,
        "n_unique": 405624,
        "n_novel": 393687
    },
    "@500000": {
        "validity": 0.987772,
        "uniqueness": 0.897376,
        "novelty": 0.871672,
        "n_valid": 493886,
        "n_unique": 448688,
        "n_novel": 435836
    },
    "@550000": {
        "validity": 0.9878109090909091,
        "uniqueness": 0.8936254545454545,
        "novelty": 0.8686254545454546,
        "n_valid": 543296,
        "n_unique": 491494,
        "n_novel": 477744
    },
    "@600000": {
        "validity": 0.987815,
        "uniqueness": 0.8901666666666667,
        "novelty": 0.8659216666666667,
        "n_valid": 592689,
        "n_unique": 534100,
        "n_novel": 519553
    },
    "@650000": {
        "validity": 0.9878,
        "uniqueness": 0.8867584615384615,
        "novelty": 0.8631630769230769,
        "n_valid": 642070,
        "n_unique": 576393,
        "n_novel": 561056
    },
    "@700000": {
        "validity": 0.9877671428571428,
        "uniqueness": 0.8836128571428571,
        "novelty": 0.8605771428571428,
        "n_valid": 691437,
        "n_unique": 618529,
        "n_novel": 602404
    },
    "@750000": {
        "validity": 0.9877333333333334,
        "uniqueness": 0.8804786666666666,
        "novelty": 0.8579906666666667,
        "n_valid": 740800,
        "n_unique": 660359,
        "n_novel": 643493
    },
    "@800000": {
        "validity": 0.98776375,
        "uniqueness": 0.87759375,
        "novelty": 0.85562875,
        "n_valid": 790211,
        "n_unique": 702075,
        "n_novel": 684503
    },
    "@850000": {
        "validity": 0.98772,
        "uniqueness": 0.874715294117647,
        "novelty": 0.8532129411764706,
        "n_valid": 839562,
        "n_unique": 743508,
        "n_novel": 725231
    },
    "@900000": {
        "validity": 0.9877355555555556,
        "uniqueness": 0.8721588888888889,
        "novelty": 0.8510455555555556,
        "n_valid": 888962,
        "n_unique": 784943,
        "n_novel": 765941
    },
    "@950000": {
        "validity": 0.9877494736842105,
        "uniqueness": 0.8695852631578948,
        "novelty": 0.8488621052631579,
        "n_valid": 938362,
        "n_unique": 826106,
        "n_novel": 806419
    },
    "@1000000": {
        "validity": 0.987837,
        "uniqueness": 0.867049,
        "novelty": 0.846747,
        "n_valid": 987837,
        "n_unique": 867049,
        "n_novel": 846747
    }
}