{
    "@50000": {
        "validity": 0.9862,
        "uniqueness": 0.67084,
        "novelty": 0.64722,
        "n_valid": 49310,
        "n_unique": 33542,
        "n_novel": 32361
    },
    "@100000": {
        "validity": 0.9857,
        "uniqueness": 0.62569,
        "novelty": 0.60711,
        "n_valid": 98570,
        "n_unique": 62569,
        "n_novel": 60711
    },
    "@150000": {
        "validity": 0.9858333333333333,
        "uniqueness": 0.5978866666666667,
        "novelty": 0.5818,
        "n_valid": 147875,
        "n_unique": 89683,
        "n_novel": 87270
    },
    "@200000": {
        "validity": 0.98593,
        "uniqueness": 0.578215,
        "novelty": 0.56387,
        "n_valid": 197186,
        "n_unique": 115643,
        "n_novel": 112774
    },
    "@250000": {
        "validity": 0.985832,
        "uniqueness": 0.563008,
        "novelty": 0.549796,
        "n_valid": 246458,
        "n_unique": 140752,
        "n_novel": 137449
    },
    "@300000": {
        "validity": 0.9858933333333333,
        "uniqueness": 0.5508333333333333,
        "novelty": 0.5385866666666667,
        "n_valid": 295768,
        "n_unique": 165250,
        "n_novel": 161576
    },
    "@350000": {
        "validity": 0.9858971428571428,
        "uniqueness": 0.5408885714285714,
        "novelty": 0.5293942857142857,
        "n_valid": 345064,
        "n_unique": 189311,
        "n_novel": 185288
    },
    "@400000": {
        "validity": 0.985875,
        "uniqueness": 0.531895,
        "novelty": 0.5209675,
        "n_valid": 394350,
        "n_unique": 212758,
        "n_novel": 208387
    },
    "@450000": {
        "validity": 0.9858555555555556,
        "uniqueness": 0.5238355555555556,
        "novelty": 0.5134111111111112,
        "n_valid": 443635,
        "n_unique": 235726,
        "n_novel": 231035
    },
    "@500000": {
        "validity": 0.985794,
        "uniqueness": 0.516728,
        "novelty": 0.506738,
        "n_valid": 492897,
        "n_unique": 258364,
        "n_novel": 253369
    },
    "@550000": {
        "validity": 0.9858654545454546,
        "uniqueness": 0.5101509090909091,
        "novelty": 0.5005618181818182,
        "n_valid": 542226,
        "n_unique": 280583,
        "n_novel": 275309
    },
    "@600000": {
        "validity": 0.9858033333333334,
        "uniqueness": 0.5041483333333333,
        "novelty": 0.4948883333333333,
        "n_valid": 591482,
        "n_unique": 302489,
        "n_novel": 296933
    },
    "@650000": {
        "validity": 0.9858076923076923,
        "uniqueness": 0.4985,
        "novelty": 0.48958,
        "n_valid": 640775,
        "n_unique": 324025,
        "n_novel": 318227
    },
    "@700000": {
        "validity": 0.9858514285714286,
        "uniqueness": 0.49345285714285714,
        "novelty": 0.48481,
        "n_valid": 690096,
        "n_unique": 345417,
        "n_novel": 339367
    },
    "@750000": {
        "validity": 0.985808,
        "uniqueness": 0.48904,
        "novelty": 0.4806026666666667,
        "n_valid": 739356,
        "n_unique": 366780,
        "n_novel": 360452
    },
    "@800000": {
        "validity": 0.98582875,
        "uniqueness": 0.48458875,
        "novelty": 0.4763975,
        "n_valid": 788663,
        "n_unique": 387671,
        "n_novel": 381118
    },
    "@850000": {
        "validity": 0.9858423529411765,
        "uniqueness": 0.4806258823529412,
        "novelty": 0.47264117647058823,
        "n_valid": 837966,
        "n_unique": 408532,
        "n_novel": 401745
    },
    "@900000": {
        "validity": 0.9858477777777778,
        "uniqueness": 0.47689777777777775,
        "novelty": 0.4691022222222222,
        "n_valid": 887263,
        "n_unique": 429208,
        "n_novel": 422192
    },
    "@950000": {
        "validity": 0.9858715789473684,
        "uniqueness": 0.47353052631578946,
        "novelty": 0.4659073684210526,
        "n_valid": 936578,
        "n_unique": 449854,
        "n_novel": 442612
    },
    "@1000000": {
        "validity": 0.985861,
        "uniqueness": 0.470044,
        "novelty": 0.462583,
        "n_valid": 985861,
        "n_unique": 470044,
        "n_novel": 462583
    }
}