{
    "@50000": {
        "validity": 0.76624,
        "uniqueness": 0.7033,
        "novelty": 0.69372,
        "n_valid": 38312,
        "n_unique": 35165,
        "n_novel": 34686
    },
    "@100000": {
        "validity": 0.76634,
        "uniqueness": 0.6864,
        "novelty": 0.67894,
        "n_valid": 76634,
        "n_unique": 68640,
        "n_novel": 67894
    },
    "@150000": {
        "validity": 0.7664066666666667,
        "uniqueness": 0.6758133333333334,
        "novelty": 0.6691866666666667,
        "n_valid": 114961,
        "n_unique": 101372,
        "n_novel": 100378
    },
    "@200000": {
        "validity": 0.765355,
        "uniqueness": 0.666425,
        "novelty": 0.660545,
        "n_valid": 153071,
        "n_unique": 133285,
        "n_novel": 132109
    },
    "@250000": {
        "validity": 0.76548,
        "uniqueness": 0.659892,
        "novelty": 0.654512,
        "n_valid": 191370,
        "n_unique": 164973,
        "n_novel": 163628
    },
    "@300000": {
        "validity": 0.76597,
        "uniqueness": 0.6545366666666667,
        "novelty": 0.64959,
        "n_valid": 229791,
        "n_unique": 196361,
        "n_novel": 194877
    },
    "@350000": {
        "validity": 0.7658342857142857,
        "uniqueness": 0.6496771428571428,
        "novelty": 0.6450457142857143,
        "n_valid": 268042,
        "n_unique": 227387,
        "n_novel": 225766
    },
    "@400000": {
        "validity": 0.76594,
        "uniqueness": 0.645505,
        "novelty": 0.6410975,
        "n_valid": 306376,
        "n_unique": 258202,
        "n_novel": 256439
    },
    "@450000": {
        "validity": 0.7658888888888888,
        "uniqueness": 0.6415977777777778,
        "novelty": 0.6373755555555556,
        "n_valid": 344650,
        "n_unique": 288719,
        "n_novel": 286819
    },
    "@500000": {
        "validity": 0.765854,
        "uniqueness": 0.638,
        "novelty": 0.633994,
        "n_valid": 382927,
        "n_unique": 319000,
        "n_novel": 316997
    },
    "@550000": {
        "validity": 0.7662181818181818,
        "uniqueness": 0.6350309090909091,
        "novelty": 0.6311872727272727,
        "n_valid": 421420,
        "n_unique": 349267,
        "n_novel": 347153
    },
    "@600000": {
        "validity": 0.7662233333333334,
        "uniqueness": 0.6323866666666667,
        "novelty": 0.62868,
        "n_valid": 459734,
        "n_unique": 379432,
        "n_novel": 377208
    },
    "@650000": {
        "validity": 0.7661953846153846,
        "uniqueness": 0.6298276923076923,
        "novelty": 0.6262446153846154,
        "n_valid": 498027,
        "n_unique": 409388,
        "n_novel": 407059
    },
    "@700000": {
        "validity": 0.7661757142857143,
        "uniqueness": 0.6275285714285714,
        "novelty": 0.6240528571428572,
        "n_valid": 536323,
        "n_unique": 439270,
        "n_novel": 436837
    },
    "@750000": {
        "validity": 0.7661493333333333,
        "uniqueness": 0.62536,
        "novelty": 0.6220106666666667,
        "n_valid": 574612,
        "n_unique": 469020,
        "n_novel": 466508
    },
    "@800000": {
        "validity": 0.7657875,
        "uniqueness": 0.622965,
        "novelty": 0.6196975,
        "n_valid": 612630,
        "n_unique": 498372,
        "n_novel": 495758
    },
    "@850000": {
        "validity": 0.76588,
        "uniqueness": 0.6209670588235294,
        "novelty": 0.6178082352941177,
        "n_valid": 650998,
        "n_unique": 527822,
        "n_novel": 525137
    },
    "@900000": {
        "validity": 0.7657766666666667,
        "uniqueness": 0.6188788888888889,
        "novelty": 0.61581,
        "n_valid": 689199,
        "n_unique": 556991,
        "n_novel": 554229
    },
    "@950000": {
        "validity": 0.7656968421052631,
        "uniqueness": 0.6169452631578948,
        "novelty": 0.6139526315789474,
        "n_valid": 727412,
        "n_unique": 586098,
        "n_novel": 583255
    },
    "@1000000": {
        "validity": 0.765834,
        "uniqueness": 0.615153,
        "novelty": 0.612223,
        "n_valid": 765834,
        "n_unique": 615153,
        "n_novel": 612223
    }
}