{
    "@50000": {
        "validity": 0.3154,
        "uniqueness": 0.31112,
        "novelty": 0.30874,
        "n_valid": 15770,
        "n_unique": 15556,
        "n_novel": 15437
    },
    "@100000": {
        "validity": 0.3138,
        "uniqueness": 0.30794,
        "novelty": 0.30582,
        "n_valid": 31380,
        "n_unique": 30794,
        "n_novel": 30582
    },
    "@150000": {
        "validity": 0.31494,
        "uniqueness": 0.30824666666666667,
        "novelty": 0.30627333333333334,
        "n_valid": 47241,
        "n_unique": 46237,
        "n_novel": 45941
    },
    "@200000": {
        "validity": 0.314035,
        "uniqueness": 0.30636,
        "novelty": 0.30448,
        "n_valid": 62807,
        "n_unique": 61272,
        "n_novel": 60896
    },
    "@250000": {
        "validity": 0.314752,
        "uniqueness": 0.306436,
        "novelty": 0.304724,
        "n_valid": 78688,
        "n_unique": 76609,
        "n_novel": 76181
    },
    "@300000": {
        "validity": 0.3154266666666667,
        "uniqueness": 0.3063133333333333,
        "novelty": 0.30462,
        "n_valid": 94628,
        "n_unique": 91894,
        "n_novel": 91386
    },
    "@350000": {
        "validity": 0.31570857142857145,
        "uniqueness": 0.3059085714285714,
        "novelty": 0.3042485714285714,
        "n_valid": 110498,
        "n_unique": 107068,
        "n_novel": 106487
    },
    "@400000": {
        "validity": 0.3154525,
        "uniqueness": 0.3050725,
        "novelty": 0.303485,
        "n_valid": 126181,
        "n_unique": 122029,
        "n_novel": 121394
    },
    "@450000": {
        "validity": 0.31495555555555554,
        "uniqueness": 0.30406444444444447,
        "novelty": 0.30252444444444443,
        "n_valid": 141730,
        "n_unique": 136829,
        "n_novel": 136136
    },
    "@500000": {
        "validity": 0.314742,
        "uniqueness": 0.30333,
        "novelty": 0.30183,
        "n_valid": 157371,
        "n_unique": 151665,
        "n_novel": 150915
    },
    "@550000": {
        "validity": 0.31443272727272725,
        "uniqueness": 0.30271818181818183,
        "novelty": 0.3012345454545455,
        "n_valid": 172938,
        "n_unique": 166495,
        "n_novel": 165679
    },
    "@600000": {
        "validity": 0.3143416666666667,
        "uniqueness": 0.3022183333333333,
        "novelty": 0.300775,
        "n_valid": 188605,
        "n_unique": 181331,
        "n_novel": 180465
    },
    "@650000": {
        "validity": 0.3143107692307692,
        "uniqueness": 0.3018707692307692,
        "novelty": 0.3004307692307692,
        "n_valid": 204302,
        "n_unique": 196216,
        "n_novel": 195280
    },
    "@700000": {
        "validity": 0.31422714285714287,
        "uniqueness": 0.30144571428571426,
        "novelty": 0.3000457142857143,
        "n_valid": 219959,
        "n_unique": 211012,
        "n_novel": 210032
    },
    "@750000": {
        "validity": 0.314088,
        "uniqueness": 0.300968,
        "novelty": 0.2996066666666667,
        "n_valid": 235566,
        "n_unique": 225726,
        "n_novel": 224705
    },
    "@800000": {
        "validity": 0.3138425,
        "uniqueness": 0.30045,
        "novelty": 0.29913,
        "n_valid": 251074,
        "n_unique": 240360,
        "n_novel": 239304
    },
    "@850000": {
        "validity": 0.31376470588235295,
        "uniqueness": 0.3000423529411765,
        "novelty": 0.2987435294117647,
        "n_valid": 266700,
        "n_unique": 255036,
        "n_novel": 253932
    },
    "@900000": {
        "validity": 0.31378222222222224,
        "uniqueness": 0.2998166666666667,
        "novelty": 0.2985411111111111,
        "n_valid": 282404,
        "n_unique": 269835,
        "n_novel": 268687
    },
    "@950000": {
        "validity": 0.3136747368421053,
        "uniqueness": 0.29937157894736843,
        "novelty": 0.29811894736842104,
        "n_valid": 297991,
        "n_unique": 284403,
        "n_novel": 283213
    },
    "@1000000": {
        "validity": 0.313622,
        "uniqueness": 0.299011,
        "novelty": 0.297773,
        "n_valid": 313622,
        "n_unique": 299011,
        "n_novel": 297773
    }
}