{
    "@50000": {
        "validity": 0.86626,
        "uniqueness": 0.60786,
        "novelty": 0.59902,
        "n_valid": 43313,
        "n_unique": 30393,
        "n_novel": 29951
    },
    "@100000": {
        "validity": 0.86596,
        "uniqueness": 0.56851,
        "novelty": 0.56257,
        "n_valid": 86596,
        "n_unique": 56851,
        "n_novel": 56257
    },
    "@150000": {
        "validity": 0.86512,
        "uniqueness": 0.5439733333333333,
        "novelty": 0.5393,
        "n_valid": 129768,
        "n_unique": 81596,
        "n_novel": 80895
    },
    "@200000": {
        "validity": 0.86522,
        "uniqueness": 0.52681,
        "novelty": 0.522955,
        "n_valid": 173044,
        "n_unique": 105362,
        "n_novel": 104591
    },
    "@250000": {
        "validity": 0.865448,
        "uniqueness": 0.514508,
        "novelty": 0.511092,
        "n_valid": 216362,
        "n_unique": 128627,
        "n_novel": 127773
    },
    "@300000": {
        "validity": 0.8649966666666666,
        "uniqueness": 0.50307,
        "novelty": 0.5000666666666667,
        "n_valid": 259499,
        "n_unique": 150921,
        "n_novel": 150020
    },
    "@350000": {
        "validity": 0.86522,
        "uniqueness": 0.4944057142857143,
        "novelty": 0.49164857142857143,
        "n_valid": 302827,
        "n_unique": 173042,
        "n_novel": 172077
    },
    "@400000": {
        "validity": 0.865065,
        "uniqueness": 0.48655,
        "novelty": 0.48402,
        "n_valid": 346026,
        "n_unique": 194620,
        "n_novel": 193608
    },
    "@450000": {
        "validity": 0.8647933333333333,
        "uniqueness": 0.47988888888888886,
        "novelty": 0.47753555555555555,
        "n_valid": 389157,
        "n_unique": 215950,
        "n_novel": 214891
    },
    "@500000": {
        "validity": 0.864808,
        "uniqueness": 0.474482,
        "novelty": 0.472278,
        "n_valid": 432404,
        "n_unique": 237241,
        "n_novel": 236139
    },
    "@550000": {
        "validity": 0.864689090909091,
        "uniqueness": 0.46900545454545456,
        "novelty": 0.46694363636363634,
        "n_valid": 475579,
        "n_unique": 257953,
        "n_novel": 256819
    },
    "@600000": {
        "validity": 0.8646733333333333,
        "uniqueness": 0.4638483333333333,
        "novelty": 0.4618966666666667,
        "n_valid": 518804,
        "n_unique": 278309,
        "n_novel": 277138
    },
    "@650000": {
        "validity": 0.8646523076923077,
        "uniqueness": 0.45971384615384614,
        "novelty": 0.45785076923076923,
        "n_valid": 562024,
        "n_unique": 298814,
        "n_novel": 297603
    },
    "@700000": {
        "validity": 0.8647471428571428,
        "uniqueness": 0.4556242857142857,
        "novelty": 0.45383142857142855,
        "n_valid": 605323,
        "n_unique": 318937,
        "n_novel": 317682
    },
    "@750000": {
        "validity": 0.8648866666666667,
        "uniqueness": 0.45220133333333334,
        "novelty": 0.4504706666666667,
        "n_valid": 648665,
        "n_unique": 339151,
        "n_novel": 337853
    },
    "@800000": {
        "validity": 0.86487375,
        "uniqueness": 0.44860375,
        "novelty": 0.44694625,
        "n_valid": 691899,
        "n_unique": 358883,
        "n_novel": 357557
    },
    "@850000": {
        "validity": 0.864964705882353,
        "uniqueness": 0.4450647058823529,
        "novelty": 0.44347764705882353,
        "n_valid": 735220,
        "n_unique": 378305,
        "n_novel": 376956
    },
    "@900000": {
        "validity": 0.8648855555555556,
        "uniqueness": 0.44205555555555553,
        "novelty": 0.44052555555555556,
        "n_valid": 778397,
        "n_unique": 397850,
        "n_novel": 396473
    },
    "@950000": {
        "validity": 0.8648484210526316,
        "uniqueness": 0.43906736842105265,
        "novelty": 0.43759157894736844,
        "n_valid": 821606,
        "n_unique": 417114,
        "n_novel": 415712
    },
    "@1000000": {
        "validity": 0.864802,
        "uniqueness": 0.436185,
        "novelty": 0.434752,
        "n_valid": 864802,
        "n_unique": 436185,
        "n_novel": 434752
    }
}