{
    "train_loss": [
        0.6931537866592408,
        0.5982690870761871,
        0.5640110313892365,
        0.5245656698942185,
        0.5433971494436264,
        0.49265255630016325
    ],
    "val_loss": [
        0.5891515761613846,
        0.5774008333683014,
        0.5643064081668854,
        0.5687747299671173,
        0.5649852454662323,
        0.5786077082157135
    ]
}