{
    "@50000": {
        "validity": 0.9886,
        "uniqueness": 0.53868,
        "novelty": 0.51642,
        "n_valid": 49430,
        "n_unique": 26934,
        "n_novel": 25821
    },
    "@100000": {
        "validity": 0.98889,
        "uniqueness": 0.48599,
        "novelty": 0.46917,
        "n_valid": 98889,
        "n_unique": 48599,
        "n_novel": 46917
    },
    "@150000": {
        "validity": 0.9889866666666667,
        "uniqueness": 0.45704666666666666,
        "novelty": 0.44254666666666664,
        "n_valid": 148348,
        "n_unique": 68557,
        "n_novel": 66382
    },
    "@200000": {
        "validity": 0.98882,
        "uniqueness": 0.437815,
        "novelty": 0.42471,
        "n_valid": 197764,
        "n_unique": 87563,
        "n_novel": 84942
    },
    "@250000": {
        "validity": 0.988764,
        "uniqueness": 0.42256,
        "novelty": 0.41066,
        "n_valid": 247191,
        "n_unique": 105640,
        "n_novel": 102665
    },
    "@300000": {
        "validity": 0.9887933333333333,
        "uniqueness": 0.41019333333333335,
        "novelty": 0.39906,
        "n_valid": 296638,
        "n_unique": 123058,
        "n_novel": 119718
    },
    "@350000": {
        "validity": 0.9888171428571428,
        "uniqueness": 0.40000285714285716,
        "novelty": 0.3896257142857143,
        "n_valid": 346086,
        "n_unique": 140001,
        "n_novel": 136369
    },
    "@400000": {
        "validity": 0.988775,
        "uniqueness": 0.39097,
        "novelty": 0.381195,
        "n_valid": 395510,
        "n_unique": 156388,
        "n_novel": 152478
    },
    "@450000": {
        "validity": 0.9886577777777777,
        "uniqueness": 0.3832377777777778,
        "novelty": 0.3739577777777778,
        "n_valid": 444896,
        "n_unique": 172457,
        "n_novel": 168281
    },
    "@500000": {
        "validity": 0.988668,
        "uniqueness": 0.376338,
        "novelty": 0.367456,
        "n_valid": 494334,
        "n_unique": 188169,
        "n_novel": 183728
    },
    "@550000": {
        "validity": 0.98864,
        "uniqueness": 0.3702472727272727,
        "novelty": 0.3617109090909091,
        "n_valid": 543752,
        "n_unique": 203636,
        "n_novel": 198941
    },
    "@600000": {
        "validity": 0.9886333333333334,
        "uniqueness": 0.36484333333333335,
        "novelty": 0.3566316666666667,
        "n_valid": 593180,
        "n_unique": 218906,
        "n_novel": 213979
    },
    "@650000": {
        "validity": 0.98868,
        "uniqueness": 0.36004153846153847,
        "novelty": 0.3520846153846154,
        "n_valid": 642642,
        "n_unique": 234027,
        "n_novel": 228855
    },
    "@700000": {
        "validity": 0.9887257142857143,
        "uniqueness": 0.35525285714285715,
        "novelty": 0.34757,
        "n_valid": 692108,
        "n_unique": 248677,
        "n_novel": 243299
    },
    "@750000": {
        "validity": 0.9886706666666667,
        "uniqueness": 0.3507693333333333,
        "novelty": 0.34331866666666666,
        "n_valid": 741503,
        "n_unique": 263077,
        "n_novel": 257489
    },
    "@800000": {
        "validity": 0.98861875,
        "uniqueness": 0.3465425,
        "novelty": 0.33930125,
        "n_valid": 790895,
        "n_unique": 277234,
        "n_novel": 271441
    },
    "@850000": {
        "validity": 0.9886705882352941,
        "uniqueness": 0.34280823529411764,
        "novelty": 0.33575764705882355,
        "n_valid": 840370,
        "n_unique": 291387,
        "n_novel": 285394
    },
    "@900000": {
        "validity": 0.9887111111111111,
        "uniqueness": 0.33938,
        "novelty": 0.33250111111111114,
        "n_valid": 889840,
        "n_unique": 305442,
        "n_novel": 299251
    },
    "@950000": {
        "validity": 0.9887315789473684,
        "uniqueness": 0.33596,
        "novelty": 0.32922526315789474,
        "n_valid": 939295,
        "n_unique": 319162,
        "n_novel": 312764
    },
    "@1000000": {
        "validity": 0.988725,
        "uniqueness": 0.332859,
        "novelty": 0.326262,
        "n_valid": 988725,
        "n_unique": 332859,
        "n_novel": 326262
    }
}