{
    "@50000": {
        "validity": 0.9981,
        "uniqueness": 0.13194,
        "novelty": 0.12742,
        "n_valid": 49905,
        "n_unique": 6597,
        "n_novel": 6371
    },
    "@100000": {
        "validity": 0.99808,
        "uniqueness": 0.10005,
        "novelty": 0.09721,
        "n_valid": 99808,
        "n_unique": 10005,
        "n_novel": 9721
    },
    "@150000": {
        "validity": 0.99814,
        "uniqueness": 0.08508,
        "novelty": 0.08298666666666667,
        "n_valid": 149721,
        "n_unique": 12762,
        "n_novel": 12448
    },
    "@200000": {
        "validity": 0.9982,
        "uniqueness": 0.07535,
        "novelty": 0.07371,
        "n_valid": 199640,
        "n_unique": 15070,
        "n_novel": 14742
    },
    "@250000": {
        "validity": 0.998228,
        "uniqueness": 0.06846,
        "novelty": 0.067092,
        "n_valid": 249557,
        "n_unique": 17115,
        "n_novel": 16773
    },
    "@300000": {
        "validity": 0.99824,
        "uniqueness": 0.06323333333333334,
        "novelty": 0.06206333333333333,
        "n_valid": 299472,
        "n_unique": 18970,
        "n_novel": 18619
    },
    "@350000": {
        "validity": 0.9982657142857143,
        "uniqueness": 0.05931142857142857,
        "novelty": 0.05827142857142857,
        "n_valid": 349393,
        "n_unique": 20759,
        "n_novel": 20395
    },
    "@400000": {
        "validity": 0.9982675,
        "uniqueness": 0.0557425,
        "novelty": 0.05482,
        "n_valid": 399307,
        "n_unique": 22297,
        "n_novel": 21928
    },
    "@450000": {
        "validity": 0.9983,
        "uniqueness": 0.05293111111111111,
        "novelty": 0.052104444444444446,
        "n_valid": 449235,
        "n_unique": 23819,
        "n_novel": 23447
    },
    "@500000": {
        "validity": 0.998302,
        "uniqueness": 0.050374,
        "novelty": 0.049616,
        "n_valid": 499151,
        "n_unique": 25187,
        "n_novel": 24808
    },
    "@550000": {
        "validity": 0.9983072727272727,
        "uniqueness": 0.04808545454545454,
        "novelty": 0.04738909090909091,
        "n_valid": 549069,
        "n_unique": 26447,
        "n_novel": 26064
    },
    "@600000": {
        "validity": 0.9983333333333333,
        "uniqueness": 0.0462,
        "novelty": 0.04555,
        "n_valid": 599000,
        "n_unique": 27720,
        "n_novel": 27330
    },
    "@650000": {
        "validity": 0.9983692307692308,
        "uniqueness": 0.04453846153846154,
        "novelty": 0.04393384615384616,
        "n_valid": 648940,
        "n_unique": 28950,
        "n_novel": 28557
    },
    "@700000": {
        "validity": 0.9983528571428572,
        "uniqueness": 0.04298285714285714,
        "novelty": 0.04241857142857143,
        "n_valid": 698847,
        "n_unique": 30088,
        "n_novel": 29693
    },
    "@750000": {
        "validity": 0.9983666666666666,
        "uniqueness": 0.041626666666666666,
        "novelty": 0.041090666666666664,
        "n_valid": 748775,
        "n_unique": 31220,
        "n_novel": 30818
    },
    "@800000": {
        "validity": 0.998375,
        "uniqueness": 0.04034125,
        "novelty": 0.03982875,
        "n_valid": 798700,
        "n_unique": 32273,
        "n_novel": 31863
    },
    "@850000": {
        "validity": 0.9983811764705882,
        "uniqueness": 0.03927529411764706,
        "novelty": 0.03878705882352941,
        "n_valid": 848624,
        "n_unique": 33384,
        "n_novel": 32969
    },
    "@900000": {
        "validity": 0.9983722222222222,
        "uniqueness": 0.038192222222222225,
        "novelty": 0.037726666666666665,
        "n_valid": 898535,
        "n_unique": 34373,
        "n_novel": 33954
    },
    "@950000": {
        "validity": 0.9983778947368421,
        "uniqueness": 0.03714315789473684,
        "novelty": 0.03669894736842105,
        "n_valid": 948459,
        "n_unique": 35286,
        "n_novel": 34864
    },
    "@1000000": {
        "validity": 0.998383,
        "uniqueness": 0.036217,
        "novelty": 0.035791,
        "n_valid": 998383,
        "n_unique": 36217,
        "n_novel": 35791
    }
}