{
    "@50000": {
        "validity": 0.97472,
        "uniqueness": 0.80728,
        "novelty": 0.7813,
        "n_valid": 48736,
        "n_unique": 40364,
        "n_novel": 39065
    },
    "@100000": {
        "validity": 0.97434,
        "uniqueness": 0.77132,
        "novelty": 0.74983,
        "n_valid": 97434,
        "n_unique": 77132,
        "n_novel": 74983
    },
    "@150000": {
        "validity": 0.9742466666666667,
        "uniqueness": 0.7502066666666667,
        "novelty": 0.7310533333333333,
        "n_valid": 146137,
        "n_unique": 112531,
        "n_novel": 109658
    },
    "@200000": {
        "validity": 0.97445,
        "uniqueness": 0.735515,
        "novelty": 0.71799,
        "n_valid": 194890,
        "n_unique": 147103,
        "n_novel": 143598
    },
    "@250000": {
        "validity": 0.974428,
        "uniqueness": 0.723064,
        "novelty": 0.70672,
        "n_valid": 243607,
        "n_unique": 180766,
        "n_novel": 176680
    },
    "@300000": {
        "validity": 0.97442,
        "uniqueness": 0.71199,
        "novelty": 0.6964733333333334,
        "n_valid": 292326,
        "n_unique": 213597,
        "n_novel": 208942
    },
    "@350000": {
        "validity": 0.9743114285714286,
        "uniqueness": 0.7029685714285714,
        "novelty": 0.6881485714285714,
        "n_valid": 341009,
        "n_unique": 246039,
        "n_novel": 240852
    },
    "@400000": {
        "validity": 0.97434,
        "uniqueness": 0.6951575,
        "novelty": 0.6809625,
        "n_valid": 389736,
        "n_unique": 278063,
        "n_novel": 272385
    },
    "@450000": {
        "validity": 0.9744177777777778,
        "uniqueness": 0.6882377777777777,
        "novelty": 0.6745822222222222,
        "n_valid": 438488,
        "n_unique": 309707,
        "n_novel": 303562
    },
    "@500000": {
        "validity": 0.974482,
        "uniqueness": 0.6821,
        "novelty": 0.668922,
        "n_valid": 487241,
        "n_unique": 341050,
        "n_novel": 334461
    },
    "@550000": {
        "validity": 0.9745818181818182,
        "uniqueness": 0.6765636363636364,
        "novelty": 0.6637436363636363,
        "n_valid": 536020,
        "n_unique": 372110,
        "n_novel": 365059
    },
    "@600000": {
        "validity": 0.97462,
        "uniqueness": 0.671615,
        "novelty": 0.659125,
        "n_valid": 584772,
        "n_unique": 402969,
        "n_novel": 395475
    },
    "@650000": {
        "validity": 0.9746307692307692,
        "uniqueness": 0.6671907692307693,
        "novelty": 0.6550661538461539,
        "n_valid": 633510,
        "n_unique": 433674,
        "n_novel": 425793
    },
    "@700000": {
        "validity": 0.97463,
        "uniqueness": 0.6625885714285714,
        "novelty": 0.6507557142857143,
        "n_valid": 682241,
        "n_unique": 463812,
        "n_novel": 455529
    },
    "@750000": {
        "validity": 0.9747733333333334,
        "uniqueness": 0.6585706666666666,
        "novelty": 0.6470586666666667,
        "n_valid": 731080,
        "n_unique": 493928,
        "n_novel": 485294
    },
    "@800000": {
        "validity": 0.9747825,
        "uniqueness": 0.65436625,
        "novelty": 0.64311375,
        "n_valid": 779826,
        "n_unique": 523493,
        "n_novel": 514491
    },
    "@850000": {
        "validity": 0.9748176470588236,
        "uniqueness": 0.6506611764705882,
        "novelty": 0.6396494117647059,
        "n_valid": 828595,
        "n_unique": 553062,
        "n_novel": 543702
    },
    "@900000": {
        "validity": 0.9748722222222223,
        "uniqueness": 0.6473411111111111,
        "novelty": 0.6365622222222223,
        "n_valid": 877385,
        "n_unique": 582607,
        "n_novel": 572906
    },
    "@950000": {
        "validity": 0.9748905263157894,
        "uniqueness": 0.6439684210526316,
        "novelty": 0.6333926315789473,
        "n_valid": 926146,
        "n_unique": 611770,
        "n_novel": 601723
    },
    "@1000000": {
        "validity": 0.974834,
        "uniqueness": 0.64081,
        "novelty": 0.630456,
        "n_valid": 974834,
        "n_unique": 640810,
        "n_novel": 630456
    }
}