{
    "train_loss": [
        0.7437332689762115,
        0.656669157743454,
        0.5919540464878082,
        0.5464287519454956,
        0.5028700888156891,
        0.4868147879838943,
        0.4603218466043472
    ],
    "val_loss": [
        0.6525607258081436,
        0.6532179862260818,
        0.6503220647573471,
        0.6490290611982346,
        0.6571400761604309,
        0.6567213535308838,
        0.6774170845746994
    ]
}