{
    "@50000": {
        "validity": 0.72652,
        "uniqueness": 0.7217,
        "novelty": 0.71544,
        "n_valid": 36326,
        "n_unique": 36085,
        "n_novel": 35772
    },
    "@100000": {
        "validity": 0.72804,
        "uniqueness": 0.72071,
        "novelty": 0.7152,
        "n_valid": 72804,
        "n_unique": 72071,
        "n_novel": 71520
    },
    "@150000": {
        "validity": 0.72728,
        "uniqueness": 0.7181466666666667,
        "novelty": 0.7131066666666667,
        "n_valid": 109092,
        "n_unique": 107722,
        "n_novel": 106966
    },
    "@200000": {
        "validity": 0.727875,
        "uniqueness": 0.716995,
        "novelty": 0.712175,
        "n_valid": 145575,
        "n_unique": 143399,
        "n_novel": 142435
    },
    "@250000": {
        "validity": 0.728156,
        "uniqueness": 0.715972,
        "novelty": 0.71138,
        "n_valid": 182039,
        "n_unique": 178993,
        "n_novel": 177845
    },
    "@300000": {
        "validity": 0.7280033333333333,
        "uniqueness": 0.7148533333333333,
        "novelty": 0.7104633333333333,
        "n_valid": 218401,
        "n_unique": 214456,
        "n_novel": 213139
    },
    "@350000": {
        "validity": 0.7276942857142857,
        "uniqueness": 0.7135428571428571,
        "novelty": 0.7092885714285714,
        "n_valid": 254693,
        "n_unique": 249740,
        "n_novel": 248251
    },
    "@400000": {
        "validity": 0.727605,
        "uniqueness": 0.71259,
        "novelty": 0.708465,
        "n_valid": 291042,
        "n_unique": 285036,
        "n_novel": 283386
    },
    "@450000": {
        "validity": 0.7276022222222223,
        "uniqueness": 0.7116644444444444,
        "novelty": 0.7075866666666667,
        "n_valid": 327421,
        "n_unique": 320249,
        "n_novel": 318414
    },
    "@500000": {
        "validity": 0.727326,
        "uniqueness": 0.710668,
        "novelty": 0.70672,
        "n_valid": 363663,
        "n_unique": 355334,
        "n_novel": 353360
    },
    "@550000": {
        "validity": 0.7273418181818182,
        "uniqueness": 0.7098436363636363,
        "novelty": 0.7059927272727273,
        "n_valid": 400038,
        "n_unique": 390414,
        "n_novel": 388296
    },
    "@600000": {
        "validity": 0.7274066666666666,
        "uniqueness": 0.709025,
        "novelty": 0.705255,
        "n_valid": 436444,
        "n_unique": 425415,
        "n_novel": 423153
    },
    "@650000": {
        "validity": 0.72758,
        "uniqueness": 0.7085323076923077,
        "novelty": 0.7048692307692308,
        "n_valid": 472927,
        "n_unique": 460546,
        "n_novel": 458165
    },
    "@700000": {
        "validity": 0.7277242857142857,
        "uniqueness": 0.7080757142857143,
        "novelty": 0.7045071428571429,
        "n_valid": 509407,
        "n_unique": 495653,
        "n_novel": 493155
    },
    "@750000": {
        "validity": 0.7279213333333333,
        "uniqueness": 0.7077786666666667,
        "novelty": 0.7042733333333333,
        "n_valid": 545941,
        "n_unique": 530834,
        "n_novel": 528205
    },
    "@800000": {
        "validity": 0.72765875,
        "uniqueness": 0.70692875,
        "novelty": 0.70349375,
        "n_valid": 582127,
        "n_unique": 565543,
        "n_novel": 562795
    },
    "@850000": {
        "validity": 0.72786,
        "uniqueness": 0.7065988235294117,
        "novelty": 0.7032270588235294,
        "n_valid": 618681,
        "n_unique": 600609,
        "n_novel": 597743
    },
    "@900000": {
        "validity": 0.7279144444444444,
        "uniqueness": 0.7061588888888889,
        "novelty": 0.7028322222222222,
        "n_valid": 655123,
        "n_unique": 635543,
        "n_novel": 632549
    },
    "@950000": {
        "validity": 0.7278494736842105,
        "uniqueness": 0.7055642105263158,
        "novelty": 0.7022726315789474,
        "n_valid": 691457,
        "n_unique": 670286,
        "n_novel": 667159
    },
    "@1000000": {
        "validity": 0.727924,
        "uniqueness": 0.705191,
        "novelty": 0.701952,
        "n_valid": 727924,
        "n_unique": 705191,
        "n_novel": 701952
    }
}