{
    "@50000": {
        "validity": 0.91138,
        "uniqueness": 0.85342,
        "novelty": 0.8438,
        "n_valid": 45569,
        "n_unique": 42671,
        "n_novel": 42190
    },
    "@100000": {
        "validity": 0.91138,
        "uniqueness": 0.83661,
        "novelty": 0.82853,
        "n_valid": 91138,
        "n_unique": 83661,
        "n_novel": 82853
    },
    "@150000": {
        "validity": 0.9107666666666666,
        "uniqueness": 0.8239466666666667,
        "novelty": 0.8169066666666667,
        "n_valid": 136615,
        "n_unique": 123592,
        "n_novel": 122536
    },
    "@200000": {
        "validity": 0.910245,
        "uniqueness": 0.814315,
        "novelty": 0.80774,
        "n_valid": 182049,
        "n_unique": 162863,
        "n_novel": 161548
    },
    "@250000": {
        "validity": 0.910288,
        "uniqueness": 0.807132,
        "novelty": 0.801112,
        "n_valid": 227572,
        "n_unique": 201783,
        "n_novel": 200278
    },
    "@300000": {
        "validity": 0.9098966666666667,
        "uniqueness": 0.8005366666666667,
        "novelty": 0.7948733333333333,
        "n_valid": 272969,
        "n_unique": 240161,
        "n_novel": 238462
    },
    "@350000": {
        "validity": 0.91016,
        "uniqueness": 0.7949057142857143,
        "novelty": 0.7894885714285714,
        "n_valid": 318556,
        "n_unique": 278217,
        "n_novel": 276321
    },
    "@400000": {
        "validity": 0.9105625,
        "uniqueness": 0.79019,
        "novelty": 0.78502,
        "n_valid": 364225,
        "n_unique": 316076,
        "n_novel": 314008
    },
    "@450000": {
        "validity": 0.9103866666666667,
        "uniqueness": 0.7853511111111111,
        "novelty": 0.7804022222222222,
        "n_valid": 409674,
        "n_unique": 353408,
        "n_novel": 351181
    },
    "@500000": {
        "validity": 0.910652,
        "uniqueness": 0.781674,
        "novelty": 0.776932,
        "n_valid": 455326,
        "n_unique": 390837,
        "n_novel": 388466
    },
    "@550000": {
        "validity": 0.9107472727272727,
        "uniqueness": 0.7779363636363636,
        "novelty": 0.77338,
        "n_valid": 500911,
        "n_unique": 427865,
        "n_novel": 425359
    },
    "@600000": {
        "validity": 0.9106883333333333,
        "uniqueness": 0.77426,
        "novelty": 0.7698333333333334,
        "n_valid": 546413,
        "n_unique": 464556,
        "n_novel": 461900
    },
    "@650000": {
        "validity": 0.9105553846153847,
        "uniqueness": 0.7708753846153846,
        "novelty": 0.7665830769230769,
        "n_valid": 591861,
        "n_unique": 501069,
        "n_novel": 498279
    },
    "@700000": {
        "validity": 0.9106757142857143,
        "uniqueness": 0.7677857142857143,
        "novelty": 0.7636128571428571,
        "n_valid": 637473,
        "n_unique": 537450,
        "n_novel": 534529
    },
    "@750000": {
        "validity": 0.9105666666666666,
        "uniqueness": 0.7648306666666667,
        "novelty": 0.7607453333333334,
        "n_valid": 682925,
        "n_unique": 573623,
        "n_novel": 570559
    },
    "@800000": {
        "validity": 0.9104725,
        "uniqueness": 0.76205625,
        "novelty": 0.7580625,
        "n_valid": 728378,
        "n_unique": 609645,
        "n_novel": 606450
    },
    "@850000": {
        "validity": 0.9102717647058823,
        "uniqueness": 0.7595094117647059,
        "novelty": 0.755604705882353,
        "n_valid": 773731,
        "n_unique": 645583,
        "n_novel": 642264
    },
    "@900000": {
        "validity": 0.9103211111111111,
        "uniqueness": 0.7570711111111111,
        "novelty": 0.75327,
        "n_valid": 819289,
        "n_unique": 681364,
        "n_novel": 677943
    },
    "@950000": {
        "validity": 0.9103315789473684,
        "uniqueness": 0.7545452631578947,
        "novelty": 0.7508221052631578,
        "n_valid": 864815,
        "n_unique": 716818,
        "n_novel": 713281
    },
    "@1000000": {
        "validity": 0.910284,
        "uniqueness": 0.752202,
        "novelty": 0.74855,
        "n_valid": 910284,
        "n_unique": 752202,
        "n_novel": 748550
    }
}