{
    "@50000": {
        "validity": 0.70276,
        "uniqueness": 0.64136,
        "novelty": 0.63486,
        "n_valid": 35138,
        "n_unique": 32068,
        "n_novel": 31743
    },
    "@100000": {
        "validity": 0.70123,
        "uniqueness": 0.62689,
        "novelty": 0.62176,
        "n_valid": 70123,
        "n_unique": 62689,
        "n_novel": 62176
    },
    "@150000": {
        "validity": 0.7008133333333333,
        "uniqueness": 0.6183466666666667,
        "novelty": 0.6140533333333333,
        "n_valid": 105122,
        "n_unique": 92752,
        "n_novel": 92108
    },
    "@200000": {
        "validity": 0.701965,
        "uniqueness": 0.61327,
        "novelty": 0.609485,
        "n_valid": 140393,
        "n_unique": 122654,
        "n_novel": 121897
    },
    "@250000": {
        "validity": 0.701188,
        "uniqueness": 0.60766,
        "novelty": 0.604224,
        "n_valid": 175297,
        "n_unique": 151915,
        "n_novel": 151056
    },
    "@300000": {
        "validity": 0.7012766666666667,
        "uniqueness": 0.60358,
        "novelty": 0.6003666666666667,
        "n_valid": 210383,
        "n_unique": 181074,
        "n_novel": 180110
    },
    "@350000": {
        "validity": 0.7010742857142858,
        "uniqueness": 0.5996971428571428,
        "novelty": 0.5967142857142858,
        "n_valid": 245376,
        "n_unique": 209894,
        "n_novel": 208850
    },
    "@400000": {
        "validity": 0.7015175,
        "uniqueness": 0.5970825,
        "novelty": 0.5942625,
        "n_valid": 280607,
        "n_unique": 238833,
        "n_novel": 237705
    },
    "@450000": {
        "validity": 0.7016577777777778,
        "uniqueness": 0.5947355555555556,
        "novelty": 0.5920444444444445,
        "n_valid": 315746,
        "n_unique": 267631,
        "n_novel": 266420
    },
    "@500000": {
        "validity": 0.701606,
        "uniqueness": 0.592296,
        "novelty": 0.589728,
        "n_valid": 350803,
        "n_unique": 296148,
        "n_novel": 294864
    },
    "@550000": {
        "validity": 0.701709090909091,
        "uniqueness": 0.5900909090909091,
        "novelty": 0.5876490909090909,
        "n_valid": 385940,
        "n_unique": 324550,
        "n_novel": 323207
    },
    "@600000": {
        "validity": 0.7016683333333333,
        "uniqueness": 0.5878833333333333,
        "novelty": 0.5855183333333334,
        "n_valid": 421001,
        "n_unique": 352730,
        "n_novel": 351311
    },
    "@650000": {
        "validity": 0.7018292307692308,
        "uniqueness": 0.5861984615384616,
        "novelty": 0.5839184615384615,
        "n_valid": 456189,
        "n_unique": 381029,
        "n_novel": 379547
    },
    "@700000": {
        "validity": 0.7017685714285714,
        "uniqueness": 0.5843242857142857,
        "novelty": 0.5821042857142857,
        "n_valid": 491238,
        "n_unique": 409027,
        "n_novel": 407473
    },
    "@750000": {
        "validity": 0.7017933333333334,
        "uniqueness": 0.5827,
        "novelty": 0.5805573333333334,
        "n_valid": 526345,
        "n_unique": 437025,
        "n_novel": 435418
    },
    "@800000": {
        "validity": 0.70162375,
        "uniqueness": 0.58095375,
        "novelty": 0.57889,
        "n_valid": 561299,
        "n_unique": 464763,
        "n_novel": 463112
    },
    "@850000": {
        "validity": 0.7015505882352941,
        "uniqueness": 0.5792329411764706,
        "novelty": 0.5772188235294118,
        "n_valid": 596318,
        "n_unique": 492348,
        "n_novel": 490636
    },
    "@900000": {
        "validity": 0.7015933333333333,
        "uniqueness": 0.5777555555555556,
        "novelty": 0.5757833333333333,
        "n_valid": 631434,
        "n_unique": 519980,
        "n_novel": 518205
    },
    "@950000": {
        "validity": 0.7017221052631579,
        "uniqueness": 0.5765115789473684,
        "novelty": 0.5745894736842105,
        "n_valid": 666636,
        "n_unique": 547686,
        "n_novel": 545860
    },
    "@1000000": {
        "validity": 0.701801,
        "uniqueness": 0.575282,
        "novelty": 0.573415,
        "n_valid": 701801,
        "n_unique": 575282,
        "n_novel": 573415
    }
}