{
    "@50000": {
        "validity": 0.95092,
        "uniqueness": 0.54662,
        "novelty": 0.54016,
        "n_valid": 47546,
        "n_unique": 27331,
        "n_novel": 27008
    },
    "@100000": {
        "validity": 0.95232,
        "uniqueness": 0.48634,
        "novelty": 0.48184,
        "n_valid": 95232,
        "n_unique": 48634,
        "n_novel": 48184
    },
    "@150000": {
        "validity": 0.9521933333333333,
        "uniqueness": 0.4526866666666667,
        "novelty": 0.44900666666666667,
        "n_valid": 142829,
        "n_unique": 67903,
        "n_novel": 67351
    },
    "@200000": {
        "validity": 0.95238,
        "uniqueness": 0.4292,
        "novelty": 0.425975,
        "n_valid": 190476,
        "n_unique": 85840,
        "n_novel": 85195
    },
    "@250000": {
        "validity": 0.952656,
        "uniqueness": 0.41198,
        "novelty": 0.409144,
        "n_valid": 238164,
        "n_unique": 102995,
        "n_novel": 102286
    },
    "@300000": {
        "validity": 0.9527066666666667,
        "uniqueness": 0.39792333333333335,
        "novelty": 0.3953333333333333,
        "n_valid": 285812,
        "n_unique": 119377,
        "n_novel": 118600
    },
    "@350000": {
        "validity": 0.9527057142857143,
        "uniqueness": 0.3863542857142857,
        "novelty": 0.38391714285714285,
        "n_valid": 333447,
        "n_unique": 135224,
        "n_novel": 134371
    },
    "@400000": {
        "validity": 0.95269,
        "uniqueness": 0.376245,
        "novelty": 0.3739825,
        "n_valid": 381076,
        "n_unique": 150498,
        "n_novel": 149593
    },
    "@450000": {
        "validity": 0.9528777777777778,
        "uniqueness": 0.36729333333333336,
        "novelty": 0.36520444444444444,
        "n_valid": 428795,
        "n_unique": 165282,
        "n_novel": 164342
    },
    "@500000": {
        "validity": 0.952938,
        "uniqueness": 0.35958,
        "novelty": 0.35761,
        "n_valid": 476469,
        "n_unique": 179790,
        "n_novel": 178805
    },
    "@550000": {
        "validity": 0.9530127272727272,
        "uniqueness": 0.3525981818181818,
        "novelty": 0.35071636363636366,
        "n_valid": 524157,
        "n_unique": 193929,
        "n_novel": 192894
    },
    "@600000": {
        "validity": 0.9531,
        "uniqueness": 0.34601333333333334,
        "novelty": 0.3442233333333333,
        "n_valid": 571860,
        "n_unique": 207608,
        "n_novel": 206534
    },
    "@650000": {
        "validity": 0.9530246153846154,
        "uniqueness": 0.34025076923076925,
        "novelty": 0.33853846153846157,
        "n_valid": 619466,
        "n_unique": 221163,
        "n_novel": 220050
    },
    "@700000": {
        "validity": 0.9529457142857143,
        "uniqueness": 0.33487428571428574,
        "novelty": 0.33322714285714283,
        "n_valid": 667062,
        "n_unique": 234412,
        "n_novel": 233259
    },
    "@750000": {
        "validity": 0.9529373333333333,
        "uniqueness": 0.329992,
        "novelty": 0.3284026666666667,
        "n_valid": 714703,
        "n_unique": 247494,
        "n_novel": 246302
    },
    "@800000": {
        "validity": 0.95288,
        "uniqueness": 0.32548875,
        "novelty": 0.323955,
        "n_valid": 762304,
        "n_unique": 260391,
        "n_novel": 259164
    },
    "@850000": {
        "validity": 0.9529023529411764,
        "uniqueness": 0.32120470588235295,
        "novelty": 0.31972117647058823,
        "n_valid": 809967,
        "n_unique": 273024,
        "n_novel": 271763
    },
    "@900000": {
        "validity": 0.9528277777777778,
        "uniqueness": 0.3172288888888889,
        "novelty": 0.3157933333333333,
        "n_valid": 857545,
        "n_unique": 285506,
        "n_novel": 284214
    },
    "@950000": {
        "validity": 0.9528221052631579,
        "uniqueness": 0.3136357894736842,
        "novelty": 0.312241052631579,
        "n_valid": 905181,
        "n_unique": 297954,
        "n_novel": 296629
    },
    "@1000000": {
        "validity": 0.95284,
        "uniqueness": 0.309992,
        "novelty": 0.308636,
        "n_valid": 952840,
        "n_unique": 309992,
        "n_novel": 308636
    }
}