{
    "@50000": {
        "validity": 0.98538,
        "uniqueness": 0.7024,
        "novelty": 0.67758,
        "n_valid": 49269,
        "n_unique": 35120,
        "n_novel": 33879
    },
    "@100000": {
        "validity": 0.98488,
        "uniqueness": 0.6613,
        "novelty": 0.64135,
        "n_valid": 98488,
        "n_unique": 66130,
        "n_novel": 64135
    },
    "@150000": {
        "validity": 0.9849933333333334,
        "uniqueness": 0.63588,
        "novelty": 0.6184333333333333,
        "n_valid": 147749,
        "n_unique": 95382,
        "n_novel": 92765
    },
    "@200000": {
        "validity": 0.985035,
        "uniqueness": 0.61711,
        "novelty": 0.60128,
        "n_valid": 197007,
        "n_unique": 123422,
        "n_novel": 120256
    },
    "@250000": {
        "validity": 0.984956,
        "uniqueness": 0.603032,
        "novelty": 0.588344,
        "n_valid": 246239,
        "n_unique": 150758,
        "n_novel": 147086
    },
    "@300000": {
        "validity": 0.98503,
        "uniqueness": 0.5917333333333333,
        "novelty": 0.5781266666666667,
        "n_valid": 295509,
        "n_unique": 177520,
        "n_novel": 173438
    },
    "@350000": {
        "validity": 0.9850657142857143,
        "uniqueness": 0.5822314285714286,
        "novelty": 0.5694057142857143,
        "n_valid": 344773,
        "n_unique": 203781,
        "n_novel": 199292
    },
    "@400000": {
        "validity": 0.9850775,
        "uniqueness": 0.573755,
        "novelty": 0.561525,
        "n_valid": 394031,
        "n_unique": 229502,
        "n_novel": 224610
    },
    "@450000": {
        "validity": 0.9851244444444445,
        "uniqueness": 0.5660977777777778,
        "novelty": 0.5543888888888889,
        "n_valid": 443306,
        "n_unique": 254744,
        "n_novel": 249475
    },
    "@500000": {
        "validity": 0.985072,
        "uniqueness": 0.559088,
        "novelty": 0.547884,
        "n_valid": 492536,
        "n_unique": 279544,
        "n_novel": 273942
    },
    "@550000": {
        "validity": 0.9851581818181818,
        "uniqueness": 0.5529145454545454,
        "novelty": 0.5421436363636364,
        "n_valid": 541837,
        "n_unique": 304103,
        "n_novel": 298179
    },
    "@600000": {
        "validity": 0.9850983333333333,
        "uniqueness": 0.5471133333333333,
        "novelty": 0.5366833333333333,
        "n_valid": 591059,
        "n_unique": 328268,
        "n_novel": 322010
    },
    "@650000": {
        "validity": 0.9850907692307692,
        "uniqueness": 0.5416353846153846,
        "novelty": 0.5315661538461538,
        "n_valid": 640309,
        "n_unique": 352063,
        "n_novel": 345518
    },
    "@700000": {
        "validity": 0.9851142857142857,
        "uniqueness": 0.5367614285714286,
        "novelty": 0.52698,
        "n_valid": 689580,
        "n_unique": 375733,
        "n_novel": 368886
    },
    "@750000": {
        "validity": 0.9850866666666667,
        "uniqueness": 0.5323693333333334,
        "novelty": 0.5228026666666666,
        "n_valid": 738815,
        "n_unique": 399277,
        "n_novel": 392102
    },
    "@800000": {
        "validity": 0.98515125,
        "uniqueness": 0.528105,
        "novelty": 0.518785,
        "n_valid": 788121,
        "n_unique": 422484,
        "n_novel": 415028
    },
    "@850000": {
        "validity": 0.9851894117647059,
        "uniqueness": 0.5242952941176471,
        "novelty": 0.5151882352941176,
        "n_valid": 837411,
        "n_unique": 445651,
        "n_novel": 437910
    },
    "@900000": {
        "validity": 0.9851733333333333,
        "uniqueness": 0.52057,
        "novelty": 0.5116811111111111,
        "n_valid": 886656,
        "n_unique": 468513,
        "n_novel": 460513
    },
    "@950000": {
        "validity": 0.9851705263157895,
        "uniqueness": 0.5172,
        "novelty": 0.5085136842105263,
        "n_valid": 935912,
        "n_unique": 491340,
        "n_novel": 483088
    },
    "@1000000": {
        "validity": 0.985169,
        "uniqueness": 0.513796,
        "novelty": 0.505283,
        "n_valid": 985169,
        "n_unique": 513796,
        "n_novel": 505283
    }
}