{
    "@50000": {
        "validity": 0.998,
        "uniqueness": 0.10802,
        "novelty": 0.1058,
        "n_valid": 49900,
        "n_unique": 5401,
        "n_novel": 5290
    },
    "@100000": {
        "validity": 0.99781,
        "uniqueness": 0.07906,
        "novelty": 0.07779,
        "n_valid": 99781,
        "n_unique": 7906,
        "n_novel": 7779
    },
    "@150000": {
        "validity": 0.9979266666666666,
        "uniqueness": 0.06463333333333333,
        "novelty": 0.06372,
        "n_valid": 149689,
        "n_unique": 9695,
        "n_novel": 9558
    },
    "@200000": {
        "validity": 0.99794,
        "uniqueness": 0.05577,
        "novelty": 0.055065,
        "n_valid": 199588,
        "n_unique": 11154,
        "n_novel": 11013
    },
    "@250000": {
        "validity": 0.9979,
        "uniqueness": 0.049468,
        "novelty": 0.0489,
        "n_valid": 249475,
        "n_unique": 12367,
        "n_novel": 12225
    },
    "@300000": {
        "validity": 0.9979233333333334,
        "uniqueness": 0.045053333333333334,
        "novelty": 0.044566666666666664,
        "n_valid": 299377,
        "n_unique": 13516,
        "n_novel": 13370
    },
    "@350000": {
        "validity": 0.9979514285714286,
        "uniqueness": 0.04139142857142857,
        "novelty": 0.04096857142857143,
        "n_valid": 349283,
        "n_unique": 14487,
        "n_novel": 14339
    },
    "@400000": {
        "validity": 0.99798,
        "uniqueness": 0.0384,
        "novelty": 0.03802,
        "n_valid": 399192,
        "n_unique": 15360,
        "n_novel": 15208
    },
    "@450000": {
        "validity": 0.9979666666666667,
        "uniqueness": 0.03581111111111111,
        "novelty": 0.03546888888888889,
        "n_valid": 449085,
        "n_unique": 16115,
        "n_novel": 15961
    },
    "@500000": {
        "validity": 0.99794,
        "uniqueness": 0.03376,
        "novelty": 0.033448,
        "n_valid": 498970,
        "n_unique": 16880,
        "n_novel": 16724
    },
    "@550000": {
        "validity": 0.9979327272727273,
        "uniqueness": 0.03192,
        "novelty": 0.031636363636363636,
        "n_valid": 548863,
        "n_unique": 17556,
        "n_novel": 17400
    },
    "@600000": {
        "validity": 0.9979466666666666,
        "uniqueness": 0.030351666666666666,
        "novelty": 0.03009,
        "n_valid": 598768,
        "n_unique": 18211,
        "n_novel": 18054
    },
    "@650000": {
        "validity": 0.997936923076923,
        "uniqueness": 0.02893230769230769,
        "novelty": 0.02869076923076923,
        "n_valid": 648659,
        "n_unique": 18806,
        "n_novel": 18649
    },
    "@700000": {
        "validity": 0.9979442857142857,
        "uniqueness": 0.02763857142857143,
        "novelty": 0.02741285714285714,
        "n_valid": 698561,
        "n_unique": 19347,
        "n_novel": 19189
    },
    "@750000": {
        "validity": 0.9979613333333334,
        "uniqueness": 0.026504,
        "novelty": 0.026293333333333332,
        "n_valid": 748471,
        "n_unique": 19878,
        "n_novel": 19720
    },
    "@800000": {
        "validity": 0.997955,
        "uniqueness": 0.02552,
        "novelty": 0.0253225,
        "n_valid": 798364,
        "n_unique": 20416,
        "n_novel": 20258
    },
    "@850000": {
        "validity": 0.9979388235294118,
        "uniqueness": 0.024612941176470587,
        "novelty": 0.024427058823529413,
        "n_valid": 848248,
        "n_unique": 20921,
        "n_novel": 20763
    },
    "@900000": {
        "validity": 0.9979511111111111,
        "uniqueness": 0.023747777777777777,
        "novelty": 0.023571111111111112,
        "n_valid": 898156,
        "n_unique": 21373,
        "n_novel": 21214
    },
    "@950000": {
        "validity": 0.9979652631578947,
        "uniqueness": 0.02295894736842105,
        "novelty": 0.02279157894736842,
        "n_valid": 948067,
        "n_unique": 21811,
        "n_novel": 21652
    },
    "@1000000": {
        "validity": 0.997977,
        "uniqueness": 0.022245,
        "novelty": 0.022086,
        "n_valid": 997977,
        "n_unique": 22245,
        "n_novel": 22086
    }
}