{
    "@50000": {
        "validity": 0.93646,
        "uniqueness": 0.86566,
        "novelty": 0.8541,
        "n_valid": 46823,
        "n_unique": 43283,
        "n_novel": 42705
    },
    "@100000": {
        "validity": 0.93685,
        "uniqueness": 0.84142,
        "novelty": 0.83251,
        "n_valid": 93685,
        "n_unique": 84142,
        "n_novel": 83251
    },
    "@150000": {
        "validity": 0.9370533333333333,
        "uniqueness": 0.8242066666666666,
        "novelty": 0.8168333333333333,
        "n_valid": 140558,
        "n_unique": 123631,
        "n_novel": 122525
    },
    "@200000": {
        "validity": 0.936885,
        "uniqueness": 0.810605,
        "novelty": 0.80406,
        "n_valid": 187377,
        "n_unique": 162121,
        "n_novel": 160812
    },
    "@250000": {
        "validity": 0.936968,
        "uniqueness": 0.799988,
        "novelty": 0.793984,
        "n_valid": 234242,
        "n_unique": 199997,
        "n_novel": 198496
    },
    "@300000": {
        "validity": 0.9369166666666666,
        "uniqueness": 0.79066,
        "novelty": 0.78514,
        "n_valid": 281075,
        "n_unique": 237198,
        "n_novel": 235542
    },
    "@350000": {
        "validity": 0.9370428571428572,
        "uniqueness": 0.7832771428571429,
        "novelty": 0.7780771428571429,
        "n_valid": 327965,
        "n_unique": 274147,
        "n_novel": 272327
    },
    "@400000": {
        "validity": 0.937105,
        "uniqueness": 0.7763075,
        "novelty": 0.77139,
        "n_valid": 374842,
        "n_unique": 310523,
        "n_novel": 308556
    },
    "@450000": {
        "validity": 0.9371533333333333,
        "uniqueness": 0.7699066666666666,
        "novelty": 0.7653133333333333,
        "n_valid": 421719,
        "n_unique": 346458,
        "n_novel": 344391
    },
    "@500000": {
        "validity": 0.937226,
        "uniqueness": 0.763892,
        "novelty": 0.75959,
        "n_valid": 468613,
        "n_unique": 381946,
        "n_novel": 379795
    },
    "@550000": {
        "validity": 0.9371781818181818,
        "uniqueness": 0.7585927272727273,
        "novelty": 0.7544854545454546,
        "n_valid": 515448,
        "n_unique": 417226,
        "n_novel": 414967
    },
    "@600000": {
        "validity": 0.937235,
        "uniqueness": 0.75369,
        "novelty": 0.7497683333333334,
        "n_valid": 562341,
        "n_unique": 452214,
        "n_novel": 449861
    },
    "@650000": {
        "validity": 0.9372938461538461,
        "uniqueness": 0.749236923076923,
        "novelty": 0.7454815384615384,
        "n_valid": 609241,
        "n_unique": 487004,
        "n_novel": 484563
    },
    "@700000": {
        "validity": 0.9372328571428571,
        "uniqueness": 0.7452028571428572,
        "novelty": 0.7415971428571428,
        "n_valid": 656063,
        "n_unique": 521642,
        "n_novel": 519118
    },
    "@750000": {
        "validity": 0.937272,
        "uniqueness": 0.74126,
        "novelty": 0.737788,
        "n_valid": 702954,
        "n_unique": 555945,
        "n_novel": 553341
    },
    "@800000": {
        "validity": 0.93723625,
        "uniqueness": 0.73743375,
        "novelty": 0.734075,
        "n_valid": 749789,
        "n_unique": 589947,
        "n_novel": 587260
    },
    "@850000": {
        "validity": 0.9373117647058824,
        "uniqueness": 0.7338823529411764,
        "novelty": 0.7306458823529411,
        "n_valid": 796715,
        "n_unique": 623800,
        "n_novel": 621049
    },
    "@900000": {
        "validity": 0.9371877777777777,
        "uniqueness": 0.7305555555555555,
        "novelty": 0.7274166666666667,
        "n_valid": 843469,
        "n_unique": 657500,
        "n_novel": 654675
    },
    "@950000": {
        "validity": 0.9372136842105263,
        "uniqueness": 0.7274631578947368,
        "novelty": 0.7244063157894737,
        "n_valid": 890353,
        "n_unique": 691090,
        "n_novel": 688186
    },
    "@1000000": {
        "validity": 0.937304,
        "uniqueness": 0.724416,
        "novelty": 0.72145,
        "n_valid": 937304,
        "n_unique": 724416,
        "n_novel": 721450
    }
}