{
    "@50000": {
        "validity": 0.992,
        "uniqueness": 0.36898,
        "novelty": 0.35266,
        "n_valid": 49600,
        "n_unique": 18449,
        "n_novel": 17633
    },
    "@100000": {
        "validity": 0.99241,
        "uniqueness": 0.31411,
        "novelty": 0.30257,
        "n_valid": 99241,
        "n_unique": 31411,
        "n_novel": 30257
    },
    "@150000": {
        "validity": 0.99206,
        "uniqueness": 0.28539333333333333,
        "novelty": 0.2760533333333333,
        "n_valid": 148809,
        "n_unique": 42809,
        "n_novel": 41408
    },
    "@200000": {
        "validity": 0.99202,
        "uniqueness": 0.266255,
        "novelty": 0.258225,
        "n_valid": 198404,
        "n_unique": 53251,
        "n_novel": 51645
    },
    "@250000": {
        "validity": 0.992076,
        "uniqueness": 0.25206,
        "novelty": 0.24492,
        "n_valid": 248019,
        "n_unique": 63015,
        "n_novel": 61230
    },
    "@300000": {
        "validity": 0.9921866666666667,
        "uniqueness": 0.24092333333333332,
        "novelty": 0.23441666666666666,
        "n_valid": 297656,
        "n_unique": 72277,
        "n_novel": 70325
    },
    "@350000": {
        "validity": 0.9922114285714285,
        "uniqueness": 0.23129142857142856,
        "novelty": 0.22534857142857143,
        "n_valid": 347274,
        "n_unique": 80952,
        "n_novel": 78872
    },
    "@400000": {
        "validity": 0.99227,
        "uniqueness": 0.2235325,
        "novelty": 0.21803,
        "n_valid": 396908,
        "n_unique": 89413,
        "n_novel": 87212
    },
    "@450000": {
        "validity": 0.99232,
        "uniqueness": 0.21667777777777777,
        "novelty": 0.21156666666666665,
        "n_valid": 446544,
        "n_unique": 97505,
        "n_novel": 95205
    },
    "@500000": {
        "validity": 0.99238,
        "uniqueness": 0.21061,
        "novelty": 0.205796,
        "n_valid": 496190,
        "n_unique": 105305,
        "n_novel": 102898
    },
    "@550000": {
        "validity": 0.9923054545454545,
        "uniqueness": 0.20510545454545454,
        "novelty": 0.20054727272727274,
        "n_valid": 545768,
        "n_unique": 112808,
        "n_novel": 110301
    },
    "@600000": {
        "validity": 0.9923216666666667,
        "uniqueness": 0.20037333333333332,
        "novelty": 0.19608,
        "n_valid": 595393,
        "n_unique": 120224,
        "n_novel": 117648
    },
    "@650000": {
        "validity": 0.9923153846153846,
        "uniqueness": 0.19598615384615384,
        "novelty": 0.19190153846153846,
        "n_valid": 645005,
        "n_unique": 127391,
        "n_novel": 124736
    },
    "@700000": {
        "validity": 0.9922957142857143,
        "uniqueness": 0.19196428571428573,
        "novelty": 0.18805285714285713,
        "n_valid": 694607,
        "n_unique": 134375,
        "n_novel": 131637
    },
    "@750000": {
        "validity": 0.992232,
        "uniqueness": 0.18815066666666666,
        "novelty": 0.184388,
        "n_valid": 744174,
        "n_unique": 141113,
        "n_novel": 138291
    },
    "@800000": {
        "validity": 0.9922175,
        "uniqueness": 0.18457,
        "novelty": 0.1809675,
        "n_valid": 793774,
        "n_unique": 147656,
        "n_novel": 144774
    },
    "@850000": {
        "validity": 0.9922541176470588,
        "uniqueness": 0.18146117647058824,
        "novelty": 0.17799294117647058,
        "n_valid": 843416,
        "n_unique": 154242,
        "n_novel": 151294
    },
    "@900000": {
        "validity": 0.9922555555555556,
        "uniqueness": 0.1785422222222222,
        "novelty": 0.17519333333333334,
        "n_valid": 893030,
        "n_unique": 160688,
        "n_novel": 157674
    },
    "@950000": {
        "validity": 0.9922157894736842,
        "uniqueness": 0.17586315789473683,
        "novelty": 0.17262315789473684,
        "n_valid": 942605,
        "n_unique": 167070,
        "n_novel": 163992
    },
    "@1000000": {
        "validity": 0.992227,
        "uniqueness": 0.173276,
        "novelty": 0.170137,
        "n_valid": 992227,
        "n_unique": 173276,
        "n_novel": 170137
    }
}