{
    "train_loss": [
        0.6806890606880188,
        0.5673523366451263,
        0.4980126440525055,
        0.4578682482242584,
        0.4154252171516418,
        0.3864190697669983,
        0.37102778553962706,
        0.34341241121292115,
        0.33005477488040924
    ],
    "val_loss": [
        0.5527049452066422,
        0.5015097633004189,
        0.4654882103204727,
        0.45061492919921875,
        0.4398474544286728,
        0.4291003942489624,
        0.43778830021619797,
        0.4367908239364624,
        0.4334218353033066
    ]
}