{
    "@50000": {
        "validity": 0.91162,
        "uniqueness": 0.87366,
        "novelty": 0.86762,
        "n_valid": 45581,
        "n_unique": 43683,
        "n_novel": 43381
    },
    "@100000": {
        "validity": 0.91161,
        "uniqueness": 0.85574,
        "novelty": 0.85041,
        "n_valid": 91161,
        "n_unique": 85574,
        "n_novel": 85041
    },
    "@150000": {
        "validity": 0.9113933333333334,
        "uniqueness": 0.84394,
        "novelty": 0.83918,
        "n_valid": 136709,
        "n_unique": 126591,
        "n_novel": 125877
    },
    "@200000": {
        "validity": 0.911235,
        "uniqueness": 0.83419,
        "novelty": 0.829735,
        "n_valid": 182247,
        "n_unique": 166838,
        "n_novel": 165947
    },
    "@250000": {
        "validity": 0.91126,
        "uniqueness": 0.826156,
        "novelty": 0.822036,
        "n_valid": 227815,
        "n_unique": 206539,
        "n_novel": 205509
    },
    "@300000": {
        "validity": 0.9110933333333333,
        "uniqueness": 0.8194666666666667,
        "novelty": 0.8156466666666666,
        "n_valid": 273328,
        "n_unique": 245840,
        "n_novel": 244694
    },
    "@350000": {
        "validity": 0.9111057142857143,
        "uniqueness": 0.8136342857142858,
        "novelty": 0.8100742857142857,
        "n_valid": 318887,
        "n_unique": 284772,
        "n_novel": 283526
    },
    "@400000": {
        "validity": 0.9110525,
        "uniqueness": 0.8079675,
        "novelty": 0.8045675,
        "n_valid": 364421,
        "n_unique": 323187,
        "n_novel": 321827
    },
    "@450000": {
        "validity": 0.9111733333333333,
        "uniqueness": 0.8031355555555556,
        "novelty": 0.7998866666666666,
        "n_valid": 410028,
        "n_unique": 361411,
        "n_novel": 359949
    },
    "@500000": {
        "validity": 0.91115,
        "uniqueness": 0.79874,
        "novelty": 0.795638,
        "n_valid": 455575,
        "n_unique": 399370,
        "n_novel": 397819
    },
    "@550000": {
        "validity": 0.9113018181818182,
        "uniqueness": 0.7946836363636364,
        "novelty": 0.7916890909090909,
        "n_valid": 501216,
        "n_unique": 437076,
        "n_novel": 435429
    },
    "@600000": {
        "validity": 0.9112316666666667,
        "uniqueness": 0.790975,
        "novelty": 0.7880933333333333,
        "n_valid": 546739,
        "n_unique": 474585,
        "n_novel": 472856
    },
    "@650000": {
        "validity": 0.9112353846153847,
        "uniqueness": 0.7873907692307692,
        "novelty": 0.7846046153846153,
        "n_valid": 592303,
        "n_unique": 511804,
        "n_novel": 509993
    },
    "@700000": {
        "validity": 0.9112685714285714,
        "uniqueness": 0.7840857142857143,
        "novelty": 0.7813928571428571,
        "n_valid": 637888,
        "n_unique": 548860,
        "n_novel": 546975
    },
    "@750000": {
        "validity": 0.911396,
        "uniqueness": 0.78108,
        "novelty": 0.778468,
        "n_valid": 683547,
        "n_unique": 585810,
        "n_novel": 583851
    },
    "@800000": {
        "validity": 0.91143125,
        "uniqueness": 0.77841625,
        "novelty": 0.77586375,
        "n_valid": 729145,
        "n_unique": 622733,
        "n_novel": 620691
    },
    "@850000": {
        "validity": 0.9114364705882353,
        "uniqueness": 0.7755776470588235,
        "novelty": 0.7730835294117647,
        "n_valid": 774721,
        "n_unique": 659241,
        "n_novel": 657121
    },
    "@900000": {
        "validity": 0.9114533333333333,
        "uniqueness": 0.7729066666666666,
        "novelty": 0.7704766666666667,
        "n_valid": 820308,
        "n_unique": 695616,
        "n_novel": 693429
    },
    "@950000": {
        "validity": 0.9114484210526316,
        "uniqueness": 0.77038,
        "novelty": 0.7679915789473685,
        "n_valid": 865876,
        "n_unique": 731861,
        "n_novel": 729592
    },
    "@1000000": {
        "validity": 0.911416,
        "uniqueness": 0.767942,
        "novelty": 0.76562,
        "n_valid": 911416,
        "n_unique": 767942,
        "n_novel": 765620
    }
}