{
    "@50000": {
        "validity": 0.94796,
        "uniqueness": 0.06084,
        "novelty": 0.05972,
        "n_valid": 47398,
        "n_unique": 3042,
        "n_novel": 2986
    },
    "@100000": {
        "validity": 0.94796,
        "uniqueness": 0.04129,
        "novelty": 0.04072,
        "n_valid": 94796,
        "n_unique": 4129,
        "n_novel": 4072
    },
    "@150000": {
        "validity": 0.9474066666666666,
        "uniqueness": 0.03322666666666667,
        "novelty": 0.03282,
        "n_valid": 142111,
        "n_unique": 4984,
        "n_novel": 4923
    },
    "@200000": {
        "validity": 0.94715,
        "uniqueness": 0.02844,
        "novelty": 0.028135,
        "n_valid": 189430,
        "n_unique": 5688,
        "n_novel": 5627
    },
    "@250000": {
        "validity": 0.947,
        "uniqueness": 0.025092,
        "novelty": 0.024848,
        "n_valid": 236750,
        "n_unique": 6273,
        "n_novel": 6212
    },
    "@300000": {
        "validity": 0.9468166666666666,
        "uniqueness": 0.022583333333333334,
        "novelty": 0.02238,
        "n_valid": 284045,
        "n_unique": 6775,
        "n_novel": 6714
    },
    "@350000": {
        "validity": 0.9469342857142857,
        "uniqueness": 0.020702857142857144,
        "novelty": 0.020528571428571427,
        "n_valid": 331427,
        "n_unique": 7246,
        "n_novel": 7185
    },
    "@400000": {
        "validity": 0.946795,
        "uniqueness": 0.019105,
        "novelty": 0.0189525,
        "n_valid": 378718,
        "n_unique": 7642,
        "n_novel": 7581
    },
    "@450000": {
        "validity": 0.9468911111111111,
        "uniqueness": 0.01793111111111111,
        "novelty": 0.017795555555555554,
        "n_valid": 426101,
        "n_unique": 8069,
        "n_novel": 8008
    },
    "@500000": {
        "validity": 0.946936,
        "uniqueness": 0.016814,
        "novelty": 0.016692,
        "n_valid": 473468,
        "n_unique": 8407,
        "n_novel": 8346
    },
    "@550000": {
        "validity": 0.9467763636363636,
        "uniqueness": 0.015936363636363637,
        "novelty": 0.015825454545454545,
        "n_valid": 520727,
        "n_unique": 8765,
        "n_novel": 8704
    },
    "@600000": {
        "validity": 0.9466866666666667,
        "uniqueness": 0.015186666666666666,
        "novelty": 0.015085,
        "n_valid": 568012,
        "n_unique": 9112,
        "n_novel": 9051
    },
    "@650000": {
        "validity": 0.9466015384615385,
        "uniqueness": 0.014481538461538462,
        "novelty": 0.014387692307692308,
        "n_valid": 615291,
        "n_unique": 9413,
        "n_novel": 9352
    },
    "@700000": {
        "validity": 0.9466114285714285,
        "uniqueness": 0.013854285714285715,
        "novelty": 0.013765714285714286,
        "n_valid": 662628,
        "n_unique": 9698,
        "n_novel": 9636
    },
    "@750000": {
        "validity": 0.9465733333333334,
        "uniqueness": 0.013321333333333333,
        "novelty": 0.013238666666666666,
        "n_valid": 709930,
        "n_unique": 9991,
        "n_novel": 9929
    },
    "@800000": {
        "validity": 0.94650375,
        "uniqueness": 0.01281125,
        "novelty": 0.0127325,
        "n_valid": 757203,
        "n_unique": 10249,
        "n_novel": 10186
    },
    "@850000": {
        "validity": 0.9464976470588236,
        "uniqueness": 0.012363529411764706,
        "novelty": 0.012289411764705882,
        "n_valid": 804523,
        "n_unique": 10509,
        "n_novel": 10446
    },
    "@900000": {
        "validity": 0.9465344444444445,
        "uniqueness": 0.011935555555555555,
        "novelty": 0.011865555555555556,
        "n_valid": 851881,
        "n_unique": 10742,
        "n_novel": 10679
    },
    "@950000": {
        "validity": 0.9465031578947368,
        "uniqueness": 0.011584210526315789,
        "novelty": 0.011517894736842105,
        "n_valid": 899178,
        "n_unique": 11005,
        "n_novel": 10942
    },
    "@1000000": {
        "validity": 0.946555,
        "uniqueness": 0.011236,
        "novelty": 0.011173,
        "n_valid": 946555,
        "n_unique": 11236,
        "n_novel": 11173
    }
}