{
    "@50000": {
        "validity": 0.9721,
        "uniqueness": 0.7028,
        "novelty": 0.69492,
        "n_valid": 48605,
        "n_unique": 35140,
        "n_novel": 34746
    },
    "@100000": {
        "validity": 0.9717,
        "uniqueness": 0.64049,
        "novelty": 0.63505,
        "n_valid": 97170,
        "n_unique": 64049,
        "n_novel": 63505
    },
    "@150000": {
        "validity": 0.97102,
        "uniqueness": 0.6004466666666667,
        "novelty": 0.5961733333333333,
        "n_valid": 145653,
        "n_unique": 90067,
        "n_novel": 89426
    },
    "@200000": {
        "validity": 0.97083,
        "uniqueness": 0.57337,
        "novelty": 0.56977,
        "n_valid": 194166,
        "n_unique": 114674,
        "n_novel": 113954
    },
    "@250000": {
        "validity": 0.971096,
        "uniqueness": 0.552684,
        "novelty": 0.549552,
        "n_valid": 242774,
        "n_unique": 138171,
        "n_novel": 137388
    },
    "@300000": {
        "validity": 0.9709133333333333,
        "uniqueness": 0.5360166666666667,
        "novelty": 0.5332733333333334,
        "n_valid": 291274,
        "n_unique": 160805,
        "n_novel": 159982
    },
    "@350000": {
        "validity": 0.9710742857142857,
        "uniqueness": 0.5220714285714285,
        "novelty": 0.5196257142857142,
        "n_valid": 339876,
        "n_unique": 182725,
        "n_novel": 181869
    },
    "@400000": {
        "validity": 0.9711075,
        "uniqueness": 0.5095525,
        "novelty": 0.50735,
        "n_valid": 388443,
        "n_unique": 203821,
        "n_novel": 202940
    },
    "@450000": {
        "validity": 0.9709955555555555,
        "uniqueness": 0.4984,
        "novelty": 0.49638666666666664,
        "n_valid": 436948,
        "n_unique": 224280,
        "n_novel": 223374
    },
    "@500000": {
        "validity": 0.970886,
        "uniqueness": 0.48821,
        "novelty": 0.48635,
        "n_valid": 485443,
        "n_unique": 244105,
        "n_novel": 243175
    },
    "@550000": {
        "validity": 0.9709381818181818,
        "uniqueness": 0.4793581818181818,
        "novelty": 0.47762,
        "n_valid": 534016,
        "n_unique": 263647,
        "n_novel": 262691
    },
    "@600000": {
        "validity": 0.970905,
        "uniqueness": 0.471325,
        "novelty": 0.46969333333333335,
        "n_valid": 582543,
        "n_unique": 282795,
        "n_novel": 281816
    },
    "@650000": {
        "validity": 0.9708307692307693,
        "uniqueness": 0.46409076923076925,
        "novelty": 0.46256,
        "n_valid": 631040,
        "n_unique": 301659,
        "n_novel": 300664
    },
    "@700000": {
        "validity": 0.9708842857142858,
        "uniqueness": 0.45734142857142857,
        "novelty": 0.4558885714285714,
        "n_valid": 679619,
        "n_unique": 320139,
        "n_novel": 319122
    },
    "@750000": {
        "validity": 0.9709186666666667,
        "uniqueness": 0.45116,
        "novelty": 0.4497773333333333,
        "n_valid": 728189,
        "n_unique": 338370,
        "n_novel": 337333
    },
    "@800000": {
        "validity": 0.97092625,
        "uniqueness": 0.44541,
        "novelty": 0.44409375,
        "n_valid": 776741,
        "n_unique": 356328,
        "n_novel": 355275
    },
    "@850000": {
        "validity": 0.970935294117647,
        "uniqueness": 0.4398458823529412,
        "novelty": 0.4385941176470588,
        "n_valid": 825295,
        "n_unique": 373869,
        "n_novel": 372805
    },
    "@900000": {
        "validity": 0.9709122222222222,
        "uniqueness": 0.43479555555555555,
        "novelty": 0.43359555555555557,
        "n_valid": 873821,
        "n_unique": 391316,
        "n_novel": 390236
    },
    "@950000": {
        "validity": 0.9708242105263157,
        "uniqueness": 0.42998526315789476,
        "novelty": 0.4288357894736842,
        "n_valid": 922283,
        "n_unique": 408486,
        "n_novel": 407394
    },
    "@1000000": {
        "validity": 0.970851,
        "uniqueness": 0.425748,
        "novelty": 0.424641,
        "n_valid": 970851,
        "n_unique": 425748,
        "n_novel": 424641
    }
}