{
    "@50000": {
        "validity": 0.979,
        "uniqueness": 0.42414,
        "novelty": 0.42192,
        "n_valid": 48950,
        "n_unique": 21207,
        "n_novel": 21096
    },
    "@100000": {
        "validity": 0.97933,
        "uniqueness": 0.35498,
        "novelty": 0.35372,
        "n_valid": 97933,
        "n_unique": 35498,
        "n_novel": 35372
    },
    "@150000": {
        "validity": 0.97936,
        "uniqueness": 0.31812666666666667,
        "novelty": 0.3172466666666667,
        "n_valid": 146904,
        "n_unique": 47719,
        "n_novel": 47587
    },
    "@200000": {
        "validity": 0.97926,
        "uniqueness": 0.292555,
        "novelty": 0.29188,
        "n_valid": 195852,
        "n_unique": 58511,
        "n_novel": 58376
    },
    "@250000": {
        "validity": 0.979172,
        "uniqueness": 0.274312,
        "novelty": 0.273756,
        "n_valid": 244793,
        "n_unique": 68578,
        "n_novel": 68439
    },
    "@300000": {
        "validity": 0.9791133333333333,
        "uniqueness": 0.26032,
        "novelty": 0.2598533333333333,
        "n_valid": 293734,
        "n_unique": 78096,
        "n_novel": 77956
    },
    "@350000": {
        "validity": 0.9792171428571429,
        "uniqueness": 0.2491657142857143,
        "novelty": 0.24874857142857143,
        "n_valid": 342726,
        "n_unique": 87208,
        "n_novel": 87062
    },
    "@400000": {
        "validity": 0.97918,
        "uniqueness": 0.23943,
        "novelty": 0.23906,
        "n_valid": 391672,
        "n_unique": 95772,
        "n_novel": 95624
    },
    "@450000": {
        "validity": 0.9791177777777778,
        "uniqueness": 0.23092,
        "novelty": 0.23058666666666666,
        "n_valid": 440603,
        "n_unique": 103914,
        "n_novel": 103764
    },
    "@500000": {
        "validity": 0.979092,
        "uniqueness": 0.223602,
        "novelty": 0.223298,
        "n_valid": 489546,
        "n_unique": 111801,
        "n_novel": 111649
    },
    "@550000": {
        "validity": 0.9791436363636363,
        "uniqueness": 0.21722545454545455,
        "novelty": 0.21694545454545455,
        "n_valid": 538529,
        "n_unique": 119474,
        "n_novel": 119320
    },
    "@600000": {
        "validity": 0.979145,
        "uniqueness": 0.21144166666666667,
        "novelty": 0.211185,
        "n_valid": 587487,
        "n_unique": 126865,
        "n_novel": 126711
    },
    "@650000": {
        "validity": 0.9791384615384615,
        "uniqueness": 0.20622615384615384,
        "novelty": 0.20598923076923076,
        "n_valid": 636440,
        "n_unique": 134047,
        "n_novel": 133893
    },
    "@700000": {
        "validity": 0.9791785714285715,
        "uniqueness": 0.2016557142857143,
        "novelty": 0.2014342857142857,
        "n_valid": 685425,
        "n_unique": 141159,
        "n_novel": 141004
    },
    "@750000": {
        "validity": 0.979148,
        "uniqueness": 0.19716133333333333,
        "novelty": 0.19695466666666667,
        "n_valid": 734361,
        "n_unique": 147871,
        "n_novel": 147716
    },
    "@800000": {
        "validity": 0.97915625,
        "uniqueness": 0.19307,
        "novelty": 0.19287625,
        "n_valid": 783325,
        "n_unique": 154456,
        "n_novel": 154301
    },
    "@850000": {
        "validity": 0.9791341176470588,
        "uniqueness": 0.1894035294117647,
        "novelty": 0.18922,
        "n_valid": 832264,
        "n_unique": 160993,
        "n_novel": 160837
    },
    "@900000": {
        "validity": 0.9791077777777778,
        "uniqueness": 0.18608666666666668,
        "novelty": 0.18591222222222223,
        "n_valid": 881197,
        "n_unique": 167478,
        "n_novel": 167321
    },
    "@950000": {
        "validity": 0.9790852631578948,
        "uniqueness": 0.18283263157894736,
        "novelty": 0.18266736842105263,
        "n_valid": 930131,
        "n_unique": 173691,
        "n_novel": 173534
    },
    "@1000000": {
        "validity": 0.97905,
        "uniqueness": 0.17981,
        "novelty": 0.179653,
        "n_valid": 979050,
        "n_unique": 179810,
        "n_novel": 179653
    }
}