{
    "@50000": {
        "validity": 0.9974,
        "uniqueness": 0.35306,
        "novelty": 0.34264,
        "n_valid": 49870,
        "n_unique": 17653,
        "n_novel": 17132
    },
    "@100000": {
        "validity": 0.99761,
        "uniqueness": 0.27352,
        "novelty": 0.26746,
        "n_valid": 99761,
        "n_unique": 27352,
        "n_novel": 26746
    },
    "@150000": {
        "validity": 0.99764,
        "uniqueness": 0.23364666666666667,
        "novelty": 0.22932666666666668,
        "n_valid": 149646,
        "n_unique": 35047,
        "n_novel": 34399
    },
    "@200000": {
        "validity": 0.99752,
        "uniqueness": 0.20675,
        "novelty": 0.203335,
        "n_valid": 199504,
        "n_unique": 41350,
        "n_novel": 40667
    },
    "@250000": {
        "validity": 0.99752,
        "uniqueness": 0.18764,
        "novelty": 0.184828,
        "n_valid": 249380,
        "n_unique": 46910,
        "n_novel": 46207
    },
    "@300000": {
        "validity": 0.9974766666666667,
        "uniqueness": 0.17314333333333334,
        "novelty": 0.17074666666666666,
        "n_valid": 299243,
        "n_unique": 51943,
        "n_novel": 51224
    },
    "@350000": {
        "validity": 0.9974742857142858,
        "uniqueness": 0.16178857142857142,
        "novelty": 0.1597,
        "n_valid": 349116,
        "n_unique": 56626,
        "n_novel": 55895
    },
    "@400000": {
        "validity": 0.997525,
        "uniqueness": 0.1525875,
        "novelty": 0.15075,
        "n_valid": 399010,
        "n_unique": 61035,
        "n_novel": 60300
    },
    "@450000": {
        "validity": 0.9975444444444445,
        "uniqueness": 0.14446666666666666,
        "novelty": 0.1428088888888889,
        "n_valid": 448895,
        "n_unique": 65010,
        "n_novel": 64264
    },
    "@500000": {
        "validity": 0.997512,
        "uniqueness": 0.137414,
        "novelty": 0.135906,
        "n_valid": 498756,
        "n_unique": 68707,
        "n_novel": 67953
    },
    "@550000": {
        "validity": 0.997450909090909,
        "uniqueness": 0.13139818181818183,
        "novelty": 0.13002,
        "n_valid": 548598,
        "n_unique": 72269,
        "n_novel": 71511
    },
    "@600000": {
        "validity": 0.9974433333333333,
        "uniqueness": 0.126095,
        "novelty": 0.12482666666666667,
        "n_valid": 598466,
        "n_unique": 75657,
        "n_novel": 74896
    },
    "@650000": {
        "validity": 0.9974338461538461,
        "uniqueness": 0.12132923076923077,
        "novelty": 0.12014461538461539,
        "n_valid": 648332,
        "n_unique": 78864,
        "n_novel": 78094
    },
    "@700000": {
        "validity": 0.9974085714285714,
        "uniqueness": 0.11698857142857143,
        "novelty": 0.11588428571428572,
        "n_valid": 698186,
        "n_unique": 81892,
        "n_novel": 81119
    },
    "@750000": {
        "validity": 0.99742,
        "uniqueness": 0.11309466666666666,
        "novelty": 0.11205466666666666,
        "n_valid": 748065,
        "n_unique": 84821,
        "n_novel": 84041
    },
    "@800000": {
        "validity": 0.9974275,
        "uniqueness": 0.109605,
        "novelty": 0.10862125,
        "n_valid": 797942,
        "n_unique": 87684,
        "n_novel": 86897
    },
    "@850000": {
        "validity": 0.9974105882352942,
        "uniqueness": 0.10632117647058824,
        "novelty": 0.10539058823529411,
        "n_valid": 847799,
        "n_unique": 90373,
        "n_novel": 89582
    },
    "@900000": {
        "validity": 0.9974122222222223,
        "uniqueness": 0.10333444444444445,
        "novelty": 0.10245111111111112,
        "n_valid": 897671,
        "n_unique": 93001,
        "n_novel": 92206
    },
    "@950000": {
        "validity": 0.9974094736842105,
        "uniqueness": 0.1006421052631579,
        "novelty": 0.0997978947368421,
        "n_valid": 947539,
        "n_unique": 95610,
        "n_novel": 94808
    },
    "@1000000": {
        "validity": 0.997401,
        "uniqueness": 0.098107,
        "novelty": 0.097303,
        "n_valid": 997401,
        "n_unique": 98107,
        "n_novel": 97303
    }
}