{
    "@50000": {
        "validity": 0.61284,
        "uniqueness": 0.60886,
        "novelty": 0.60366,
        "n_valid": 30642,
        "n_unique": 30443,
        "n_novel": 30183
    },
    "@100000": {
        "validity": 0.61523,
        "uniqueness": 0.6095,
        "novelty": 0.60472,
        "n_valid": 61523,
        "n_unique": 60950,
        "n_novel": 60472
    },
    "@150000": {
        "validity": 0.6150266666666667,
        "uniqueness": 0.6079666666666667,
        "novelty": 0.6034666666666667,
        "n_valid": 92254,
        "n_unique": 91195,
        "n_novel": 90520
    },
    "@200000": {
        "validity": 0.614825,
        "uniqueness": 0.606775,
        "novelty": 0.60248,
        "n_valid": 122965,
        "n_unique": 121355,
        "n_novel": 120496
    },
    "@250000": {
        "validity": 0.615372,
        "uniqueness": 0.606312,
        "novelty": 0.60226,
        "n_valid": 153843,
        "n_unique": 151578,
        "n_novel": 150565
    },
    "@300000": {
        "validity": 0.6156333333333334,
        "uniqueness": 0.6057866666666667,
        "novelty": 0.6019,
        "n_valid": 184690,
        "n_unique": 181736,
        "n_novel": 180570
    },
    "@350000": {
        "validity": 0.61516,
        "uniqueness": 0.6044914285714286,
        "novelty": 0.6007171428571428,
        "n_valid": 215306,
        "n_unique": 211572,
        "n_novel": 210251
    },
    "@400000": {
        "validity": 0.6150375,
        "uniqueness": 0.6035975,
        "novelty": 0.5999475,
        "n_valid": 246015,
        "n_unique": 241439,
        "n_novel": 239979
    },
    "@450000": {
        "validity": 0.6153577777777778,
        "uniqueness": 0.6032933333333333,
        "novelty": 0.5997066666666667,
        "n_valid": 276911,
        "n_unique": 271482,
        "n_novel": 269868
    },
    "@500000": {
        "validity": 0.615552,
        "uniqueness": 0.60285,
        "novelty": 0.599338,
        "n_valid": 307776,
        "n_unique": 301425,
        "n_novel": 299669
    },
    "@550000": {
        "validity": 0.6156218181818182,
        "uniqueness": 0.6023145454545454,
        "novelty": 0.5988690909090909,
        "n_valid": 338592,
        "n_unique": 331273,
        "n_novel": 329378
    },
    "@600000": {
        "validity": 0.61547,
        "uniqueness": 0.6015566666666666,
        "novelty": 0.5981833333333333,
        "n_valid": 369282,
        "n_unique": 360934,
        "n_novel": 358910
    },
    "@650000": {
        "validity": 0.6155076923076923,
        "uniqueness": 0.6010876923076923,
        "novelty": 0.5977723076923077,
        "n_valid": 400080,
        "n_unique": 390707,
        "n_novel": 388552
    },
    "@700000": {
        "validity": 0.6153457142857143,
        "uniqueness": 0.6004385714285714,
        "novelty": 0.5971642857142857,
        "n_valid": 430742,
        "n_unique": 420307,
        "n_novel": 418015
    },
    "@750000": {
        "validity": 0.6152986666666667,
        "uniqueness": 0.5998626666666667,
        "novelty": 0.5966293333333333,
        "n_valid": 461474,
        "n_unique": 449897,
        "n_novel": 447472
    },
    "@800000": {
        "validity": 0.61507875,
        "uniqueness": 0.5991725,
        "novelty": 0.5959825,
        "n_valid": 492063,
        "n_unique": 479338,
        "n_novel": 476786
    },
    "@850000": {
        "validity": 0.6148211764705882,
        "uniqueness": 0.598524705882353,
        "novelty": 0.5953870588235294,
        "n_valid": 522598,
        "n_unique": 508746,
        "n_novel": 506079
    },
    "@900000": {
        "validity": 0.6146,
        "uniqueness": 0.5979366666666667,
        "novelty": 0.5948511111111111,
        "n_valid": 553140,
        "n_unique": 538143,
        "n_novel": 535366
    },
    "@950000": {
        "validity": 0.6146136842105263,
        "uniqueness": 0.5976284210526316,
        "novelty": 0.5945873684210526,
        "n_valid": 583883,
        "n_unique": 567747,
        "n_novel": 564858
    },
    "@1000000": {
        "validity": 0.614443,
        "uniqueness": 0.597066,
        "novelty": 0.594058,
        "n_valid": 614443,
        "n_unique": 597066,
        "n_novel": 594058
    }
}