{
    "@50000": {
        "validity": 0.8777,
        "uniqueness": 0.83978,
        "novelty": 0.8304,
        "n_valid": 43885,
        "n_unique": 41989,
        "n_novel": 41520
    },
    "@100000": {
        "validity": 0.87758,
        "uniqueness": 0.82838,
        "novelty": 0.82035,
        "n_valid": 87758,
        "n_unique": 82838,
        "n_novel": 82035
    },
    "@150000": {
        "validity": 0.8778266666666666,
        "uniqueness": 0.8202333333333334,
        "novelty": 0.81312,
        "n_valid": 131674,
        "n_unique": 123035,
        "n_novel": 121968
    },
    "@200000": {
        "validity": 0.877245,
        "uniqueness": 0.813225,
        "novelty": 0.806595,
        "n_valid": 175449,
        "n_unique": 162645,
        "n_novel": 161319
    },
    "@250000": {
        "validity": 0.877132,
        "uniqueness": 0.807936,
        "novelty": 0.801776,
        "n_valid": 219283,
        "n_unique": 201984,
        "n_novel": 200444
    },
    "@300000": {
        "validity": 0.8771366666666667,
        "uniqueness": 0.80396,
        "novelty": 0.7981533333333334,
        "n_valid": 263141,
        "n_unique": 241188,
        "n_novel": 239446
    },
    "@350000": {
        "validity": 0.8773514285714286,
        "uniqueness": 0.7999514285714285,
        "novelty": 0.7944057142857143,
        "n_valid": 307073,
        "n_unique": 279983,
        "n_novel": 278042
    },
    "@400000": {
        "validity": 0.877765,
        "uniqueness": 0.7964375,
        "novelty": 0.7910925,
        "n_valid": 351106,
        "n_unique": 318575,
        "n_novel": 316437
    },
    "@450000": {
        "validity": 0.8777155555555556,
        "uniqueness": 0.7931955555555555,
        "novelty": 0.7880511111111111,
        "n_valid": 394972,
        "n_unique": 356938,
        "n_novel": 354623
    },
    "@500000": {
        "validity": 0.877886,
        "uniqueness": 0.790534,
        "novelty": 0.785572,
        "n_valid": 438943,
        "n_unique": 395267,
        "n_novel": 392786
    },
    "@550000": {
        "validity": 0.877990909090909,
        "uniqueness": 0.7879563636363637,
        "novelty": 0.783189090909091,
        "n_valid": 482895,
        "n_unique": 433376,
        "n_novel": 430754
    },
    "@600000": {
        "validity": 0.8781933333333334,
        "uniqueness": 0.78557,
        "novelty": 0.7809116666666667,
        "n_valid": 526916,
        "n_unique": 471342,
        "n_novel": 468547
    },
    "@650000": {
        "validity": 0.8781861538461538,
        "uniqueness": 0.7830876923076923,
        "novelty": 0.7785415384615385,
        "n_valid": 570821,
        "n_unique": 509007,
        "n_novel": 506052
    },
    "@700000": {
        "validity": 0.8783585714285714,
        "uniqueness": 0.7809842857142857,
        "novelty": 0.7765442857142857,
        "n_valid": 614851,
        "n_unique": 546689,
        "n_novel": 543581
    },
    "@750000": {
        "validity": 0.8781986666666667,
        "uniqueness": 0.7786773333333333,
        "novelty": 0.774316,
        "n_valid": 658649,
        "n_unique": 584008,
        "n_novel": 580737
    },
    "@800000": {
        "validity": 0.8781125,
        "uniqueness": 0.7765775,
        "novelty": 0.77230875,
        "n_valid": 702490,
        "n_unique": 621262,
        "n_novel": 617847
    },
    "@850000": {
        "validity": 0.8778929411764705,
        "uniqueness": 0.774555294117647,
        "novelty": 0.7703741176470589,
        "n_valid": 746209,
        "n_unique": 658372,
        "n_novel": 654818
    },
    "@900000": {
        "validity": 0.8778588888888889,
        "uniqueness": 0.7726722222222222,
        "novelty": 0.7685777777777778,
        "n_valid": 790073,
        "n_unique": 695405,
        "n_novel": 691720
    },
    "@950000": {
        "validity": 0.8778557894736843,
        "uniqueness": 0.7708947368421053,
        "novelty": 0.7668652631578947,
        "n_valid": 833963,
        "n_unique": 732350,
        "n_novel": 728522
    },
    "@1000000": {
        "validity": 0.877857,
        "uniqueness": 0.769192,
        "novelty": 0.765242,
        "n_valid": 877857,
        "n_unique": 769192,
        "n_novel": 765242
    }
}