{
    "@50000": {
        "validity": 0.98532,
        "uniqueness": 0.94398,
        "novelty": 0.907,
        "n_valid": 49266,
        "n_unique": 47199,
        "n_novel": 45350
    },
    "@100000": {
        "validity": 0.98448,
        "uniqueness": 0.92306,
        "novelty": 0.88987,
        "n_valid": 98448,
        "n_unique": 92306,
        "n_novel": 88987
    },
    "@150000": {
        "validity": 0.9844733333333333,
        "uniqueness": 0.9088066666666667,
        "novelty": 0.8786,
        "n_valid": 147671,
        "n_unique": 136321,
        "n_novel": 131790
    },
    "@200000": {
        "validity": 0.98447,
        "uniqueness": 0.89753,
        "novelty": 0.86908,
        "n_valid": 196894,
        "n_unique": 179506,
        "n_novel": 173816
    },
    "@250000": {
        "validity": 0.9846,
        "uniqueness": 0.887864,
        "novelty": 0.860864,
        "n_valid": 246150,
        "n_unique": 221966,
        "n_novel": 215216
    },
    "@300000": {
        "validity": 0.98461,
        "uniqueness": 0.8791233333333334,
        "novelty": 0.8534133333333334,
        "n_valid": 295383,
        "n_unique": 263737,
        "n_novel": 256024
    },
    "@350000": {
        "validity": 0.9845628571428572,
        "uniqueness": 0.8714371428571429,
        "novelty": 0.8468914285714285,
        "n_valid": 344597,
        "n_unique": 305003,
        "n_novel": 296412
    },
    "@400000": {
        "validity": 0.9847575,
        "uniqueness": 0.8649425,
        "novelty": 0.841345,
        "n_valid": 393903,
        "n_unique": 345977,
        "n_novel": 336538
    },
    "@450000": {
        "validity": 0.9847288888888889,
        "uniqueness": 0.85874,
        "novelty": 0.8358866666666667,
        "n_valid": 443128,
        "n_unique": 386433,
        "n_novel": 376149
    },
    "@500000": {
        "validity": 0.984768,
        "uniqueness": 0.853132,
        "novelty": 0.831064,
        "n_valid": 492384,
        "n_unique": 426566,
        "n_novel": 415532
    },
    "@550000": {
        "validity": 0.9847854545454545,
        "uniqueness": 0.8480636363636364,
        "novelty": 0.8266436363636364,
        "n_valid": 541632,
        "n_unique": 466435,
        "n_novel": 454654
    },
    "@600000": {
        "validity": 0.9847583333333333,
        "uniqueness": 0.842975,
        "novelty": 0.82211,
        "n_valid": 590855,
        "n_unique": 505785,
        "n_novel": 493266
    },
    "@650000": {
        "validity": 0.9847784615384615,
        "uniqueness": 0.8382953846153847,
        "novelty": 0.818,
        "n_valid": 640106,
        "n_unique": 544892,
        "n_novel": 531700
    },
    "@700000": {
        "validity": 0.98483,
        "uniqueness": 0.8340528571428572,
        "novelty": 0.8142485714285714,
        "n_valid": 689381,
        "n_unique": 583837,
        "n_novel": 569974
    },
    "@750000": {
        "validity": 0.9848133333333333,
        "uniqueness": 0.8300226666666667,
        "novelty": 0.8107093333333333,
        "n_valid": 738610,
        "n_unique": 622517,
        "n_novel": 608032
    },
    "@800000": {
        "validity": 0.98482375,
        "uniqueness": 0.82652375,
        "novelty": 0.80766375,
        "n_valid": 787859,
        "n_unique": 661219,
        "n_novel": 646131
    },
    "@850000": {
        "validity": 0.9848458823529411,
        "uniqueness": 0.8232964705882353,
        "novelty": 0.8048223529411764,
        "n_valid": 837119,
        "n_unique": 699802,
        "n_novel": 684099
    },
    "@900000": {
        "validity": 0.9848722222222223,
        "uniqueness": 0.8198888888888889,
        "novelty": 0.8017755555555556,
        "n_valid": 886385,
        "n_unique": 737900,
        "n_novel": 721598
    },
    "@950000": {
        "validity": 0.9849094736842106,
        "uniqueness": 0.8166431578947368,
        "novelty": 0.7989242105263158,
        "n_valid": 935664,
        "n_unique": 775811,
        "n_novel": 758978
    },
    "@1000000": {
        "validity": 0.984931,
        "uniqueness": 0.813602,
        "novelty": 0.796212,
        "n_valid": 984931,
        "n_unique": 813602,
        "n_novel": 796212
    }
}