{
    "@50000": {
        "validity": 0.9286,
        "uniqueness": 0.47246,
        "novelty": 0.46338,
        "n_valid": 46430,
        "n_unique": 23623,
        "n_novel": 23169
    },
    "@100000": {
        "validity": 0.92897,
        "uniqueness": 0.42171,
        "novelty": 0.41594,
        "n_valid": 92897,
        "n_unique": 42171,
        "n_novel": 41594
    },
    "@150000": {
        "validity": 0.9298866666666666,
        "uniqueness": 0.39296,
        "novelty": 0.3885133333333333,
        "n_valid": 139483,
        "n_unique": 58944,
        "n_novel": 58277
    },
    "@200000": {
        "validity": 0.92987,
        "uniqueness": 0.373935,
        "novelty": 0.3702,
        "n_valid": 185974,
        "n_unique": 74787,
        "n_novel": 74040
    },
    "@250000": {
        "validity": 0.929792,
        "uniqueness": 0.358504,
        "novelty": 0.355316,
        "n_valid": 232448,
        "n_unique": 89626,
        "n_novel": 88829
    },
    "@300000": {
        "validity": 0.9298633333333334,
        "uniqueness": 0.34613,
        "novelty": 0.34331,
        "n_valid": 278959,
        "n_unique": 103839,
        "n_novel": 102993
    },
    "@350000": {
        "validity": 0.9298114285714286,
        "uniqueness": 0.33580857142857146,
        "novelty": 0.33328,
        "n_valid": 325434,
        "n_unique": 117533,
        "n_novel": 116648
    },
    "@400000": {
        "validity": 0.92986,
        "uniqueness": 0.327195,
        "novelty": 0.3248775,
        "n_valid": 371944,
        "n_unique": 130878,
        "n_novel": 129951
    },
    "@450000": {
        "validity": 0.9298888888888889,
        "uniqueness": 0.31926,
        "novelty": 0.3171333333333333,
        "n_valid": 418450,
        "n_unique": 143667,
        "n_novel": 142710
    },
    "@500000": {
        "validity": 0.929802,
        "uniqueness": 0.312546,
        "novelty": 0.310566,
        "n_valid": 464901,
        "n_unique": 156273,
        "n_novel": 155283
    },
    "@550000": {
        "validity": 0.9299909090909091,
        "uniqueness": 0.3069636363636364,
        "novelty": 0.3050963636363636,
        "n_valid": 511495,
        "n_unique": 168830,
        "n_novel": 167803
    },
    "@600000": {
        "validity": 0.9299716666666666,
        "uniqueness": 0.301655,
        "novelty": 0.2998616666666667,
        "n_valid": 557983,
        "n_unique": 180993,
        "n_novel": 179917
    },
    "@650000": {
        "validity": 0.9299169230769231,
        "uniqueness": 0.29685076923076925,
        "novelty": 0.2951553846153846,
        "n_valid": 604446,
        "n_unique": 192953,
        "n_novel": 191851
    },
    "@700000": {
        "validity": 0.9298442857142857,
        "uniqueness": 0.29239,
        "novelty": 0.29078857142857145,
        "n_valid": 650891,
        "n_unique": 204673,
        "n_novel": 203552
    },
    "@750000": {
        "validity": 0.9298746666666666,
        "uniqueness": 0.28846266666666665,
        "novelty": 0.28693466666666667,
        "n_valid": 697406,
        "n_unique": 216347,
        "n_novel": 215201
    },
    "@800000": {
        "validity": 0.9299325,
        "uniqueness": 0.2847225,
        "novelty": 0.28326375,
        "n_valid": 743946,
        "n_unique": 227778,
        "n_novel": 226611
    },
    "@850000": {
        "validity": 0.9299435294117647,
        "uniqueness": 0.28132705882352943,
        "novelty": 0.27992,
        "n_valid": 790452,
        "n_unique": 239128,
        "n_novel": 237932
    },
    "@900000": {
        "validity": 0.9298566666666667,
        "uniqueness": 0.2779288888888889,
        "novelty": 0.27658555555555553,
        "n_valid": 836871,
        "n_unique": 250136,
        "n_novel": 248927
    },
    "@950000": {
        "validity": 0.9299031578947369,
        "uniqueness": 0.27506526315789476,
        "novelty": 0.27376526315789473,
        "n_valid": 883408,
        "n_unique": 261312,
        "n_novel": 260077
    },
    "@1000000": {
        "validity": 0.92993,
        "uniqueness": 0.272027,
        "novelty": 0.270779,
        "n_valid": 929930,
        "n_unique": 272027,
        "n_novel": 270779
    }
}