{
    "@50000": {
        "validity": 0.99896,
        "uniqueness": 0.12306,
        "novelty": 0.11588,
        "n_valid": 49948,
        "n_unique": 6153,
        "n_novel": 5794
    },
    "@100000": {
        "validity": 0.99876,
        "uniqueness": 0.10047,
        "novelty": 0.09555,
        "n_valid": 99876,
        "n_unique": 10047,
        "n_novel": 9555
    },
    "@150000": {
        "validity": 0.9986866666666666,
        "uniqueness": 0.08907333333333334,
        "novelty": 0.08498666666666667,
        "n_valid": 149803,
        "n_unique": 13361,
        "n_novel": 12748
    },
    "@200000": {
        "validity": 0.9987,
        "uniqueness": 0.081395,
        "novelty": 0.077935,
        "n_valid": 199740,
        "n_unique": 16279,
        "n_novel": 15587
    },
    "@250000": {
        "validity": 0.9987,
        "uniqueness": 0.076332,
        "novelty": 0.073288,
        "n_valid": 249675,
        "n_unique": 19083,
        "n_novel": 18322
    },
    "@300000": {
        "validity": 0.99866,
        "uniqueness": 0.07203666666666667,
        "novelty": 0.06930666666666667,
        "n_valid": 299598,
        "n_unique": 21611,
        "n_novel": 20792
    },
    "@350000": {
        "validity": 0.99866,
        "uniqueness": 0.06840857142857143,
        "novelty": 0.06593714285714286,
        "n_valid": 349531,
        "n_unique": 23943,
        "n_novel": 23078
    },
    "@400000": {
        "validity": 0.9986975,
        "uniqueness": 0.06539,
        "novelty": 0.0631025,
        "n_valid": 399479,
        "n_unique": 26156,
        "n_novel": 25241
    },
    "@450000": {
        "validity": 0.9987288888888889,
        "uniqueness": 0.06295555555555556,
        "novelty": 0.06081333333333333,
        "n_valid": 449428,
        "n_unique": 28330,
        "n_novel": 27366
    },
    "@500000": {
        "validity": 0.99873,
        "uniqueness": 0.060722,
        "novelty": 0.058706,
        "n_valid": 499365,
        "n_unique": 30361,
        "n_novel": 29353
    },
    "@550000": {
        "validity": 0.9987236363636364,
        "uniqueness": 0.058907272727272725,
        "novelty": 0.05698363636363636,
        "n_valid": 549298,
        "n_unique": 32399,
        "n_novel": 31341
    },
    "@600000": {
        "validity": 0.9987316666666667,
        "uniqueness": 0.0572,
        "novelty": 0.05538666666666667,
        "n_valid": 599239,
        "n_unique": 34320,
        "n_novel": 33232
    },
    "@650000": {
        "validity": 0.9987323076923077,
        "uniqueness": 0.05568923076923077,
        "novelty": 0.053952307692307695,
        "n_valid": 649176,
        "n_unique": 36198,
        "n_novel": 35069
    },
    "@700000": {
        "validity": 0.99873,
        "uniqueness": 0.054392857142857146,
        "novelty": 0.052725714285714285,
        "n_valid": 699111,
        "n_unique": 38075,
        "n_novel": 36908
    },
    "@750000": {
        "validity": 0.9987186666666666,
        "uniqueness": 0.053176,
        "novelty": 0.051562666666666666,
        "n_valid": 749039,
        "n_unique": 39882,
        "n_novel": 38672
    },
    "@800000": {
        "validity": 0.99871375,
        "uniqueness": 0.05205,
        "novelty": 0.05048875,
        "n_valid": 798971,
        "n_unique": 41640,
        "n_novel": 40391
    },
    "@850000": {
        "validity": 0.9987129411764706,
        "uniqueness": 0.05096470588235294,
        "novelty": 0.04944823529411765,
        "n_valid": 848906,
        "n_unique": 43320,
        "n_novel": 42031
    },
    "@900000": {
        "validity": 0.9987144444444445,
        "uniqueness": 0.04999555555555556,
        "novelty": 0.04851333333333333,
        "n_valid": 898843,
        "n_unique": 44996,
        "n_novel": 43662
    },
    "@950000": {
        "validity": 0.99872,
        "uniqueness": 0.04906105263157895,
        "novelty": 0.04762526315789474,
        "n_valid": 948784,
        "n_unique": 46608,
        "n_novel": 45244
    },
    "@1000000": {
        "validity": 0.998734,
        "uniqueness": 0.048264,
        "novelty": 0.046863,
        "n_valid": 998734,
        "n_unique": 48264,
        "n_novel": 46863
    }
}