{
    "train_loss": [
        0.674058586359024,
        0.6095390856266022,
        0.5658175826072693,
        0.5236970484256744,
        0.4999454259872437,
        0.4663339048624039
    ],
    "val_loss": [
        0.5995230376720428,
        0.6049053221940994,
        0.567059189081192,
        0.5771104395389557,
        0.5762671679258347,
        0.596803292632103
    ]
}