{
    "@50000": {
        "validity": 0.9965,
        "uniqueness": 0.51938,
        "novelty": 0.4849,
        "n_valid": 49825,
        "n_unique": 25969,
        "n_novel": 24245
    },
    "@100000": {
        "validity": 0.9965,
        "uniqueness": 0.45354,
        "novelty": 0.42752,
        "n_valid": 99650,
        "n_unique": 45354,
        "n_novel": 42752
    },
    "@150000": {
        "validity": 0.9967933333333333,
        "uniqueness": 0.4162266666666667,
        "novelty": 0.3942333333333333,
        "n_valid": 149519,
        "n_unique": 62434,
        "n_novel": 59135
    },
    "@200000": {
        "validity": 0.99685,
        "uniqueness": 0.390465,
        "novelty": 0.37119,
        "n_valid": 199370,
        "n_unique": 78093,
        "n_novel": 74238
    },
    "@250000": {
        "validity": 0.996792,
        "uniqueness": 0.371024,
        "novelty": 0.353604,
        "n_valid": 249198,
        "n_unique": 92756,
        "n_novel": 88401
    },
    "@300000": {
        "validity": 0.9967733333333333,
        "uniqueness": 0.35481,
        "novelty": 0.33886,
        "n_valid": 299032,
        "n_unique": 106443,
        "n_novel": 101658
    },
    "@350000": {
        "validity": 0.9967285714285714,
        "uniqueness": 0.3420714285714286,
        "novelty": 0.32739714285714283,
        "n_valid": 348855,
        "n_unique": 119725,
        "n_novel": 114589
    },
    "@400000": {
        "validity": 0.99676,
        "uniqueness": 0.3310675,
        "novelty": 0.317385,
        "n_valid": 398704,
        "n_unique": 132427,
        "n_novel": 126954
    },
    "@450000": {
        "validity": 0.99674,
        "uniqueness": 0.32145555555555555,
        "novelty": 0.30856,
        "n_valid": 448533,
        "n_unique": 144655,
        "n_novel": 138852
    },
    "@500000": {
        "validity": 0.996724,
        "uniqueness": 0.313062,
        "novelty": 0.30082,
        "n_valid": 498362,
        "n_unique": 156531,
        "n_novel": 150410
    },
    "@550000": {
        "validity": 0.9966927272727273,
        "uniqueness": 0.30585636363636365,
        "novelty": 0.2941672727272727,
        "n_valid": 548181,
        "n_unique": 168221,
        "n_novel": 161792
    },
    "@600000": {
        "validity": 0.9966666666666667,
        "uniqueness": 0.29868333333333336,
        "novelty": 0.2875183333333333,
        "n_valid": 598000,
        "n_unique": 179210,
        "n_novel": 172511
    },
    "@650000": {
        "validity": 0.9967061538461538,
        "uniqueness": 0.29252,
        "novelty": 0.2817646153846154,
        "n_valid": 647859,
        "n_unique": 190138,
        "n_novel": 183147
    },
    "@700000": {
        "validity": 0.99671,
        "uniqueness": 0.28675428571428574,
        "novelty": 0.27643285714285715,
        "n_valid": 697697,
        "n_unique": 200728,
        "n_novel": 193503
    },
    "@750000": {
        "validity": 0.9967026666666666,
        "uniqueness": 0.2817693333333333,
        "novelty": 0.27179333333333333,
        "n_valid": 747527,
        "n_unique": 211327,
        "n_novel": 203845
    },
    "@800000": {
        "validity": 0.9967025,
        "uniqueness": 0.27695875,
        "novelty": 0.2672625,
        "n_valid": 797362,
        "n_unique": 221567,
        "n_novel": 213810
    },
    "@850000": {
        "validity": 0.9967117647058824,
        "uniqueness": 0.2725164705882353,
        "novelty": 0.2631435294117647,
        "n_valid": 847205,
        "n_unique": 231639,
        "n_novel": 223672
    },
    "@900000": {
        "validity": 0.9967277777777778,
        "uniqueness": 0.26836777777777776,
        "novelty": 0.25928444444444443,
        "n_valid": 897055,
        "n_unique": 241531,
        "n_novel": 233356
    },
    "@950000": {
        "validity": 0.9967242105263158,
        "uniqueness": 0.2645578947368421,
        "novelty": 0.2557421052631579,
        "n_valid": 946888,
        "n_unique": 251330,
        "n_novel": 242955
    },
    "@1000000": {
        "validity": 0.996741,
        "uniqueness": 0.260814,
        "novelty": 0.252238,
        "n_valid": 996741,
        "n_unique": 260814,
        "n_novel": 252238
    }
}