{
    "@50000": {
        "validity": 0.9937,
        "uniqueness": 0.35488,
        "novelty": 0.33734,
        "n_valid": 49685,
        "n_unique": 17744,
        "n_novel": 16867
    },
    "@100000": {
        "validity": 0.99372,
        "uniqueness": 0.30848,
        "novelty": 0.29544,
        "n_valid": 99372,
        "n_unique": 30848,
        "n_novel": 29544
    },
    "@150000": {
        "validity": 0.9939666666666667,
        "uniqueness": 0.28418666666666664,
        "novelty": 0.27338,
        "n_valid": 149095,
        "n_unique": 42628,
        "n_novel": 41007
    },
    "@200000": {
        "validity": 0.993875,
        "uniqueness": 0.26665,
        "novelty": 0.257225,
        "n_valid": 198775,
        "n_unique": 53330,
        "n_novel": 51445
    },
    "@250000": {
        "validity": 0.993828,
        "uniqueness": 0.253468,
        "novelty": 0.244888,
        "n_valid": 248457,
        "n_unique": 63367,
        "n_novel": 61222
    },
    "@300000": {
        "validity": 0.9938433333333333,
        "uniqueness": 0.24320666666666665,
        "novelty": 0.2353,
        "n_valid": 298153,
        "n_unique": 72962,
        "n_novel": 70590
    },
    "@350000": {
        "validity": 0.9937171428571429,
        "uniqueness": 0.23516285714285715,
        "novelty": 0.22775428571428571,
        "n_valid": 347801,
        "n_unique": 82307,
        "n_novel": 79714
    },
    "@400000": {
        "validity": 0.9937175,
        "uniqueness": 0.2280575,
        "novelty": 0.22108,
        "n_valid": 397487,
        "n_unique": 91223,
        "n_novel": 88432
    },
    "@450000": {
        "validity": 0.9937,
        "uniqueness": 0.22188666666666668,
        "novelty": 0.21529777777777778,
        "n_valid": 447165,
        "n_unique": 99849,
        "n_novel": 96884
    },
    "@500000": {
        "validity": 0.993724,
        "uniqueness": 0.216526,
        "novelty": 0.210242,
        "n_valid": 496862,
        "n_unique": 108263,
        "n_novel": 105121
    },
    "@550000": {
        "validity": 0.9936927272727273,
        "uniqueness": 0.21197636363636363,
        "novelty": 0.20594363636363636,
        "n_valid": 546531,
        "n_unique": 116587,
        "n_novel": 113269
    },
    "@600000": {
        "validity": 0.9936466666666667,
        "uniqueness": 0.20775333333333335,
        "novelty": 0.20201166666666667,
        "n_valid": 596188,
        "n_unique": 124652,
        "n_novel": 121207
    },
    "@650000": {
        "validity": 0.9936215384615384,
        "uniqueness": 0.20398153846153846,
        "novelty": 0.19845384615384615,
        "n_valid": 645854,
        "n_unique": 132588,
        "n_novel": 128995
    },
    "@700000": {
        "validity": 0.9935742857142857,
        "uniqueness": 0.2005442857142857,
        "novelty": 0.19521285714285713,
        "n_valid": 695502,
        "n_unique": 140381,
        "n_novel": 136649
    },
    "@750000": {
        "validity": 0.993584,
        "uniqueness": 0.19732266666666667,
        "novelty": 0.19218533333333335,
        "n_valid": 745188,
        "n_unique": 147992,
        "n_novel": 144139
    },
    "@800000": {
        "validity": 0.99360875,
        "uniqueness": 0.19413625,
        "novelty": 0.18915125,
        "n_valid": 794887,
        "n_unique": 155309,
        "n_novel": 151321
    },
    "@850000": {
        "validity": 0.9935917647058824,
        "uniqueness": 0.1913964705882353,
        "novelty": 0.18658235294117648,
        "n_valid": 844553,
        "n_unique": 162687,
        "n_novel": 158595
    },
    "@900000": {
        "validity": 0.9936055555555555,
        "uniqueness": 0.18875777777777777,
        "novelty": 0.1841011111111111,
        "n_valid": 894245,
        "n_unique": 169882,
        "n_novel": 165691
    },
    "@950000": {
        "validity": 0.993618947368421,
        "uniqueness": 0.1862842105263158,
        "novelty": 0.18174105263157894,
        "n_valid": 943938,
        "n_unique": 176970,
        "n_novel": 172654
    },
    "@1000000": {
        "validity": 0.993634,
        "uniqueness": 0.183891,
        "novelty": 0.179423,
        "n_valid": 993634,
        "n_unique": 183891,
        "n_novel": 179423
    }
}