{
    "@50000": {
        "validity": 0.99862,
        "uniqueness": 0.09088,
        "novelty": 0.08908,
        "n_valid": 49931,
        "n_unique": 4544,
        "n_novel": 4454
    },
    "@100000": {
        "validity": 0.99877,
        "uniqueness": 0.05975,
        "novelty": 0.05882,
        "n_valid": 99877,
        "n_unique": 5975,
        "n_novel": 5882
    },
    "@150000": {
        "validity": 0.9986866666666666,
        "uniqueness": 0.04688666666666667,
        "novelty": 0.046266666666666664,
        "n_valid": 149803,
        "n_unique": 7033,
        "n_novel": 6940
    },
    "@200000": {
        "validity": 0.998665,
        "uniqueness": 0.03909,
        "novelty": 0.038615,
        "n_valid": 199733,
        "n_unique": 7818,
        "n_novel": 7723
    },
    "@250000": {
        "validity": 0.998684,
        "uniqueness": 0.033924,
        "novelty": 0.03354,
        "n_valid": 249671,
        "n_unique": 8481,
        "n_novel": 8385
    },
    "@300000": {
        "validity": 0.9986933333333333,
        "uniqueness": 0.03004,
        "novelty": 0.02972,
        "n_valid": 299608,
        "n_unique": 9012,
        "n_novel": 8916
    },
    "@350000": {
        "validity": 0.9986542857142857,
        "uniqueness": 0.02712857142857143,
        "novelty": 0.026854285714285716,
        "n_valid": 349529,
        "n_unique": 9495,
        "n_novel": 9399
    },
    "@400000": {
        "validity": 0.9986675,
        "uniqueness": 0.0249225,
        "novelty": 0.02468,
        "n_valid": 399467,
        "n_unique": 9969,
        "n_novel": 9872
    },
    "@450000": {
        "validity": 0.9986644444444445,
        "uniqueness": 0.0231,
        "novelty": 0.022884444444444443,
        "n_valid": 449399,
        "n_unique": 10395,
        "n_novel": 10298
    },
    "@500000": {
        "validity": 0.99865,
        "uniqueness": 0.02155,
        "novelty": 0.021356,
        "n_valid": 499325,
        "n_unique": 10775,
        "n_novel": 10678
    },
    "@550000": {
        "validity": 0.9986618181818182,
        "uniqueness": 0.020185454545454545,
        "novelty": 0.02000909090909091,
        "n_valid": 549264,
        "n_unique": 11102,
        "n_novel": 11005
    },
    "@600000": {
        "validity": 0.9986883333333333,
        "uniqueness": 0.019056666666666666,
        "novelty": 0.018895,
        "n_valid": 599213,
        "n_unique": 11434,
        "n_novel": 11337
    },
    "@650000": {
        "validity": 0.9986738461538461,
        "uniqueness": 0.01807076923076923,
        "novelty": 0.01792153846153846,
        "n_valid": 649138,
        "n_unique": 11746,
        "n_novel": 11649
    },
    "@700000": {
        "validity": 0.9986757142857143,
        "uniqueness": 0.017175714285714287,
        "novelty": 0.017034285714285714,
        "n_valid": 699073,
        "n_unique": 12023,
        "n_novel": 11924
    },
    "@750000": {
        "validity": 0.9986786666666667,
        "uniqueness": 0.016394666666666665,
        "novelty": 0.01626266666666667,
        "n_valid": 749009,
        "n_unique": 12296,
        "n_novel": 12197
    },
    "@800000": {
        "validity": 0.99867,
        "uniqueness": 0.01570625,
        "novelty": 0.0155825,
        "n_valid": 798936,
        "n_unique": 12565,
        "n_novel": 12466
    },
    "@850000": {
        "validity": 0.9986752941176471,
        "uniqueness": 0.015063529411764707,
        "novelty": 0.014947058823529412,
        "n_valid": 848874,
        "n_unique": 12804,
        "n_novel": 12705
    },
    "@900000": {
        "validity": 0.9986711111111111,
        "uniqueness": 0.01449111111111111,
        "novelty": 0.014381111111111112,
        "n_valid": 898804,
        "n_unique": 13042,
        "n_novel": 12943
    },
    "@950000": {
        "validity": 0.9986652631578947,
        "uniqueness": 0.014009473684210526,
        "novelty": 0.013905263157894737,
        "n_valid": 948732,
        "n_unique": 13309,
        "n_novel": 13210
    },
    "@1000000": {
        "validity": 0.998673,
        "uniqueness": 0.013556,
        "novelty": 0.013457,
        "n_valid": 998673,
        "n_unique": 13556,
        "n_novel": 13457
    }
}