{
    "@50000": {
        "validity": 0.93814,
        "uniqueness": 0.86172,
        "novelty": 0.84896,
        "n_valid": 46907,
        "n_unique": 43086,
        "n_novel": 42448
    },
    "@100000": {
        "validity": 0.93752,
        "uniqueness": 0.83469,
        "novelty": 0.82456,
        "n_valid": 93752,
        "n_unique": 83469,
        "n_novel": 82456
    },
    "@150000": {
        "validity": 0.9378,
        "uniqueness": 0.8160066666666667,
        "novelty": 0.80736,
        "n_valid": 140670,
        "n_unique": 122401,
        "n_novel": 121104
    },
    "@200000": {
        "validity": 0.937715,
        "uniqueness": 0.802305,
        "novelty": 0.794475,
        "n_valid": 187543,
        "n_unique": 160461,
        "n_novel": 158895
    },
    "@250000": {
        "validity": 0.937412,
        "uniqueness": 0.791124,
        "novelty": 0.783952,
        "n_valid": 234353,
        "n_unique": 197781,
        "n_novel": 195988
    },
    "@300000": {
        "validity": 0.9375033333333334,
        "uniqueness": 0.7821833333333333,
        "novelty": 0.77552,
        "n_valid": 281251,
        "n_unique": 234655,
        "n_novel": 232656
    },
    "@350000": {
        "validity": 0.9375314285714286,
        "uniqueness": 0.7749171428571429,
        "novelty": 0.7686228571428572,
        "n_valid": 328136,
        "n_unique": 271221,
        "n_novel": 269018
    },
    "@400000": {
        "validity": 0.9375225,
        "uniqueness": 0.7685275,
        "novelty": 0.7625725,
        "n_valid": 375009,
        "n_unique": 307411,
        "n_novel": 305029
    },
    "@450000": {
        "validity": 0.9375888888888889,
        "uniqueness": 0.76272,
        "novelty": 0.7570355555555556,
        "n_valid": 421915,
        "n_unique": 343224,
        "n_novel": 340666
    },
    "@500000": {
        "validity": 0.937544,
        "uniqueness": 0.757376,
        "novelty": 0.751946,
        "n_valid": 468772,
        "n_unique": 378688,
        "n_novel": 375973
    },
    "@550000": {
        "validity": 0.9375654545454546,
        "uniqueness": 0.7524363636363637,
        "novelty": 0.7472309090909091,
        "n_valid": 515661,
        "n_unique": 413840,
        "n_novel": 410977
    },
    "@600000": {
        "validity": 0.9374433333333333,
        "uniqueness": 0.7475283333333334,
        "novelty": 0.74252,
        "n_valid": 562466,
        "n_unique": 448517,
        "n_novel": 445512
    },
    "@650000": {
        "validity": 0.9375707692307692,
        "uniqueness": 0.7433492307692308,
        "novelty": 0.7385476923076923,
        "n_valid": 609421,
        "n_unique": 483177,
        "n_novel": 480056
    },
    "@700000": {
        "validity": 0.9377585714285714,
        "uniqueness": 0.73952,
        "novelty": 0.7348885714285714,
        "n_valid": 656431,
        "n_unique": 517664,
        "n_novel": 514422
    },
    "@750000": {
        "validity": 0.937868,
        "uniqueness": 0.735792,
        "novelty": 0.7313133333333334,
        "n_valid": 703401,
        "n_unique": 551844,
        "n_novel": 548485
    },
    "@800000": {
        "validity": 0.93785875,
        "uniqueness": 0.732435,
        "novelty": 0.7280925,
        "n_valid": 750287,
        "n_unique": 585948,
        "n_novel": 582474
    },
    "@850000": {
        "validity": 0.9379329411764706,
        "uniqueness": 0.7291223529411764,
        "novelty": 0.7249011764705883,
        "n_valid": 797243,
        "n_unique": 619754,
        "n_novel": 616166
    },
    "@900000": {
        "validity": 0.9378544444444444,
        "uniqueness": 0.7261088888888889,
        "novelty": 0.7220211111111111,
        "n_valid": 844069,
        "n_unique": 653498,
        "n_novel": 649819
    },
    "@950000": {
        "validity": 0.9377778947368421,
        "uniqueness": 0.7230421052631579,
        "novelty": 0.7190557894736842,
        "n_valid": 890889,
        "n_unique": 686890,
        "n_novel": 683103
    },
    "@1000000": {
        "validity": 0.937745,
        "uniqueness": 0.720404,
        "novelty": 0.716523,
        "n_valid": 937745,
        "n_unique": 720404,
        "n_novel": 716523
    }
}