{
    "@50000": {
        "validity": 0.9457,
        "uniqueness": 0.4031,
        "novelty": 0.39572,
        "n_valid": 47285,
        "n_unique": 20155,
        "n_novel": 19786
    },
    "@100000": {
        "validity": 0.94444,
        "uniqueness": 0.35168,
        "novelty": 0.34709,
        "n_valid": 94444,
        "n_unique": 35168,
        "n_novel": 34709
    },
    "@150000": {
        "validity": 0.9445466666666666,
        "uniqueness": 0.32438,
        "novelty": 0.32081333333333334,
        "n_valid": 141682,
        "n_unique": 48657,
        "n_novel": 48122
    },
    "@200000": {
        "validity": 0.94468,
        "uniqueness": 0.30555,
        "novelty": 0.30267,
        "n_valid": 188936,
        "n_unique": 61110,
        "n_novel": 60534
    },
    "@250000": {
        "validity": 0.94458,
        "uniqueness": 0.291404,
        "novelty": 0.288952,
        "n_valid": 236145,
        "n_unique": 72851,
        "n_novel": 72238
    },
    "@300000": {
        "validity": 0.9445833333333333,
        "uniqueness": 0.2797733333333333,
        "novelty": 0.27764,
        "n_valid": 283375,
        "n_unique": 83932,
        "n_novel": 83292
    },
    "@350000": {
        "validity": 0.94468,
        "uniqueness": 0.27030571428571426,
        "novelty": 0.2684,
        "n_valid": 330638,
        "n_unique": 94607,
        "n_novel": 93940
    },
    "@400000": {
        "validity": 0.944625,
        "uniqueness": 0.2624775,
        "novelty": 0.26074,
        "n_valid": 377850,
        "n_unique": 104991,
        "n_novel": 104296
    },
    "@450000": {
        "validity": 0.9448133333333333,
        "uniqueness": 0.25538,
        "novelty": 0.2537844444444444,
        "n_valid": 425166,
        "n_unique": 114921,
        "n_novel": 114203
    },
    "@500000": {
        "validity": 0.944728,
        "uniqueness": 0.249316,
        "novelty": 0.247832,
        "n_valid": 472364,
        "n_unique": 124658,
        "n_novel": 123916
    },
    "@550000": {
        "validity": 0.9448745454545454,
        "uniqueness": 0.24413636363636362,
        "novelty": 0.2427509090909091,
        "n_valid": 519681,
        "n_unique": 134275,
        "n_novel": 133513
    },
    "@600000": {
        "validity": 0.9448716666666667,
        "uniqueness": 0.23956166666666667,
        "novelty": 0.23824666666666666,
        "n_valid": 566923,
        "n_unique": 143737,
        "n_novel": 142948
    },
    "@650000": {
        "validity": 0.9448353846153846,
        "uniqueness": 0.23511538461538461,
        "novelty": 0.23387076923076924,
        "n_valid": 614143,
        "n_unique": 152825,
        "n_novel": 152016
    },
    "@700000": {
        "validity": 0.9447428571428571,
        "uniqueness": 0.23112428571428573,
        "novelty": 0.22994142857142857,
        "n_valid": 661320,
        "n_unique": 161787,
        "n_novel": 160959
    },
    "@750000": {
        "validity": 0.9446786666666667,
        "uniqueness": 0.22757333333333332,
        "novelty": 0.22645333333333334,
        "n_valid": 708509,
        "n_unique": 170680,
        "n_novel": 169840
    },
    "@800000": {
        "validity": 0.94466125,
        "uniqueness": 0.22419875,
        "novelty": 0.2231375,
        "n_valid": 755729,
        "n_unique": 179359,
        "n_novel": 178510
    },
    "@850000": {
        "validity": 0.9446388235294118,
        "uniqueness": 0.22101176470588235,
        "novelty": 0.2199941176470588,
        "n_valid": 802943,
        "n_unique": 187860,
        "n_novel": 186995
    },
    "@900000": {
        "validity": 0.9445411111111112,
        "uniqueness": 0.21797777777777777,
        "novelty": 0.21701,
        "n_valid": 850087,
        "n_unique": 196180,
        "n_novel": 195309
    },
    "@950000": {
        "validity": 0.9444989473684211,
        "uniqueness": 0.21525368421052632,
        "novelty": 0.21432315789473685,
        "n_valid": 897274,
        "n_unique": 204491,
        "n_novel": 203607
    },
    "@1000000": {
        "validity": 0.944488,
        "uniqueness": 0.212614,
        "novelty": 0.211722,
        "n_valid": 944488,
        "n_unique": 212614,
        "n_novel": 211722
    }
}