{
    "@50000": {
        "validity": 0.85896,
        "uniqueness": 0.84258,
        "novelty": 0.83232,
        "n_valid": 42948,
        "n_unique": 42129,
        "n_novel": 41616
    },
    "@100000": {
        "validity": 0.86001,
        "uniqueness": 0.83655,
        "novelty": 0.82804,
        "n_valid": 86001,
        "n_unique": 83655,
        "n_novel": 82804
    },
    "@150000": {
        "validity": 0.8609533333333333,
        "uniqueness": 0.8318933333333334,
        "novelty": 0.8242,
        "n_valid": 129143,
        "n_unique": 124784,
        "n_novel": 123630
    },
    "@200000": {
        "validity": 0.860715,
        "uniqueness": 0.827325,
        "novelty": 0.82018,
        "n_valid": 172143,
        "n_unique": 165465,
        "n_novel": 164036
    },
    "@250000": {
        "validity": 0.860348,
        "uniqueness": 0.82322,
        "novelty": 0.81658,
        "n_valid": 215087,
        "n_unique": 205805,
        "n_novel": 204145
    },
    "@300000": {
        "validity": 0.86044,
        "uniqueness": 0.8203433333333333,
        "novelty": 0.8141233333333333,
        "n_valid": 258132,
        "n_unique": 246103,
        "n_novel": 244237
    },
    "@350000": {
        "validity": 0.8606085714285714,
        "uniqueness": 0.81794,
        "novelty": 0.8119457142857143,
        "n_valid": 301213,
        "n_unique": 286279,
        "n_novel": 284181
    },
    "@400000": {
        "validity": 0.8606925,
        "uniqueness": 0.8156525,
        "novelty": 0.80995,
        "n_valid": 344277,
        "n_unique": 326261,
        "n_novel": 323980
    },
    "@450000": {
        "validity": 0.8607155555555556,
        "uniqueness": 0.81352,
        "novelty": 0.8080022222222222,
        "n_valid": 387322,
        "n_unique": 366084,
        "n_novel": 363601
    },
    "@500000": {
        "validity": 0.860652,
        "uniqueness": 0.811356,
        "novelty": 0.80603,
        "n_valid": 430326,
        "n_unique": 405678,
        "n_novel": 403015
    },
    "@550000": {
        "validity": 0.8609618181818182,
        "uniqueness": 0.80964,
        "novelty": 0.8044545454545454,
        "n_valid": 473529,
        "n_unique": 445302,
        "n_novel": 442450
    },
    "@600000": {
        "validity": 0.8608216666666667,
        "uniqueness": 0.8075733333333334,
        "novelty": 0.8025466666666666,
        "n_valid": 516493,
        "n_unique": 484544,
        "n_novel": 481528
    },
    "@650000": {
        "validity": 0.8608738461538461,
        "uniqueness": 0.8059692307692308,
        "novelty": 0.8010692307692308,
        "n_valid": 559568,
        "n_unique": 523880,
        "n_novel": 520695
    },
    "@700000": {
        "validity": 0.8608028571428571,
        "uniqueness": 0.8043628571428572,
        "novelty": 0.7995757142857143,
        "n_valid": 602562,
        "n_unique": 563054,
        "n_novel": 559703
    },
    "@750000": {
        "validity": 0.8608493333333334,
        "uniqueness": 0.8030973333333333,
        "novelty": 0.798408,
        "n_valid": 645637,
        "n_unique": 602323,
        "n_novel": 598806
    },
    "@800000": {
        "validity": 0.86071,
        "uniqueness": 0.80143375,
        "novelty": 0.7968325,
        "n_valid": 688568,
        "n_unique": 641147,
        "n_novel": 637466
    },
    "@850000": {
        "validity": 0.8607035294117648,
        "uniqueness": 0.7998811764705882,
        "novelty": 0.7953835294117647,
        "n_valid": 731598,
        "n_unique": 679899,
        "n_novel": 676076
    },
    "@900000": {
        "validity": 0.86065,
        "uniqueness": 0.7985855555555555,
        "novelty": 0.7941822222222222,
        "n_valid": 774585,
        "n_unique": 718727,
        "n_novel": 714764
    },
    "@950000": {
        "validity": 0.8607084210526316,
        "uniqueness": 0.7973789473684211,
        "novelty": 0.7930515789473684,
        "n_valid": 817673,
        "n_unique": 757510,
        "n_novel": 753399
    },
    "@1000000": {
        "validity": 0.860675,
        "uniqueness": 0.796077,
        "novelty": 0.791835,
        "n_valid": 860675,
        "n_unique": 796077,
        "n_novel": 791835
    }
}