{
    "@50000": {
        "validity": 0.95992,
        "uniqueness": 0.53618,
        "novelty": 0.52402,
        "n_valid": 47996,
        "n_unique": 26809,
        "n_novel": 26201
    },
    "@100000": {
        "validity": 0.95967,
        "uniqueness": 0.47607,
        "novelty": 0.46793,
        "n_valid": 95967,
        "n_unique": 47607,
        "n_novel": 46793
    },
    "@150000": {
        "validity": 0.9592466666666667,
        "uniqueness": 0.44136,
        "novelty": 0.43482,
        "n_valid": 143887,
        "n_unique": 66204,
        "n_novel": 65223
    },
    "@200000": {
        "validity": 0.959325,
        "uniqueness": 0.418255,
        "novelty": 0.41259,
        "n_valid": 191865,
        "n_unique": 83651,
        "n_novel": 82518
    },
    "@250000": {
        "validity": 0.959416,
        "uniqueness": 0.400816,
        "novelty": 0.395888,
        "n_valid": 239854,
        "n_unique": 100204,
        "n_novel": 98972
    },
    "@300000": {
        "validity": 0.9592366666666666,
        "uniqueness": 0.38627666666666666,
        "novelty": 0.3817933333333333,
        "n_valid": 287771,
        "n_unique": 115883,
        "n_novel": 114538
    },
    "@350000": {
        "validity": 0.9592285714285714,
        "uniqueness": 0.3745514285714286,
        "novelty": 0.37049714285714286,
        "n_valid": 335730,
        "n_unique": 131093,
        "n_novel": 129674
    },
    "@400000": {
        "validity": 0.959295,
        "uniqueness": 0.3646375,
        "novelty": 0.3609125,
        "n_valid": 383718,
        "n_unique": 145855,
        "n_novel": 144365
    },
    "@450000": {
        "validity": 0.9592622222222222,
        "uniqueness": 0.3559466666666667,
        "novelty": 0.35244888888888887,
        "n_valid": 431668,
        "n_unique": 160176,
        "n_novel": 158602
    },
    "@500000": {
        "validity": 0.959286,
        "uniqueness": 0.348646,
        "novelty": 0.345372,
        "n_valid": 479643,
        "n_unique": 174323,
        "n_novel": 172686
    },
    "@550000": {
        "validity": 0.9592418181818182,
        "uniqueness": 0.34231272727272727,
        "novelty": 0.3392127272727273,
        "n_valid": 527583,
        "n_unique": 188272,
        "n_novel": 186567
    },
    "@600000": {
        "validity": 0.95919,
        "uniqueness": 0.336065,
        "novelty": 0.33311833333333335,
        "n_valid": 575514,
        "n_unique": 201639,
        "n_novel": 199871
    },
    "@650000": {
        "validity": 0.9591784615384615,
        "uniqueness": 0.3305584615384615,
        "novelty": 0.3277307692307692,
        "n_valid": 623466,
        "n_unique": 214863,
        "n_novel": 213025
    },
    "@700000": {
        "validity": 0.9591528571428571,
        "uniqueness": 0.3255585714285714,
        "novelty": 0.32282428571428573,
        "n_valid": 671407,
        "n_unique": 227891,
        "n_novel": 225977
    },
    "@750000": {
        "validity": 0.9591826666666666,
        "uniqueness": 0.320952,
        "novelty": 0.3183453333333333,
        "n_valid": 719387,
        "n_unique": 240714,
        "n_novel": 238759
    },
    "@800000": {
        "validity": 0.95920125,
        "uniqueness": 0.316675,
        "novelty": 0.3141675,
        "n_valid": 767361,
        "n_unique": 253340,
        "n_novel": 251334
    },
    "@850000": {
        "validity": 0.9591847058823529,
        "uniqueness": 0.3127329411764706,
        "novelty": 0.3103035294117647,
        "n_valid": 815307,
        "n_unique": 265823,
        "n_novel": 263758
    },
    "@900000": {
        "validity": 0.9591177777777777,
        "uniqueness": 0.3089366666666667,
        "novelty": 0.3065833333333333,
        "n_valid": 863206,
        "n_unique": 278043,
        "n_novel": 275925
    },
    "@950000": {
        "validity": 0.9591157894736843,
        "uniqueness": 0.3053463157894737,
        "novelty": 0.3030621052631579,
        "n_valid": 911160,
        "n_unique": 290079,
        "n_novel": 287909
    },
    "@1000000": {
        "validity": 0.959153,
        "uniqueness": 0.302039,
        "novelty": 0.299815,
        "n_valid": 959153,
        "n_unique": 302039,
        "n_novel": 299815
    }
}