{
    "train_loss": [
        0.6622418701648712,
        0.5742814183235169,
        0.5374732404947281,
        0.5039312660694122,
        0.47244581282138826,
        0.4453585773706436
    ],
    "val_loss": [
        0.5945466458797455,
        0.5949071943759918,
        0.5860742330551147,
        0.602035403251648,
        0.6022360175848007,
        0.6273049414157867
    ]
}