{
    "@50000": {
        "validity": 0.98164,
        "uniqueness": 0.943,
        "novelty": 0.91066,
        "n_valid": 49082,
        "n_unique": 47150,
        "n_novel": 45533
    },
    "@100000": {
        "validity": 0.98157,
        "uniqueness": 0.92276,
        "novelty": 0.89458,
        "n_valid": 98157,
        "n_unique": 92276,
        "n_novel": 89458
    },
    "@150000": {
        "validity": 0.9816066666666666,
        "uniqueness": 0.9078333333333334,
        "novelty": 0.8821533333333333,
        "n_valid": 147241,
        "n_unique": 136175,
        "n_novel": 132323
    },
    "@200000": {
        "validity": 0.98169,
        "uniqueness": 0.896035,
        "novelty": 0.87247,
        "n_valid": 196338,
        "n_unique": 179207,
        "n_novel": 174494
    },
    "@250000": {
        "validity": 0.981608,
        "uniqueness": 0.885208,
        "novelty": 0.863092,
        "n_valid": 245402,
        "n_unique": 221302,
        "n_novel": 215773
    },
    "@300000": {
        "validity": 0.9816333333333334,
        "uniqueness": 0.8765533333333333,
        "novelty": 0.8555966666666667,
        "n_valid": 294490,
        "n_unique": 262966,
        "n_novel": 256679
    },
    "@350000": {
        "validity": 0.9817514285714286,
        "uniqueness": 0.8686514285714285,
        "novelty": 0.8487457142857143,
        "n_valid": 343613,
        "n_unique": 304028,
        "n_novel": 297061
    },
    "@400000": {
        "validity": 0.98178,
        "uniqueness": 0.861585,
        "novelty": 0.8426225,
        "n_valid": 392712,
        "n_unique": 344634,
        "n_novel": 337049
    },
    "@450000": {
        "validity": 0.9818288888888889,
        "uniqueness": 0.8551622222222223,
        "novelty": 0.8369977777777777,
        "n_valid": 441823,
        "n_unique": 384823,
        "n_novel": 376649
    },
    "@500000": {
        "validity": 0.98177,
        "uniqueness": 0.849314,
        "novelty": 0.831878,
        "n_valid": 490885,
        "n_unique": 424657,
        "n_novel": 415939
    },
    "@550000": {
        "validity": 0.9817163636363636,
        "uniqueness": 0.8434254545454546,
        "novelty": 0.8266836363636364,
        "n_valid": 539944,
        "n_unique": 463884,
        "n_novel": 454676
    },
    "@600000": {
        "validity": 0.981725,
        "uniqueness": 0.8384283333333333,
        "novelty": 0.8221866666666666,
        "n_valid": 589035,
        "n_unique": 503057,
        "n_novel": 493312
    },
    "@650000": {
        "validity": 0.9817538461538462,
        "uniqueness": 0.83318,
        "novelty": 0.8174692307692307,
        "n_valid": 638140,
        "n_unique": 541567,
        "n_novel": 531355
    },
    "@700000": {
        "validity": 0.9817457142857143,
        "uniqueness": 0.8287871428571428,
        "novelty": 0.8136042857142857,
        "n_valid": 687222,
        "n_unique": 580151,
        "n_novel": 569523
    },
    "@750000": {
        "validity": 0.9817946666666667,
        "uniqueness": 0.8246653333333334,
        "novelty": 0.8099253333333334,
        "n_valid": 736346,
        "n_unique": 618499,
        "n_novel": 607444
    },
    "@800000": {
        "validity": 0.9817725,
        "uniqueness": 0.8204575,
        "novelty": 0.8061575,
        "n_valid": 785418,
        "n_unique": 656366,
        "n_novel": 644926
    },
    "@850000": {
        "validity": 0.9817658823529412,
        "uniqueness": 0.8166494117647058,
        "novelty": 0.8026894117647059,
        "n_valid": 834501,
        "n_unique": 694152,
        "n_novel": 682286
    },
    "@900000": {
        "validity": 0.9817533333333334,
        "uniqueness": 0.8129322222222222,
        "novelty": 0.7993466666666666,
        "n_valid": 883578,
        "n_unique": 731639,
        "n_novel": 719412
    },
    "@950000": {
        "validity": 0.9817842105263158,
        "uniqueness": 0.8095073684210526,
        "novelty": 0.7962368421052631,
        "n_valid": 932695,
        "n_unique": 769032,
        "n_novel": 756425
    },
    "@1000000": {
        "validity": 0.98175,
        "uniqueness": 0.806062,
        "novelty": 0.793097,
        "n_valid": 981750,
        "n_unique": 806062,
        "n_novel": 793097
    }
}