{
    "@50000": {
        "validity": 0.95064,
        "uniqueness": 0.77528,
        "novelty": 0.75142,
        "n_valid": 47532,
        "n_unique": 38764,
        "n_novel": 37571
    },
    "@100000": {
        "validity": 0.94949,
        "uniqueness": 0.73263,
        "novelty": 0.71431,
        "n_valid": 94949,
        "n_unique": 73263,
        "n_novel": 71431
    },
    "@150000": {
        "validity": 0.9487133333333333,
        "uniqueness": 0.70322,
        "novelty": 0.6878066666666667,
        "n_valid": 142307,
        "n_unique": 105483,
        "n_novel": 103171
    },
    "@200000": {
        "validity": 0.948495,
        "uniqueness": 0.68246,
        "novelty": 0.6688,
        "n_valid": 189699,
        "n_unique": 136492,
        "n_novel": 133760
    },
    "@250000": {
        "validity": 0.948204,
        "uniqueness": 0.667396,
        "novelty": 0.654896,
        "n_valid": 237051,
        "n_unique": 166849,
        "n_novel": 163724
    },
    "@300000": {
        "validity": 0.9482133333333334,
        "uniqueness": 0.6544466666666666,
        "novelty": 0.64283,
        "n_valid": 284464,
        "n_unique": 196334,
        "n_novel": 192849
    },
    "@350000": {
        "validity": 0.9483228571428571,
        "uniqueness": 0.6437285714285714,
        "novelty": 0.6328371428571429,
        "n_valid": 331913,
        "n_unique": 225305,
        "n_novel": 221493
    },
    "@400000": {
        "validity": 0.9483875,
        "uniqueness": 0.633515,
        "novelty": 0.62323,
        "n_valid": 379355,
        "n_unique": 253406,
        "n_novel": 249292
    },
    "@450000": {
        "validity": 0.9484088888888889,
        "uniqueness": 0.6247555555555555,
        "novelty": 0.6150644444444444,
        "n_valid": 426784,
        "n_unique": 281140,
        "n_novel": 276779
    },
    "@500000": {
        "validity": 0.948236,
        "uniqueness": 0.617074,
        "novelty": 0.607882,
        "n_valid": 474118,
        "n_unique": 308537,
        "n_novel": 303941
    },
    "@550000": {
        "validity": 0.9482545454545455,
        "uniqueness": 0.610129090909091,
        "novelty": 0.6013709090909091,
        "n_valid": 521540,
        "n_unique": 335571,
        "n_novel": 330754
    },
    "@600000": {
        "validity": 0.9482666666666667,
        "uniqueness": 0.60346,
        "novelty": 0.5950416666666667,
        "n_valid": 568960,
        "n_unique": 362076,
        "n_novel": 357025
    },
    "@650000": {
        "validity": 0.9481661538461539,
        "uniqueness": 0.5975938461538461,
        "novelty": 0.5895092307692308,
        "n_valid": 616308,
        "n_unique": 388436,
        "n_novel": 383181
    },
    "@700000": {
        "validity": 0.9482242857142857,
        "uniqueness": 0.5925142857142857,
        "novelty": 0.5846914285714285,
        "n_valid": 663757,
        "n_unique": 414760,
        "n_novel": 409284
    },
    "@750000": {
        "validity": 0.9482053333333333,
        "uniqueness": 0.5875066666666666,
        "novelty": 0.5799773333333333,
        "n_valid": 711154,
        "n_unique": 440630,
        "n_novel": 434983
    },
    "@800000": {
        "validity": 0.948265,
        "uniqueness": 0.58284,
        "novelty": 0.57553375,
        "n_valid": 758612,
        "n_unique": 466272,
        "n_novel": 460427
    },
    "@850000": {
        "validity": 0.9482611764705883,
        "uniqueness": 0.578684705882353,
        "novelty": 0.5716105882352941,
        "n_valid": 806022,
        "n_unique": 491882,
        "n_novel": 485869
    },
    "@900000": {
        "validity": 0.9483177777777778,
        "uniqueness": 0.5744111111111111,
        "novelty": 0.5675155555555556,
        "n_valid": 853486,
        "n_unique": 516970,
        "n_novel": 510764
    },
    "@950000": {
        "validity": 0.9482336842105263,
        "uniqueness": 0.5702747368421053,
        "novelty": 0.5635547368421052,
        "n_valid": 900822,
        "n_unique": 541761,
        "n_novel": 535377
    },
    "@1000000": {
        "validity": 0.948172,
        "uniqueness": 0.566421,
        "novelty": 0.559878,
        "n_valid": 948172,
        "n_unique": 566421,
        "n_novel": 559878
    }
}