{
    "@50000": {
        "validity": 0.9931,
        "uniqueness": 0.44638,
        "novelty": 0.42954,
        "n_valid": 49655,
        "n_unique": 22319,
        "n_novel": 21477
    },
    "@100000": {
        "validity": 0.99296,
        "uniqueness": 0.39348,
        "novelty": 0.38075,
        "n_valid": 99296,
        "n_unique": 39348,
        "n_novel": 38075
    },
    "@150000": {
        "validity": 0.9929866666666667,
        "uniqueness": 0.36328,
        "novelty": 0.35302,
        "n_valid": 148948,
        "n_unique": 54492,
        "n_novel": 52953
    },
    "@200000": {
        "validity": 0.993105,
        "uniqueness": 0.34314,
        "novelty": 0.33432,
        "n_valid": 198621,
        "n_unique": 68628,
        "n_novel": 66864
    },
    "@250000": {
        "validity": 0.993128,
        "uniqueness": 0.327548,
        "novelty": 0.319624,
        "n_valid": 248282,
        "n_unique": 81887,
        "n_novel": 79906
    },
    "@300000": {
        "validity": 0.9930733333333334,
        "uniqueness": 0.3149033333333333,
        "novelty": 0.3076966666666667,
        "n_valid": 297922,
        "n_unique": 94471,
        "n_novel": 92309
    },
    "@350000": {
        "validity": 0.9931171428571428,
        "uniqueness": 0.3052314285714286,
        "novelty": 0.2986057142857143,
        "n_valid": 347591,
        "n_unique": 106831,
        "n_novel": 104512
    },
    "@400000": {
        "validity": 0.99312,
        "uniqueness": 0.296685,
        "novelty": 0.29052,
        "n_valid": 397248,
        "n_unique": 118674,
        "n_novel": 116208
    },
    "@450000": {
        "validity": 0.9931666666666666,
        "uniqueness": 0.28880666666666666,
        "novelty": 0.28300888888888887,
        "n_valid": 446925,
        "n_unique": 129963,
        "n_novel": 127354
    },
    "@500000": {
        "validity": 0.993078,
        "uniqueness": 0.282094,
        "novelty": 0.276628,
        "n_valid": 496539,
        "n_unique": 141047,
        "n_novel": 138314
    },
    "@550000": {
        "validity": 0.9931018181818182,
        "uniqueness": 0.27578909090909093,
        "novelty": 0.27059636363636363,
        "n_valid": 546206,
        "n_unique": 151684,
        "n_novel": 148828
    },
    "@600000": {
        "validity": 0.993115,
        "uniqueness": 0.27033666666666667,
        "novelty": 0.26539833333333335,
        "n_valid": 595869,
        "n_unique": 162202,
        "n_novel": 159239
    },
    "@650000": {
        "validity": 0.9931492307692308,
        "uniqueness": 0.26541846153846155,
        "novelty": 0.26070461538461537,
        "n_valid": 645547,
        "n_unique": 172522,
        "n_novel": 169458
    },
    "@700000": {
        "validity": 0.9931857142857143,
        "uniqueness": 0.2608142857142857,
        "novelty": 0.2563042857142857,
        "n_valid": 695230,
        "n_unique": 182570,
        "n_novel": 179413
    },
    "@750000": {
        "validity": 0.9931706666666666,
        "uniqueness": 0.25660133333333335,
        "novelty": 0.25225333333333333,
        "n_valid": 744878,
        "n_unique": 192451,
        "n_novel": 189190
    },
    "@800000": {
        "validity": 0.99311875,
        "uniqueness": 0.252725,
        "novelty": 0.24854625,
        "n_valid": 794495,
        "n_unique": 202180,
        "n_novel": 198837
    },
    "@850000": {
        "validity": 0.9931270588235294,
        "uniqueness": 0.24912823529411765,
        "novelty": 0.2450964705882353,
        "n_valid": 844158,
        "n_unique": 211759,
        "n_novel": 208332
    },
    "@900000": {
        "validity": 0.9931511111111111,
        "uniqueness": 0.24575777777777777,
        "novelty": 0.24186444444444444,
        "n_valid": 893836,
        "n_unique": 221182,
        "n_novel": 217678
    },
    "@950000": {
        "validity": 0.99314,
        "uniqueness": 0.2425915789473684,
        "novelty": 0.23882105263157893,
        "n_valid": 943483,
        "n_unique": 230462,
        "n_novel": 226880
    },
    "@1000000": {
        "validity": 0.993144,
        "uniqueness": 0.23959,
        "novelty": 0.235944,
        "n_valid": 993144,
        "n_unique": 239590,
        "n_novel": 235944
    }
}