{
    "@50000": {
        "validity": 0.99504,
        "uniqueness": 0.45154,
        "novelty": 0.44364,
        "n_valid": 49752,
        "n_unique": 22577,
        "n_novel": 22182
    },
    "@100000": {
        "validity": 0.99526,
        "uniqueness": 0.36677,
        "novelty": 0.36204,
        "n_valid": 99526,
        "n_unique": 36677,
        "n_novel": 36204
    },
    "@150000": {
        "validity": 0.9952933333333334,
        "uniqueness": 0.32066,
        "novelty": 0.3172466666666667,
        "n_valid": 149294,
        "n_unique": 48099,
        "n_novel": 47587
    },
    "@200000": {
        "validity": 0.995365,
        "uniqueness": 0.288755,
        "novelty": 0.28603,
        "n_valid": 199073,
        "n_unique": 57751,
        "n_novel": 57206
    },
    "@250000": {
        "validity": 0.995348,
        "uniqueness": 0.26476,
        "novelty": 0.262504,
        "n_valid": 248837,
        "n_unique": 66190,
        "n_novel": 65626
    },
    "@300000": {
        "validity": 0.9954,
        "uniqueness": 0.24647333333333332,
        "novelty": 0.24451,
        "n_valid": 298620,
        "n_unique": 73942,
        "n_novel": 73353
    },
    "@350000": {
        "validity": 0.99538,
        "uniqueness": 0.23186285714285715,
        "novelty": 0.23014285714285715,
        "n_valid": 348383,
        "n_unique": 81152,
        "n_novel": 80550
    },
    "@400000": {
        "validity": 0.9953575,
        "uniqueness": 0.219355,
        "novelty": 0.217815,
        "n_valid": 398143,
        "n_unique": 87742,
        "n_novel": 87126
    },
    "@450000": {
        "validity": 0.9953088888888889,
        "uniqueness": 0.20889333333333332,
        "novelty": 0.20750222222222223,
        "n_valid": 447889,
        "n_unique": 94002,
        "n_novel": 93376
    },
    "@500000": {
        "validity": 0.99531,
        "uniqueness": 0.199754,
        "novelty": 0.198488,
        "n_valid": 497655,
        "n_unique": 99877,
        "n_novel": 99244
    },
    "@550000": {
        "validity": 0.9953036363636364,
        "uniqueness": 0.1917018181818182,
        "novelty": 0.19053272727272727,
        "n_valid": 547417,
        "n_unique": 105436,
        "n_novel": 104793
    },
    "@600000": {
        "validity": 0.9953416666666667,
        "uniqueness": 0.18449666666666667,
        "novelty": 0.18341333333333334,
        "n_valid": 597205,
        "n_unique": 110698,
        "n_novel": 110048
    },
    "@650000": {
        "validity": 0.9953584615384615,
        "uniqueness": 0.17813076923076923,
        "novelty": 0.17712461538461538,
        "n_valid": 646983,
        "n_unique": 115785,
        "n_novel": 115131
    },
    "@700000": {
        "validity": 0.9953728571428572,
        "uniqueness": 0.17238714285714285,
        "novelty": 0.17144428571428572,
        "n_valid": 696761,
        "n_unique": 120671,
        "n_novel": 120011
    },
    "@750000": {
        "validity": 0.99536,
        "uniqueness": 0.16702533333333333,
        "novelty": 0.16614133333333334,
        "n_valid": 746520,
        "n_unique": 125269,
        "n_novel": 124606
    },
    "@800000": {
        "validity": 0.99536,
        "uniqueness": 0.16213125,
        "novelty": 0.16129875,
        "n_valid": 796288,
        "n_unique": 129705,
        "n_novel": 129039
    },
    "@850000": {
        "validity": 0.9953764705882353,
        "uniqueness": 0.15764941176470587,
        "novelty": 0.1568635294117647,
        "n_valid": 846070,
        "n_unique": 134002,
        "n_novel": 133334
    },
    "@900000": {
        "validity": 0.99535,
        "uniqueness": 0.15348111111111112,
        "novelty": 0.15273444444444445,
        "n_valid": 895815,
        "n_unique": 138133,
        "n_novel": 137461
    },
    "@950000": {
        "validity": 0.9953684210526316,
        "uniqueness": 0.14954315789473685,
        "novelty": 0.14882842105263158,
        "n_valid": 945600,
        "n_unique": 142066,
        "n_novel": 141387
    },
    "@1000000": {
        "validity": 0.995345,
        "uniqueness": 0.145895,
        "novelty": 0.145212,
        "n_valid": 995345,
        "n_unique": 145895,
        "n_novel": 145212
    }
}