{
    "@50000": {
        "validity": 0.91922,
        "uniqueness": 0.85452,
        "novelty": 0.84754,
        "n_valid": 45961,
        "n_unique": 42726,
        "n_novel": 42377
    },
    "@100000": {
        "validity": 0.91958,
        "uniqueness": 0.83448,
        "novelty": 0.82908,
        "n_valid": 91958,
        "n_unique": 83448,
        "n_novel": 82908
    },
    "@150000": {
        "validity": 0.9202533333333334,
        "uniqueness": 0.8206533333333333,
        "novelty": 0.8161133333333334,
        "n_valid": 138038,
        "n_unique": 123098,
        "n_novel": 122417
    },
    "@200000": {
        "validity": 0.92026,
        "uniqueness": 0.810975,
        "novelty": 0.807015,
        "n_valid": 184052,
        "n_unique": 162195,
        "n_novel": 161403
    },
    "@250000": {
        "validity": 0.920308,
        "uniqueness": 0.802344,
        "novelty": 0.798764,
        "n_valid": 230077,
        "n_unique": 200586,
        "n_novel": 199691
    },
    "@300000": {
        "validity": 0.9203766666666666,
        "uniqueness": 0.79519,
        "novelty": 0.7918966666666667,
        "n_valid": 276113,
        "n_unique": 238557,
        "n_novel": 237569
    },
    "@350000": {
        "validity": 0.9203571428571429,
        "uniqueness": 0.7891714285714285,
        "novelty": 0.7861314285714286,
        "n_valid": 322125,
        "n_unique": 276210,
        "n_novel": 275146
    },
    "@400000": {
        "validity": 0.9204025,
        "uniqueness": 0.78368,
        "novelty": 0.7807975,
        "n_valid": 368161,
        "n_unique": 313472,
        "n_novel": 312319
    },
    "@450000": {
        "validity": 0.9206244444444445,
        "uniqueness": 0.7787266666666667,
        "novelty": 0.7759888888888888,
        "n_valid": 414281,
        "n_unique": 350427,
        "n_novel": 349195
    },
    "@500000": {
        "validity": 0.92082,
        "uniqueness": 0.77433,
        "novelty": 0.771692,
        "n_valid": 460410,
        "n_unique": 387165,
        "n_novel": 385846
    },
    "@550000": {
        "validity": 0.9209927272727273,
        "uniqueness": 0.7703854545454546,
        "novelty": 0.7678545454545455,
        "n_valid": 506546,
        "n_unique": 423712,
        "n_novel": 422320
    },
    "@600000": {
        "validity": 0.92114,
        "uniqueness": 0.7666816666666667,
        "novelty": 0.7642733333333334,
        "n_valid": 552684,
        "n_unique": 460009,
        "n_novel": 458564
    },
    "@650000": {
        "validity": 0.9212046153846154,
        "uniqueness": 0.7630353846153847,
        "novelty": 0.7607169230769231,
        "n_valid": 598783,
        "n_unique": 495973,
        "n_novel": 494466
    },
    "@700000": {
        "validity": 0.9211471428571428,
        "uniqueness": 0.7597785714285714,
        "novelty": 0.75754,
        "n_valid": 644803,
        "n_unique": 531845,
        "n_novel": 530278
    },
    "@750000": {
        "validity": 0.9211,
        "uniqueness": 0.7566466666666667,
        "novelty": 0.754472,
        "n_valid": 690825,
        "n_unique": 567485,
        "n_novel": 565854
    },
    "@800000": {
        "validity": 0.9211125,
        "uniqueness": 0.7537825,
        "novelty": 0.75168875,
        "n_valid": 736890,
        "n_unique": 603026,
        "n_novel": 601351
    },
    "@850000": {
        "validity": 0.921115294117647,
        "uniqueness": 0.7510070588235294,
        "novelty": 0.7489847058823529,
        "n_valid": 782948,
        "n_unique": 638356,
        "n_novel": 636637
    },
    "@900000": {
        "validity": 0.9210611111111111,
        "uniqueness": 0.7482422222222223,
        "novelty": 0.7462833333333333,
        "n_valid": 828955,
        "n_unique": 673418,
        "n_novel": 671655
    },
    "@950000": {
        "validity": 0.9211778947368421,
        "uniqueness": 0.7457957894736842,
        "novelty": 0.7438852631578947,
        "n_valid": 875119,
        "n_unique": 708506,
        "n_novel": 706691
    },
    "@1000000": {
        "validity": 0.921071,
        "uniqueness": 0.743094,
        "novelty": 0.741238,
        "n_valid": 921071,
        "n_unique": 743094,
        "n_novel": 741238
    }
}