{
    "@50000": {
        "validity": 0.99118,
        "uniqueness": 0.7795,
        "novelty": 0.74996,
        "n_valid": 49559,
        "n_unique": 38975,
        "n_novel": 37498
    },
    "@100000": {
        "validity": 0.99115,
        "uniqueness": 0.70843,
        "novelty": 0.68617,
        "n_valid": 99115,
        "n_unique": 70843,
        "n_novel": 68617
    },
    "@150000": {
        "validity": 0.9912733333333333,
        "uniqueness": 0.66532,
        "novelty": 0.64678,
        "n_valid": 148691,
        "n_unique": 99798,
        "n_novel": 97017
    },
    "@200000": {
        "validity": 0.9912,
        "uniqueness": 0.634485,
        "novelty": 0.61843,
        "n_valid": 198240,
        "n_unique": 126897,
        "n_novel": 123686
    },
    "@250000": {
        "validity": 0.991328,
        "uniqueness": 0.609212,
        "novelty": 0.595068,
        "n_valid": 247832,
        "n_unique": 152303,
        "n_novel": 148767
    },
    "@300000": {
        "validity": 0.9911866666666667,
        "uniqueness": 0.5884466666666667,
        "novelty": 0.5757733333333334,
        "n_valid": 297356,
        "n_unique": 176534,
        "n_novel": 172732
    },
    "@350000": {
        "validity": 0.9911942857142857,
        "uniqueness": 0.5709742857142858,
        "novelty": 0.5594314285714286,
        "n_valid": 346918,
        "n_unique": 199841,
        "n_novel": 195801
    },
    "@400000": {
        "validity": 0.9911825,
        "uniqueness": 0.555995,
        "novelty": 0.54529,
        "n_valid": 396473,
        "n_unique": 222398,
        "n_novel": 218116
    },
    "@450000": {
        "validity": 0.9911022222222222,
        "uniqueness": 0.5425822222222222,
        "novelty": 0.5326022222222222,
        "n_valid": 445996,
        "n_unique": 244162,
        "n_novel": 239671
    },
    "@500000": {
        "validity": 0.991176,
        "uniqueness": 0.530902,
        "novelty": 0.521624,
        "n_valid": 495588,
        "n_unique": 265451,
        "n_novel": 260812
    },
    "@550000": {
        "validity": 0.9911181818181818,
        "uniqueness": 0.51998,
        "novelty": 0.5112472727272728,
        "n_valid": 545115,
        "n_unique": 285989,
        "n_novel": 281186
    },
    "@600000": {
        "validity": 0.9911183333333333,
        "uniqueness": 0.5103833333333333,
        "novelty": 0.5021316666666666,
        "n_valid": 594671,
        "n_unique": 306230,
        "n_novel": 301279
    },
    "@650000": {
        "validity": 0.99108,
        "uniqueness": 0.5014707692307693,
        "novelty": 0.49363538461538464,
        "n_valid": 644202,
        "n_unique": 325956,
        "n_novel": 320863
    },
    "@700000": {
        "validity": 0.9911271428571429,
        "uniqueness": 0.49292142857142857,
        "novelty": 0.4854785714285714,
        "n_valid": 693789,
        "n_unique": 345045,
        "n_novel": 339835
    },
    "@750000": {
        "validity": 0.9910946666666667,
        "uniqueness": 0.48507066666666665,
        "novelty": 0.4779813333333333,
        "n_valid": 743321,
        "n_unique": 363803,
        "n_novel": 358486
    },
    "@800000": {
        "validity": 0.9911025,
        "uniqueness": 0.47786375,
        "novelty": 0.4710725,
        "n_valid": 792882,
        "n_unique": 382291,
        "n_novel": 376858
    },
    "@850000": {
        "validity": 0.9911058823529412,
        "uniqueness": 0.4712435294117647,
        "novelty": 0.46471882352941174,
        "n_valid": 842440,
        "n_unique": 400557,
        "n_novel": 395011
    },
    "@900000": {
        "validity": 0.9911,
        "uniqueness": 0.46490777777777775,
        "novelty": 0.4586266666666667,
        "n_valid": 891990,
        "n_unique": 418417,
        "n_novel": 412764
    },
    "@950000": {
        "validity": 0.9910873684210526,
        "uniqueness": 0.45900842105263157,
        "novelty": 0.45295894736842107,
        "n_valid": 941533,
        "n_unique": 436058,
        "n_novel": 430311
    },
    "@1000000": {
        "validity": 0.99109,
        "uniqueness": 0.45338,
        "novelty": 0.447536,
        "n_valid": 991090,
        "n_unique": 453380,
        "n_novel": 447536
    }
}