{
    "@50000": {
        "validity": 0.98846,
        "uniqueness": 0.4228,
        "novelty": 0.40836,
        "n_valid": 49423,
        "n_unique": 21140,
        "n_novel": 20418
    },
    "@100000": {
        "validity": 0.98801,
        "uniqueness": 0.36828,
        "novelty": 0.35821,
        "n_valid": 98801,
        "n_unique": 36828,
        "n_novel": 35821
    },
    "@150000": {
        "validity": 0.98794,
        "uniqueness": 0.3361266666666667,
        "novelty": 0.3280666666666667,
        "n_valid": 148191,
        "n_unique": 50419,
        "n_novel": 49210
    },
    "@200000": {
        "validity": 0.987635,
        "uniqueness": 0.314585,
        "novelty": 0.30776,
        "n_valid": 197527,
        "n_unique": 62917,
        "n_novel": 61552
    },
    "@250000": {
        "validity": 0.987652,
        "uniqueness": 0.298532,
        "novelty": 0.292444,
        "n_valid": 246913,
        "n_unique": 74633,
        "n_novel": 73111
    },
    "@300000": {
        "validity": 0.9876733333333333,
        "uniqueness": 0.2858966666666667,
        "novelty": 0.28043666666666667,
        "n_valid": 296302,
        "n_unique": 85769,
        "n_novel": 84131
    },
    "@350000": {
        "validity": 0.9876742857142857,
        "uniqueness": 0.2752657142857143,
        "novelty": 0.27024,
        "n_valid": 345686,
        "n_unique": 96343,
        "n_novel": 94584
    },
    "@400000": {
        "validity": 0.987675,
        "uniqueness": 0.26639,
        "novelty": 0.2617225,
        "n_valid": 395070,
        "n_unique": 106556,
        "n_novel": 104689
    },
    "@450000": {
        "validity": 0.9876622222222222,
        "uniqueness": 0.25851111111111114,
        "novelty": 0.25418666666666667,
        "n_valid": 444448,
        "n_unique": 116330,
        "n_novel": 114384
    },
    "@500000": {
        "validity": 0.987714,
        "uniqueness": 0.252022,
        "novelty": 0.247962,
        "n_valid": 493857,
        "n_unique": 126011,
        "n_novel": 123981
    },
    "@550000": {
        "validity": 0.9876563636363637,
        "uniqueness": 0.24575272727272726,
        "novelty": 0.24193636363636364,
        "n_valid": 543211,
        "n_unique": 135164,
        "n_novel": 133065
    },
    "@600000": {
        "validity": 0.9877,
        "uniqueness": 0.24027333333333334,
        "novelty": 0.23663666666666666,
        "n_valid": 592620,
        "n_unique": 144164,
        "n_novel": 141982
    },
    "@650000": {
        "validity": 0.9877307692307692,
        "uniqueness": 0.23537538461538463,
        "novelty": 0.2319153846153846,
        "n_valid": 642025,
        "n_unique": 152994,
        "n_novel": 150745
    },
    "@700000": {
        "validity": 0.9877285714285714,
        "uniqueness": 0.23084142857142856,
        "novelty": 0.22753285714285715,
        "n_valid": 691410,
        "n_unique": 161589,
        "n_novel": 159273
    },
    "@750000": {
        "validity": 0.9877413333333334,
        "uniqueness": 0.22662133333333334,
        "novelty": 0.22344266666666668,
        "n_valid": 740806,
        "n_unique": 169966,
        "n_novel": 167582
    },
    "@800000": {
        "validity": 0.9876925,
        "uniqueness": 0.222685,
        "novelty": 0.2196475,
        "n_valid": 790154,
        "n_unique": 178148,
        "n_novel": 175718
    },
    "@850000": {
        "validity": 0.98772,
        "uniqueness": 0.21905764705882352,
        "novelty": 0.21614,
        "n_valid": 839562,
        "n_unique": 186199,
        "n_novel": 183719
    },
    "@900000": {
        "validity": 0.9877811111111111,
        "uniqueness": 0.21555777777777776,
        "novelty": 0.21273,
        "n_valid": 889003,
        "n_unique": 194002,
        "n_novel": 191457
    },
    "@950000": {
        "validity": 0.9877631578947368,
        "uniqueness": 0.21229894736842106,
        "novelty": 0.20957157894736841,
        "n_valid": 938375,
        "n_unique": 201684,
        "n_novel": 199093
    },
    "@1000000": {
        "validity": 0.987757,
        "uniqueness": 0.209319,
        "novelty": 0.20668,
        "n_valid": 987757,
        "n_unique": 209319,
        "n_novel": 206680
    }
}