{
    "@50000": {
        "validity": 0.98802,
        "uniqueness": 0.02082,
        "novelty": 0.02068,
        "n_valid": 49401,
        "n_unique": 1041,
        "n_novel": 1034
    },
    "@100000": {
        "validity": 0.98768,
        "uniqueness": 0.01316,
        "novelty": 0.01309,
        "n_valid": 98768,
        "n_unique": 1316,
        "n_novel": 1309
    },
    "@150000": {
        "validity": 0.98778,
        "uniqueness": 0.010006666666666667,
        "novelty": 0.00996,
        "n_valid": 148167,
        "n_unique": 1501,
        "n_novel": 1494
    },
    "@200000": {
        "validity": 0.987865,
        "uniqueness": 0.00812,
        "novelty": 0.008085,
        "n_valid": 197573,
        "n_unique": 1624,
        "n_novel": 1617
    },
    "@250000": {
        "validity": 0.987936,
        "uniqueness": 0.006916,
        "novelty": 0.006888,
        "n_valid": 246984,
        "n_unique": 1729,
        "n_novel": 1722
    },
    "@300000": {
        "validity": 0.9879233333333334,
        "uniqueness": 0.00615,
        "novelty": 0.0061266666666666665,
        "n_valid": 296377,
        "n_unique": 1845,
        "n_novel": 1838
    },
    "@350000": {
        "validity": 0.9879171428571428,
        "uniqueness": 0.0054685714285714285,
        "novelty": 0.0054485714285714285,
        "n_valid": 345771,
        "n_unique": 1914,
        "n_novel": 1907
    },
    "@400000": {
        "validity": 0.9878775,
        "uniqueness": 0.004955,
        "novelty": 0.0049375,
        "n_valid": 395151,
        "n_unique": 1982,
        "n_novel": 1975
    },
    "@450000": {
        "validity": 0.9877955555555555,
        "uniqueness": 0.004577777777777778,
        "novelty": 0.004562222222222222,
        "n_valid": 444508,
        "n_unique": 2060,
        "n_novel": 2053
    },
    "@500000": {
        "validity": 0.987744,
        "uniqueness": 0.004266,
        "novelty": 0.004252,
        "n_valid": 493872,
        "n_unique": 2133,
        "n_novel": 2126
    },
    "@550000": {
        "validity": 0.9877090909090909,
        "uniqueness": 0.003970909090909091,
        "novelty": 0.003958181818181818,
        "n_valid": 543240,
        "n_unique": 2184,
        "n_novel": 2177
    },
    "@600000": {
        "validity": 0.9876233333333333,
        "uniqueness": 0.0037266666666666668,
        "novelty": 0.003715,
        "n_valid": 592574,
        "n_unique": 2236,
        "n_novel": 2229
    },
    "@650000": {
        "validity": 0.9875723076923076,
        "uniqueness": 0.003513846153846154,
        "novelty": 0.003503076923076923,
        "n_valid": 641922,
        "n_unique": 2284,
        "n_novel": 2277
    },
    "@700000": {
        "validity": 0.98759,
        "uniqueness": 0.0033114285714285715,
        "novelty": 0.0033014285714285715,
        "n_valid": 691313,
        "n_unique": 2318,
        "n_novel": 2311
    },
    "@750000": {
        "validity": 0.987656,
        "uniqueness": 0.0031466666666666665,
        "novelty": 0.003137333333333333,
        "n_valid": 740742,
        "n_unique": 2360,
        "n_novel": 2353
    },
    "@800000": {
        "validity": 0.98762875,
        "uniqueness": 0.003,
        "novelty": 0.00299125,
        "n_valid": 790103,
        "n_unique": 2400,
        "n_novel": 2393
    },
    "@850000": {
        "validity": 0.9876623529411764,
        "uniqueness": 0.002875294117647059,
        "novelty": 0.002867058823529412,
        "n_valid": 839513,
        "n_unique": 2444,
        "n_novel": 2437
    },
    "@900000": {
        "validity": 0.9877111111111111,
        "uniqueness": 0.0027444444444444443,
        "novelty": 0.0027366666666666668,
        "n_valid": 888940,
        "n_unique": 2470,
        "n_novel": 2463
    },
    "@950000": {
        "validity": 0.9876957894736842,
        "uniqueness": 0.0026305263157894738,
        "novelty": 0.002623157894736842,
        "n_valid": 938311,
        "n_unique": 2499,
        "n_novel": 2492
    },
    "@1000000": {
        "validity": 0.987687,
        "uniqueness": 0.002536,
        "novelty": 0.002529,
        "n_valid": 987687,
        "n_unique": 2536,
        "n_novel": 2529
    }
}