{
    "@50000": {
        "validity": 0.9852,
        "uniqueness": 0.93164,
        "novelty": 0.8882,
        "n_valid": 49260,
        "n_unique": 46582,
        "n_novel": 44410
    },
    "@100000": {
        "validity": 0.98501,
        "uniqueness": 0.91399,
        "novelty": 0.87533,
        "n_valid": 98501,
        "n_unique": 91399,
        "n_novel": 87533
    },
    "@150000": {
        "validity": 0.9850066666666667,
        "uniqueness": 0.9014733333333333,
        "novelty": 0.86602,
        "n_valid": 147751,
        "n_unique": 135221,
        "n_novel": 129903
    },
    "@200000": {
        "validity": 0.985005,
        "uniqueness": 0.892245,
        "novelty": 0.8588,
        "n_valid": 197001,
        "n_unique": 178449,
        "n_novel": 171760
    },
    "@250000": {
        "validity": 0.984988,
        "uniqueness": 0.883416,
        "novelty": 0.85168,
        "n_valid": 246247,
        "n_unique": 220854,
        "n_novel": 212920
    },
    "@300000": {
        "validity": 0.9849133333333333,
        "uniqueness": 0.8761333333333333,
        "novelty": 0.84602,
        "n_valid": 295474,
        "n_unique": 262840,
        "n_novel": 253806
    },
    "@350000": {
        "validity": 0.9847228571428571,
        "uniqueness": 0.8695428571428572,
        "novelty": 0.8405828571428572,
        "n_valid": 344653,
        "n_unique": 304340,
        "n_novel": 294204
    },
    "@400000": {
        "validity": 0.9847875,
        "uniqueness": 0.8641925,
        "novelty": 0.83645,
        "n_valid": 393915,
        "n_unique": 345677,
        "n_novel": 334580
    },
    "@450000": {
        "validity": 0.9848155555555556,
        "uniqueness": 0.8589155555555555,
        "novelty": 0.8322088888888889,
        "n_valid": 443167,
        "n_unique": 386512,
        "n_novel": 374494
    },
    "@500000": {
        "validity": 0.984794,
        "uniqueness": 0.854318,
        "novelty": 0.828546,
        "n_valid": 492397,
        "n_unique": 427159,
        "n_novel": 414273
    },
    "@550000": {
        "validity": 0.9847963636363636,
        "uniqueness": 0.8498072727272727,
        "novelty": 0.8247690909090909,
        "n_valid": 541638,
        "n_unique": 467394,
        "n_novel": 453623
    },
    "@600000": {
        "validity": 0.9847666666666667,
        "uniqueness": 0.845535,
        "novelty": 0.821195,
        "n_valid": 590860,
        "n_unique": 507321,
        "n_novel": 492717
    },
    "@650000": {
        "validity": 0.9847676923076923,
        "uniqueness": 0.8417230769230769,
        "novelty": 0.8179461538461539,
        "n_valid": 640099,
        "n_unique": 547120,
        "n_novel": 531665
    },
    "@700000": {
        "validity": 0.9847885714285715,
        "uniqueness": 0.8379614285714285,
        "novelty": 0.8147557142857142,
        "n_valid": 689352,
        "n_unique": 586573,
        "n_novel": 570329
    },
    "@750000": {
        "validity": 0.9847773333333333,
        "uniqueness": 0.834552,
        "novelty": 0.8118413333333333,
        "n_valid": 738583,
        "n_unique": 625914,
        "n_novel": 608881
    },
    "@800000": {
        "validity": 0.98476875,
        "uniqueness": 0.83147375,
        "novelty": 0.8093,
        "n_valid": 787815,
        "n_unique": 665179,
        "n_novel": 647440
    },
    "@850000": {
        "validity": 0.984724705882353,
        "uniqueness": 0.82838,
        "novelty": 0.8067176470588235,
        "n_valid": 837016,
        "n_unique": 704123,
        "n_novel": 685710
    },
    "@900000": {
        "validity": 0.9847333333333333,
        "uniqueness": 0.8255133333333333,
        "novelty": 0.8042555555555555,
        "n_valid": 886260,
        "n_unique": 742962,
        "n_novel": 723830
    },
    "@950000": {
        "validity": 0.9847726315789473,
        "uniqueness": 0.8226305263157895,
        "novelty": 0.8017968421052631,
        "n_valid": 935534,
        "n_unique": 781499,
        "n_novel": 761707
    },
    "@1000000": {
        "validity": 0.984761,
        "uniqueness": 0.819818,
        "novelty": 0.799348,
        "n_valid": 984761,
        "n_unique": 819818,
        "n_novel": 799348
    }
}