{
    "@50000": {
        "validity": 0.8789,
        "uniqueness": 0.83654,
        "novelty": 0.81974,
        "n_valid": 43945,
        "n_unique": 41827,
        "n_novel": 40987
    },
    "@100000": {
        "validity": 0.8788,
        "uniqueness": 0.82048,
        "novelty": 0.80666,
        "n_valid": 87880,
        "n_unique": 82048,
        "n_novel": 80666
    },
    "@150000": {
        "validity": 0.8777466666666667,
        "uniqueness": 0.8091933333333333,
        "novelty": 0.7970866666666667,
        "n_valid": 131662,
        "n_unique": 121379,
        "n_novel": 119563
    },
    "@200000": {
        "validity": 0.87736,
        "uniqueness": 0.799995,
        "novelty": 0.788995,
        "n_valid": 175472,
        "n_unique": 159999,
        "n_novel": 157799
    },
    "@250000": {
        "validity": 0.876808,
        "uniqueness": 0.792824,
        "novelty": 0.782736,
        "n_valid": 219202,
        "n_unique": 198206,
        "n_novel": 195684
    },
    "@300000": {
        "validity": 0.8769033333333334,
        "uniqueness": 0.78766,
        "novelty": 0.77825,
        "n_valid": 263071,
        "n_unique": 236298,
        "n_novel": 233475
    },
    "@350000": {
        "validity": 0.8768914285714285,
        "uniqueness": 0.7826542857142857,
        "novelty": 0.7738142857142857,
        "n_valid": 306912,
        "n_unique": 273929,
        "n_novel": 270835
    },
    "@400000": {
        "validity": 0.8768875,
        "uniqueness": 0.7786425,
        "novelty": 0.770195,
        "n_valid": 350755,
        "n_unique": 311457,
        "n_novel": 308078
    },
    "@450000": {
        "validity": 0.8767266666666667,
        "uniqueness": 0.7746977777777778,
        "novelty": 0.7665844444444444,
        "n_valid": 394527,
        "n_unique": 348614,
        "n_novel": 344963
    },
    "@500000": {
        "validity": 0.877036,
        "uniqueness": 0.77163,
        "novelty": 0.76383,
        "n_valid": 438518,
        "n_unique": 385815,
        "n_novel": 381915
    },
    "@550000": {
        "validity": 0.8766672727272727,
        "uniqueness": 0.7680127272727273,
        "novelty": 0.7604545454545455,
        "n_valid": 482167,
        "n_unique": 422407,
        "n_novel": 418250
    },
    "@600000": {
        "validity": 0.876585,
        "uniqueness": 0.7650516666666667,
        "novelty": 0.7577233333333333,
        "n_valid": 525951,
        "n_unique": 459031,
        "n_novel": 454634
    },
    "@650000": {
        "validity": 0.8766584615384615,
        "uniqueness": 0.7621692307692308,
        "novelty": 0.7550969230769231,
        "n_valid": 569828,
        "n_unique": 495410,
        "n_novel": 490813
    },
    "@700000": {
        "validity": 0.87655,
        "uniqueness": 0.7596242857142858,
        "novelty": 0.7528014285714286,
        "n_valid": 613585,
        "n_unique": 531737,
        "n_novel": 526961
    },
    "@750000": {
        "validity": 0.8763746666666666,
        "uniqueness": 0.756896,
        "novelty": 0.7502533333333333,
        "n_valid": 657281,
        "n_unique": 567672,
        "n_novel": 562690
    },
    "@800000": {
        "validity": 0.8763575,
        "uniqueness": 0.75452375,
        "novelty": 0.74804625,
        "n_valid": 701086,
        "n_unique": 603619,
        "n_novel": 598437
    },
    "@850000": {
        "validity": 0.8763882352941177,
        "uniqueness": 0.7523482352941177,
        "novelty": 0.7460223529411765,
        "n_valid": 744930,
        "n_unique": 639496,
        "n_novel": 634119
    },
    "@900000": {
        "validity": 0.8763744444444445,
        "uniqueness": 0.7502922222222222,
        "novelty": 0.7441155555555555,
        "n_valid": 788737,
        "n_unique": 675263,
        "n_novel": 669704
    },
    "@950000": {
        "validity": 0.8764410526315789,
        "uniqueness": 0.7481821052631579,
        "novelty": 0.7421578947368421,
        "n_valid": 832619,
        "n_unique": 710773,
        "n_novel": 705050
    },
    "@1000000": {
        "validity": 0.876413,
        "uniqueness": 0.746258,
        "novelty": 0.740353,
        "n_valid": 876413,
        "n_unique": 746258,
        "n_novel": 740353
    }
}