{
    "@50000": {
        "validity": 0.892,
        "uniqueness": 0.63714,
        "novelty": 0.62584,
        "n_valid": 44600,
        "n_unique": 31857,
        "n_novel": 31292
    },
    "@100000": {
        "validity": 0.89274,
        "uniqueness": 0.59949,
        "novelty": 0.59141,
        "n_valid": 89274,
        "n_unique": 59949,
        "n_novel": 59141
    },
    "@150000": {
        "validity": 0.8932733333333334,
        "uniqueness": 0.5764933333333333,
        "novelty": 0.5699666666666666,
        "n_valid": 133991,
        "n_unique": 86474,
        "n_novel": 85495
    },
    "@200000": {
        "validity": 0.892535,
        "uniqueness": 0.559085,
        "novelty": 0.553405,
        "n_valid": 178507,
        "n_unique": 111817,
        "n_novel": 110681
    },
    "@250000": {
        "validity": 0.892696,
        "uniqueness": 0.54542,
        "novelty": 0.540396,
        "n_valid": 223174,
        "n_unique": 136355,
        "n_novel": 135099
    },
    "@300000": {
        "validity": 0.89291,
        "uniqueness": 0.5347633333333334,
        "novelty": 0.5302333333333333,
        "n_valid": 267873,
        "n_unique": 160429,
        "n_novel": 159070
    },
    "@350000": {
        "validity": 0.8932171428571428,
        "uniqueness": 0.5252028571428572,
        "novelty": 0.5209971428571428,
        "n_valid": 312626,
        "n_unique": 183821,
        "n_novel": 182349
    },
    "@400000": {
        "validity": 0.8933625,
        "uniqueness": 0.517035,
        "novelty": 0.51312,
        "n_valid": 357345,
        "n_unique": 206814,
        "n_novel": 205248
    },
    "@450000": {
        "validity": 0.8931688888888889,
        "uniqueness": 0.5099866666666667,
        "novelty": 0.5063622222222223,
        "n_valid": 401926,
        "n_unique": 229494,
        "n_novel": 227863
    },
    "@500000": {
        "validity": 0.893152,
        "uniqueness": 0.503806,
        "novelty": 0.500376,
        "n_valid": 446576,
        "n_unique": 251903,
        "n_novel": 250188
    },
    "@550000": {
        "validity": 0.8933036363636364,
        "uniqueness": 0.49857090909090906,
        "novelty": 0.4953109090909091,
        "n_valid": 491317,
        "n_unique": 274214,
        "n_novel": 272421
    },
    "@600000": {
        "validity": 0.893185,
        "uniqueness": 0.49342,
        "novelty": 0.49030666666666667,
        "n_valid": 535911,
        "n_unique": 296052,
        "n_novel": 294184
    },
    "@650000": {
        "validity": 0.8931553846153846,
        "uniqueness": 0.4889892307692308,
        "novelty": 0.48601384615384613,
        "n_valid": 580551,
        "n_unique": 317843,
        "n_novel": 315909
    },
    "@700000": {
        "validity": 0.8930385714285715,
        "uniqueness": 0.4845271428571429,
        "novelty": 0.48166714285714285,
        "n_valid": 625127,
        "n_unique": 339169,
        "n_novel": 337167
    },
    "@750000": {
        "validity": 0.892916,
        "uniqueness": 0.48050933333333334,
        "novelty": 0.477752,
        "n_valid": 669687,
        "n_unique": 360382,
        "n_novel": 358314
    },
    "@800000": {
        "validity": 0.89297875,
        "uniqueness": 0.476715,
        "novelty": 0.47404875,
        "n_valid": 714383,
        "n_unique": 381372,
        "n_novel": 379239
    },
    "@850000": {
        "validity": 0.8929211764705882,
        "uniqueness": 0.4732070588235294,
        "novelty": 0.47061411764705885,
        "n_valid": 758983,
        "n_unique": 402226,
        "n_novel": 400022
    },
    "@900000": {
        "validity": 0.8928555555555555,
        "uniqueness": 0.46974333333333335,
        "novelty": 0.46723444444444445,
        "n_valid": 803570,
        "n_unique": 422769,
        "n_novel": 420511
    },
    "@950000": {
        "validity": 0.8928505263157894,
        "uniqueness": 0.4666042105263158,
        "novelty": 0.4641726315789474,
        "n_valid": 848208,
        "n_unique": 443274,
        "n_novel": 440964
    },
    "@1000000": {
        "validity": 0.892828,
        "uniqueness": 0.463633,
        "novelty": 0.461262,
        "n_valid": 892828,
        "n_unique": 463633,
        "n_novel": 461262
    }
}