{
    "@50000": {
        "validity": 0.92946,
        "uniqueness": 0.88142,
        "novelty": 0.87406,
        "n_valid": 46473,
        "n_unique": 44071,
        "n_novel": 43703
    },
    "@100000": {
        "validity": 0.92948,
        "uniqueness": 0.86135,
        "novelty": 0.85494,
        "n_valid": 92948,
        "n_unique": 86135,
        "n_novel": 85494
    },
    "@150000": {
        "validity": 0.9300066666666666,
        "uniqueness": 0.8481333333333333,
        "novelty": 0.8424,
        "n_valid": 139501,
        "n_unique": 127220,
        "n_novel": 126360
    },
    "@200000": {
        "validity": 0.929435,
        "uniqueness": 0.837765,
        "novelty": 0.83253,
        "n_valid": 185887,
        "n_unique": 167553,
        "n_novel": 166506
    },
    "@250000": {
        "validity": 0.929272,
        "uniqueness": 0.828512,
        "novelty": 0.823696,
        "n_valid": 232318,
        "n_unique": 207128,
        "n_novel": 205924
    },
    "@300000": {
        "validity": 0.9293433333333333,
        "uniqueness": 0.8210633333333334,
        "novelty": 0.8164466666666667,
        "n_valid": 278803,
        "n_unique": 246319,
        "n_novel": 244934
    },
    "@350000": {
        "validity": 0.92922,
        "uniqueness": 0.8142742857142857,
        "novelty": 0.8099028571428571,
        "n_valid": 325227,
        "n_unique": 284996,
        "n_novel": 283466
    },
    "@400000": {
        "validity": 0.929245,
        "uniqueness": 0.8082675,
        "novelty": 0.8041075,
        "n_valid": 371698,
        "n_unique": 323307,
        "n_novel": 321643
    },
    "@450000": {
        "validity": 0.9292288888888889,
        "uniqueness": 0.8031822222222222,
        "novelty": 0.7992177777777778,
        "n_valid": 418153,
        "n_unique": 361432,
        "n_novel": 359648
    },
    "@500000": {
        "validity": 0.929346,
        "uniqueness": 0.79843,
        "novelty": 0.794616,
        "n_valid": 464673,
        "n_unique": 399215,
        "n_novel": 397308
    },
    "@550000": {
        "validity": 0.9292072727272728,
        "uniqueness": 0.7937909090909091,
        "novelty": 0.7901509090909091,
        "n_valid": 511064,
        "n_unique": 436585,
        "n_novel": 434583
    },
    "@600000": {
        "validity": 0.92918,
        "uniqueness": 0.789675,
        "novelty": 0.7861733333333333,
        "n_valid": 557508,
        "n_unique": 473805,
        "n_novel": 471704
    },
    "@650000": {
        "validity": 0.9290984615384615,
        "uniqueness": 0.7857615384615385,
        "novelty": 0.7823523076923077,
        "n_valid": 603914,
        "n_unique": 510745,
        "n_novel": 508529
    },
    "@700000": {
        "validity": 0.9291942857142858,
        "uniqueness": 0.7822128571428572,
        "novelty": 0.7789057142857143,
        "n_valid": 650436,
        "n_unique": 547549,
        "n_novel": 545234
    },
    "@750000": {
        "validity": 0.9292373333333334,
        "uniqueness": 0.7788533333333333,
        "novelty": 0.775632,
        "n_valid": 696928,
        "n_unique": 584140,
        "n_novel": 581724
    },
    "@800000": {
        "validity": 0.929135,
        "uniqueness": 0.77555125,
        "novelty": 0.77242,
        "n_valid": 743308,
        "n_unique": 620441,
        "n_novel": 617936
    },
    "@850000": {
        "validity": 0.9291635294117647,
        "uniqueness": 0.7725494117647059,
        "novelty": 0.7694835294117647,
        "n_valid": 789789,
        "n_unique": 656667,
        "n_novel": 654061
    },
    "@900000": {
        "validity": 0.9292888888888889,
        "uniqueness": 0.7698022222222223,
        "novelty": 0.7668077777777778,
        "n_valid": 836360,
        "n_unique": 692822,
        "n_novel": 690127
    },
    "@950000": {
        "validity": 0.9293336842105263,
        "uniqueness": 0.7671368421052631,
        "novelty": 0.7642094736842105,
        "n_valid": 882867,
        "n_unique": 728780,
        "n_novel": 725999
    },
    "@1000000": {
        "validity": 0.92936,
        "uniqueness": 0.764567,
        "novelty": 0.761718,
        "n_valid": 929360,
        "n_unique": 764567,
        "n_novel": 761718
    }
}