{
    "@50000": {
        "validity": 0.96704,
        "uniqueness": 0.17258,
        "novelty": 0.17174,
        "n_valid": 48352,
        "n_unique": 8629,
        "n_novel": 8587
    },
    "@100000": {
        "validity": 0.96609,
        "uniqueness": 0.12755,
        "novelty": 0.12712,
        "n_valid": 96609,
        "n_unique": 12755,
        "n_novel": 12712
    },
    "@150000": {
        "validity": 0.9658466666666666,
        "uniqueness": 0.10571333333333334,
        "novelty": 0.10542666666666667,
        "n_valid": 144877,
        "n_unique": 15857,
        "n_novel": 15814
    },
    "@200000": {
        "validity": 0.965495,
        "uniqueness": 0.091915,
        "novelty": 0.0917,
        "n_valid": 193099,
        "n_unique": 18383,
        "n_novel": 18340
    },
    "@250000": {
        "validity": 0.96546,
        "uniqueness": 0.08234,
        "novelty": 0.082168,
        "n_valid": 241365,
        "n_unique": 20585,
        "n_novel": 20542
    },
    "@300000": {
        "validity": 0.9655166666666667,
        "uniqueness": 0.07537,
        "novelty": 0.07522666666666666,
        "n_valid": 289655,
        "n_unique": 22611,
        "n_novel": 22568
    },
    "@350000": {
        "validity": 0.9652685714285715,
        "uniqueness": 0.06999714285714285,
        "novelty": 0.06987428571428571,
        "n_valid": 337844,
        "n_unique": 24499,
        "n_novel": 24456
    },
    "@400000": {
        "validity": 0.9654025,
        "uniqueness": 0.0653725,
        "novelty": 0.065265,
        "n_valid": 386161,
        "n_unique": 26149,
        "n_novel": 26106
    },
    "@450000": {
        "validity": 0.9653888888888889,
        "uniqueness": 0.061644444444444446,
        "novelty": 0.061546666666666666,
        "n_valid": 434425,
        "n_unique": 27740,
        "n_novel": 27696
    },
    "@500000": {
        "validity": 0.965576,
        "uniqueness": 0.058368,
        "novelty": 0.05828,
        "n_valid": 482788,
        "n_unique": 29184,
        "n_novel": 29140
    },
    "@550000": {
        "validity": 0.9654872727272727,
        "uniqueness": 0.05552909090909091,
        "novelty": 0.055449090909090906,
        "n_valid": 531018,
        "n_unique": 30541,
        "n_novel": 30497
    },
    "@600000": {
        "validity": 0.9654433333333333,
        "uniqueness": 0.053101666666666665,
        "novelty": 0.05302833333333333,
        "n_valid": 579266,
        "n_unique": 31861,
        "n_novel": 31817
    },
    "@650000": {
        "validity": 0.9654215384615384,
        "uniqueness": 0.05082,
        "novelty": 0.050752307692307694,
        "n_valid": 627524,
        "n_unique": 33033,
        "n_novel": 32989
    },
    "@700000": {
        "validity": 0.9653385714285714,
        "uniqueness": 0.04889857142857143,
        "novelty": 0.04883571428571429,
        "n_valid": 675737,
        "n_unique": 34229,
        "n_novel": 34185
    },
    "@750000": {
        "validity": 0.965372,
        "uniqueness": 0.04712266666666667,
        "novelty": 0.047064,
        "n_valid": 724029,
        "n_unique": 35342,
        "n_novel": 35298
    },
    "@800000": {
        "validity": 0.96527375,
        "uniqueness": 0.04557125,
        "novelty": 0.04551625,
        "n_valid": 772219,
        "n_unique": 36457,
        "n_novel": 36413
    },
    "@850000": {
        "validity": 0.9652776470588236,
        "uniqueness": 0.04414470588235294,
        "novelty": 0.04409294117647059,
        "n_valid": 820486,
        "n_unique": 37523,
        "n_novel": 37479
    },
    "@900000": {
        "validity": 0.9653211111111111,
        "uniqueness": 0.04287111111111111,
        "novelty": 0.04282222222222222,
        "n_valid": 868789,
        "n_unique": 38584,
        "n_novel": 38540
    },
    "@950000": {
        "validity": 0.9653705263157895,
        "uniqueness": 0.04162421052631579,
        "novelty": 0.041577894736842105,
        "n_valid": 917102,
        "n_unique": 39543,
        "n_novel": 39499
    },
    "@1000000": {
        "validity": 0.965388,
        "uniqueness": 0.040425,
        "novelty": 0.040381,
        "n_valid": 965388,
        "n_unique": 40425,
        "n_novel": 40381
    }
}