{
    "@50000": {
        "validity": 0.91356,
        "uniqueness": 0.8613,
        "novelty": 0.85158,
        "n_valid": 45678,
        "n_unique": 43065,
        "n_novel": 42579
    },
    "@100000": {
        "validity": 0.91352,
        "uniqueness": 0.84287,
        "novelty": 0.83503,
        "n_valid": 91352,
        "n_unique": 84287,
        "n_novel": 83503
    },
    "@150000": {
        "validity": 0.9140466666666667,
        "uniqueness": 0.8302933333333333,
        "novelty": 0.8236133333333333,
        "n_valid": 137107,
        "n_unique": 124544,
        "n_novel": 123542
    },
    "@200000": {
        "validity": 0.913285,
        "uniqueness": 0.82005,
        "novelty": 0.814105,
        "n_valid": 182657,
        "n_unique": 164010,
        "n_novel": 162821
    },
    "@250000": {
        "validity": 0.91364,
        "uniqueness": 0.81152,
        "novelty": 0.80616,
        "n_valid": 228410,
        "n_unique": 202880,
        "n_novel": 201540
    },
    "@300000": {
        "validity": 0.9140666666666667,
        "uniqueness": 0.8051366666666666,
        "novelty": 0.8001833333333334,
        "n_valid": 274220,
        "n_unique": 241541,
        "n_novel": 240055
    },
    "@350000": {
        "validity": 0.91428,
        "uniqueness": 0.7993828571428572,
        "novelty": 0.7946828571428571,
        "n_valid": 319998,
        "n_unique": 279784,
        "n_novel": 278139
    },
    "@400000": {
        "validity": 0.914255,
        "uniqueness": 0.7941775,
        "novelty": 0.7897475,
        "n_valid": 365702,
        "n_unique": 317671,
        "n_novel": 315899
    },
    "@450000": {
        "validity": 0.9141755555555555,
        "uniqueness": 0.7891266666666666,
        "novelty": 0.7849111111111111,
        "n_valid": 411379,
        "n_unique": 355107,
        "n_novel": 353210
    },
    "@500000": {
        "validity": 0.914092,
        "uniqueness": 0.784156,
        "novelty": 0.780184,
        "n_valid": 457046,
        "n_unique": 392078,
        "n_novel": 390092
    },
    "@550000": {
        "validity": 0.9142,
        "uniqueness": 0.7800472727272727,
        "novelty": 0.7762327272727273,
        "n_valid": 502810,
        "n_unique": 429026,
        "n_novel": 426928
    },
    "@600000": {
        "validity": 0.9142866666666667,
        "uniqueness": 0.7761233333333334,
        "novelty": 0.7724883333333333,
        "n_valid": 548572,
        "n_unique": 465674,
        "n_novel": 463493
    },
    "@650000": {
        "validity": 0.91432,
        "uniqueness": 0.7726907692307692,
        "novelty": 0.7691953846153846,
        "n_valid": 594308,
        "n_unique": 502249,
        "n_novel": 499977
    },
    "@700000": {
        "validity": 0.9143128571428571,
        "uniqueness": 0.7692985714285714,
        "novelty": 0.7659214285714285,
        "n_valid": 640019,
        "n_unique": 538509,
        "n_novel": 536145
    },
    "@750000": {
        "validity": 0.9144173333333333,
        "uniqueness": 0.7664226666666667,
        "novelty": 0.7631333333333333,
        "n_valid": 685813,
        "n_unique": 574817,
        "n_novel": 572350
    },
    "@800000": {
        "validity": 0.914445,
        "uniqueness": 0.76334,
        "novelty": 0.7601625,
        "n_valid": 731556,
        "n_unique": 610672,
        "n_novel": 608130
    },
    "@850000": {
        "validity": 0.9145129411764706,
        "uniqueness": 0.7604482352941176,
        "novelty": 0.7573682352941177,
        "n_valid": 777336,
        "n_unique": 646381,
        "n_novel": 643763
    },
    "@900000": {
        "validity": 0.91444,
        "uniqueness": 0.7578,
        "novelty": 0.7548077777777777,
        "n_valid": 822996,
        "n_unique": 682020,
        "n_novel": 679327
    },
    "@950000": {
        "validity": 0.9143578947368421,
        "uniqueness": 0.755081052631579,
        "novelty": 0.7521673684210526,
        "n_valid": 868640,
        "n_unique": 717327,
        "n_novel": 714559
    },
    "@1000000": {
        "validity": 0.914427,
        "uniqueness": 0.752598,
        "novelty": 0.749775,
        "n_valid": 914427,
        "n_unique": 752598,
        "n_novel": 749775
    }
}