{
    "@50000": {
        "validity": 0.72524,
        "uniqueness": 0.72264,
        "novelty": 0.71894,
        "n_valid": 36262,
        "n_unique": 36132,
        "n_novel": 35947
    },
    "@100000": {
        "validity": 0.72597,
        "uniqueness": 0.72226,
        "novelty": 0.71867,
        "n_valid": 72597,
        "n_unique": 72226,
        "n_novel": 71867
    },
    "@150000": {
        "validity": 0.7252,
        "uniqueness": 0.7205533333333334,
        "novelty": 0.7169533333333333,
        "n_valid": 108780,
        "n_unique": 108083,
        "n_novel": 107543
    },
    "@200000": {
        "validity": 0.72457,
        "uniqueness": 0.71919,
        "novelty": 0.71575,
        "n_valid": 144914,
        "n_unique": 143838,
        "n_novel": 143150
    },
    "@250000": {
        "validity": 0.724464,
        "uniqueness": 0.718272,
        "novelty": 0.71478,
        "n_valid": 181116,
        "n_unique": 179568,
        "n_novel": 178695
    },
    "@300000": {
        "validity": 0.72438,
        "uniqueness": 0.7174933333333333,
        "novelty": 0.7140633333333334,
        "n_valid": 217314,
        "n_unique": 215248,
        "n_novel": 214219
    },
    "@350000": {
        "validity": 0.7241314285714285,
        "uniqueness": 0.7166514285714286,
        "novelty": 0.7132971428571429,
        "n_valid": 253446,
        "n_unique": 250828,
        "n_novel": 249654
    },
    "@400000": {
        "validity": 0.723795,
        "uniqueness": 0.71583,
        "novelty": 0.7125425,
        "n_valid": 289518,
        "n_unique": 286332,
        "n_novel": 285017
    },
    "@450000": {
        "validity": 0.7235955555555555,
        "uniqueness": 0.7151955555555556,
        "novelty": 0.7119777777777778,
        "n_valid": 325618,
        "n_unique": 321838,
        "n_novel": 320390
    },
    "@500000": {
        "validity": 0.723644,
        "uniqueness": 0.714868,
        "novelty": 0.711704,
        "n_valid": 361822,
        "n_unique": 357434,
        "n_novel": 355852
    },
    "@550000": {
        "validity": 0.7236581818181819,
        "uniqueness": 0.7144345454545454,
        "novelty": 0.7113272727272727,
        "n_valid": 398012,
        "n_unique": 392939,
        "n_novel": 391230
    },
    "@600000": {
        "validity": 0.7234133333333334,
        "uniqueness": 0.7138716666666667,
        "novelty": 0.7107883333333334,
        "n_valid": 434048,
        "n_unique": 428323,
        "n_novel": 426473
    },
    "@650000": {
        "validity": 0.7233476923076924,
        "uniqueness": 0.7134723076923077,
        "novelty": 0.7104323076923077,
        "n_valid": 470176,
        "n_unique": 463757,
        "n_novel": 461781
    },
    "@700000": {
        "validity": 0.7235271428571428,
        "uniqueness": 0.7133114285714286,
        "novelty": 0.7103185714285715,
        "n_valid": 506469,
        "n_unique": 499318,
        "n_novel": 497223
    },
    "@750000": {
        "validity": 0.7234293333333334,
        "uniqueness": 0.7129426666666666,
        "novelty": 0.7099906666666667,
        "n_valid": 542572,
        "n_unique": 534707,
        "n_novel": 532493
    },
    "@800000": {
        "validity": 0.72353,
        "uniqueness": 0.7126825,
        "novelty": 0.70977875,
        "n_valid": 578824,
        "n_unique": 570146,
        "n_novel": 567823
    },
    "@850000": {
        "validity": 0.7234176470588235,
        "uniqueness": 0.7123317647058823,
        "novelty": 0.7094670588235295,
        "n_valid": 614905,
        "n_unique": 605482,
        "n_novel": 603047
    },
    "@900000": {
        "validity": 0.7233666666666667,
        "uniqueness": 0.7120411111111111,
        "novelty": 0.7092077777777778,
        "n_valid": 651030,
        "n_unique": 640837,
        "n_novel": 638287
    },
    "@950000": {
        "validity": 0.7233294736842105,
        "uniqueness": 0.71172,
        "novelty": 0.7089094736842105,
        "n_valid": 687163,
        "n_unique": 676134,
        "n_novel": 673464
    },
    "@1000000": {
        "validity": 0.723229,
        "uniqueness": 0.711363,
        "novelty": 0.70858,
        "n_valid": 723229,
        "n_unique": 711363,
        "n_novel": 708580
    }
}