{
    "@50000": {
        "validity": 0.938,
        "uniqueness": 0.44692,
        "novelty": 0.437,
        "n_valid": 46900,
        "n_unique": 22346,
        "n_novel": 21850
    },
    "@100000": {
        "validity": 0.93771,
        "uniqueness": 0.40035,
        "novelty": 0.39366,
        "n_valid": 93771,
        "n_unique": 40035,
        "n_novel": 39366
    },
    "@150000": {
        "validity": 0.9377533333333333,
        "uniqueness": 0.3738533333333333,
        "novelty": 0.36866666666666664,
        "n_valid": 140663,
        "n_unique": 56078,
        "n_novel": 55300
    },
    "@200000": {
        "validity": 0.93769,
        "uniqueness": 0.35593,
        "novelty": 0.351505,
        "n_valid": 187538,
        "n_unique": 71186,
        "n_novel": 70301
    },
    "@250000": {
        "validity": 0.937904,
        "uniqueness": 0.342656,
        "novelty": 0.338736,
        "n_valid": 234476,
        "n_unique": 85664,
        "n_novel": 84684
    },
    "@300000": {
        "validity": 0.9381366666666666,
        "uniqueness": 0.33164666666666665,
        "novelty": 0.32814,
        "n_valid": 281441,
        "n_unique": 99494,
        "n_novel": 98442
    },
    "@350000": {
        "validity": 0.9380771428571428,
        "uniqueness": 0.32206,
        "novelty": 0.31885142857142856,
        "n_valid": 328327,
        "n_unique": 112721,
        "n_novel": 111598
    },
    "@400000": {
        "validity": 0.9380625,
        "uniqueness": 0.3142275,
        "novelty": 0.3112625,
        "n_valid": 375225,
        "n_unique": 125691,
        "n_novel": 124505
    },
    "@450000": {
        "validity": 0.9378755555555556,
        "uniqueness": 0.30754888888888887,
        "novelty": 0.30480444444444443,
        "n_valid": 422044,
        "n_unique": 138397,
        "n_novel": 137162
    },
    "@500000": {
        "validity": 0.937872,
        "uniqueness": 0.301666,
        "novelty": 0.29911,
        "n_valid": 468936,
        "n_unique": 150833,
        "n_novel": 149555
    },
    "@550000": {
        "validity": 0.9378581818181818,
        "uniqueness": 0.29654545454545456,
        "novelty": 0.2941109090909091,
        "n_valid": 515822,
        "n_unique": 163100,
        "n_novel": 161761
    },
    "@600000": {
        "validity": 0.937845,
        "uniqueness": 0.291895,
        "novelty": 0.289575,
        "n_valid": 562707,
        "n_unique": 175137,
        "n_novel": 173745
    },
    "@650000": {
        "validity": 0.93782,
        "uniqueness": 0.2876230769230769,
        "novelty": 0.2854076923076923,
        "n_valid": 609583,
        "n_unique": 186955,
        "n_novel": 185515
    },
    "@700000": {
        "validity": 0.9377157142857143,
        "uniqueness": 0.2836842857142857,
        "novelty": 0.2815728571428571,
        "n_valid": 656401,
        "n_unique": 198579,
        "n_novel": 197101
    },
    "@750000": {
        "validity": 0.9377173333333333,
        "uniqueness": 0.280068,
        "novelty": 0.27803733333333336,
        "n_valid": 703288,
        "n_unique": 210051,
        "n_novel": 208528
    },
    "@800000": {
        "validity": 0.937795,
        "uniqueness": 0.2765625,
        "novelty": 0.27460375,
        "n_valid": 750236,
        "n_unique": 221250,
        "n_novel": 219683
    },
    "@850000": {
        "validity": 0.9377164705882353,
        "uniqueness": 0.2735670588235294,
        "novelty": 0.2716705882352941,
        "n_valid": 797059,
        "n_unique": 232532,
        "n_novel": 230920
    },
    "@900000": {
        "validity": 0.9378466666666667,
        "uniqueness": 0.27068,
        "novelty": 0.26884444444444444,
        "n_valid": 844062,
        "n_unique": 243612,
        "n_novel": 241960
    },
    "@950000": {
        "validity": 0.9378336842105263,
        "uniqueness": 0.2681063157894737,
        "novelty": 0.2663294736842105,
        "n_valid": 890942,
        "n_unique": 254701,
        "n_novel": 253013
    },
    "@1000000": {
        "validity": 0.93781,
        "uniqueness": 0.265474,
        "novelty": 0.263744,
        "n_valid": 937810,
        "n_unique": 265474,
        "n_novel": 263744
    }
}