{
    "@50000": {
        "validity": 0.9916,
        "uniqueness": 0.8754,
        "novelty": 0.83964,
        "n_valid": 49580,
        "n_unique": 43770,
        "n_novel": 41982
    },
    "@100000": {
        "validity": 0.99118,
        "uniqueness": 0.83026,
        "novelty": 0.79985,
        "n_valid": 99118,
        "n_unique": 83026,
        "n_novel": 79985
    },
    "@150000": {
        "validity": 0.9910066666666667,
        "uniqueness": 0.8004066666666667,
        "novelty": 0.7736133333333334,
        "n_valid": 148651,
        "n_unique": 120061,
        "n_novel": 116042
    },
    "@200000": {
        "validity": 0.99108,
        "uniqueness": 0.7774,
        "novelty": 0.753265,
        "n_valid": 198216,
        "n_unique": 155480,
        "n_novel": 150653
    },
    "@250000": {
        "validity": 0.991104,
        "uniqueness": 0.759052,
        "novelty": 0.737028,
        "n_valid": 247776,
        "n_unique": 189763,
        "n_novel": 184257
    },
    "@300000": {
        "validity": 0.9910733333333334,
        "uniqueness": 0.74352,
        "novelty": 0.7230366666666667,
        "n_valid": 297322,
        "n_unique": 223056,
        "n_novel": 216911
    },
    "@350000": {
        "validity": 0.9910571428571429,
        "uniqueness": 0.72998,
        "novelty": 0.7108057142857143,
        "n_valid": 346870,
        "n_unique": 255493,
        "n_novel": 248782
    },
    "@400000": {
        "validity": 0.9912,
        "uniqueness": 0.718685,
        "novelty": 0.7005875,
        "n_valid": 396480,
        "n_unique": 287474,
        "n_novel": 280235
    },
    "@450000": {
        "validity": 0.9911866666666667,
        "uniqueness": 0.7080844444444444,
        "novelty": 0.69088,
        "n_valid": 446034,
        "n_unique": 318638,
        "n_novel": 310896
    },
    "@500000": {
        "validity": 0.991192,
        "uniqueness": 0.69876,
        "novelty": 0.682392,
        "n_valid": 495596,
        "n_unique": 349380,
        "n_novel": 341196
    },
    "@550000": {
        "validity": 0.9911218181818182,
        "uniqueness": 0.6896763636363636,
        "novelty": 0.6739854545454546,
        "n_valid": 545117,
        "n_unique": 379322,
        "n_novel": 370692
    },
    "@600000": {
        "validity": 0.9911266666666667,
        "uniqueness": 0.681495,
        "novelty": 0.666435,
        "n_valid": 594676,
        "n_unique": 408897,
        "n_novel": 399861
    },
    "@650000": {
        "validity": 0.9911061538461539,
        "uniqueness": 0.6738676923076923,
        "novelty": 0.6593061538461539,
        "n_valid": 644219,
        "n_unique": 438014,
        "n_novel": 428549
    },
    "@700000": {
        "validity": 0.99113,
        "uniqueness": 0.6669671428571429,
        "novelty": 0.6529371428571429,
        "n_valid": 693791,
        "n_unique": 466877,
        "n_novel": 457056
    },
    "@750000": {
        "validity": 0.991136,
        "uniqueness": 0.6605173333333333,
        "novelty": 0.646972,
        "n_valid": 743352,
        "n_unique": 495388,
        "n_novel": 485229
    },
    "@800000": {
        "validity": 0.9911425,
        "uniqueness": 0.65438625,
        "novelty": 0.641295,
        "n_valid": 792914,
        "n_unique": 523509,
        "n_novel": 513036
    },
    "@850000": {
        "validity": 0.9911388235294117,
        "uniqueness": 0.6485882352941177,
        "novelty": 0.6359141176470589,
        "n_valid": 842468,
        "n_unique": 551300,
        "n_novel": 540527
    },
    "@900000": {
        "validity": 0.9911522222222222,
        "uniqueness": 0.6432077777777778,
        "novelty": 0.6309022222222223,
        "n_valid": 892037,
        "n_unique": 578887,
        "n_novel": 567812
    },
    "@950000": {
        "validity": 0.9911663157894737,
        "uniqueness": 0.637821052631579,
        "novelty": 0.6258789473684211,
        "n_valid": 941608,
        "n_unique": 605930,
        "n_novel": 594585
    },
    "@1000000": {
        "validity": 0.991174,
        "uniqueness": 0.632781,
        "novelty": 0.621179,
        "n_valid": 991174,
        "n_unique": 632781,
        "n_novel": 621179
    }
}