{
    "train_loss": [
        0.6040720283985138,
        0.5181854575872421,
        0.4653726816177368,
        0.42435604631900786
    ],
    "val_loss": [
        0.583348885178566,
        0.5913787335157394,
        0.6056918948888779,
        0.6113152354955673
    ]
}