{
    "@50000": {
        "validity": 0.42254,
        "uniqueness": 0.4212,
        "novelty": 0.42,
        "n_valid": 21127,
        "n_unique": 21060,
        "n_novel": 21000
    },
    "@100000": {
        "validity": 0.42266,
        "uniqueness": 0.42051,
        "novelty": 0.41912,
        "n_valid": 42266,
        "n_unique": 42051,
        "n_novel": 41912
    },
    "@150000": {
        "validity": 0.4240933333333333,
        "uniqueness": 0.42133333333333334,
        "novelty": 0.42002,
        "n_valid": 63614,
        "n_unique": 63200,
        "n_novel": 63003
    },
    "@200000": {
        "validity": 0.424655,
        "uniqueness": 0.421465,
        "novelty": 0.420205,
        "n_valid": 84931,
        "n_unique": 84293,
        "n_novel": 84041
    },
    "@250000": {
        "validity": 0.42406,
        "uniqueness": 0.42054,
        "novelty": 0.419324,
        "n_valid": 106015,
        "n_unique": 105135,
        "n_novel": 104831
    },
    "@300000": {
        "validity": 0.42367333333333335,
        "uniqueness": 0.41988333333333333,
        "novelty": 0.41867,
        "n_valid": 127102,
        "n_unique": 125965,
        "n_novel": 125601
    },
    "@350000": {
        "validity": 0.4236371428571429,
        "uniqueness": 0.4195714285714286,
        "novelty": 0.41837714285714284,
        "n_valid": 148273,
        "n_unique": 146850,
        "n_novel": 146432
    },
    "@400000": {
        "validity": 0.42356,
        "uniqueness": 0.419235,
        "novelty": 0.4180725,
        "n_valid": 169424,
        "n_unique": 167694,
        "n_novel": 167229
    },
    "@450000": {
        "validity": 0.42406222222222223,
        "uniqueness": 0.4194688888888889,
        "novelty": 0.41833777777777775,
        "n_valid": 190828,
        "n_unique": 188761,
        "n_novel": 188252
    },
    "@500000": {
        "validity": 0.424166,
        "uniqueness": 0.419444,
        "novelty": 0.418334,
        "n_valid": 212083,
        "n_unique": 209722,
        "n_novel": 209167
    },
    "@550000": {
        "validity": 0.4242672727272727,
        "uniqueness": 0.4193963636363636,
        "novelty": 0.41830181818181816,
        "n_valid": 233347,
        "n_unique": 230668,
        "n_novel": 230066
    },
    "@600000": {
        "validity": 0.42390833333333333,
        "uniqueness": 0.418855,
        "novelty": 0.4177633333333333,
        "n_valid": 254345,
        "n_unique": 251313,
        "n_novel": 250658
    },
    "@650000": {
        "validity": 0.42377076923076923,
        "uniqueness": 0.4184953846153846,
        "novelty": 0.4174046153846154,
        "n_valid": 275451,
        "n_unique": 272022,
        "n_novel": 271313
    },
    "@700000": {
        "validity": 0.4234942857142857,
        "uniqueness": 0.41806857142857146,
        "novelty": 0.41699,
        "n_valid": 296446,
        "n_unique": 292648,
        "n_novel": 291893
    },
    "@750000": {
        "validity": 0.423532,
        "uniqueness": 0.41794,
        "novelty": 0.41688,
        "n_valid": 317649,
        "n_unique": 313455,
        "n_novel": 312660
    },
    "@800000": {
        "validity": 0.423335,
        "uniqueness": 0.4176,
        "novelty": 0.41655,
        "n_valid": 338668,
        "n_unique": 334080,
        "n_novel": 333240
    },
    "@850000": {
        "validity": 0.42304588235294116,
        "uniqueness": 0.4171917647058824,
        "novelty": 0.4161705882352941,
        "n_valid": 359589,
        "n_unique": 354613,
        "n_novel": 353745
    },
    "@900000": {
        "validity": 0.4230877777777778,
        "uniqueness": 0.4170844444444444,
        "novelty": 0.41607666666666665,
        "n_valid": 380779,
        "n_unique": 375376,
        "n_novel": 374469
    },
    "@950000": {
        "validity": 0.42316947368421054,
        "uniqueness": 0.4170410526315789,
        "novelty": 0.4160410526315789,
        "n_valid": 402011,
        "n_unique": 396189,
        "n_novel": 395239
    },
    "@1000000": {
        "validity": 0.4232,
        "uniqueness": 0.416917,
        "novelty": 0.415934,
        "n_valid": 423200,
        "n_unique": 416917,
        "n_novel": 415934
    }
}