{
    "@50000": {
        "validity": 0.60634,
        "uniqueness": 0.60326,
        "novelty": 0.59968,
        "n_valid": 30317,
        "n_unique": 30163,
        "n_novel": 29984
    },
    "@100000": {
        "validity": 0.6076,
        "uniqueness": 0.60303,
        "novelty": 0.59964,
        "n_valid": 60760,
        "n_unique": 60303,
        "n_novel": 59964
    },
    "@150000": {
        "validity": 0.60772,
        "uniqueness": 0.6018466666666666,
        "novelty": 0.5985666666666667,
        "n_valid": 91158,
        "n_unique": 90277,
        "n_novel": 89785
    },
    "@200000": {
        "validity": 0.606845,
        "uniqueness": 0.600165,
        "novelty": 0.59702,
        "n_valid": 121369,
        "n_unique": 120033,
        "n_novel": 119404
    },
    "@250000": {
        "validity": 0.607016,
        "uniqueness": 0.599668,
        "novelty": 0.596612,
        "n_valid": 151754,
        "n_unique": 149917,
        "n_novel": 149153
    },
    "@300000": {
        "validity": 0.6065266666666667,
        "uniqueness": 0.5986133333333333,
        "novelty": 0.5956333333333333,
        "n_valid": 181958,
        "n_unique": 179584,
        "n_novel": 178690
    },
    "@350000": {
        "validity": 0.6063571428571428,
        "uniqueness": 0.5978028571428572,
        "novelty": 0.5948971428571429,
        "n_valid": 212225,
        "n_unique": 209231,
        "n_novel": 208214
    },
    "@400000": {
        "validity": 0.606465,
        "uniqueness": 0.59744,
        "novelty": 0.5946525,
        "n_valid": 242586,
        "n_unique": 238976,
        "n_novel": 237861
    },
    "@450000": {
        "validity": 0.6060066666666667,
        "uniqueness": 0.5965,
        "novelty": 0.5937777777777777,
        "n_valid": 272703,
        "n_unique": 268425,
        "n_novel": 267200
    },
    "@500000": {
        "validity": 0.606184,
        "uniqueness": 0.59603,
        "novelty": 0.593372,
        "n_valid": 303092,
        "n_unique": 298015,
        "n_novel": 296686
    },
    "@550000": {
        "validity": 0.6060418181818182,
        "uniqueness": 0.5953418181818182,
        "novelty": 0.5927145454545455,
        "n_valid": 333323,
        "n_unique": 327438,
        "n_novel": 325993
    },
    "@600000": {
        "validity": 0.606065,
        "uniqueness": 0.5948333333333333,
        "novelty": 0.59229,
        "n_valid": 363639,
        "n_unique": 356900,
        "n_novel": 355374
    },
    "@650000": {
        "validity": 0.606056923076923,
        "uniqueness": 0.5944292307692308,
        "novelty": 0.5919123076923077,
        "n_valid": 393937,
        "n_unique": 386379,
        "n_novel": 384743
    },
    "@700000": {
        "validity": 0.6062657142857143,
        "uniqueness": 0.59429,
        "novelty": 0.5918242857142857,
        "n_valid": 424386,
        "n_unique": 416003,
        "n_novel": 414277
    },
    "@750000": {
        "validity": 0.6064573333333333,
        "uniqueness": 0.5941573333333333,
        "novelty": 0.59174,
        "n_valid": 454843,
        "n_unique": 445618,
        "n_novel": 443805
    },
    "@800000": {
        "validity": 0.606495,
        "uniqueness": 0.59376375,
        "novelty": 0.59136875,
        "n_valid": 485196,
        "n_unique": 475011,
        "n_novel": 473095
    },
    "@850000": {
        "validity": 0.6063329411764706,
        "uniqueness": 0.5932658823529412,
        "novelty": 0.5909164705882353,
        "n_valid": 515383,
        "n_unique": 504276,
        "n_novel": 502279
    },
    "@900000": {
        "validity": 0.6062277777777778,
        "uniqueness": 0.5927844444444444,
        "novelty": 0.5904533333333334,
        "n_valid": 545605,
        "n_unique": 533506,
        "n_novel": 531408
    },
    "@950000": {
        "validity": 0.6064136842105263,
        "uniqueness": 0.5926263157894737,
        "novelty": 0.5903452631578947,
        "n_valid": 576093,
        "n_unique": 562995,
        "n_novel": 560828
    },
    "@1000000": {
        "validity": 0.606572,
        "uniqueness": 0.592454,
        "novelty": 0.590201,
        "n_valid": 606572,
        "n_unique": 592454,
        "n_novel": 590201
    }
}