{
    "@50000": {
        "validity": 0.97978,
        "uniqueness": 0.95306,
        "novelty": 0.91916,
        "n_valid": 48989,
        "n_unique": 47653,
        "n_novel": 45958
    },
    "@100000": {
        "validity": 0.9788,
        "uniqueness": 0.93856,
        "novelty": 0.90813,
        "n_valid": 97880,
        "n_unique": 93856,
        "n_novel": 90813
    },
    "@150000": {
        "validity": 0.9787933333333333,
        "uniqueness": 0.92864,
        "novelty": 0.90014,
        "n_valid": 146819,
        "n_unique": 139296,
        "n_novel": 135021
    },
    "@200000": {
        "validity": 0.97877,
        "uniqueness": 0.920805,
        "novelty": 0.893825,
        "n_valid": 195754,
        "n_unique": 184161,
        "n_novel": 178765
    },
    "@250000": {
        "validity": 0.978908,
        "uniqueness": 0.913928,
        "novelty": 0.888104,
        "n_valid": 244727,
        "n_unique": 228482,
        "n_novel": 222026
    },
    "@300000": {
        "validity": 0.9788433333333333,
        "uniqueness": 0.9076266666666667,
        "novelty": 0.88292,
        "n_valid": 293653,
        "n_unique": 272288,
        "n_novel": 264876
    },
    "@350000": {
        "validity": 0.9788257142857143,
        "uniqueness": 0.9019542857142857,
        "novelty": 0.8782971428571429,
        "n_valid": 342589,
        "n_unique": 315684,
        "n_novel": 307404
    },
    "@400000": {
        "validity": 0.9789575,
        "uniqueness": 0.896935,
        "novelty": 0.87403,
        "n_valid": 391583,
        "n_unique": 358774,
        "n_novel": 349612
    },
    "@450000": {
        "validity": 0.9789288888888888,
        "uniqueness": 0.8922444444444444,
        "novelty": 0.8699822222222222,
        "n_valid": 440518,
        "n_unique": 401510,
        "n_novel": 391492
    },
    "@500000": {
        "validity": 0.978908,
        "uniqueness": 0.888078,
        "novelty": 0.866514,
        "n_valid": 489454,
        "n_unique": 444039,
        "n_novel": 433257
    },
    "@550000": {
        "validity": 0.9788854545454545,
        "uniqueness": 0.8843654545454546,
        "novelty": 0.8633854545454546,
        "n_valid": 538387,
        "n_unique": 486401,
        "n_novel": 474862
    },
    "@600000": {
        "validity": 0.9788783333333333,
        "uniqueness": 0.8804966666666667,
        "novelty": 0.85997,
        "n_valid": 587327,
        "n_unique": 528298,
        "n_novel": 515982
    },
    "@650000": {
        "validity": 0.9789215384615385,
        "uniqueness": 0.877036923076923,
        "novelty": 0.8570523076923077,
        "n_valid": 636299,
        "n_unique": 570074,
        "n_novel": 557084
    },
    "@700000": {
        "validity": 0.9789542857142857,
        "uniqueness": 0.8738757142857143,
        "novelty": 0.8543242857142858,
        "n_valid": 685268,
        "n_unique": 611713,
        "n_novel": 598027
    },
    "@750000": {
        "validity": 0.9788746666666667,
        "uniqueness": 0.870756,
        "novelty": 0.851628,
        "n_valid": 734156,
        "n_unique": 653067,
        "n_novel": 638721
    },
    "@800000": {
        "validity": 0.9788475,
        "uniqueness": 0.86806875,
        "novelty": 0.84938375,
        "n_valid": 783078,
        "n_unique": 694455,
        "n_novel": 679507
    },
    "@850000": {
        "validity": 0.9788423529411765,
        "uniqueness": 0.8656576470588235,
        "novelty": 0.8473341176470588,
        "n_valid": 832016,
        "n_unique": 735809,
        "n_novel": 720234
    },
    "@900000": {
        "validity": 0.9788333333333333,
        "uniqueness": 0.8630688888888889,
        "novelty": 0.84507,
        "n_valid": 880950,
        "n_unique": 776762,
        "n_novel": 760563
    },
    "@950000": {
        "validity": 0.9788357894736842,
        "uniqueness": 0.8606136842105263,
        "novelty": 0.8429821052631579,
        "n_valid": 929894,
        "n_unique": 817583,
        "n_novel": 800833
    },
    "@1000000": {
        "validity": 0.97885,
        "uniqueness": 0.858306,
        "novelty": 0.840968,
        "n_valid": 978850,
        "n_unique": 858306,
        "n_novel": 840968
    }
}