{
    "@50000": {
        "validity": 0.27276,
        "uniqueness": 0.27108,
        "novelty": 0.2691,
        "n_valid": 13638,
        "n_unique": 13554,
        "n_novel": 13455
    },
    "@100000": {
        "validity": 0.27205,
        "uniqueness": 0.26951,
        "novelty": 0.26764,
        "n_valid": 27205,
        "n_unique": 26951,
        "n_novel": 26764
    },
    "@150000": {
        "validity": 0.2717333333333333,
        "uniqueness": 0.26863333333333334,
        "novelty": 0.26681333333333335,
        "n_valid": 40760,
        "n_unique": 40295,
        "n_novel": 40022
    },
    "@200000": {
        "validity": 0.271655,
        "uniqueness": 0.26793,
        "novelty": 0.266225,
        "n_valid": 54331,
        "n_unique": 53586,
        "n_novel": 53245
    },
    "@250000": {
        "validity": 0.271704,
        "uniqueness": 0.26744,
        "novelty": 0.265804,
        "n_valid": 67926,
        "n_unique": 66860,
        "n_novel": 66451
    },
    "@300000": {
        "validity": 0.27238666666666667,
        "uniqueness": 0.2677366666666667,
        "novelty": 0.26613,
        "n_valid": 81716,
        "n_unique": 80321,
        "n_novel": 79839
    },
    "@350000": {
        "validity": 0.27265142857142854,
        "uniqueness": 0.26767142857142856,
        "novelty": 0.2661314285714286,
        "n_valid": 95428,
        "n_unique": 93685,
        "n_novel": 93146
    },
    "@400000": {
        "validity": 0.2727425,
        "uniqueness": 0.2673775,
        "novelty": 0.2658925,
        "n_valid": 109097,
        "n_unique": 106951,
        "n_novel": 106357
    },
    "@450000": {
        "validity": 0.273,
        "uniqueness": 0.2672733333333333,
        "novelty": 0.2658422222222222,
        "n_valid": 122850,
        "n_unique": 120273,
        "n_novel": 119629
    },
    "@500000": {
        "validity": 0.272842,
        "uniqueness": 0.266824,
        "novelty": 0.265428,
        "n_valid": 136421,
        "n_unique": 133412,
        "n_novel": 132714
    },
    "@550000": {
        "validity": 0.2726418181818182,
        "uniqueness": 0.26646363636363635,
        "novelty": 0.2651,
        "n_valid": 149953,
        "n_unique": 146555,
        "n_novel": 145805
    },
    "@600000": {
        "validity": 0.272495,
        "uniqueness": 0.266105,
        "novelty": 0.26477333333333336,
        "n_valid": 163497,
        "n_unique": 159663,
        "n_novel": 158864
    },
    "@650000": {
        "validity": 0.27241076923076923,
        "uniqueness": 0.26578153846153846,
        "novelty": 0.26446615384615385,
        "n_valid": 177067,
        "n_unique": 172758,
        "n_novel": 171903
    },
    "@700000": {
        "validity": 0.2724371428571429,
        "uniqueness": 0.26566285714285715,
        "novelty": 0.26437428571428573,
        "n_valid": 190706,
        "n_unique": 185964,
        "n_novel": 185062
    },
    "@750000": {
        "validity": 0.2724586666666667,
        "uniqueness": 0.2654586666666667,
        "novelty": 0.2641906666666667,
        "n_valid": 204344,
        "n_unique": 199094,
        "n_novel": 198143
    },
    "@800000": {
        "validity": 0.27244125,
        "uniqueness": 0.265285,
        "novelty": 0.26404375,
        "n_valid": 217953,
        "n_unique": 212228,
        "n_novel": 211235
    },
    "@850000": {
        "validity": 0.2724576470588235,
        "uniqueness": 0.2651035294117647,
        "novelty": 0.2638741176470588,
        "n_valid": 231589,
        "n_unique": 225338,
        "n_novel": 224293
    },
    "@900000": {
        "validity": 0.27223444444444445,
        "uniqueness": 0.26469777777777775,
        "novelty": 0.2634811111111111,
        "n_valid": 245011,
        "n_unique": 238228,
        "n_novel": 237133
    },
    "@950000": {
        "validity": 0.27238736842105266,
        "uniqueness": 0.2646305263157895,
        "novelty": 0.2634284210526316,
        "n_valid": 258768,
        "n_unique": 251399,
        "n_novel": 250257
    },
    "@1000000": {
        "validity": 0.272391,
        "uniqueness": 0.264447,
        "novelty": 0.263261,
        "n_valid": 272391,
        "n_unique": 264447,
        "n_novel": 263261
    }
}