{
    "@50000": {
        "validity": 0.9945,
        "uniqueness": 0.91852,
        "novelty": 0.86934,
        "n_valid": 49725,
        "n_unique": 45926,
        "n_novel": 43467
    },
    "@100000": {
        "validity": 0.99471,
        "uniqueness": 0.88425,
        "novelty": 0.84304,
        "n_valid": 99471,
        "n_unique": 88425,
        "n_novel": 84304
    },
    "@150000": {
        "validity": 0.9945133333333334,
        "uniqueness": 0.85922,
        "novelty": 0.8229866666666666,
        "n_valid": 149177,
        "n_unique": 128883,
        "n_novel": 123448
    },
    "@200000": {
        "validity": 0.99458,
        "uniqueness": 0.839595,
        "novelty": 0.806995,
        "n_valid": 198916,
        "n_unique": 167919,
        "n_novel": 161399
    },
    "@250000": {
        "validity": 0.994672,
        "uniqueness": 0.82314,
        "novelty": 0.79322,
        "n_valid": 248668,
        "n_unique": 205785,
        "n_novel": 198305
    },
    "@300000": {
        "validity": 0.9947566666666666,
        "uniqueness": 0.8098566666666667,
        "novelty": 0.7821566666666666,
        "n_valid": 298427,
        "n_unique": 242957,
        "n_novel": 234647
    },
    "@350000": {
        "validity": 0.9947342857142857,
        "uniqueness": 0.7980571428571429,
        "novelty": 0.7722342857142858,
        "n_valid": 348157,
        "n_unique": 279320,
        "n_novel": 270282
    },
    "@400000": {
        "validity": 0.9947425,
        "uniqueness": 0.7878575,
        "novelty": 0.763605,
        "n_valid": 397897,
        "n_unique": 315143,
        "n_novel": 305442
    },
    "@450000": {
        "validity": 0.9947466666666667,
        "uniqueness": 0.7776644444444445,
        "novelty": 0.7546444444444445,
        "n_valid": 447636,
        "n_unique": 349949,
        "n_novel": 339590
    },
    "@500000": {
        "validity": 0.994732,
        "uniqueness": 0.768712,
        "novelty": 0.746732,
        "n_valid": 497366,
        "n_unique": 384356,
        "n_novel": 373366
    },
    "@550000": {
        "validity": 0.9947854545454545,
        "uniqueness": 0.7606418181818182,
        "novelty": 0.7396109090909091,
        "n_valid": 547132,
        "n_unique": 418353,
        "n_novel": 406786
    },
    "@600000": {
        "validity": 0.9948233333333333,
        "uniqueness": 0.75318,
        "novelty": 0.73307,
        "n_valid": 596894,
        "n_unique": 451908,
        "n_novel": 439842
    },
    "@650000": {
        "validity": 0.9948015384615385,
        "uniqueness": 0.7464938461538462,
        "novelty": 0.7271676923076923,
        "n_valid": 646621,
        "n_unique": 485221,
        "n_novel": 472659
    },
    "@700000": {
        "validity": 0.9948228571428571,
        "uniqueness": 0.7398857142857143,
        "novelty": 0.7212057142857143,
        "n_valid": 696376,
        "n_unique": 517920,
        "n_novel": 504844
    },
    "@750000": {
        "validity": 0.9948666666666667,
        "uniqueness": 0.7335746666666667,
        "novelty": 0.7155933333333333,
        "n_valid": 746150,
        "n_unique": 550181,
        "n_novel": 536695
    },
    "@800000": {
        "validity": 0.9948825,
        "uniqueness": 0.727705,
        "novelty": 0.7103125,
        "n_valid": 795906,
        "n_unique": 582164,
        "n_novel": 568250
    },
    "@850000": {
        "validity": 0.9948752941176471,
        "uniqueness": 0.7222788235294118,
        "novelty": 0.7053847058823529,
        "n_valid": 845644,
        "n_unique": 613937,
        "n_novel": 599577
    },
    "@900000": {
        "validity": 0.9948911111111111,
        "uniqueness": 0.7170866666666667,
        "novelty": 0.70071,
        "n_valid": 895402,
        "n_unique": 645378,
        "n_novel": 630639
    },
    "@950000": {
        "validity": 0.9949073684210527,
        "uniqueness": 0.7122157894736842,
        "novelty": 0.6963231578947369,
        "n_valid": 945162,
        "n_unique": 676605,
        "n_novel": 661507
    },
    "@1000000": {
        "validity": 0.994916,
        "uniqueness": 0.707678,
        "novelty": 0.692195,
        "n_valid": 994916,
        "n_unique": 707678,
        "n_novel": 692195
    }
}