{
    "@50000": {
        "validity": 0.97528,
        "uniqueness": 0.95852,
        "novelty": 0.92668,
        "n_valid": 48764,
        "n_unique": 47926,
        "n_novel": 46334
    },
    "@100000": {
        "validity": 0.97494,
        "uniqueness": 0.94755,
        "novelty": 0.91803,
        "n_valid": 97494,
        "n_unique": 94755,
        "n_novel": 91803
    },
    "@150000": {
        "validity": 0.9748933333333333,
        "uniqueness": 0.9394333333333333,
        "novelty": 0.91138,
        "n_valid": 146234,
        "n_unique": 140915,
        "n_novel": 136707
    },
    "@200000": {
        "validity": 0.974725,
        "uniqueness": 0.93282,
        "novelty": 0.90595,
        "n_valid": 194945,
        "n_unique": 186564,
        "n_novel": 181190
    },
    "@250000": {
        "validity": 0.97482,
        "uniqueness": 0.926988,
        "novelty": 0.901448,
        "n_valid": 243705,
        "n_unique": 231747,
        "n_novel": 225362
    },
    "@300000": {
        "validity": 0.9748133333333333,
        "uniqueness": 0.92161,
        "novelty": 0.8972066666666667,
        "n_valid": 292444,
        "n_unique": 276483,
        "n_novel": 269162
    },
    "@350000": {
        "validity": 0.9748942857142857,
        "uniqueness": 0.9168228571428572,
        "novelty": 0.8933342857142857,
        "n_valid": 341213,
        "n_unique": 320888,
        "n_novel": 312667
    },
    "@400000": {
        "validity": 0.974985,
        "uniqueness": 0.9127825,
        "novelty": 0.8901475,
        "n_valid": 389994,
        "n_unique": 365113,
        "n_novel": 356059
    },
    "@450000": {
        "validity": 0.9749533333333333,
        "uniqueness": 0.9085844444444444,
        "novelty": 0.8866622222222222,
        "n_valid": 438729,
        "n_unique": 408863,
        "n_novel": 398998
    },
    "@500000": {
        "validity": 0.975032,
        "uniqueness": 0.905172,
        "novelty": 0.883912,
        "n_valid": 487516,
        "n_unique": 452586,
        "n_novel": 441956
    },
    "@550000": {
        "validity": 0.9750072727272727,
        "uniqueness": 0.90182,
        "novelty": 0.8811309090909091,
        "n_valid": 536254,
        "n_unique": 496001,
        "n_novel": 484622
    },
    "@600000": {
        "validity": 0.975005,
        "uniqueness": 0.89874,
        "novelty": 0.8786233333333333,
        "n_valid": 585003,
        "n_unique": 539244,
        "n_novel": 527174
    },
    "@650000": {
        "validity": 0.9749784615384616,
        "uniqueness": 0.8957338461538461,
        "novelty": 0.87608,
        "n_valid": 633736,
        "n_unique": 582227,
        "n_novel": 569452
    },
    "@700000": {
        "validity": 0.9749728571428572,
        "uniqueness": 0.8929242857142857,
        "novelty": 0.8737185714285715,
        "n_valid": 682481,
        "n_unique": 625047,
        "n_novel": 611603
    },
    "@750000": {
        "validity": 0.9749693333333334,
        "uniqueness": 0.890148,
        "novelty": 0.8713053333333334,
        "n_valid": 731227,
        "n_unique": 667611,
        "n_novel": 653479
    },
    "@800000": {
        "validity": 0.97498125,
        "uniqueness": 0.88774625,
        "novelty": 0.86927,
        "n_valid": 779985,
        "n_unique": 710197,
        "n_novel": 695416
    },
    "@850000": {
        "validity": 0.9749423529411765,
        "uniqueness": 0.885355294117647,
        "novelty": 0.8672011764705883,
        "n_valid": 828701,
        "n_unique": 752552,
        "n_novel": 737121
    },
    "@900000": {
        "validity": 0.9749544444444445,
        "uniqueness": 0.8829966666666667,
        "novelty": 0.86518,
        "n_valid": 877459,
        "n_unique": 794697,
        "n_novel": 778662
    },
    "@950000": {
        "validity": 0.9749705263157895,
        "uniqueness": 0.8808968421052632,
        "novelty": 0.8633421052631579,
        "n_valid": 926222,
        "n_unique": 836852,
        "n_novel": 820175
    },
    "@1000000": {
        "validity": 0.974904,
        "uniqueness": 0.878752,
        "novelty": 0.861515,
        "n_valid": 974904,
        "n_unique": 878752,
        "n_novel": 861515
    }
}