{
    "@50000": {
        "validity": 0.99852,
        "uniqueness": 0.15142,
        "novelty": 0.14926,
        "n_valid": 49926,
        "n_unique": 7571,
        "n_novel": 7463
    },
    "@100000": {
        "validity": 0.99852,
        "uniqueness": 0.1017,
        "novelty": 0.1006,
        "n_valid": 99852,
        "n_unique": 10170,
        "n_novel": 10060
    },
    "@150000": {
        "validity": 0.9985,
        "uniqueness": 0.07896666666666667,
        "novelty": 0.07822666666666667,
        "n_valid": 149775,
        "n_unique": 11845,
        "n_novel": 11734
    },
    "@200000": {
        "validity": 0.998435,
        "uniqueness": 0.06593,
        "novelty": 0.06537,
        "n_valid": 199687,
        "n_unique": 13186,
        "n_novel": 13074
    },
    "@250000": {
        "validity": 0.998452,
        "uniqueness": 0.056956,
        "novelty": 0.056504,
        "n_valid": 249613,
        "n_unique": 14239,
        "n_novel": 14126
    },
    "@300000": {
        "validity": 0.9984633333333334,
        "uniqueness": 0.050543333333333336,
        "novelty": 0.050166666666666665,
        "n_valid": 299539,
        "n_unique": 15163,
        "n_novel": 15050
    },
    "@350000": {
        "validity": 0.9984714285714286,
        "uniqueness": 0.04559428571428571,
        "novelty": 0.045271428571428574,
        "n_valid": 349465,
        "n_unique": 15958,
        "n_novel": 15845
    },
    "@400000": {
        "validity": 0.99845,
        "uniqueness": 0.0415175,
        "novelty": 0.041235,
        "n_valid": 399380,
        "n_unique": 16607,
        "n_novel": 16494
    },
    "@450000": {
        "validity": 0.9984666666666666,
        "uniqueness": 0.038435555555555556,
        "novelty": 0.038184444444444444,
        "n_valid": 449310,
        "n_unique": 17296,
        "n_novel": 17183
    },
    "@500000": {
        "validity": 0.998502,
        "uniqueness": 0.03572,
        "novelty": 0.035494,
        "n_valid": 499251,
        "n_unique": 17860,
        "n_novel": 17747
    },
    "@550000": {
        "validity": 0.9984854545454546,
        "uniqueness": 0.03343636363636364,
        "novelty": 0.03323090909090909,
        "n_valid": 549167,
        "n_unique": 18390,
        "n_novel": 18277
    },
    "@600000": {
        "validity": 0.99847,
        "uniqueness": 0.031468333333333334,
        "novelty": 0.03128,
        "n_valid": 599082,
        "n_unique": 18881,
        "n_novel": 18768
    },
    "@650000": {
        "validity": 0.9984815384615384,
        "uniqueness": 0.02976153846153846,
        "novelty": 0.029587692307692308,
        "n_valid": 649013,
        "n_unique": 19345,
        "n_novel": 19232
    },
    "@700000": {
        "validity": 0.9984871428571429,
        "uniqueness": 0.028217142857142857,
        "novelty": 0.028055714285714285,
        "n_valid": 698941,
        "n_unique": 19752,
        "n_novel": 19639
    },
    "@750000": {
        "validity": 0.9984906666666666,
        "uniqueness": 0.026888,
        "novelty": 0.02673733333333333,
        "n_valid": 748868,
        "n_unique": 20166,
        "n_novel": 20053
    },
    "@800000": {
        "validity": 0.998495,
        "uniqueness": 0.02564375,
        "novelty": 0.0255025,
        "n_valid": 798796,
        "n_unique": 20515,
        "n_novel": 20402
    },
    "@850000": {
        "validity": 0.9984917647058823,
        "uniqueness": 0.024529411764705883,
        "novelty": 0.024396470588235294,
        "n_valid": 848718,
        "n_unique": 20850,
        "n_novel": 20737
    },
    "@900000": {
        "validity": 0.9984888888888889,
        "uniqueness": 0.023525555555555556,
        "novelty": 0.0234,
        "n_valid": 898640,
        "n_unique": 21173,
        "n_novel": 21060
    },
    "@950000": {
        "validity": 0.9984936842105263,
        "uniqueness": 0.02261578947368421,
        "novelty": 0.02249684210526316,
        "n_valid": 948569,
        "n_unique": 21485,
        "n_novel": 21372
    },
    "@1000000": {
        "validity": 0.998496,
        "uniqueness": 0.021767,
        "novelty": 0.021654,
        "n_valid": 998496,
        "n_unique": 21767,
        "n_novel": 21654
    }
}