{
    "@50000": {
        "validity": 0.82542,
        "uniqueness": 0.79858,
        "novelty": 0.7903,
        "n_valid": 41271,
        "n_unique": 39929,
        "n_novel": 39515
    },
    "@100000": {
        "validity": 0.82517,
        "uniqueness": 0.78824,
        "novelty": 0.78077,
        "n_valid": 82517,
        "n_unique": 78824,
        "n_novel": 78077
    },
    "@150000": {
        "validity": 0.8243466666666667,
        "uniqueness": 0.78052,
        "novelty": 0.77374,
        "n_valid": 123652,
        "n_unique": 117078,
        "n_novel": 116061
    },
    "@200000": {
        "validity": 0.824155,
        "uniqueness": 0.77504,
        "novelty": 0.76876,
        "n_valid": 164831,
        "n_unique": 155008,
        "n_novel": 153752
    },
    "@250000": {
        "validity": 0.82438,
        "uniqueness": 0.770664,
        "novelty": 0.764868,
        "n_valid": 206095,
        "n_unique": 192666,
        "n_novel": 191217
    },
    "@300000": {
        "validity": 0.8246733333333334,
        "uniqueness": 0.7672,
        "novelty": 0.76168,
        "n_valid": 247402,
        "n_unique": 230160,
        "n_novel": 228504
    },
    "@350000": {
        "validity": 0.82438,
        "uniqueness": 0.7636885714285714,
        "novelty": 0.7583685714285714,
        "n_valid": 288533,
        "n_unique": 267291,
        "n_novel": 265429
    },
    "@400000": {
        "validity": 0.825125,
        "uniqueness": 0.761235,
        "novelty": 0.75609,
        "n_valid": 330050,
        "n_unique": 304494,
        "n_novel": 302436
    },
    "@450000": {
        "validity": 0.8253066666666666,
        "uniqueness": 0.7584422222222222,
        "novelty": 0.7535244444444444,
        "n_valid": 371388,
        "n_unique": 341299,
        "n_novel": 339086
    },
    "@500000": {
        "validity": 0.825482,
        "uniqueness": 0.755812,
        "novelty": 0.751078,
        "n_valid": 412741,
        "n_unique": 377906,
        "n_novel": 375539
    },
    "@550000": {
        "validity": 0.8255309090909091,
        "uniqueness": 0.7534327272727273,
        "novelty": 0.7488236363636364,
        "n_valid": 454042,
        "n_unique": 414388,
        "n_novel": 411853
    },
    "@600000": {
        "validity": 0.8255916666666666,
        "uniqueness": 0.7512716666666667,
        "novelty": 0.7468016666666667,
        "n_valid": 495355,
        "n_unique": 450763,
        "n_novel": 448081
    },
    "@650000": {
        "validity": 0.8256892307692307,
        "uniqueness": 0.7492246153846154,
        "novelty": 0.7448523076923077,
        "n_valid": 536698,
        "n_unique": 486996,
        "n_novel": 484154
    },
    "@700000": {
        "validity": 0.8256414285714285,
        "uniqueness": 0.74724,
        "novelty": 0.7429585714285715,
        "n_valid": 577949,
        "n_unique": 523068,
        "n_novel": 520071
    },
    "@750000": {
        "validity": 0.8255186666666666,
        "uniqueness": 0.7452093333333333,
        "novelty": 0.7410146666666667,
        "n_valid": 619139,
        "n_unique": 558907,
        "n_novel": 555761
    },
    "@800000": {
        "validity": 0.82559125,
        "uniqueness": 0.74351125,
        "novelty": 0.73941625,
        "n_valid": 660473,
        "n_unique": 594809,
        "n_novel": 591533
    },
    "@850000": {
        "validity": 0.8254635294117647,
        "uniqueness": 0.7417070588235294,
        "novelty": 0.7377,
        "n_valid": 701644,
        "n_unique": 630451,
        "n_novel": 627045
    },
    "@900000": {
        "validity": 0.8254933333333333,
        "uniqueness": 0.7402055555555556,
        "novelty": 0.73628,
        "n_valid": 742944,
        "n_unique": 666185,
        "n_novel": 662652
    },
    "@950000": {
        "validity": 0.8254505263157895,
        "uniqueness": 0.7385936842105263,
        "novelty": 0.7347284210526316,
        "n_valid": 784178,
        "n_unique": 701664,
        "n_novel": 697992
    },
    "@1000000": {
        "validity": 0.825471,
        "uniqueness": 0.737126,
        "novelty": 0.733357,
        "n_valid": 825471,
        "n_unique": 737126,
        "n_novel": 733357
    }
}