{
    "@50000": {
        "validity": 0.99162,
        "uniqueness": 0.3852,
        "novelty": 0.37042,
        "n_valid": 49581,
        "n_unique": 19260,
        "n_novel": 18521
    },
    "@100000": {
        "validity": 0.99148,
        "uniqueness": 0.32883,
        "novelty": 0.31877,
        "n_valid": 99148,
        "n_unique": 32883,
        "n_novel": 31877
    },
    "@150000": {
        "validity": 0.9915133333333334,
        "uniqueness": 0.29738,
        "novelty": 0.28945333333333334,
        "n_valid": 148727,
        "n_unique": 44607,
        "n_novel": 43418
    },
    "@200000": {
        "validity": 0.99143,
        "uniqueness": 0.2756,
        "novelty": 0.26889,
        "n_valid": 198286,
        "n_unique": 55120,
        "n_novel": 53778
    },
    "@250000": {
        "validity": 0.991532,
        "uniqueness": 0.259256,
        "novelty": 0.253416,
        "n_valid": 247883,
        "n_unique": 64814,
        "n_novel": 63354
    },
    "@300000": {
        "validity": 0.9915333333333334,
        "uniqueness": 0.24697,
        "novelty": 0.24177,
        "n_valid": 297460,
        "n_unique": 74091,
        "n_novel": 72531
    },
    "@350000": {
        "validity": 0.9917085714285714,
        "uniqueness": 0.23666,
        "novelty": 0.23197428571428572,
        "n_valid": 347098,
        "n_unique": 82831,
        "n_novel": 81191
    },
    "@400000": {
        "validity": 0.991655,
        "uniqueness": 0.2281225,
        "novelty": 0.223835,
        "n_valid": 396662,
        "n_unique": 91249,
        "n_novel": 89534
    },
    "@450000": {
        "validity": 0.9916533333333334,
        "uniqueness": 0.22031777777777778,
        "novelty": 0.21631333333333333,
        "n_valid": 446244,
        "n_unique": 99143,
        "n_novel": 97341
    },
    "@500000": {
        "validity": 0.991662,
        "uniqueness": 0.213542,
        "novelty": 0.209782,
        "n_valid": 495831,
        "n_unique": 106771,
        "n_novel": 104891
    },
    "@550000": {
        "validity": 0.9916963636363636,
        "uniqueness": 0.20767818181818182,
        "novelty": 0.20415818181818182,
        "n_valid": 545433,
        "n_unique": 114223,
        "n_novel": 112287
    },
    "@600000": {
        "validity": 0.991645,
        "uniqueness": 0.20219,
        "novelty": 0.198855,
        "n_valid": 594987,
        "n_unique": 121314,
        "n_novel": 119313
    },
    "@650000": {
        "validity": 0.9916538461538461,
        "uniqueness": 0.19765076923076924,
        "novelty": 0.19449384615384616,
        "n_valid": 644575,
        "n_unique": 128473,
        "n_novel": 126421
    },
    "@700000": {
        "validity": 0.9916171428571429,
        "uniqueness": 0.19339142857142858,
        "novelty": 0.19037857142857142,
        "n_valid": 694132,
        "n_unique": 135374,
        "n_novel": 133265
    },
    "@750000": {
        "validity": 0.9915946666666666,
        "uniqueness": 0.18918533333333334,
        "novelty": 0.18630266666666667,
        "n_valid": 743696,
        "n_unique": 141889,
        "n_novel": 139727
    },
    "@800000": {
        "validity": 0.99160125,
        "uniqueness": 0.185385,
        "novelty": 0.18261,
        "n_valid": 793281,
        "n_unique": 148308,
        "n_novel": 146088
    },
    "@850000": {
        "validity": 0.9916294117647059,
        "uniqueness": 0.18190823529411765,
        "novelty": 0.17923764705882353,
        "n_valid": 842885,
        "n_unique": 154622,
        "n_novel": 152352
    },
    "@900000": {
        "validity": 0.9916155555555556,
        "uniqueness": 0.17876111111111112,
        "novelty": 0.17617777777777777,
        "n_valid": 892454,
        "n_unique": 160885,
        "n_novel": 158560
    },
    "@950000": {
        "validity": 0.9916073684210527,
        "uniqueness": 0.17580736842105263,
        "novelty": 0.17331368421052631,
        "n_valid": 942027,
        "n_unique": 167017,
        "n_novel": 164648
    },
    "@1000000": {
        "validity": 0.991586,
        "uniqueness": 0.173039,
        "novelty": 0.170623,
        "n_valid": 991586,
        "n_unique": 173039,
        "n_novel": 170623
    }
}