{
    "@50000": {
        "validity": 0.99362,
        "uniqueness": 0.86316,
        "novelty": 0.8227,
        "n_valid": 49681,
        "n_unique": 43158,
        "n_novel": 41135
    },
    "@100000": {
        "validity": 0.99364,
        "uniqueness": 0.8184,
        "novelty": 0.78586,
        "n_valid": 99364,
        "n_unique": 81840,
        "n_novel": 78586
    },
    "@150000": {
        "validity": 0.9937466666666667,
        "uniqueness": 0.7895266666666667,
        "novelty": 0.7611,
        "n_valid": 149062,
        "n_unique": 118429,
        "n_novel": 114165
    },
    "@200000": {
        "validity": 0.99364,
        "uniqueness": 0.766905,
        "novelty": 0.74174,
        "n_valid": 198728,
        "n_unique": 153381,
        "n_novel": 148348
    },
    "@250000": {
        "validity": 0.993688,
        "uniqueness": 0.748096,
        "novelty": 0.725044,
        "n_valid": 248422,
        "n_unique": 187024,
        "n_novel": 181261
    },
    "@300000": {
        "validity": 0.9937,
        "uniqueness": 0.7327966666666667,
        "novelty": 0.7113766666666667,
        "n_valid": 298110,
        "n_unique": 219839,
        "n_novel": 213413
    },
    "@350000": {
        "validity": 0.9936885714285715,
        "uniqueness": 0.7201971428571429,
        "novelty": 0.7001228571428572,
        "n_valid": 347791,
        "n_unique": 252069,
        "n_novel": 245043
    },
    "@400000": {
        "validity": 0.993695,
        "uniqueness": 0.7084425,
        "novelty": 0.68959,
        "n_valid": 397478,
        "n_unique": 283377,
        "n_novel": 275836
    },
    "@450000": {
        "validity": 0.9936955555555556,
        "uniqueness": 0.6978311111111111,
        "novelty": 0.6800511111111112,
        "n_valid": 447163,
        "n_unique": 314024,
        "n_novel": 306023
    },
    "@500000": {
        "validity": 0.993708,
        "uniqueness": 0.688392,
        "novelty": 0.671476,
        "n_valid": 496854,
        "n_unique": 344196,
        "n_novel": 335738
    },
    "@550000": {
        "validity": 0.9937654545454545,
        "uniqueness": 0.6793527272727272,
        "novelty": 0.6631145454545454,
        "n_valid": 546571,
        "n_unique": 373644,
        "n_novel": 364713
    },
    "@600000": {
        "validity": 0.9937933333333333,
        "uniqueness": 0.6712866666666667,
        "novelty": 0.6557816666666667,
        "n_valid": 596276,
        "n_unique": 402772,
        "n_novel": 393469
    },
    "@650000": {
        "validity": 0.9938,
        "uniqueness": 0.6638338461538461,
        "novelty": 0.6489276923076923,
        "n_valid": 645970,
        "n_unique": 431492,
        "n_novel": 421803
    },
    "@700000": {
        "validity": 0.9938,
        "uniqueness": 0.6567057142857143,
        "novelty": 0.6423757142857143,
        "n_valid": 695660,
        "n_unique": 459694,
        "n_novel": 449663
    },
    "@750000": {
        "validity": 0.9937813333333333,
        "uniqueness": 0.6501573333333334,
        "novelty": 0.636312,
        "n_valid": 745336,
        "n_unique": 487618,
        "n_novel": 477234
    },
    "@800000": {
        "validity": 0.99378625,
        "uniqueness": 0.64422,
        "novelty": 0.63084125,
        "n_valid": 795029,
        "n_unique": 515376,
        "n_novel": 504673
    },
    "@850000": {
        "validity": 0.9937458823529411,
        "uniqueness": 0.6384305882352941,
        "novelty": 0.6254529411764705,
        "n_valid": 844684,
        "n_unique": 542666,
        "n_novel": 531635
    },
    "@900000": {
        "validity": 0.9937444444444444,
        "uniqueness": 0.6330555555555556,
        "novelty": 0.6204577777777778,
        "n_valid": 894370,
        "n_unique": 569750,
        "n_novel": 558412
    },
    "@950000": {
        "validity": 0.993741052631579,
        "uniqueness": 0.6279694736842105,
        "novelty": 0.6157442105263158,
        "n_valid": 944054,
        "n_unique": 596571,
        "n_novel": 584957
    },
    "@1000000": {
        "validity": 0.993708,
        "uniqueness": 0.622946,
        "novelty": 0.611044,
        "n_valid": 993708,
        "n_unique": 622946,
        "n_novel": 611044
    }
}