{
    "train_loss": [
        0.5936368942260742,
        0.4866648018360138,
        0.4333817571401596,
        0.40196927785873415,
        0.37281603515148165,
        0.36066732108592986,
        0.35257786214351655
    ],
    "val_loss": [
        0.5448924601078033,
        0.5004878267645836,
        0.4963937997817993,
        0.47352364659309387,
        0.4846867099404335,
        0.4781976342201233,
        0.4875727891921997
    ]
}