{
    "@50000": {
        "validity": 0.96874,
        "uniqueness": 0.13136,
        "novelty": 0.13116,
        "n_valid": 48437,
        "n_unique": 6568,
        "n_novel": 6558
    },
    "@100000": {
        "validity": 0.96823,
        "uniqueness": 0.09094,
        "novelty": 0.09084,
        "n_valid": 96823,
        "n_unique": 9094,
        "n_novel": 9084
    },
    "@150000": {
        "validity": 0.9687066666666667,
        "uniqueness": 0.07288,
        "novelty": 0.07281333333333333,
        "n_valid": 145306,
        "n_unique": 10932,
        "n_novel": 10922
    },
    "@200000": {
        "validity": 0.9689,
        "uniqueness": 0.062105,
        "novelty": 0.062055,
        "n_valid": 193780,
        "n_unique": 12421,
        "n_novel": 12411
    },
    "@250000": {
        "validity": 0.968712,
        "uniqueness": 0.054828,
        "novelty": 0.054788,
        "n_valid": 242178,
        "n_unique": 13707,
        "n_novel": 13697
    },
    "@300000": {
        "validity": 0.9687366666666667,
        "uniqueness": 0.04938,
        "novelty": 0.049346666666666664,
        "n_valid": 290621,
        "n_unique": 14814,
        "n_novel": 14804
    },
    "@350000": {
        "validity": 0.9686571428571429,
        "uniqueness": 0.04521714285714286,
        "novelty": 0.045188571428571425,
        "n_valid": 339030,
        "n_unique": 15826,
        "n_novel": 15816
    },
    "@400000": {
        "validity": 0.9687,
        "uniqueness": 0.041885,
        "novelty": 0.04186,
        "n_valid": 387480,
        "n_unique": 16754,
        "n_novel": 16744
    },
    "@450000": {
        "validity": 0.9687511111111111,
        "uniqueness": 0.03904888888888889,
        "novelty": 0.03902666666666667,
        "n_valid": 435938,
        "n_unique": 17572,
        "n_novel": 17562
    },
    "@500000": {
        "validity": 0.968744,
        "uniqueness": 0.036698,
        "novelty": 0.036678,
        "n_valid": 484372,
        "n_unique": 18349,
        "n_novel": 18339
    },
    "@550000": {
        "validity": 0.9689,
        "uniqueness": 0.03462363636363636,
        "novelty": 0.03460545454545454,
        "n_valid": 532895,
        "n_unique": 19043,
        "n_novel": 19033
    },
    "@600000": {
        "validity": 0.9689733333333334,
        "uniqueness": 0.032913333333333336,
        "novelty": 0.032896666666666664,
        "n_valid": 581384,
        "n_unique": 19748,
        "n_novel": 19738
    },
    "@650000": {
        "validity": 0.9689969230769231,
        "uniqueness": 0.03145846153846154,
        "novelty": 0.03144307692307692,
        "n_valid": 629848,
        "n_unique": 20448,
        "n_novel": 20438
    },
    "@700000": {
        "validity": 0.9688971428571429,
        "uniqueness": 0.030148571428571427,
        "novelty": 0.030134285714285714,
        "n_valid": 678228,
        "n_unique": 21104,
        "n_novel": 21094
    },
    "@750000": {
        "validity": 0.9689093333333333,
        "uniqueness": 0.028870666666666666,
        "novelty": 0.028857333333333332,
        "n_valid": 726682,
        "n_unique": 21653,
        "n_novel": 21643
    },
    "@800000": {
        "validity": 0.96889625,
        "uniqueness": 0.0277475,
        "novelty": 0.027735,
        "n_valid": 775117,
        "n_unique": 22198,
        "n_novel": 22188
    },
    "@850000": {
        "validity": 0.9689588235294118,
        "uniqueness": 0.02670705882352941,
        "novelty": 0.02669529411764706,
        "n_valid": 823615,
        "n_unique": 22701,
        "n_novel": 22691
    },
    "@900000": {
        "validity": 0.9688622222222222,
        "uniqueness": 0.025814444444444445,
        "novelty": 0.025803333333333334,
        "n_valid": 871976,
        "n_unique": 23233,
        "n_novel": 23223
    },
    "@950000": {
        "validity": 0.9689,
        "uniqueness": 0.02493263157894737,
        "novelty": 0.024922105263157895,
        "n_valid": 920455,
        "n_unique": 23686,
        "n_novel": 23676
    },
    "@1000000": {
        "validity": 0.968916,
        "uniqueness": 0.024182,
        "novelty": 0.024172,
        "n_valid": 968916,
        "n_unique": 24182,
        "n_novel": 24172
    }
}