{
    "@50000": {
        "validity": 0.98572,
        "uniqueness": 0.03488,
        "novelty": 0.03486,
        "n_valid": 49286,
        "n_unique": 1744,
        "n_novel": 1743
    },
    "@100000": {
        "validity": 0.98599,
        "uniqueness": 0.02226,
        "novelty": 0.02225,
        "n_valid": 98599,
        "n_unique": 2226,
        "n_novel": 2225
    },
    "@150000": {
        "validity": 0.98616,
        "uniqueness": 0.017173333333333332,
        "novelty": 0.017166666666666667,
        "n_valid": 147924,
        "n_unique": 2576,
        "n_novel": 2575
    },
    "@200000": {
        "validity": 0.986445,
        "uniqueness": 0.014245,
        "novelty": 0.01424,
        "n_valid": 197289,
        "n_unique": 2849,
        "n_novel": 2848
    },
    "@250000": {
        "validity": 0.98662,
        "uniqueness": 0.012168,
        "novelty": 0.012164,
        "n_valid": 246655,
        "n_unique": 3042,
        "n_novel": 3041
    },
    "@300000": {
        "validity": 0.98663,
        "uniqueness": 0.010806666666666666,
        "novelty": 0.010803333333333333,
        "n_valid": 295989,
        "n_unique": 3242,
        "n_novel": 3241
    },
    "@350000": {
        "validity": 0.9865571428571429,
        "uniqueness": 0.009691428571428571,
        "novelty": 0.009688571428571428,
        "n_valid": 345295,
        "n_unique": 3392,
        "n_novel": 3391
    },
    "@400000": {
        "validity": 0.986455,
        "uniqueness": 0.008765,
        "novelty": 0.0087625,
        "n_valid": 394582,
        "n_unique": 3506,
        "n_novel": 3505
    },
    "@450000": {
        "validity": 0.9865266666666667,
        "uniqueness": 0.008048888888888888,
        "novelty": 0.008046666666666667,
        "n_valid": 443937,
        "n_unique": 3622,
        "n_novel": 3621
    },
    "@500000": {
        "validity": 0.986572,
        "uniqueness": 0.007452,
        "novelty": 0.00745,
        "n_valid": 493286,
        "n_unique": 3726,
        "n_novel": 3725
    },
    "@550000": {
        "validity": 0.9865436363636364,
        "uniqueness": 0.006958181818181818,
        "novelty": 0.006956363636363636,
        "n_valid": 542599,
        "n_unique": 3827,
        "n_novel": 3826
    },
    "@600000": {
        "validity": 0.9864316666666667,
        "uniqueness": 0.006525,
        "novelty": 0.006523333333333333,
        "n_valid": 591859,
        "n_unique": 3915,
        "n_novel": 3914
    },
    "@650000": {
        "validity": 0.9864984615384615,
        "uniqueness": 0.006158461538461539,
        "novelty": 0.006156923076923077,
        "n_valid": 641224,
        "n_unique": 4003,
        "n_novel": 4002
    },
    "@700000": {
        "validity": 0.98654,
        "uniqueness": 0.005835714285714286,
        "novelty": 0.005834285714285715,
        "n_valid": 690578,
        "n_unique": 4085,
        "n_novel": 4084
    },
    "@750000": {
        "validity": 0.9865586666666667,
        "uniqueness": 0.005534666666666667,
        "novelty": 0.005533333333333334,
        "n_valid": 739919,
        "n_unique": 4151,
        "n_novel": 4150
    },
    "@800000": {
        "validity": 0.986595,
        "uniqueness": 0.005285,
        "novelty": 0.00528375,
        "n_valid": 789276,
        "n_unique": 4228,
        "n_novel": 4227
    },
    "@850000": {
        "validity": 0.9866094117647058,
        "uniqueness": 0.0050670588235294115,
        "novelty": 0.005065882352941176,
        "n_valid": 838618,
        "n_unique": 4307,
        "n_novel": 4306
    },
    "@900000": {
        "validity": 0.9866088888888889,
        "uniqueness": 0.004845555555555555,
        "novelty": 0.004844444444444445,
        "n_valid": 887948,
        "n_unique": 4361,
        "n_novel": 4360
    },
    "@950000": {
        "validity": 0.986578947368421,
        "uniqueness": 0.0046452631578947365,
        "novelty": 0.00464421052631579,
        "n_valid": 937250,
        "n_unique": 4413,
        "n_novel": 4412
    },
    "@1000000": {
        "validity": 0.986585,
        "uniqueness": 0.004504,
        "novelty": 0.004503,
        "n_valid": 986585,
        "n_unique": 4504,
        "n_novel": 4503
    }
}