{
    "@50000": {
        "validity": 0.8854,
        "uniqueness": 0.6698,
        "novelty": 0.65916,
        "n_valid": 44270,
        "n_unique": 33490,
        "n_novel": 32958
    },
    "@100000": {
        "validity": 0.88764,
        "uniqueness": 0.63161,
        "novelty": 0.62388,
        "n_valid": 88764,
        "n_unique": 63161,
        "n_novel": 62388
    },
    "@150000": {
        "validity": 0.8869266666666666,
        "uniqueness": 0.60744,
        "novelty": 0.6011733333333333,
        "n_valid": 133039,
        "n_unique": 91116,
        "n_novel": 90176
    },
    "@200000": {
        "validity": 0.88662,
        "uniqueness": 0.5914,
        "novelty": 0.58602,
        "n_valid": 177324,
        "n_unique": 118280,
        "n_novel": 117204
    },
    "@250000": {
        "validity": 0.886884,
        "uniqueness": 0.578172,
        "novelty": 0.573392,
        "n_valid": 221721,
        "n_unique": 144543,
        "n_novel": 143348
    },
    "@300000": {
        "validity": 0.8867733333333333,
        "uniqueness": 0.56804,
        "novelty": 0.5637366666666667,
        "n_valid": 266032,
        "n_unique": 170412,
        "n_novel": 169121
    },
    "@350000": {
        "validity": 0.8872342857142858,
        "uniqueness": 0.5593857142857143,
        "novelty": 0.5554371428571429,
        "n_valid": 310532,
        "n_unique": 195785,
        "n_novel": 194403
    },
    "@400000": {
        "validity": 0.8871275,
        "uniqueness": 0.551465,
        "novelty": 0.54781,
        "n_valid": 354851,
        "n_unique": 220586,
        "n_novel": 219124
    },
    "@450000": {
        "validity": 0.8867177777777778,
        "uniqueness": 0.5445844444444444,
        "novelty": 0.5411488888888889,
        "n_valid": 399023,
        "n_unique": 245063,
        "n_novel": 243517
    },
    "@500000": {
        "validity": 0.886688,
        "uniqueness": 0.538658,
        "novelty": 0.535408,
        "n_valid": 443344,
        "n_unique": 269329,
        "n_novel": 267704
    },
    "@550000": {
        "validity": 0.8865636363636363,
        "uniqueness": 0.5332890909090909,
        "novelty": 0.5302254545454546,
        "n_valid": 487610,
        "n_unique": 293309,
        "n_novel": 291624
    },
    "@600000": {
        "validity": 0.8864933333333334,
        "uniqueness": 0.5284383333333333,
        "novelty": 0.5255066666666667,
        "n_valid": 531896,
        "n_unique": 317063,
        "n_novel": 315304
    },
    "@650000": {
        "validity": 0.8864707692307693,
        "uniqueness": 0.5238707692307693,
        "novelty": 0.5210584615384616,
        "n_valid": 576206,
        "n_unique": 340516,
        "n_novel": 338688
    },
    "@700000": {
        "validity": 0.8865,
        "uniqueness": 0.51986,
        "novelty": 0.5171414285714285,
        "n_valid": 620550,
        "n_unique": 363902,
        "n_novel": 361999
    },
    "@750000": {
        "validity": 0.886544,
        "uniqueness": 0.5158493333333334,
        "novelty": 0.5132253333333333,
        "n_valid": 664908,
        "n_unique": 386887,
        "n_novel": 384919
    },
    "@800000": {
        "validity": 0.88643125,
        "uniqueness": 0.51237875,
        "novelty": 0.50985125,
        "n_valid": 709145,
        "n_unique": 409903,
        "n_novel": 407881
    },
    "@850000": {
        "validity": 0.8864352941176471,
        "uniqueness": 0.5092611764705882,
        "novelty": 0.5068176470588235,
        "n_valid": 753470,
        "n_unique": 432872,
        "n_novel": 430795
    },
    "@900000": {
        "validity": 0.8862855555555555,
        "uniqueness": 0.50602,
        "novelty": 0.5036488888888889,
        "n_valid": 797657,
        "n_unique": 455418,
        "n_novel": 453284
    },
    "@950000": {
        "validity": 0.8862873684210526,
        "uniqueness": 0.5032073684210526,
        "novelty": 0.5009115789473684,
        "n_valid": 841973,
        "n_unique": 478047,
        "n_novel": 475866
    },
    "@1000000": {
        "validity": 0.886273,
        "uniqueness": 0.500147,
        "novelty": 0.497918,
        "n_valid": 886273,
        "n_unique": 500147,
        "n_novel": 497918
    }
}