{
    "@50000": {
        "validity": 0.9295,
        "uniqueness": 0.89704,
        "novelty": 0.88578,
        "n_valid": 46475,
        "n_unique": 44852,
        "n_novel": 44289
    },
    "@100000": {
        "validity": 0.9284,
        "uniqueness": 0.88231,
        "novelty": 0.8724,
        "n_valid": 92840,
        "n_unique": 88231,
        "n_novel": 87240
    },
    "@150000": {
        "validity": 0.9282866666666667,
        "uniqueness": 0.8716,
        "novelty": 0.8628533333333334,
        "n_valid": 139243,
        "n_unique": 130740,
        "n_novel": 129428
    },
    "@200000": {
        "validity": 0.92828,
        "uniqueness": 0.863325,
        "novelty": 0.85522,
        "n_valid": 185656,
        "n_unique": 172665,
        "n_novel": 171044
    },
    "@250000": {
        "validity": 0.928488,
        "uniqueness": 0.856956,
        "novelty": 0.849384,
        "n_valid": 232122,
        "n_unique": 214239,
        "n_novel": 212346
    },
    "@300000": {
        "validity": 0.9284233333333334,
        "uniqueness": 0.85111,
        "novelty": 0.84385,
        "n_valid": 278527,
        "n_unique": 255333,
        "n_novel": 253155
    },
    "@350000": {
        "validity": 0.9284914285714285,
        "uniqueness": 0.8459285714285715,
        "novelty": 0.8390685714285714,
        "n_valid": 324972,
        "n_unique": 296075,
        "n_novel": 293674
    },
    "@400000": {
        "validity": 0.9281925,
        "uniqueness": 0.8413975,
        "novelty": 0.834755,
        "n_valid": 371277,
        "n_unique": 336559,
        "n_novel": 333902
    },
    "@450000": {
        "validity": 0.9282222222222222,
        "uniqueness": 0.8370733333333333,
        "novelty": 0.8307066666666667,
        "n_valid": 417700,
        "n_unique": 376683,
        "n_novel": 373818
    },
    "@500000": {
        "validity": 0.92822,
        "uniqueness": 0.833456,
        "novelty": 0.827352,
        "n_valid": 464110,
        "n_unique": 416728,
        "n_novel": 413676
    },
    "@550000": {
        "validity": 0.92814,
        "uniqueness": 0.8299545454545455,
        "novelty": 0.8240581818181818,
        "n_valid": 510477,
        "n_unique": 456475,
        "n_novel": 453232
    },
    "@600000": {
        "validity": 0.9282283333333333,
        "uniqueness": 0.8268133333333333,
        "novelty": 0.8210783333333334,
        "n_valid": 556937,
        "n_unique": 496088,
        "n_novel": 492647
    },
    "@650000": {
        "validity": 0.9283123076923077,
        "uniqueness": 0.8238646153846154,
        "novelty": 0.8183215384615384,
        "n_valid": 603403,
        "n_unique": 535512,
        "n_novel": 531909
    },
    "@700000": {
        "validity": 0.9282228571428571,
        "uniqueness": 0.8208085714285714,
        "novelty": 0.8154271428571429,
        "n_valid": 649756,
        "n_unique": 574566,
        "n_novel": 570799
    },
    "@750000": {
        "validity": 0.9282493333333334,
        "uniqueness": 0.8182493333333334,
        "novelty": 0.81304,
        "n_valid": 696187,
        "n_unique": 613687,
        "n_novel": 609780
    },
    "@800000": {
        "validity": 0.9282925,
        "uniqueness": 0.81572875,
        "novelty": 0.81067,
        "n_valid": 742634,
        "n_unique": 652583,
        "n_novel": 648536
    },
    "@850000": {
        "validity": 0.9283011764705882,
        "uniqueness": 0.8132270588235294,
        "novelty": 0.8082741176470588,
        "n_valid": 789056,
        "n_unique": 691243,
        "n_novel": 687033
    },
    "@900000": {
        "validity": 0.92828,
        "uniqueness": 0.8109533333333333,
        "novelty": 0.8061055555555555,
        "n_valid": 835452,
        "n_unique": 729858,
        "n_novel": 725495
    },
    "@950000": {
        "validity": 0.9283315789473684,
        "uniqueness": 0.8088357894736842,
        "novelty": 0.8041021052631578,
        "n_valid": 881915,
        "n_unique": 768394,
        "n_novel": 763897
    },
    "@1000000": {
        "validity": 0.928345,
        "uniqueness": 0.806688,
        "novelty": 0.802071,
        "n_valid": 928345,
        "n_unique": 806688,
        "n_novel": 802071
    }
}