{
    "@50000": {
        "validity": 0.97262,
        "uniqueness": 0.95996,
        "novelty": 0.9306,
        "n_valid": 48631,
        "n_unique": 47998,
        "n_novel": 46530
    },
    "@100000": {
        "validity": 0.9718,
        "uniqueness": 0.95153,
        "novelty": 0.92375,
        "n_valid": 97180,
        "n_unique": 95153,
        "n_novel": 92375
    },
    "@150000": {
        "validity": 0.9718866666666667,
        "uniqueness": 0.9454533333333334,
        "novelty": 0.9187066666666667,
        "n_valid": 145783,
        "n_unique": 141818,
        "n_novel": 137806
    },
    "@200000": {
        "validity": 0.971665,
        "uniqueness": 0.94029,
        "novelty": 0.914495,
        "n_valid": 194333,
        "n_unique": 188058,
        "n_novel": 182899
    },
    "@250000": {
        "validity": 0.971824,
        "uniqueness": 0.935864,
        "novelty": 0.911064,
        "n_valid": 242956,
        "n_unique": 233966,
        "n_novel": 227766
    },
    "@300000": {
        "validity": 0.9717766666666666,
        "uniqueness": 0.93168,
        "novelty": 0.9078433333333333,
        "n_valid": 291533,
        "n_unique": 279504,
        "n_novel": 272353
    },
    "@350000": {
        "validity": 0.9718542857142857,
        "uniqueness": 0.9279828571428571,
        "novelty": 0.9048885714285714,
        "n_valid": 340149,
        "n_unique": 324794,
        "n_novel": 316711
    },
    "@400000": {
        "validity": 0.971715,
        "uniqueness": 0.92449,
        "novelty": 0.9020975,
        "n_valid": 388686,
        "n_unique": 369796,
        "n_novel": 360839
    },
    "@450000": {
        "validity": 0.97168,
        "uniqueness": 0.9210711111111111,
        "novelty": 0.8992666666666667,
        "n_valid": 437256,
        "n_unique": 414482,
        "n_novel": 404670
    },
    "@500000": {
        "validity": 0.971806,
        "uniqueness": 0.918434,
        "novelty": 0.897244,
        "n_valid": 485903,
        "n_unique": 459217,
        "n_novel": 448622
    },
    "@550000": {
        "validity": 0.971790909090909,
        "uniqueness": 0.9157581818181818,
        "novelty": 0.8950872727272727,
        "n_valid": 534485,
        "n_unique": 503667,
        "n_novel": 492298
    },
    "@600000": {
        "validity": 0.97176,
        "uniqueness": 0.9132466666666667,
        "novelty": 0.893065,
        "n_valid": 583056,
        "n_unique": 547948,
        "n_novel": 535839
    },
    "@650000": {
        "validity": 0.9717061538461539,
        "uniqueness": 0.9107046153846153,
        "novelty": 0.8909353846153846,
        "n_valid": 631609,
        "n_unique": 591958,
        "n_novel": 579108
    },
    "@700000": {
        "validity": 0.9716171428571428,
        "uniqueness": 0.9084128571428571,
        "novelty": 0.88902,
        "n_valid": 680132,
        "n_unique": 635889,
        "n_novel": 622314
    },
    "@750000": {
        "validity": 0.9716626666666667,
        "uniqueness": 0.906288,
        "novelty": 0.88722,
        "n_valid": 728747,
        "n_unique": 679716,
        "n_novel": 665415
    },
    "@800000": {
        "validity": 0.97165,
        "uniqueness": 0.90423,
        "novelty": 0.88552125,
        "n_valid": 777320,
        "n_unique": 723384,
        "n_novel": 708417
    },
    "@850000": {
        "validity": 0.9716623529411764,
        "uniqueness": 0.9023623529411765,
        "novelty": 0.883944705882353,
        "n_valid": 825913,
        "n_unique": 767008,
        "n_novel": 751353
    },
    "@900000": {
        "validity": 0.9717611111111111,
        "uniqueness": 0.9005488888888888,
        "novelty": 0.8824311111111112,
        "n_valid": 874585,
        "n_unique": 810494,
        "n_novel": 794188
    },
    "@950000": {
        "validity": 0.9717736842105263,
        "uniqueness": 0.8988873684210527,
        "novelty": 0.8810557894736842,
        "n_valid": 923185,
        "n_unique": 853943,
        "n_novel": 837003
    },
    "@1000000": {
        "validity": 0.971693,
        "uniqueness": 0.897085,
        "novelty": 0.879542,
        "n_valid": 971693,
        "n_unique": 897085,
        "n_novel": 879542
    }
}