{
    "@50000": {
        "validity": 0.79102,
        "uniqueness": 0.79016,
        "novelty": 0.78584,
        "n_valid": 39551,
        "n_unique": 39508,
        "n_novel": 39292
    },
    "@100000": {
        "validity": 0.79208,
        "uniqueness": 0.79075,
        "novelty": 0.78651,
        "n_valid": 79208,
        "n_unique": 79075,
        "n_novel": 78651
    },
    "@150000": {
        "validity": 0.7921066666666666,
        "uniqueness": 0.79036,
        "novelty": 0.7861533333333334,
        "n_valid": 118816,
        "n_unique": 118554,
        "n_novel": 117923
    },
    "@200000": {
        "validity": 0.7918,
        "uniqueness": 0.78966,
        "novelty": 0.7856,
        "n_valid": 158360,
        "n_unique": 157932,
        "n_novel": 157120
    },
    "@250000": {
        "validity": 0.791928,
        "uniqueness": 0.789512,
        "novelty": 0.785496,
        "n_valid": 197982,
        "n_unique": 197378,
        "n_novel": 196374
    },
    "@300000": {
        "validity": 0.7916666666666666,
        "uniqueness": 0.7889666666666667,
        "novelty": 0.7850566666666666,
        "n_valid": 237500,
        "n_unique": 236690,
        "n_novel": 235517
    },
    "@350000": {
        "validity": 0.79152,
        "uniqueness": 0.7885257142857143,
        "novelty": 0.7846742857142858,
        "n_valid": 277032,
        "n_unique": 275984,
        "n_novel": 274636
    },
    "@400000": {
        "validity": 0.79151,
        "uniqueness": 0.7882975,
        "novelty": 0.78449,
        "n_valid": 316604,
        "n_unique": 315319,
        "n_novel": 313796
    },
    "@450000": {
        "validity": 0.7911422222222222,
        "uniqueness": 0.7876466666666667,
        "novelty": 0.7839022222222222,
        "n_valid": 356014,
        "n_unique": 354441,
        "n_novel": 352756
    },
    "@500000": {
        "validity": 0.791272,
        "uniqueness": 0.787538,
        "novelty": 0.783846,
        "n_valid": 395636,
        "n_unique": 393769,
        "n_novel": 391923
    },
    "@550000": {
        "validity": 0.7912709090909091,
        "uniqueness": 0.7872836363636364,
        "novelty": 0.7836418181818182,
        "n_valid": 435199,
        "n_unique": 433006,
        "n_novel": 431003
    },
    "@600000": {
        "validity": 0.790875,
        "uniqueness": 0.7866983333333334,
        "novelty": 0.7830933333333333,
        "n_valid": 474525,
        "n_unique": 472019,
        "n_novel": 469856
    },
    "@650000": {
        "validity": 0.7909523076923077,
        "uniqueness": 0.78654,
        "novelty": 0.7829923076923077,
        "n_valid": 514119,
        "n_unique": 511251,
        "n_novel": 508945
    },
    "@700000": {
        "validity": 0.79098,
        "uniqueness": 0.7863814285714286,
        "novelty": 0.7828414285714286,
        "n_valid": 553686,
        "n_unique": 550467,
        "n_novel": 547989
    },
    "@750000": {
        "validity": 0.79104,
        "uniqueness": 0.7862666666666667,
        "novelty": 0.782792,
        "n_valid": 593280,
        "n_unique": 589700,
        "n_novel": 587094
    },
    "@800000": {
        "validity": 0.79102,
        "uniqueness": 0.78607875,
        "novelty": 0.78263375,
        "n_valid": 632816,
        "n_unique": 628863,
        "n_novel": 626107
    },
    "@850000": {
        "validity": 0.7910741176470588,
        "uniqueness": 0.785995294117647,
        "novelty": 0.7825764705882353,
        "n_valid": 672413,
        "n_unique": 668096,
        "n_novel": 665190
    },
    "@900000": {
        "validity": 0.7913466666666666,
        "uniqueness": 0.7860655555555556,
        "novelty": 0.7826777777777778,
        "n_valid": 712212,
        "n_unique": 707459,
        "n_novel": 704410
    },
    "@950000": {
        "validity": 0.7912505263157895,
        "uniqueness": 0.7858273684210526,
        "novelty": 0.7824557894736842,
        "n_valid": 751688,
        "n_unique": 746536,
        "n_novel": 743333
    },
    "@1000000": {
        "validity": 0.79142,
        "uniqueness": 0.785856,
        "novelty": 0.782506,
        "n_valid": 791420,
        "n_unique": 785856,
        "n_novel": 782506
    }
}