{
    "@50000": {
        "validity": 0.9728,
        "uniqueness": 0.96012,
        "novelty": 0.93082,
        "n_valid": 48640,
        "n_unique": 48006,
        "n_novel": 46541
    },
    "@100000": {
        "validity": 0.97211,
        "uniqueness": 0.95179,
        "novelty": 0.92398,
        "n_valid": 97211,
        "n_unique": 95179,
        "n_novel": 92398
    },
    "@150000": {
        "validity": 0.9721933333333334,
        "uniqueness": 0.9456666666666667,
        "novelty": 0.9189066666666666,
        "n_valid": 145829,
        "n_unique": 141850,
        "n_novel": 137836
    },
    "@200000": {
        "validity": 0.971955,
        "uniqueness": 0.94045,
        "novelty": 0.91465,
        "n_valid": 194391,
        "n_unique": 188090,
        "n_novel": 182930
    },
    "@250000": {
        "validity": 0.972104,
        "uniqueness": 0.935988,
        "novelty": 0.911184,
        "n_valid": 243026,
        "n_unique": 233997,
        "n_novel": 227796
    },
    "@300000": {
        "validity": 0.9720633333333333,
        "uniqueness": 0.93181,
        "novelty": 0.9079633333333333,
        "n_valid": 291619,
        "n_unique": 279543,
        "n_novel": 272389
    },
    "@350000": {
        "validity": 0.9721542857142857,
        "uniqueness": 0.9281171428571429,
        "novelty": 0.9050057142857143,
        "n_valid": 340254,
        "n_unique": 324841,
        "n_novel": 316752
    },
    "@400000": {
        "validity": 0.9720225,
        "uniqueness": 0.924625,
        "novelty": 0.902215,
        "n_valid": 388809,
        "n_unique": 369850,
        "n_novel": 360886
    },
    "@450000": {
        "validity": 0.9719844444444444,
        "uniqueness": 0.9211955555555555,
        "novelty": 0.8993711111111111,
        "n_valid": 437393,
        "n_unique": 414538,
        "n_novel": 404717
    },
    "@500000": {
        "validity": 0.97211,
        "uniqueness": 0.918534,
        "novelty": 0.897328,
        "n_valid": 486055,
        "n_unique": 459267,
        "n_novel": 448664
    },
    "@550000": {
        "validity": 0.9721036363636364,
        "uniqueness": 0.9158472727272727,
        "novelty": 0.89516,
        "n_valid": 534657,
        "n_unique": 503716,
        "n_novel": 492338
    },
    "@600000": {
        "validity": 0.9720766666666667,
        "uniqueness": 0.913325,
        "novelty": 0.8931316666666667,
        "n_valid": 583246,
        "n_unique": 547995,
        "n_novel": 535879
    },
    "@650000": {
        "validity": 0.9720246153846154,
        "uniqueness": 0.9107815384615384,
        "novelty": 0.8910076923076923,
        "n_valid": 631816,
        "n_unique": 592008,
        "n_novel": 579155
    },
    "@700000": {
        "validity": 0.9719314285714286,
        "uniqueness": 0.90848,
        "novelty": 0.8890814285714286,
        "n_valid": 680352,
        "n_unique": 635936,
        "n_novel": 622357
    },
    "@750000": {
        "validity": 0.9719773333333334,
        "uniqueness": 0.9063453333333333,
        "novelty": 0.8872733333333334,
        "n_valid": 728983,
        "n_unique": 679759,
        "n_novel": 665455
    },
    "@800000": {
        "validity": 0.97196875,
        "uniqueness": 0.90428,
        "novelty": 0.88556625,
        "n_valid": 777575,
        "n_unique": 723424,
        "n_novel": 708453
    },
    "@850000": {
        "validity": 0.9719835294117647,
        "uniqueness": 0.9024129411764706,
        "novelty": 0.8839929411764705,
        "n_valid": 826186,
        "n_unique": 767051,
        "n_novel": 751394
    },
    "@900000": {
        "validity": 0.9720766666666667,
        "uniqueness": 0.9005888888888889,
        "novelty": 0.8824722222222222,
        "n_valid": 874869,
        "n_unique": 810530,
        "n_novel": 794225
    },
    "@950000": {
        "validity": 0.9720831578947369,
        "uniqueness": 0.8989168421052631,
        "novelty": 0.8810863157894737,
        "n_valid": 923479,
        "n_unique": 853971,
        "n_novel": 837032
    },
    "@1000000": {
        "validity": 0.972006,
        "uniqueness": 0.897116,
        "novelty": 0.879571,
        "n_valid": 972006,
        "n_unique": 897116,
        "n_novel": 879571
    }
}