{
    "@50000": {
        "validity": 0.96184,
        "uniqueness": 0.94996,
        "novelty": 0.92836,
        "n_valid": 48092,
        "n_unique": 47498,
        "n_novel": 46418
    },
    "@100000": {
        "validity": 0.96116,
        "uniqueness": 0.94357,
        "novelty": 0.92396,
        "n_valid": 96116,
        "n_unique": 94357,
        "n_novel": 92396
    },
    "@150000": {
        "validity": 0.96072,
        "uniqueness": 0.9393133333333333,
        "novelty": 0.9204933333333334,
        "n_valid": 144108,
        "n_unique": 140897,
        "n_novel": 138074
    },
    "@200000": {
        "validity": 0.96074,
        "uniqueness": 0.935935,
        "novelty": 0.9179,
        "n_valid": 192148,
        "n_unique": 187187,
        "n_novel": 183580
    },
    "@250000": {
        "validity": 0.960544,
        "uniqueness": 0.932628,
        "novelty": 0.915096,
        "n_valid": 240136,
        "n_unique": 233157,
        "n_novel": 228774
    },
    "@300000": {
        "validity": 0.9604666666666667,
        "uniqueness": 0.9303233333333333,
        "novelty": 0.9131133333333333,
        "n_valid": 288140,
        "n_unique": 279097,
        "n_novel": 273934
    },
    "@350000": {
        "validity": 0.9603828571428571,
        "uniqueness": 0.9275771428571429,
        "novelty": 0.91098,
        "n_valid": 336134,
        "n_unique": 324652,
        "n_novel": 318843
    },
    "@400000": {
        "validity": 0.9604775,
        "uniqueness": 0.925685,
        "novelty": 0.90954,
        "n_valid": 384191,
        "n_unique": 370274,
        "n_novel": 363816
    },
    "@450000": {
        "validity": 0.9604733333333333,
        "uniqueness": 0.9238355555555555,
        "novelty": 0.9081266666666666,
        "n_valid": 432213,
        "n_unique": 415726,
        "n_novel": 408657
    },
    "@500000": {
        "validity": 0.960584,
        "uniqueness": 0.922138,
        "novelty": 0.906676,
        "n_valid": 480292,
        "n_unique": 461069,
        "n_novel": 453338
    },
    "@550000": {
        "validity": 0.9606781818181818,
        "uniqueness": 0.9204054545454545,
        "novelty": 0.9052890909090909,
        "n_valid": 528373,
        "n_unique": 506223,
        "n_novel": 497909
    },
    "@600000": {
        "validity": 0.9605533333333334,
        "uniqueness": 0.9185333333333333,
        "novelty": 0.90368,
        "n_valid": 576332,
        "n_unique": 551120,
        "n_novel": 542208
    },
    "@650000": {
        "validity": 0.9605692307692307,
        "uniqueness": 0.9168661538461539,
        "novelty": 0.9022307692307693,
        "n_valid": 624370,
        "n_unique": 595963,
        "n_novel": 586450
    },
    "@700000": {
        "validity": 0.9605857142857143,
        "uniqueness": 0.9154785714285715,
        "novelty": 0.9010514285714286,
        "n_valid": 672410,
        "n_unique": 640835,
        "n_novel": 630736
    },
    "@750000": {
        "validity": 0.9605413333333334,
        "uniqueness": 0.913972,
        "novelty": 0.899736,
        "n_valid": 720406,
        "n_unique": 685479,
        "n_novel": 674802
    },
    "@800000": {
        "validity": 0.960525,
        "uniqueness": 0.91249625,
        "novelty": 0.89849375,
        "n_valid": 768420,
        "n_unique": 729997,
        "n_novel": 718795
    },
    "@850000": {
        "validity": 0.9605988235294117,
        "uniqueness": 0.9112917647058824,
        "novelty": 0.8975105882352942,
        "n_valid": 816509,
        "n_unique": 774598,
        "n_novel": 762884
    },
    "@900000": {
        "validity": 0.9606755555555555,
        "uniqueness": 0.9101322222222222,
        "novelty": 0.8965355555555555,
        "n_valid": 864608,
        "n_unique": 819119,
        "n_novel": 806882
    },
    "@950000": {
        "validity": 0.9606757894736843,
        "uniqueness": 0.9089147368421052,
        "novelty": 0.8954452631578947,
        "n_valid": 912642,
        "n_unique": 863469,
        "n_novel": 850673
    },
    "@1000000": {
        "validity": 0.96069,
        "uniqueness": 0.907684,
        "novelty": 0.894395,
        "n_valid": 960690,
        "n_unique": 907684,
        "n_novel": 894395
    }
}