{
    "@50000": {
        "validity": 0.89426,
        "uniqueness": 0.62192,
        "novelty": 0.6099,
        "n_valid": 44713,
        "n_unique": 31096,
        "n_novel": 30495
    },
    "@100000": {
        "validity": 0.89498,
        "uniqueness": 0.57967,
        "novelty": 0.57146,
        "n_valid": 89498,
        "n_unique": 57967,
        "n_novel": 57146
    },
    "@150000": {
        "validity": 0.8952866666666667,
        "uniqueness": 0.5543533333333334,
        "novelty": 0.5475866666666667,
        "n_valid": 134293,
        "n_unique": 83153,
        "n_novel": 82138
    },
    "@200000": {
        "validity": 0.89527,
        "uniqueness": 0.53752,
        "novelty": 0.531845,
        "n_valid": 179054,
        "n_unique": 107504,
        "n_novel": 106369
    },
    "@250000": {
        "validity": 0.895156,
        "uniqueness": 0.523528,
        "novelty": 0.518472,
        "n_valid": 223789,
        "n_unique": 130882,
        "n_novel": 129618
    },
    "@300000": {
        "validity": 0.89499,
        "uniqueness": 0.5124133333333334,
        "novelty": 0.5078333333333334,
        "n_valid": 268497,
        "n_unique": 153724,
        "n_novel": 152350
    },
    "@350000": {
        "validity": 0.8949028571428571,
        "uniqueness": 0.5031914285714286,
        "novelty": 0.4990085714285714,
        "n_valid": 313216,
        "n_unique": 176117,
        "n_novel": 174653
    },
    "@400000": {
        "validity": 0.894835,
        "uniqueness": 0.49481,
        "novelty": 0.490925,
        "n_valid": 357934,
        "n_unique": 197924,
        "n_novel": 196370
    },
    "@450000": {
        "validity": 0.8950155555555556,
        "uniqueness": 0.4879,
        "novelty": 0.4843044444444444,
        "n_valid": 402757,
        "n_unique": 219555,
        "n_novel": 217937
    },
    "@500000": {
        "validity": 0.895034,
        "uniqueness": 0.481604,
        "novelty": 0.478242,
        "n_valid": 447517,
        "n_unique": 240802,
        "n_novel": 239121
    },
    "@550000": {
        "validity": 0.8950272727272728,
        "uniqueness": 0.4759418181818182,
        "novelty": 0.4727363636363636,
        "n_valid": 492265,
        "n_unique": 261768,
        "n_novel": 260005
    },
    "@600000": {
        "validity": 0.8948216666666666,
        "uniqueness": 0.4705083333333333,
        "novelty": 0.46745166666666665,
        "n_valid": 536893,
        "n_unique": 282305,
        "n_novel": 280471
    },
    "@650000": {
        "validity": 0.8947184615384616,
        "uniqueness": 0.46570307692307694,
        "novelty": 0.46279384615384617,
        "n_valid": 581567,
        "n_unique": 302707,
        "n_novel": 300816
    },
    "@700000": {
        "validity": 0.8945071428571428,
        "uniqueness": 0.46131,
        "novelty": 0.4585242857142857,
        "n_valid": 626155,
        "n_unique": 322917,
        "n_novel": 320967
    },
    "@750000": {
        "validity": 0.8945946666666666,
        "uniqueness": 0.457228,
        "novelty": 0.4545533333333333,
        "n_valid": 670946,
        "n_unique": 342921,
        "n_novel": 340915
    },
    "@800000": {
        "validity": 0.8945675,
        "uniqueness": 0.45341125,
        "novelty": 0.45081625,
        "n_valid": 715654,
        "n_unique": 362729,
        "n_novel": 360653
    },
    "@850000": {
        "validity": 0.8946141176470588,
        "uniqueness": 0.4498905882352941,
        "novelty": 0.44737529411764704,
        "n_valid": 760422,
        "n_unique": 382407,
        "n_novel": 380269
    },
    "@900000": {
        "validity": 0.8946033333333333,
        "uniqueness": 0.44643222222222223,
        "novelty": 0.44399777777777777,
        "n_valid": 805143,
        "n_unique": 401789,
        "n_novel": 399598
    },
    "@950000": {
        "validity": 0.8946610526315789,
        "uniqueness": 0.4435094736842105,
        "novelty": 0.4411505263157895,
        "n_valid": 849928,
        "n_unique": 421334,
        "n_novel": 419093
    },
    "@1000000": {
        "validity": 0.894697,
        "uniqueness": 0.440626,
        "novelty": 0.438345,
        "n_valid": 894697,
        "n_unique": 440626,
        "n_novel": 438345
    }
}