{
    "@50000": {
        "validity": 0.89932,
        "uniqueness": 0.87852,
        "novelty": 0.87176,
        "n_valid": 44966,
        "n_unique": 43926,
        "n_novel": 43588
    },
    "@100000": {
        "validity": 0.89969,
        "uniqueness": 0.86854,
        "novelty": 0.86229,
        "n_valid": 89969,
        "n_unique": 86854,
        "n_novel": 86229
    },
    "@150000": {
        "validity": 0.8999866666666667,
        "uniqueness": 0.86144,
        "novelty": 0.8557466666666667,
        "n_valid": 134998,
        "n_unique": 129216,
        "n_novel": 128362
    },
    "@200000": {
        "validity": 0.89947,
        "uniqueness": 0.855545,
        "novelty": 0.850215,
        "n_valid": 179894,
        "n_unique": 171109,
        "n_novel": 170043
    },
    "@250000": {
        "validity": 0.899236,
        "uniqueness": 0.850436,
        "novelty": 0.845404,
        "n_valid": 224809,
        "n_unique": 212609,
        "n_novel": 211351
    },
    "@300000": {
        "validity": 0.8991966666666666,
        "uniqueness": 0.8461866666666666,
        "novelty": 0.8413133333333334,
        "n_valid": 269759,
        "n_unique": 253856,
        "n_novel": 252394
    },
    "@350000": {
        "validity": 0.8993428571428571,
        "uniqueness": 0.8425657142857143,
        "novelty": 0.8379485714285714,
        "n_valid": 314770,
        "n_unique": 294898,
        "n_novel": 293282
    },
    "@400000": {
        "validity": 0.8992575,
        "uniqueness": 0.838915,
        "novelty": 0.83447,
        "n_valid": 359703,
        "n_unique": 335566,
        "n_novel": 333788
    },
    "@450000": {
        "validity": 0.8994866666666667,
        "uniqueness": 0.8361644444444445,
        "novelty": 0.8318688888888889,
        "n_valid": 404769,
        "n_unique": 376274,
        "n_novel": 374341
    },
    "@500000": {
        "validity": 0.899566,
        "uniqueness": 0.833334,
        "novelty": 0.829184,
        "n_valid": 449783,
        "n_unique": 416667,
        "n_novel": 414592
    },
    "@550000": {
        "validity": 0.8995490909090909,
        "uniqueness": 0.8306127272727273,
        "novelty": 0.8265981818181818,
        "n_valid": 494752,
        "n_unique": 456837,
        "n_novel": 454629
    },
    "@600000": {
        "validity": 0.8993783333333333,
        "uniqueness": 0.8281133333333334,
        "novelty": 0.8242066666666666,
        "n_valid": 539627,
        "n_unique": 496868,
        "n_novel": 494524
    },
    "@650000": {
        "validity": 0.8992553846153846,
        "uniqueness": 0.8256230769230769,
        "novelty": 0.8218261538461539,
        "n_valid": 584516,
        "n_unique": 536655,
        "n_novel": 534187
    },
    "@700000": {
        "validity": 0.8992214285714286,
        "uniqueness": 0.8234728571428571,
        "novelty": 0.8197671428571428,
        "n_valid": 629455,
        "n_unique": 576431,
        "n_novel": 573837
    },
    "@750000": {
        "validity": 0.8993906666666667,
        "uniqueness": 0.8215853333333333,
        "novelty": 0.8179653333333333,
        "n_valid": 674543,
        "n_unique": 616189,
        "n_novel": 613474
    },
    "@800000": {
        "validity": 0.89925375,
        "uniqueness": 0.81946,
        "novelty": 0.81591125,
        "n_valid": 719403,
        "n_unique": 655568,
        "n_novel": 652729
    },
    "@850000": {
        "validity": 0.8993247058823529,
        "uniqueness": 0.8175976470588235,
        "novelty": 0.8141211764705882,
        "n_valid": 764426,
        "n_unique": 694958,
        "n_novel": 692003
    },
    "@900000": {
        "validity": 0.8994555555555556,
        "uniqueness": 0.8159222222222222,
        "novelty": 0.8125022222222222,
        "n_valid": 809510,
        "n_unique": 734330,
        "n_novel": 731252
    },
    "@950000": {
        "validity": 0.8994284210526315,
        "uniqueness": 0.8141768421052632,
        "novelty": 0.8108242105263158,
        "n_valid": 854457,
        "n_unique": 773468,
        "n_novel": 770283
    },
    "@1000000": {
        "validity": 0.89951,
        "uniqueness": 0.812555,
        "novelty": 0.809267,
        "n_valid": 899510,
        "n_unique": 812555,
        "n_novel": 809267
    }
}