{
    "@50000": {
        "validity": 0.99294,
        "uniqueness": 0.3038,
        "novelty": 0.2909,
        "n_valid": 49647,
        "n_unique": 15190,
        "n_novel": 14545
    },
    "@100000": {
        "validity": 0.99312,
        "uniqueness": 0.25407,
        "novelty": 0.2453,
        "n_valid": 99312,
        "n_unique": 25407,
        "n_novel": 24530
    },
    "@150000": {
        "validity": 0.9928533333333334,
        "uniqueness": 0.22776,
        "novelty": 0.22076666666666667,
        "n_valid": 148928,
        "n_unique": 34164,
        "n_novel": 33115
    },
    "@200000": {
        "validity": 0.992815,
        "uniqueness": 0.21087,
        "novelty": 0.20497,
        "n_valid": 198563,
        "n_unique": 42174,
        "n_novel": 40994
    },
    "@250000": {
        "validity": 0.992948,
        "uniqueness": 0.198472,
        "novelty": 0.193292,
        "n_valid": 248237,
        "n_unique": 49618,
        "n_novel": 48323
    },
    "@300000": {
        "validity": 0.9930033333333333,
        "uniqueness": 0.18894666666666668,
        "novelty": 0.18424,
        "n_valid": 297901,
        "n_unique": 56684,
        "n_novel": 55272
    },
    "@350000": {
        "validity": 0.9930257142857143,
        "uniqueness": 0.18041428571428572,
        "novelty": 0.17617714285714287,
        "n_valid": 347559,
        "n_unique": 63145,
        "n_novel": 61662
    },
    "@400000": {
        "validity": 0.993025,
        "uniqueness": 0.1738575,
        "novelty": 0.1699575,
        "n_valid": 397210,
        "n_unique": 69543,
        "n_novel": 67983
    },
    "@450000": {
        "validity": 0.9930555555555556,
        "uniqueness": 0.16766444444444445,
        "novelty": 0.16404888888888888,
        "n_valid": 446875,
        "n_unique": 75449,
        "n_novel": 73822
    },
    "@500000": {
        "validity": 0.993118,
        "uniqueness": 0.162418,
        "novelty": 0.159038,
        "n_valid": 496559,
        "n_unique": 81209,
        "n_novel": 79519
    },
    "@550000": {
        "validity": 0.9930872727272727,
        "uniqueness": 0.1577309090909091,
        "novelty": 0.15454727272727273,
        "n_valid": 546198,
        "n_unique": 86752,
        "n_novel": 85001
    },
    "@600000": {
        "validity": 0.99311,
        "uniqueness": 0.15367333333333333,
        "novelty": 0.15067166666666668,
        "n_valid": 595866,
        "n_unique": 92204,
        "n_novel": 90403
    },
    "@650000": {
        "validity": 0.9931307692307693,
        "uniqueness": 0.14996923076923077,
        "novelty": 0.14712923076923076,
        "n_valid": 645535,
        "n_unique": 97480,
        "n_novel": 95634
    },
    "@700000": {
        "validity": 0.9930971428571429,
        "uniqueness": 0.14658857142857143,
        "novelty": 0.14389285714285716,
        "n_valid": 695168,
        "n_unique": 102612,
        "n_novel": 100725
    },
    "@750000": {
        "validity": 0.9930506666666666,
        "uniqueness": 0.14335466666666666,
        "novelty": 0.140776,
        "n_valid": 744788,
        "n_unique": 107516,
        "n_novel": 105582
    },
    "@800000": {
        "validity": 0.993075,
        "uniqueness": 0.1403275,
        "novelty": 0.13785375,
        "n_valid": 794460,
        "n_unique": 112262,
        "n_novel": 110283
    },
    "@850000": {
        "validity": 0.9931058823529412,
        "uniqueness": 0.13772117647058824,
        "novelty": 0.1353470588235294,
        "n_valid": 844140,
        "n_unique": 117063,
        "n_novel": 115045
    },
    "@900000": {
        "validity": 0.9930933333333334,
        "uniqueness": 0.13532555555555556,
        "novelty": 0.13305,
        "n_valid": 893784,
        "n_unique": 121793,
        "n_novel": 119745
    },
    "@950000": {
        "validity": 0.9930652631578948,
        "uniqueness": 0.13304947368421052,
        "novelty": 0.13084842105263159,
        "n_valid": 943412,
        "n_unique": 126397,
        "n_novel": 124306
    },
    "@1000000": {
        "validity": 0.993071,
        "uniqueness": 0.130861,
        "novelty": 0.128732,
        "n_valid": 993071,
        "n_unique": 130861,
        "n_novel": 128732
    }
}