{
    "@50000": {
        "validity": 0.84242,
        "uniqueness": 0.80896,
        "novelty": 0.80028,
        "n_valid": 42121,
        "n_unique": 40448,
        "n_novel": 40014
    },
    "@100000": {
        "validity": 0.84149,
        "uniqueness": 0.79577,
        "novelty": 0.78819,
        "n_valid": 84149,
        "n_unique": 79577,
        "n_novel": 78819
    },
    "@150000": {
        "validity": 0.8410266666666667,
        "uniqueness": 0.7867,
        "novelty": 0.7798333333333334,
        "n_valid": 126154,
        "n_unique": 118005,
        "n_novel": 116975
    },
    "@200000": {
        "validity": 0.841065,
        "uniqueness": 0.77996,
        "novelty": 0.773635,
        "n_valid": 168213,
        "n_unique": 155992,
        "n_novel": 154727
    },
    "@250000": {
        "validity": 0.841336,
        "uniqueness": 0.774468,
        "novelty": 0.768636,
        "n_valid": 210334,
        "n_unique": 193617,
        "n_novel": 192159
    },
    "@300000": {
        "validity": 0.8417766666666666,
        "uniqueness": 0.7702133333333333,
        "novelty": 0.7646833333333334,
        "n_valid": 252533,
        "n_unique": 231064,
        "n_novel": 229405
    },
    "@350000": {
        "validity": 0.8414714285714285,
        "uniqueness": 0.7658971428571428,
        "novelty": 0.7606142857142857,
        "n_valid": 294515,
        "n_unique": 268064,
        "n_novel": 266215
    },
    "@400000": {
        "validity": 0.84181,
        "uniqueness": 0.76231,
        "novelty": 0.757275,
        "n_valid": 336724,
        "n_unique": 304924,
        "n_novel": 302910
    },
    "@450000": {
        "validity": 0.8417955555555555,
        "uniqueness": 0.7586666666666667,
        "novelty": 0.7538533333333334,
        "n_valid": 378808,
        "n_unique": 341400,
        "n_novel": 339234
    },
    "@500000": {
        "validity": 0.841952,
        "uniqueness": 0.755476,
        "novelty": 0.750852,
        "n_valid": 420976,
        "n_unique": 377738,
        "n_novel": 375426
    },
    "@550000": {
        "validity": 0.8419890909090909,
        "uniqueness": 0.7526672727272727,
        "novelty": 0.7482018181818182,
        "n_valid": 463094,
        "n_unique": 413967,
        "n_novel": 411511
    },
    "@600000": {
        "validity": 0.84197,
        "uniqueness": 0.7499933333333333,
        "novelty": 0.74568,
        "n_valid": 505182,
        "n_unique": 449996,
        "n_novel": 447408
    },
    "@650000": {
        "validity": 0.8420923076923077,
        "uniqueness": 0.7476353846153846,
        "novelty": 0.7434246153846154,
        "n_valid": 547360,
        "n_unique": 485963,
        "n_novel": 483226
    },
    "@700000": {
        "validity": 0.8419928571428571,
        "uniqueness": 0.7452285714285715,
        "novelty": 0.74111,
        "n_valid": 589395,
        "n_unique": 521660,
        "n_novel": 518777
    },
    "@750000": {
        "validity": 0.841804,
        "uniqueness": 0.742724,
        "novelty": 0.7387013333333333,
        "n_valid": 631353,
        "n_unique": 557043,
        "n_novel": 554026
    },
    "@800000": {
        "validity": 0.84185625,
        "uniqueness": 0.74065125,
        "novelty": 0.7367225,
        "n_valid": 673485,
        "n_unique": 592521,
        "n_novel": 589378
    },
    "@850000": {
        "validity": 0.8416129411764706,
        "uniqueness": 0.7384905882352941,
        "novelty": 0.7346552941176471,
        "n_valid": 715371,
        "n_unique": 627717,
        "n_novel": 624457
    },
    "@900000": {
        "validity": 0.8417288888888889,
        "uniqueness": 0.7367688888888889,
        "novelty": 0.7330266666666667,
        "n_valid": 757556,
        "n_unique": 663092,
        "n_novel": 659724
    },
    "@950000": {
        "validity": 0.8416631578947369,
        "uniqueness": 0.7348326315789474,
        "novelty": 0.731162105263158,
        "n_valid": 799580,
        "n_unique": 698091,
        "n_novel": 694604
    },
    "@1000000": {
        "validity": 0.841813,
        "uniqueness": 0.733219,
        "novelty": 0.729643,
        "n_valid": 841813,
        "n_unique": 733219,
        "n_novel": 729643
    }
}