{
    "@50000": {
        "validity": 0.20812,
        "uniqueness": 0.20602,
        "novelty": 0.20494,
        "n_valid": 10406,
        "n_unique": 10301,
        "n_novel": 10247
    },
    "@100000": {
        "validity": 0.20852,
        "uniqueness": 0.20518,
        "novelty": 0.20406,
        "n_valid": 20852,
        "n_unique": 20518,
        "n_novel": 20406
    },
    "@150000": {
        "validity": 0.20808,
        "uniqueness": 0.20414666666666667,
        "novelty": 0.20309333333333332,
        "n_valid": 31212,
        "n_unique": 30622,
        "n_novel": 30464
    },
    "@200000": {
        "validity": 0.208015,
        "uniqueness": 0.203355,
        "novelty": 0.202345,
        "n_valid": 41603,
        "n_unique": 40671,
        "n_novel": 40469
    },
    "@250000": {
        "validity": 0.207532,
        "uniqueness": 0.202444,
        "novelty": 0.201484,
        "n_valid": 51883,
        "n_unique": 50611,
        "n_novel": 50371
    },
    "@300000": {
        "validity": 0.20799,
        "uniqueness": 0.20236666666666667,
        "novelty": 0.20142,
        "n_valid": 62397,
        "n_unique": 60710,
        "n_novel": 60426
    },
    "@350000": {
        "validity": 0.20826857142857144,
        "uniqueness": 0.20220857142857143,
        "novelty": 0.20128285714285715,
        "n_valid": 72894,
        "n_unique": 70773,
        "n_novel": 70449
    },
    "@400000": {
        "validity": 0.2086475,
        "uniqueness": 0.202255,
        "novelty": 0.20137,
        "n_valid": 83459,
        "n_unique": 80902,
        "n_novel": 80548
    },
    "@450000": {
        "validity": 0.20897333333333334,
        "uniqueness": 0.2023088888888889,
        "novelty": 0.2014511111111111,
        "n_valid": 94038,
        "n_unique": 91039,
        "n_novel": 90653
    },
    "@500000": {
        "validity": 0.208944,
        "uniqueness": 0.20203,
        "novelty": 0.20119,
        "n_valid": 104472,
        "n_unique": 101015,
        "n_novel": 100595
    },
    "@550000": {
        "validity": 0.20884545454545456,
        "uniqueness": 0.20172363636363635,
        "novelty": 0.20090363636363637,
        "n_valid": 114865,
        "n_unique": 110948,
        "n_novel": 110497
    },
    "@600000": {
        "validity": 0.20904666666666666,
        "uniqueness": 0.201695,
        "novelty": 0.20088166666666665,
        "n_valid": 125428,
        "n_unique": 121017,
        "n_novel": 120529
    },
    "@650000": {
        "validity": 0.2089476923076923,
        "uniqueness": 0.20136,
        "novelty": 0.2005553846153846,
        "n_valid": 135816,
        "n_unique": 130884,
        "n_novel": 130361
    },
    "@700000": {
        "validity": 0.2089542857142857,
        "uniqueness": 0.20119,
        "novelty": 0.20041,
        "n_valid": 146268,
        "n_unique": 140833,
        "n_novel": 140287
    },
    "@750000": {
        "validity": 0.20914533333333332,
        "uniqueness": 0.20116266666666666,
        "novelty": 0.20038666666666666,
        "n_valid": 156859,
        "n_unique": 150872,
        "n_novel": 150290
    },
    "@800000": {
        "validity": 0.20879875,
        "uniqueness": 0.20067875,
        "novelty": 0.1999075,
        "n_valid": 167039,
        "n_unique": 160543,
        "n_novel": 159926
    },
    "@850000": {
        "validity": 0.20861764705882352,
        "uniqueness": 0.20034470588235295,
        "novelty": 0.19957764705882353,
        "n_valid": 177325,
        "n_unique": 170293,
        "n_novel": 169641
    },
    "@900000": {
        "validity": 0.2084988888888889,
        "uniqueness": 0.20008222222222222,
        "novelty": 0.19933555555555554,
        "n_valid": 187649,
        "n_unique": 180074,
        "n_novel": 179402
    },
    "@950000": {
        "validity": 0.20843894736842106,
        "uniqueness": 0.19989157894736842,
        "novelty": 0.19916736842105262,
        "n_valid": 198017,
        "n_unique": 189897,
        "n_novel": 189209
    },
    "@1000000": {
        "validity": 0.208547,
        "uniqueness": 0.199825,
        "novelty": 0.199117,
        "n_valid": 208547,
        "n_unique": 199825,
        "n_novel": 199117
    }
}