{
    "@50000": {
        "validity": 0.63188,
        "uniqueness": 0.62532,
        "novelty": 0.61846,
        "n_valid": 31594,
        "n_unique": 31266,
        "n_novel": 30923
    },
    "@100000": {
        "validity": 0.63355,
        "uniqueness": 0.62409,
        "novelty": 0.61783,
        "n_valid": 63355,
        "n_unique": 62409,
        "n_novel": 61783
    },
    "@150000": {
        "validity": 0.6334066666666667,
        "uniqueness": 0.6217133333333333,
        "novelty": 0.6159,
        "n_valid": 95011,
        "n_unique": 93257,
        "n_novel": 92385
    },
    "@200000": {
        "validity": 0.63225,
        "uniqueness": 0.618735,
        "novelty": 0.61319,
        "n_valid": 126450,
        "n_unique": 123747,
        "n_novel": 122638
    },
    "@250000": {
        "validity": 0.632152,
        "uniqueness": 0.617064,
        "novelty": 0.611668,
        "n_valid": 158038,
        "n_unique": 154266,
        "n_novel": 152917
    },
    "@300000": {
        "validity": 0.6327233333333333,
        "uniqueness": 0.6164466666666667,
        "novelty": 0.6112133333333334,
        "n_valid": 189817,
        "n_unique": 184934,
        "n_novel": 183364
    },
    "@350000": {
        "validity": 0.6328914285714285,
        "uniqueness": 0.6154114285714286,
        "novelty": 0.61034,
        "n_valid": 221512,
        "n_unique": 215394,
        "n_novel": 213619
    },
    "@400000": {
        "validity": 0.63301,
        "uniqueness": 0.61441,
        "novelty": 0.609475,
        "n_valid": 253204,
        "n_unique": 245764,
        "n_novel": 243790
    },
    "@450000": {
        "validity": 0.6330311111111111,
        "uniqueness": 0.6134755555555556,
        "novelty": 0.6086911111111111,
        "n_valid": 284864,
        "n_unique": 276064,
        "n_novel": 273911
    },
    "@500000": {
        "validity": 0.632808,
        "uniqueness": 0.612128,
        "novelty": 0.607422,
        "n_valid": 316404,
        "n_unique": 306064,
        "n_novel": 303711
    },
    "@550000": {
        "validity": 0.6328418181818182,
        "uniqueness": 0.611230909090909,
        "novelty": 0.6066272727272727,
        "n_valid": 348063,
        "n_unique": 336177,
        "n_novel": 333645
    },
    "@600000": {
        "validity": 0.6328816666666667,
        "uniqueness": 0.6104566666666666,
        "novelty": 0.6059516666666667,
        "n_valid": 379729,
        "n_unique": 366274,
        "n_novel": 363571
    },
    "@650000": {
        "validity": 0.6329892307692307,
        "uniqueness": 0.6098661538461538,
        "novelty": 0.6054661538461539,
        "n_valid": 411443,
        "n_unique": 396413,
        "n_novel": 393553
    },
    "@700000": {
        "validity": 0.6327142857142857,
        "uniqueness": 0.6089042857142857,
        "novelty": 0.6045814285714286,
        "n_valid": 442900,
        "n_unique": 426233,
        "n_novel": 423207
    },
    "@750000": {
        "validity": 0.6328866666666667,
        "uniqueness": 0.608424,
        "novelty": 0.6041893333333334,
        "n_valid": 474665,
        "n_unique": 456318,
        "n_novel": 453142
    },
    "@800000": {
        "validity": 0.63276,
        "uniqueness": 0.60763375,
        "novelty": 0.60346875,
        "n_valid": 506208,
        "n_unique": 486107,
        "n_novel": 482775
    },
    "@850000": {
        "validity": 0.6327388235294118,
        "uniqueness": 0.6069270588235294,
        "novelty": 0.6028341176470589,
        "n_valid": 537828,
        "n_unique": 515888,
        "n_novel": 512409
    },
    "@900000": {
        "validity": 0.6327544444444444,
        "uniqueness": 0.6063944444444445,
        "novelty": 0.6023566666666667,
        "n_valid": 569479,
        "n_unique": 545755,
        "n_novel": 542121
    },
    "@950000": {
        "validity": 0.6327115789473684,
        "uniqueness": 0.60578,
        "novelty": 0.6017936842105264,
        "n_valid": 601076,
        "n_unique": 575491,
        "n_novel": 571704
    },
    "@1000000": {
        "validity": 0.632693,
        "uniqueness": 0.605147,
        "novelty": 0.601225,
        "n_valid": 632693,
        "n_unique": 605147,
        "n_novel": 601225
    }
}