{
    "@50000": {
        "validity": 0.986,
        "uniqueness": 0.94014,
        "novelty": 0.88776,
        "n_valid": 49300,
        "n_unique": 47007,
        "n_novel": 44388
    },
    "@100000": {
        "validity": 0.98612,
        "uniqueness": 0.91761,
        "novelty": 0.87129,
        "n_valid": 98612,
        "n_unique": 91761,
        "n_novel": 87129
    },
    "@150000": {
        "validity": 0.98612,
        "uniqueness": 0.9019733333333333,
        "novelty": 0.8596333333333334,
        "n_valid": 147918,
        "n_unique": 135296,
        "n_novel": 128945
    },
    "@200000": {
        "validity": 0.986005,
        "uniqueness": 0.88963,
        "novelty": 0.85016,
        "n_valid": 197201,
        "n_unique": 177926,
        "n_novel": 170032
    },
    "@250000": {
        "validity": 0.986152,
        "uniqueness": 0.879208,
        "novelty": 0.842312,
        "n_valid": 246538,
        "n_unique": 219802,
        "n_novel": 210578
    },
    "@300000": {
        "validity": 0.9860666666666666,
        "uniqueness": 0.86996,
        "novelty": 0.8350466666666667,
        "n_valid": 295820,
        "n_unique": 260988,
        "n_novel": 250514
    },
    "@350000": {
        "validity": 0.98606,
        "uniqueness": 0.8620314285714286,
        "novelty": 0.8289085714285714,
        "n_valid": 345121,
        "n_unique": 301711,
        "n_novel": 290118
    },
    "@400000": {
        "validity": 0.98599,
        "uniqueness": 0.8548875,
        "novelty": 0.8231875,
        "n_valid": 394396,
        "n_unique": 341955,
        "n_novel": 329275
    },
    "@450000": {
        "validity": 0.9860111111111111,
        "uniqueness": 0.8480888888888889,
        "novelty": 0.81758,
        "n_valid": 443705,
        "n_unique": 381640,
        "n_novel": 367911
    },
    "@500000": {
        "validity": 0.986028,
        "uniqueness": 0.842114,
        "novelty": 0.812732,
        "n_valid": 493014,
        "n_unique": 421057,
        "n_novel": 406366
    },
    "@550000": {
        "validity": 0.98602,
        "uniqueness": 0.8362981818181818,
        "novelty": 0.8079309090909091,
        "n_valid": 542311,
        "n_unique": 459964,
        "n_novel": 444362
    },
    "@600000": {
        "validity": 0.9860533333333333,
        "uniqueness": 0.83088,
        "novelty": 0.8034266666666666,
        "n_valid": 591632,
        "n_unique": 498528,
        "n_novel": 482056
    },
    "@650000": {
        "validity": 0.9860323076923077,
        "uniqueness": 0.8257923076923077,
        "novelty": 0.7991323076923077,
        "n_valid": 640921,
        "n_unique": 536765,
        "n_novel": 519436
    },
    "@700000": {
        "validity": 0.9860485714285714,
        "uniqueness": 0.8213671428571429,
        "novelty": 0.7954514285714286,
        "n_valid": 690234,
        "n_unique": 574957,
        "n_novel": 556816
    },
    "@750000": {
        "validity": 0.9860253333333333,
        "uniqueness": 0.8167573333333333,
        "novelty": 0.7914906666666667,
        "n_valid": 739519,
        "n_unique": 612568,
        "n_novel": 593618
    },
    "@800000": {
        "validity": 0.985995,
        "uniqueness": 0.8125825,
        "novelty": 0.78796,
        "n_valid": 788796,
        "n_unique": 650066,
        "n_novel": 630368
    },
    "@850000": {
        "validity": 0.9860011764705883,
        "uniqueness": 0.8086023529411764,
        "novelty": 0.784584705882353,
        "n_valid": 838101,
        "n_unique": 687312,
        "n_novel": 666897
    },
    "@900000": {
        "validity": 0.9859933333333334,
        "uniqueness": 0.8048766666666667,
        "novelty": 0.7813777777777777,
        "n_valid": 887394,
        "n_unique": 724389,
        "n_novel": 703240
    },
    "@950000": {
        "validity": 0.9859989473684211,
        "uniqueness": 0.8013336842105263,
        "novelty": 0.77834,
        "n_valid": 936699,
        "n_unique": 761267,
        "n_novel": 739423
    },
    "@1000000": {
        "validity": 0.985973,
        "uniqueness": 0.79786,
        "novelty": 0.775301,
        "n_valid": 985973,
        "n_unique": 797860,
        "n_novel": 775301
    }
}