{
    "@50000": {
        "validity": 0.90646,
        "uniqueness": 0.5888,
        "novelty": 0.57714,
        "n_valid": 45323,
        "n_unique": 29440,
        "n_novel": 28857
    },
    "@100000": {
        "validity": 0.90598,
        "uniqueness": 0.54371,
        "novelty": 0.53589,
        "n_valid": 90598,
        "n_unique": 54371,
        "n_novel": 53589
    },
    "@150000": {
        "validity": 0.9063266666666666,
        "uniqueness": 0.5164133333333333,
        "novelty": 0.5101,
        "n_valid": 135949,
        "n_unique": 77462,
        "n_novel": 76515
    },
    "@200000": {
        "validity": 0.906405,
        "uniqueness": 0.49785,
        "novelty": 0.49263,
        "n_valid": 181281,
        "n_unique": 99570,
        "n_novel": 98526
    },
    "@250000": {
        "validity": 0.906488,
        "uniqueness": 0.483188,
        "novelty": 0.478556,
        "n_valid": 226622,
        "n_unique": 120797,
        "n_novel": 119639
    },
    "@300000": {
        "validity": 0.9064766666666667,
        "uniqueness": 0.4714933333333333,
        "novelty": 0.4673233333333333,
        "n_valid": 271943,
        "n_unique": 141448,
        "n_novel": 140197
    },
    "@350000": {
        "validity": 0.9063914285714286,
        "uniqueness": 0.46210285714285715,
        "novelty": 0.4583285714285714,
        "n_valid": 317237,
        "n_unique": 161736,
        "n_novel": 160415
    },
    "@400000": {
        "validity": 0.90622,
        "uniqueness": 0.45361,
        "novelty": 0.4501275,
        "n_valid": 362488,
        "n_unique": 181444,
        "n_novel": 180051
    },
    "@450000": {
        "validity": 0.9063777777777777,
        "uniqueness": 0.44633555555555554,
        "novelty": 0.44311333333333336,
        "n_valid": 407870,
        "n_unique": 200851,
        "n_novel": 199401
    },
    "@500000": {
        "validity": 0.906352,
        "uniqueness": 0.43993,
        "novelty": 0.436918,
        "n_valid": 453176,
        "n_unique": 219965,
        "n_novel": 218459
    },
    "@550000": {
        "validity": 0.9064090909090909,
        "uniqueness": 0.4340309090909091,
        "novelty": 0.4311690909090909,
        "n_valid": 498525,
        "n_unique": 238717,
        "n_novel": 237143
    },
    "@600000": {
        "validity": 0.9061916666666666,
        "uniqueness": 0.4285366666666667,
        "novelty": 0.42581166666666664,
        "n_valid": 543715,
        "n_unique": 257122,
        "n_novel": 255487
    },
    "@650000": {
        "validity": 0.9062092307692308,
        "uniqueness": 0.42366,
        "novelty": 0.42105846153846155,
        "n_valid": 589036,
        "n_unique": 275379,
        "n_novel": 273688
    },
    "@700000": {
        "validity": 0.9060814285714286,
        "uniqueness": 0.4191214285714286,
        "novelty": 0.4166357142857143,
        "n_valid": 634257,
        "n_unique": 293385,
        "n_novel": 291645
    },
    "@750000": {
        "validity": 0.906152,
        "uniqueness": 0.41506933333333335,
        "novelty": 0.41269333333333336,
        "n_valid": 679614,
        "n_unique": 311302,
        "n_novel": 309520
    },
    "@800000": {
        "validity": 0.9060725,
        "uniqueness": 0.41130625,
        "novelty": 0.409015,
        "n_valid": 724858,
        "n_unique": 329045,
        "n_novel": 327212
    },
    "@850000": {
        "validity": 0.90606,
        "uniqueness": 0.40774470588235295,
        "novelty": 0.4055258823529412,
        "n_valid": 770151,
        "n_unique": 346583,
        "n_novel": 344697
    },
    "@900000": {
        "validity": 0.9060622222222222,
        "uniqueness": 0.4042822222222222,
        "novelty": 0.40213666666666664,
        "n_valid": 815456,
        "n_unique": 363854,
        "n_novel": 361923
    },
    "@950000": {
        "validity": 0.9061168421052631,
        "uniqueness": 0.4012842105263158,
        "novelty": 0.3992084210526316,
        "n_valid": 860811,
        "n_unique": 381220,
        "n_novel": 379248
    },
    "@1000000": {
        "validity": 0.906142,
        "uniqueness": 0.398205,
        "novelty": 0.396202,
        "n_valid": 906142,
        "n_unique": 398205,
        "n_novel": 396202
    }
}