{
    "@50000": {
        "validity": 0.85416,
        "uniqueness": 0.85306,
        "novelty": 0.84704,
        "n_valid": 42708,
        "n_unique": 42653,
        "n_novel": 42352
    },
    "@100000": {
        "validity": 0.85212,
        "uniqueness": 0.85018,
        "novelty": 0.84445,
        "n_valid": 85212,
        "n_unique": 85018,
        "n_novel": 84445
    },
    "@150000": {
        "validity": 0.8518333333333333,
        "uniqueness": 0.8494933333333333,
        "novelty": 0.84396,
        "n_valid": 127775,
        "n_unique": 127424,
        "n_novel": 126594
    },
    "@200000": {
        "validity": 0.85114,
        "uniqueness": 0.848295,
        "novelty": 0.842855,
        "n_valid": 170228,
        "n_unique": 169659,
        "n_novel": 168571
    },
    "@250000": {
        "validity": 0.851356,
        "uniqueness": 0.84796,
        "novelty": 0.842592,
        "n_valid": 212839,
        "n_unique": 211990,
        "n_novel": 210648
    },
    "@300000": {
        "validity": 0.8511133333333334,
        "uniqueness": 0.8473066666666667,
        "novelty": 0.8419633333333333,
        "n_valid": 255334,
        "n_unique": 254192,
        "n_novel": 252589
    },
    "@350000": {
        "validity": 0.8507657142857142,
        "uniqueness": 0.8465342857142857,
        "novelty": 0.8412657142857143,
        "n_valid": 297768,
        "n_unique": 296287,
        "n_novel": 294443
    },
    "@400000": {
        "validity": 0.8507325,
        "uniqueness": 0.84609,
        "novelty": 0.8409425,
        "n_valid": 340293,
        "n_unique": 338436,
        "n_novel": 336377
    },
    "@450000": {
        "validity": 0.8503488888888889,
        "uniqueness": 0.8453311111111111,
        "novelty": 0.8402466666666667,
        "n_valid": 382657,
        "n_unique": 380399,
        "n_novel": 378111
    },
    "@500000": {
        "validity": 0.850524,
        "uniqueness": 0.84515,
        "novelty": 0.840152,
        "n_valid": 425262,
        "n_unique": 422575,
        "n_novel": 420076
    },
    "@550000": {
        "validity": 0.8504218181818182,
        "uniqueness": 0.8446981818181818,
        "novelty": 0.83974,
        "n_valid": 467732,
        "n_unique": 464584,
        "n_novel": 461857
    },
    "@600000": {
        "validity": 0.85042,
        "uniqueness": 0.8444166666666667,
        "novelty": 0.8395183333333334,
        "n_valid": 510252,
        "n_unique": 506650,
        "n_novel": 503711
    },
    "@650000": {
        "validity": 0.8504723076923076,
        "uniqueness": 0.8441753846153847,
        "novelty": 0.8393046153846154,
        "n_valid": 552807,
        "n_unique": 548714,
        "n_novel": 545548
    },
    "@700000": {
        "validity": 0.8505842857142857,
        "uniqueness": 0.8440342857142857,
        "novelty": 0.8392085714285714,
        "n_valid": 595409,
        "n_unique": 590824,
        "n_novel": 587446
    },
    "@750000": {
        "validity": 0.8506733333333333,
        "uniqueness": 0.843864,
        "novelty": 0.8390813333333333,
        "n_valid": 638005,
        "n_unique": 632898,
        "n_novel": 629311
    },
    "@800000": {
        "validity": 0.85070875,
        "uniqueness": 0.84362875,
        "novelty": 0.83889375,
        "n_valid": 680567,
        "n_unique": 674903,
        "n_novel": 671115
    },
    "@850000": {
        "validity": 0.8506317647058823,
        "uniqueness": 0.8433129411764706,
        "novelty": 0.8386388235294118,
        "n_valid": 723037,
        "n_unique": 716816,
        "n_novel": 712843
    },
    "@900000": {
        "validity": 0.8507066666666667,
        "uniqueness": 0.8431511111111111,
        "novelty": 0.8385388888888888,
        "n_valid": 765636,
        "n_unique": 758836,
        "n_novel": 754685
    },
    "@950000": {
        "validity": 0.8506021052631579,
        "uniqueness": 0.8427463157894737,
        "novelty": 0.8381715789473684,
        "n_valid": 808072,
        "n_unique": 800609,
        "n_novel": 796263
    },
    "@1000000": {
        "validity": 0.850631,
        "uniqueness": 0.842605,
        "novelty": 0.838073,
        "n_valid": 850631,
        "n_unique": 842605,
        "n_novel": 838073
    }
}