{
    "@50000": {
        "validity": 0.99794,
        "uniqueness": 0.08994,
        "novelty": 0.08834,
        "n_valid": 49897,
        "n_unique": 4497,
        "n_novel": 4417
    },
    "@100000": {
        "validity": 0.99787,
        "uniqueness": 0.05953,
        "novelty": 0.05871,
        "n_valid": 99787,
        "n_unique": 5953,
        "n_novel": 5871
    },
    "@150000": {
        "validity": 0.9979933333333333,
        "uniqueness": 0.045726666666666665,
        "novelty": 0.04518,
        "n_valid": 149699,
        "n_unique": 6859,
        "n_novel": 6777
    },
    "@200000": {
        "validity": 0.99797,
        "uniqueness": 0.03761,
        "novelty": 0.037195,
        "n_valid": 199594,
        "n_unique": 7522,
        "n_novel": 7439
    },
    "@250000": {
        "validity": 0.997996,
        "uniqueness": 0.0323,
        "novelty": 0.031968,
        "n_valid": 249499,
        "n_unique": 8075,
        "n_novel": 7992
    },
    "@300000": {
        "validity": 0.9979833333333333,
        "uniqueness": 0.028323333333333332,
        "novelty": 0.028046666666666668,
        "n_valid": 299395,
        "n_unique": 8497,
        "n_novel": 8414
    },
    "@350000": {
        "validity": 0.9979971428571428,
        "uniqueness": 0.025302857142857144,
        "novelty": 0.025065714285714285,
        "n_valid": 349299,
        "n_unique": 8856,
        "n_novel": 8773
    },
    "@400000": {
        "validity": 0.9980175,
        "uniqueness": 0.0230275,
        "novelty": 0.0228175,
        "n_valid": 399207,
        "n_unique": 9211,
        "n_novel": 9127
    },
    "@450000": {
        "validity": 0.9979777777777777,
        "uniqueness": 0.02122,
        "novelty": 0.021033333333333334,
        "n_valid": 449090,
        "n_unique": 9549,
        "n_novel": 9465
    },
    "@500000": {
        "validity": 0.997964,
        "uniqueness": 0.019642,
        "novelty": 0.019474,
        "n_valid": 498982,
        "n_unique": 9821,
        "n_novel": 9737
    },
    "@550000": {
        "validity": 0.9979581818181819,
        "uniqueness": 0.01833818181818182,
        "novelty": 0.018185454545454546,
        "n_valid": 548877,
        "n_unique": 10086,
        "n_novel": 10002
    },
    "@600000": {
        "validity": 0.99797,
        "uniqueness": 0.01719,
        "novelty": 0.01705,
        "n_valid": 598782,
        "n_unique": 10314,
        "n_novel": 10230
    },
    "@650000": {
        "validity": 0.9979584615384616,
        "uniqueness": 0.016184615384615384,
        "novelty": 0.016055384615384614,
        "n_valid": 648673,
        "n_unique": 10520,
        "n_novel": 10436
    },
    "@700000": {
        "validity": 0.9979728571428571,
        "uniqueness": 0.015334285714285713,
        "novelty": 0.015214285714285715,
        "n_valid": 698581,
        "n_unique": 10734,
        "n_novel": 10650
    },
    "@750000": {
        "validity": 0.9979813333333334,
        "uniqueness": 0.014598666666666666,
        "novelty": 0.014486666666666667,
        "n_valid": 748486,
        "n_unique": 10949,
        "n_novel": 10865
    },
    "@800000": {
        "validity": 0.99799625,
        "uniqueness": 0.01390625,
        "novelty": 0.01380125,
        "n_valid": 798397,
        "n_unique": 11125,
        "n_novel": 11041
    },
    "@850000": {
        "validity": 0.9979788235294118,
        "uniqueness": 0.013307058823529411,
        "novelty": 0.013208235294117647,
        "n_valid": 848282,
        "n_unique": 11311,
        "n_novel": 11227
    },
    "@900000": {
        "validity": 0.99797,
        "uniqueness": 0.012766666666666667,
        "novelty": 0.012673333333333333,
        "n_valid": 898173,
        "n_unique": 11490,
        "n_novel": 11406
    },
    "@950000": {
        "validity": 0.9979821052631579,
        "uniqueness": 0.01225157894736842,
        "novelty": 0.012163157894736843,
        "n_valid": 948083,
        "n_unique": 11639,
        "n_novel": 11555
    },
    "@1000000": {
        "validity": 0.997975,
        "uniqueness": 0.011788,
        "novelty": 0.011704,
        "n_valid": 997975,
        "n_unique": 11788,
        "n_novel": 11704
    }
}