{
    "@50000": {
        "validity": 0.87928,
        "uniqueness": 0.84124,
        "novelty": 0.83186,
        "n_valid": 43964,
        "n_unique": 42062,
        "n_novel": 41593
    },
    "@100000": {
        "validity": 0.87919,
        "uniqueness": 0.82976,
        "novelty": 0.82174,
        "n_valid": 87919,
        "n_unique": 82976,
        "n_novel": 82174
    },
    "@150000": {
        "validity": 0.87952,
        "uniqueness": 0.8216266666666666,
        "novelty": 0.81452,
        "n_valid": 131928,
        "n_unique": 123244,
        "n_novel": 122178
    },
    "@200000": {
        "validity": 0.878835,
        "uniqueness": 0.814495,
        "novelty": 0.807875,
        "n_valid": 175767,
        "n_unique": 162899,
        "n_novel": 161575
    },
    "@250000": {
        "validity": 0.878728,
        "uniqueness": 0.809188,
        "novelty": 0.803032,
        "n_valid": 219682,
        "n_unique": 202297,
        "n_novel": 200758
    },
    "@300000": {
        "validity": 0.87869,
        "uniqueness": 0.80511,
        "novelty": 0.7993066666666667,
        "n_valid": 263607,
        "n_unique": 241533,
        "n_novel": 239792
    },
    "@350000": {
        "validity": 0.8788742857142857,
        "uniqueness": 0.8010571428571429,
        "novelty": 0.7955085714285715,
        "n_valid": 307606,
        "n_unique": 280370,
        "n_novel": 278428
    },
    "@400000": {
        "validity": 0.879255,
        "uniqueness": 0.79752,
        "novelty": 0.79217,
        "n_valid": 351702,
        "n_unique": 319008,
        "n_novel": 316868
    },
    "@450000": {
        "validity": 0.8792022222222222,
        "uniqueness": 0.7942733333333334,
        "novelty": 0.7891244444444444,
        "n_valid": 395641,
        "n_unique": 357423,
        "n_novel": 355106
    },
    "@500000": {
        "validity": 0.87938,
        "uniqueness": 0.791608,
        "novelty": 0.786642,
        "n_valid": 439690,
        "n_unique": 395804,
        "n_novel": 393321
    },
    "@550000": {
        "validity": 0.8794781818181818,
        "uniqueness": 0.7890272727272727,
        "novelty": 0.7842545454545454,
        "n_valid": 483713,
        "n_unique": 433965,
        "n_novel": 431340
    },
    "@600000": {
        "validity": 0.8796516666666667,
        "uniqueness": 0.7865983333333333,
        "novelty": 0.7819366666666666,
        "n_valid": 527791,
        "n_unique": 471959,
        "n_novel": 469162
    },
    "@650000": {
        "validity": 0.8796507692307692,
        "uniqueness": 0.7841184615384615,
        "novelty": 0.7795707692307692,
        "n_valid": 571773,
        "n_unique": 509677,
        "n_novel": 506721
    },
    "@700000": {
        "validity": 0.87983,
        "uniqueness": 0.7820071428571429,
        "novelty": 0.7775657142857143,
        "n_valid": 615881,
        "n_unique": 547405,
        "n_novel": 544296
    },
    "@750000": {
        "validity": 0.879656,
        "uniqueness": 0.7796706666666666,
        "novelty": 0.775304,
        "n_valid": 659742,
        "n_unique": 584753,
        "n_novel": 581478
    },
    "@800000": {
        "validity": 0.8795925,
        "uniqueness": 0.77758125,
        "novelty": 0.7733075,
        "n_valid": 703674,
        "n_unique": 622065,
        "n_novel": 618646
    },
    "@850000": {
        "validity": 0.8793623529411765,
        "uniqueness": 0.7755529411764706,
        "novelty": 0.7713682352941177,
        "n_valid": 747458,
        "n_unique": 659220,
        "n_novel": 655663
    },
    "@900000": {
        "validity": 0.8793233333333333,
        "uniqueness": 0.7736633333333334,
        "novelty": 0.7695644444444445,
        "n_valid": 791391,
        "n_unique": 696297,
        "n_novel": 692608
    },
    "@950000": {
        "validity": 0.8793178947368421,
        "uniqueness": 0.7718736842105263,
        "novelty": 0.767837894736842,
        "n_valid": 835352,
        "n_unique": 733280,
        "n_novel": 729446
    },
    "@1000000": {
        "validity": 0.879308,
        "uniqueness": 0.770155,
        "novelty": 0.766198,
        "n_valid": 879308,
        "n_unique": 770155,
        "n_novel": 766198
    }
}