{
    "@50000": {
        "validity": 0.99148,
        "uniqueness": 0.27694,
        "novelty": 0.27228,
        "n_valid": 49574,
        "n_unique": 13847,
        "n_novel": 13614
    },
    "@100000": {
        "validity": 0.99139,
        "uniqueness": 0.21468,
        "novelty": 0.21197,
        "n_valid": 99139,
        "n_unique": 21468,
        "n_novel": 21197
    },
    "@150000": {
        "validity": 0.9912133333333333,
        "uniqueness": 0.18182666666666666,
        "novelty": 0.17992,
        "n_valid": 148682,
        "n_unique": 27274,
        "n_novel": 26988
    },
    "@200000": {
        "validity": 0.9912,
        "uniqueness": 0.161625,
        "novelty": 0.16011,
        "n_valid": 198240,
        "n_unique": 32325,
        "n_novel": 32022
    },
    "@250000": {
        "validity": 0.991128,
        "uniqueness": 0.146948,
        "novelty": 0.145684,
        "n_valid": 247782,
        "n_unique": 36737,
        "n_novel": 36421
    },
    "@300000": {
        "validity": 0.9911733333333334,
        "uniqueness": 0.13584333333333334,
        "novelty": 0.13474666666666665,
        "n_valid": 297352,
        "n_unique": 40753,
        "n_novel": 40424
    },
    "@350000": {
        "validity": 0.9912285714285715,
        "uniqueness": 0.12736571428571428,
        "novelty": 0.12641142857142856,
        "n_valid": 346930,
        "n_unique": 44578,
        "n_novel": 44244
    },
    "@400000": {
        "validity": 0.9911825,
        "uniqueness": 0.1204825,
        "novelty": 0.1196225,
        "n_valid": 396473,
        "n_unique": 48193,
        "n_novel": 47849
    },
    "@450000": {
        "validity": 0.9912311111111111,
        "uniqueness": 0.11428888888888888,
        "novelty": 0.11351333333333333,
        "n_valid": 446054,
        "n_unique": 51430,
        "n_novel": 51081
    },
    "@500000": {
        "validity": 0.99125,
        "uniqueness": 0.109218,
        "novelty": 0.108516,
        "n_valid": 495625,
        "n_unique": 54609,
        "n_novel": 54258
    },
    "@550000": {
        "validity": 0.9912818181818182,
        "uniqueness": 0.10463272727272727,
        "novelty": 0.10399454545454545,
        "n_valid": 545205,
        "n_unique": 57548,
        "n_novel": 57197
    },
    "@600000": {
        "validity": 0.9912683333333333,
        "uniqueness": 0.1006,
        "novelty": 0.10001,
        "n_valid": 594761,
        "n_unique": 60360,
        "n_novel": 60006
    },
    "@650000": {
        "validity": 0.99126,
        "uniqueness": 0.09712615384615385,
        "novelty": 0.09657692307692307,
        "n_valid": 644319,
        "n_unique": 63132,
        "n_novel": 62775
    },
    "@700000": {
        "validity": 0.99121,
        "uniqueness": 0.09389285714285714,
        "novelty": 0.09338,
        "n_valid": 693847,
        "n_unique": 65725,
        "n_novel": 65366
    },
    "@750000": {
        "validity": 0.991212,
        "uniqueness": 0.09106933333333334,
        "novelty": 0.09058666666666666,
        "n_valid": 743409,
        "n_unique": 68302,
        "n_novel": 67940
    },
    "@800000": {
        "validity": 0.9912525,
        "uniqueness": 0.08828875,
        "novelty": 0.08783375,
        "n_valid": 793002,
        "n_unique": 70631,
        "n_novel": 70267
    },
    "@850000": {
        "validity": 0.9912011764705883,
        "uniqueness": 0.08580588235294118,
        "novelty": 0.08537647058823529,
        "n_valid": 842521,
        "n_unique": 72935,
        "n_novel": 72570
    },
    "@900000": {
        "validity": 0.9912077777777778,
        "uniqueness": 0.08355111111111112,
        "novelty": 0.08314333333333333,
        "n_valid": 892087,
        "n_unique": 75196,
        "n_novel": 74829
    },
    "@950000": {
        "validity": 0.9912463157894736,
        "uniqueness": 0.08143473684210527,
        "novelty": 0.08104631578947369,
        "n_valid": 941684,
        "n_unique": 77363,
        "n_novel": 76994
    },
    "@1000000": {
        "validity": 0.991231,
        "uniqueness": 0.079536,
        "novelty": 0.079165,
        "n_valid": 991231,
        "n_unique": 79536,
        "n_novel": 79165
    }
}