{
    "@50000": {
        "validity": 0.98402,
        "uniqueness": 0.93692,
        "novelty": 0.89862,
        "n_valid": 49201,
        "n_unique": 46846,
        "n_novel": 44931
    },
    "@100000": {
        "validity": 0.9848,
        "uniqueness": 0.91213,
        "novelty": 0.8792,
        "n_valid": 98480,
        "n_unique": 91213,
        "n_novel": 87920
    },
    "@150000": {
        "validity": 0.9850666666666666,
        "uniqueness": 0.8952466666666666,
        "novelty": 0.8650666666666667,
        "n_valid": 147760,
        "n_unique": 134287,
        "n_novel": 129760
    },
    "@200000": {
        "validity": 0.984875,
        "uniqueness": 0.8813,
        "novelty": 0.85333,
        "n_valid": 196975,
        "n_unique": 176260,
        "n_novel": 170666
    },
    "@250000": {
        "validity": 0.985048,
        "uniqueness": 0.86914,
        "novelty": 0.842904,
        "n_valid": 246262,
        "n_unique": 217285,
        "n_novel": 210726
    },
    "@300000": {
        "validity": 0.9849233333333334,
        "uniqueness": 0.85879,
        "novelty": 0.83399,
        "n_valid": 295477,
        "n_unique": 257637,
        "n_novel": 250197
    },
    "@350000": {
        "validity": 0.9850342857142858,
        "uniqueness": 0.8497571428571429,
        "novelty": 0.8261971428571429,
        "n_valid": 344762,
        "n_unique": 297415,
        "n_novel": 289169
    },
    "@400000": {
        "validity": 0.98494,
        "uniqueness": 0.8415825,
        "novelty": 0.8191225,
        "n_valid": 393976,
        "n_unique": 336633,
        "n_novel": 327649
    },
    "@450000": {
        "validity": 0.98492,
        "uniqueness": 0.8339288888888889,
        "novelty": 0.8124377777777778,
        "n_valid": 443214,
        "n_unique": 375268,
        "n_novel": 365597
    },
    "@500000": {
        "validity": 0.984982,
        "uniqueness": 0.827226,
        "novelty": 0.806626,
        "n_valid": 492491,
        "n_unique": 413613,
        "n_novel": 403313
    },
    "@550000": {
        "validity": 0.9849581818181818,
        "uniqueness": 0.8209654545454546,
        "novelty": 0.8011218181818182,
        "n_valid": 541727,
        "n_unique": 451531,
        "n_novel": 440617
    },
    "@600000": {
        "validity": 0.98497,
        "uniqueness": 0.81502,
        "novelty": 0.7959016666666666,
        "n_valid": 590982,
        "n_unique": 489012,
        "n_novel": 477541
    },
    "@650000": {
        "validity": 0.9850353846153846,
        "uniqueness": 0.8096538461538462,
        "novelty": 0.791143076923077,
        "n_valid": 640273,
        "n_unique": 526275,
        "n_novel": 514243
    },
    "@700000": {
        "validity": 0.9850285714285715,
        "uniqueness": 0.80451,
        "novelty": 0.7865542857142858,
        "n_valid": 689520,
        "n_unique": 563157,
        "n_novel": 550588
    },
    "@750000": {
        "validity": 0.9850493333333333,
        "uniqueness": 0.7994973333333333,
        "novelty": 0.7820213333333333,
        "n_valid": 738787,
        "n_unique": 599623,
        "n_novel": 586516
    },
    "@800000": {
        "validity": 0.98507125,
        "uniqueness": 0.79509875,
        "novelty": 0.7781075,
        "n_valid": 788057,
        "n_unique": 636079,
        "n_novel": 622486
    },
    "@850000": {
        "validity": 0.9850658823529411,
        "uniqueness": 0.7908835294117647,
        "novelty": 0.7742894117647059,
        "n_valid": 837306,
        "n_unique": 672251,
        "n_novel": 658146
    },
    "@900000": {
        "validity": 0.9850811111111111,
        "uniqueness": 0.7867588888888889,
        "novelty": 0.77058,
        "n_valid": 886573,
        "n_unique": 708083,
        "n_novel": 693522
    },
    "@950000": {
        "validity": 0.9851115789473684,
        "uniqueness": 0.7828715789473685,
        "novelty": 0.7670863157894737,
        "n_valid": 935856,
        "n_unique": 743728,
        "n_novel": 728732
    },
    "@1000000": {
        "validity": 0.985088,
        "uniqueness": 0.779062,
        "novelty": 0.763632,
        "n_valid": 985088,
        "n_unique": 779062,
        "n_novel": 763632
    }
}