{
    "@50000": {
        "validity": 0.99848,
        "uniqueness": 0.39176,
        "novelty": 0.38064,
        "n_valid": 49924,
        "n_unique": 19588,
        "n_novel": 19032
    },
    "@100000": {
        "validity": 0.99838,
        "uniqueness": 0.30941,
        "novelty": 0.30278,
        "n_valid": 99838,
        "n_unique": 30941,
        "n_novel": 30278
    },
    "@150000": {
        "validity": 0.9983733333333333,
        "uniqueness": 0.26594666666666666,
        "novelty": 0.26100666666666666,
        "n_valid": 149756,
        "n_unique": 39892,
        "n_novel": 39151
    },
    "@200000": {
        "validity": 0.99841,
        "uniqueness": 0.238255,
        "novelty": 0.234405,
        "n_valid": 199682,
        "n_unique": 47651,
        "n_novel": 46881
    },
    "@250000": {
        "validity": 0.998448,
        "uniqueness": 0.217836,
        "novelty": 0.2146,
        "n_valid": 249612,
        "n_unique": 54459,
        "n_novel": 53650
    },
    "@300000": {
        "validity": 0.99842,
        "uniqueness": 0.20211666666666667,
        "novelty": 0.19934666666666667,
        "n_valid": 299526,
        "n_unique": 60635,
        "n_novel": 59804
    },
    "@350000": {
        "validity": 0.9984057142857143,
        "uniqueness": 0.18974,
        "novelty": 0.1873,
        "n_valid": 349442,
        "n_unique": 66409,
        "n_novel": 65555
    },
    "@400000": {
        "validity": 0.998395,
        "uniqueness": 0.1790175,
        "novelty": 0.1768325,
        "n_valid": 399358,
        "n_unique": 71607,
        "n_novel": 70733
    },
    "@450000": {
        "validity": 0.9983866666666666,
        "uniqueness": 0.17029555555555556,
        "novelty": 0.16831555555555555,
        "n_valid": 449274,
        "n_unique": 76633,
        "n_novel": 75742
    },
    "@500000": {
        "validity": 0.998396,
        "uniqueness": 0.162648,
        "novelty": 0.160832,
        "n_valid": 499198,
        "n_unique": 81324,
        "n_novel": 80416
    },
    "@550000": {
        "validity": 0.9983763636363636,
        "uniqueness": 0.15594727272727274,
        "novelty": 0.15427454545454544,
        "n_valid": 549107,
        "n_unique": 85771,
        "n_novel": 84851
    },
    "@600000": {
        "validity": 0.998365,
        "uniqueness": 0.14994,
        "novelty": 0.14838833333333334,
        "n_valid": 599019,
        "n_unique": 89964,
        "n_novel": 89033
    },
    "@650000": {
        "validity": 0.9983553846153846,
        "uniqueness": 0.14454153846153847,
        "novelty": 0.14309538461538462,
        "n_valid": 648931,
        "n_unique": 93952,
        "n_novel": 93012
    },
    "@700000": {
        "validity": 0.9983357142857143,
        "uniqueness": 0.13967,
        "novelty": 0.13831714285714286,
        "n_valid": 698835,
        "n_unique": 97769,
        "n_novel": 96822
    },
    "@750000": {
        "validity": 0.9983466666666667,
        "uniqueness": 0.13535466666666668,
        "novelty": 0.13407733333333333,
        "n_valid": 748760,
        "n_unique": 101516,
        "n_novel": 100558
    },
    "@800000": {
        "validity": 0.99835,
        "uniqueness": 0.1313725,
        "novelty": 0.1301675,
        "n_valid": 798680,
        "n_unique": 105098,
        "n_novel": 104134
    },
    "@850000": {
        "validity": 0.9983694117647058,
        "uniqueness": 0.1277258823529412,
        "novelty": 0.1265870588235294,
        "n_valid": 848614,
        "n_unique": 108567,
        "n_novel": 107599
    },
    "@900000": {
        "validity": 0.9983622222222223,
        "uniqueness": 0.12437888888888889,
        "novelty": 0.12329666666666667,
        "n_valid": 898526,
        "n_unique": 111941,
        "n_novel": 110967
    },
    "@950000": {
        "validity": 0.9983431578947368,
        "uniqueness": 0.1212221052631579,
        "novelty": 0.12018947368421053,
        "n_valid": 948426,
        "n_unique": 115161,
        "n_novel": 114180
    },
    "@1000000": {
        "validity": 0.998341,
        "uniqueness": 0.118284,
        "novelty": 0.117295,
        "n_valid": 998341,
        "n_unique": 118284,
        "n_novel": 117295
    }
}