{
    "@50000": {
        "validity": 0.9488,
        "uniqueness": 0.88124,
        "novelty": 0.86942,
        "n_valid": 47440,
        "n_unique": 44062,
        "n_novel": 43471
    },
    "@100000": {
        "validity": 0.94811,
        "uniqueness": 0.85397,
        "novelty": 0.84433,
        "n_valid": 94811,
        "n_unique": 85397,
        "n_novel": 84433
    },
    "@150000": {
        "validity": 0.9483666666666667,
        "uniqueness": 0.8352,
        "novelty": 0.8269333333333333,
        "n_valid": 142255,
        "n_unique": 125280,
        "n_novel": 124040
    },
    "@200000": {
        "validity": 0.94823,
        "uniqueness": 0.82108,
        "novelty": 0.81355,
        "n_valid": 189646,
        "n_unique": 164216,
        "n_novel": 162710
    },
    "@250000": {
        "validity": 0.948384,
        "uniqueness": 0.809884,
        "novelty": 0.802988,
        "n_valid": 237096,
        "n_unique": 202471,
        "n_novel": 200747
    },
    "@300000": {
        "validity": 0.9482966666666667,
        "uniqueness": 0.8001333333333334,
        "novelty": 0.79374,
        "n_valid": 284489,
        "n_unique": 240040,
        "n_novel": 238122
    },
    "@350000": {
        "validity": 0.9482857142857143,
        "uniqueness": 0.7920485714285714,
        "novelty": 0.7860742857142857,
        "n_valid": 331900,
        "n_unique": 277217,
        "n_novel": 275126
    },
    "@400000": {
        "validity": 0.94802,
        "uniqueness": 0.784815,
        "novelty": 0.7791775,
        "n_valid": 379208,
        "n_unique": 313926,
        "n_novel": 311671
    },
    "@450000": {
        "validity": 0.9480622222222223,
        "uniqueness": 0.77786,
        "novelty": 0.7724955555555556,
        "n_valid": 426628,
        "n_unique": 350037,
        "n_novel": 347623
    },
    "@500000": {
        "validity": 0.948122,
        "uniqueness": 0.77214,
        "novelty": 0.767016,
        "n_valid": 474061,
        "n_unique": 386070,
        "n_novel": 383508
    },
    "@550000": {
        "validity": 0.9479363636363637,
        "uniqueness": 0.7665036363636364,
        "novelty": 0.7616218181818182,
        "n_valid": 521365,
        "n_unique": 421577,
        "n_novel": 418892
    },
    "@600000": {
        "validity": 0.9479083333333334,
        "uniqueness": 0.761365,
        "novelty": 0.75664,
        "n_valid": 568745,
        "n_unique": 456819,
        "n_novel": 453984
    },
    "@650000": {
        "validity": 0.9478646153846154,
        "uniqueness": 0.7567353846153846,
        "novelty": 0.7521846153846153,
        "n_valid": 616112,
        "n_unique": 491878,
        "n_novel": 488920
    },
    "@700000": {
        "validity": 0.9477914285714286,
        "uniqueness": 0.7520671428571428,
        "novelty": 0.7476814285714286,
        "n_valid": 663454,
        "n_unique": 526447,
        "n_novel": 523377
    },
    "@750000": {
        "validity": 0.9478386666666667,
        "uniqueness": 0.7480573333333334,
        "novelty": 0.7438106666666666,
        "n_valid": 710879,
        "n_unique": 561043,
        "n_novel": 557858
    },
    "@800000": {
        "validity": 0.94787875,
        "uniqueness": 0.74414375,
        "novelty": 0.74003875,
        "n_valid": 758303,
        "n_unique": 595315,
        "n_novel": 592031
    },
    "@850000": {
        "validity": 0.9478611764705882,
        "uniqueness": 0.7402282352941176,
        "novelty": 0.7362541176470588,
        "n_valid": 805682,
        "n_unique": 629194,
        "n_novel": 625816
    },
    "@900000": {
        "validity": 0.9478977777777777,
        "uniqueness": 0.7367355555555556,
        "novelty": 0.7328866666666667,
        "n_valid": 853108,
        "n_unique": 663062,
        "n_novel": 659598
    },
    "@950000": {
        "validity": 0.9479021052631579,
        "uniqueness": 0.7333336842105264,
        "novelty": 0.72958,
        "n_valid": 900507,
        "n_unique": 696667,
        "n_novel": 693101
    },
    "@1000000": {
        "validity": 0.947868,
        "uniqueness": 0.7303,
        "novelty": 0.726654,
        "n_valid": 947868,
        "n_unique": 730300,
        "n_novel": 726654
    }
}