{
    "@50000": {
        "validity": 0.98542,
        "uniqueness": 0.70244,
        "novelty": 0.67762,
        "n_valid": 49271,
        "n_unique": 35122,
        "n_novel": 33881
    },
    "@100000": {
        "validity": 0.9849,
        "uniqueness": 0.66132,
        "novelty": 0.64137,
        "n_valid": 98490,
        "n_unique": 66132,
        "n_novel": 64137
    },
    "@150000": {
        "validity": 0.9850066666666667,
        "uniqueness": 0.6358933333333333,
        "novelty": 0.6184466666666667,
        "n_valid": 147751,
        "n_unique": 95384,
        "n_novel": 92767
    },
    "@200000": {
        "validity": 0.98505,
        "uniqueness": 0.617125,
        "novelty": 0.601295,
        "n_valid": 197010,
        "n_unique": 123425,
        "n_novel": 120259
    },
    "@250000": {
        "validity": 0.984968,
        "uniqueness": 0.603044,
        "novelty": 0.588356,
        "n_valid": 246242,
        "n_unique": 150761,
        "n_novel": 147089
    },
    "@300000": {
        "validity": 0.98504,
        "uniqueness": 0.5917433333333333,
        "novelty": 0.5781366666666666,
        "n_valid": 295512,
        "n_unique": 177523,
        "n_novel": 173441
    },
    "@350000": {
        "validity": 0.9850742857142857,
        "uniqueness": 0.5822371428571429,
        "novelty": 0.5694114285714286,
        "n_valid": 344776,
        "n_unique": 203783,
        "n_novel": 199294
    },
    "@400000": {
        "validity": 0.985085,
        "uniqueness": 0.5737575,
        "novelty": 0.5615275,
        "n_valid": 394034,
        "n_unique": 229503,
        "n_novel": 224611
    },
    "@450000": {
        "validity": 0.9851333333333333,
        "uniqueness": 0.5661022222222222,
        "novelty": 0.5543933333333333,
        "n_valid": 443310,
        "n_unique": 254746,
        "n_novel": 249477
    },
    "@500000": {
        "validity": 0.98508,
        "uniqueness": 0.559092,
        "novelty": 0.547888,
        "n_valid": 492540,
        "n_unique": 279546,
        "n_novel": 273944
    },
    "@550000": {
        "validity": 0.9851654545454546,
        "uniqueness": 0.5529181818181819,
        "novelty": 0.5421472727272727,
        "n_valid": 541841,
        "n_unique": 304105,
        "n_novel": 298181
    },
    "@600000": {
        "validity": 0.9851066666666667,
        "uniqueness": 0.5471183333333334,
        "novelty": 0.5366883333333333,
        "n_valid": 591064,
        "n_unique": 328271,
        "n_novel": 322013
    },
    "@650000": {
        "validity": 0.9850984615384616,
        "uniqueness": 0.54164,
        "novelty": 0.5315707692307692,
        "n_valid": 640314,
        "n_unique": 352066,
        "n_novel": 345521
    },
    "@700000": {
        "validity": 0.9851214285714286,
        "uniqueness": 0.5367657142857143,
        "novelty": 0.5269842857142857,
        "n_valid": 689585,
        "n_unique": 375736,
        "n_novel": 368889
    },
    "@750000": {
        "validity": 0.9850946666666667,
        "uniqueness": 0.5323746666666667,
        "novelty": 0.522808,
        "n_valid": 738821,
        "n_unique": 399281,
        "n_novel": 392106
    },
    "@800000": {
        "validity": 0.98515875,
        "uniqueness": 0.52811,
        "novelty": 0.51879,
        "n_valid": 788127,
        "n_unique": 422488,
        "n_novel": 415032
    },
    "@850000": {
        "validity": 0.9851976470588235,
        "uniqueness": 0.5243011764705883,
        "novelty": 0.5151941176470588,
        "n_valid": 837418,
        "n_unique": 445656,
        "n_novel": 437915
    },
    "@900000": {
        "validity": 0.9851822222222222,
        "uniqueness": 0.5205766666666667,
        "novelty": 0.5116877777777777,
        "n_valid": 886664,
        "n_unique": 468519,
        "n_novel": 460519
    },
    "@950000": {
        "validity": 0.985178947368421,
        "uniqueness": 0.5172063157894737,
        "novelty": 0.50852,
        "n_valid": 935920,
        "n_unique": 491346,
        "n_novel": 483094
    },
    "@1000000": {
        "validity": 0.985177,
        "uniqueness": 0.513801,
        "novelty": 0.505288,
        "n_valid": 985177,
        "n_unique": 513801,
        "n_novel": 505288
    }
}