{
    "@50000": {
        "validity": 0.99508,
        "uniqueness": 0.07524,
        "novelty": 0.0741,
        "n_valid": 49754,
        "n_unique": 3762,
        "n_novel": 3705
    },
    "@100000": {
        "validity": 0.99506,
        "uniqueness": 0.05014,
        "novelty": 0.04956,
        "n_valid": 99506,
        "n_unique": 5014,
        "n_novel": 4956
    },
    "@150000": {
        "validity": 0.9950066666666667,
        "uniqueness": 0.03937333333333334,
        "novelty": 0.03898666666666667,
        "n_valid": 149251,
        "n_unique": 5906,
        "n_novel": 5848
    },
    "@200000": {
        "validity": 0.994885,
        "uniqueness": 0.0331,
        "novelty": 0.0328,
        "n_valid": 198977,
        "n_unique": 6620,
        "n_novel": 6560
    },
    "@250000": {
        "validity": 0.994956,
        "uniqueness": 0.029092,
        "novelty": 0.028852,
        "n_valid": 248739,
        "n_unique": 7273,
        "n_novel": 7213
    },
    "@300000": {
        "validity": 0.9949666666666667,
        "uniqueness": 0.026106666666666667,
        "novelty": 0.025906666666666668,
        "n_valid": 298490,
        "n_unique": 7832,
        "n_novel": 7772
    },
    "@350000": {
        "validity": 0.9949714285714286,
        "uniqueness": 0.023882857142857143,
        "novelty": 0.02370857142857143,
        "n_valid": 348240,
        "n_unique": 8359,
        "n_novel": 8298
    },
    "@400000": {
        "validity": 0.994995,
        "uniqueness": 0.0220575,
        "novelty": 0.021905,
        "n_valid": 397998,
        "n_unique": 8823,
        "n_novel": 8762
    },
    "@450000": {
        "validity": 0.9950311111111111,
        "uniqueness": 0.020548888888888887,
        "novelty": 0.020413333333333332,
        "n_valid": 447764,
        "n_unique": 9247,
        "n_novel": 9186
    },
    "@500000": {
        "validity": 0.995102,
        "uniqueness": 0.01921,
        "novelty": 0.019088,
        "n_valid": 497551,
        "n_unique": 9605,
        "n_novel": 9544
    },
    "@550000": {
        "validity": 0.9950890909090909,
        "uniqueness": 0.018145454545454544,
        "novelty": 0.018034545454545456,
        "n_valid": 547299,
        "n_unique": 9980,
        "n_novel": 9919
    },
    "@600000": {
        "validity": 0.99506,
        "uniqueness": 0.01721666666666667,
        "novelty": 0.017115,
        "n_valid": 597036,
        "n_unique": 10330,
        "n_novel": 10269
    },
    "@650000": {
        "validity": 0.9950923076923077,
        "uniqueness": 0.016387692307692308,
        "novelty": 0.016293846153846155,
        "n_valid": 646810,
        "n_unique": 10652,
        "n_novel": 10591
    },
    "@700000": {
        "validity": 0.9950385714285714,
        "uniqueness": 0.015658571428571428,
        "novelty": 0.015571428571428571,
        "n_valid": 696527,
        "n_unique": 10961,
        "n_novel": 10900
    },
    "@750000": {
        "validity": 0.9950773333333334,
        "uniqueness": 0.015016,
        "novelty": 0.014934666666666667,
        "n_valid": 746308,
        "n_unique": 11262,
        "n_novel": 11201
    },
    "@800000": {
        "validity": 0.99505625,
        "uniqueness": 0.01443125,
        "novelty": 0.014355,
        "n_valid": 796045,
        "n_unique": 11545,
        "n_novel": 11484
    },
    "@850000": {
        "validity": 0.995055294117647,
        "uniqueness": 0.013896470588235295,
        "novelty": 0.01382470588235294,
        "n_valid": 845797,
        "n_unique": 11812,
        "n_novel": 11751
    },
    "@900000": {
        "validity": 0.9950444444444444,
        "uniqueness": 0.013432222222222222,
        "novelty": 0.013364444444444444,
        "n_valid": 895540,
        "n_unique": 12089,
        "n_novel": 12028
    },
    "@950000": {
        "validity": 0.9950336842105263,
        "uniqueness": 0.012997894736842106,
        "novelty": 0.012933684210526316,
        "n_valid": 945282,
        "n_unique": 12348,
        "n_novel": 12287
    },
    "@1000000": {
        "validity": 0.995048,
        "uniqueness": 0.012587,
        "novelty": 0.012525,
        "n_valid": 995048,
        "n_unique": 12587,
        "n_novel": 12525
    }
}