{
    "@50000": {
        "validity": 0.84172,
        "uniqueness": 0.8362,
        "novelty": 0.82828,
        "n_valid": 42086,
        "n_unique": 41810,
        "n_novel": 41414
    },
    "@100000": {
        "validity": 0.84382,
        "uniqueness": 0.83523,
        "novelty": 0.82786,
        "n_valid": 84382,
        "n_unique": 83523,
        "n_novel": 82786
    },
    "@150000": {
        "validity": 0.8455733333333333,
        "uniqueness": 0.8349133333333333,
        "novelty": 0.8280866666666666,
        "n_valid": 126836,
        "n_unique": 125237,
        "n_novel": 124213
    },
    "@200000": {
        "validity": 0.84523,
        "uniqueness": 0.832745,
        "novelty": 0.826325,
        "n_valid": 169046,
        "n_unique": 166549,
        "n_novel": 165265
    },
    "@250000": {
        "validity": 0.84538,
        "uniqueness": 0.831364,
        "novelty": 0.825076,
        "n_valid": 211345,
        "n_unique": 207841,
        "n_novel": 206269
    },
    "@300000": {
        "validity": 0.8454166666666667,
        "uniqueness": 0.8299866666666667,
        "novelty": 0.8237933333333334,
        "n_valid": 253625,
        "n_unique": 248996,
        "n_novel": 247138
    },
    "@350000": {
        "validity": 0.8454571428571429,
        "uniqueness": 0.8286771428571429,
        "novelty": 0.8226742857142857,
        "n_valid": 295910,
        "n_unique": 290037,
        "n_novel": 287936
    },
    "@400000": {
        "validity": 0.8456925,
        "uniqueness": 0.82775,
        "novelty": 0.82192,
        "n_valid": 338277,
        "n_unique": 331100,
        "n_novel": 328768
    },
    "@450000": {
        "validity": 0.8457088888888888,
        "uniqueness": 0.8269577777777778,
        "novelty": 0.8212911111111111,
        "n_valid": 380569,
        "n_unique": 372131,
        "n_novel": 369581
    },
    "@500000": {
        "validity": 0.845858,
        "uniqueness": 0.826184,
        "novelty": 0.820612,
        "n_valid": 422929,
        "n_unique": 413092,
        "n_novel": 410306
    },
    "@550000": {
        "validity": 0.8459909090909091,
        "uniqueness": 0.8254145454545454,
        "novelty": 0.81998,
        "n_valid": 465295,
        "n_unique": 453978,
        "n_novel": 450989
    },
    "@600000": {
        "validity": 0.8461366666666666,
        "uniqueness": 0.8246533333333333,
        "novelty": 0.8193233333333333,
        "n_valid": 507682,
        "n_unique": 494792,
        "n_novel": 491594
    },
    "@650000": {
        "validity": 0.8459630769230769,
        "uniqueness": 0.823563076923077,
        "novelty": 0.8183476923076923,
        "n_valid": 549876,
        "n_unique": 535316,
        "n_novel": 531926
    },
    "@700000": {
        "validity": 0.8460357142857143,
        "uniqueness": 0.82292,
        "novelty": 0.8177885714285714,
        "n_valid": 592225,
        "n_unique": 576044,
        "n_novel": 572452
    },
    "@750000": {
        "validity": 0.8461386666666667,
        "uniqueness": 0.822212,
        "novelty": 0.8171626666666667,
        "n_valid": 634604,
        "n_unique": 616659,
        "n_novel": 612872
    },
    "@800000": {
        "validity": 0.84629625,
        "uniqueness": 0.82158,
        "novelty": 0.81659625,
        "n_valid": 677037,
        "n_unique": 657264,
        "n_novel": 653277
    },
    "@850000": {
        "validity": 0.8462858823529412,
        "uniqueness": 0.8208435294117647,
        "novelty": 0.8159588235294117,
        "n_valid": 719343,
        "n_unique": 697717,
        "n_novel": 693565
    },
    "@900000": {
        "validity": 0.8461677777777777,
        "uniqueness": 0.8200611111111111,
        "novelty": 0.8152388888888888,
        "n_valid": 761551,
        "n_unique": 738055,
        "n_novel": 733715
    },
    "@950000": {
        "validity": 0.8459821052631579,
        "uniqueness": 0.8192347368421052,
        "novelty": 0.8144621052631579,
        "n_valid": 803683,
        "n_unique": 778273,
        "n_novel": 773739
    },
    "@1000000": {
        "validity": 0.845843,
        "uniqueness": 0.818602,
        "novelty": 0.813907,
        "n_valid": 845843,
        "n_unique": 818602,
        "n_novel": 813907
    }
}