{
    "@50000": {
        "validity": 0.97262,
        "uniqueness": 0.9605,
        "novelty": 0.93344,
        "n_valid": 48631,
        "n_unique": 48025,
        "n_novel": 46672
    },
    "@100000": {
        "validity": 0.97257,
        "uniqueness": 0.95425,
        "novelty": 0.92917,
        "n_valid": 97257,
        "n_unique": 95425,
        "n_novel": 92917
    },
    "@150000": {
        "validity": 0.9725333333333334,
        "uniqueness": 0.94848,
        "novelty": 0.92444,
        "n_valid": 145880,
        "n_unique": 142272,
        "n_novel": 138666
    },
    "@200000": {
        "validity": 0.97245,
        "uniqueness": 0.944195,
        "novelty": 0.921075,
        "n_valid": 194490,
        "n_unique": 188839,
        "n_novel": 184215
    },
    "@250000": {
        "validity": 0.97278,
        "uniqueness": 0.940744,
        "novelty": 0.91862,
        "n_valid": 243195,
        "n_unique": 235186,
        "n_novel": 229655
    },
    "@300000": {
        "validity": 0.9726666666666667,
        "uniqueness": 0.93743,
        "novelty": 0.9157933333333333,
        "n_valid": 291800,
        "n_unique": 281229,
        "n_novel": 274738
    },
    "@350000": {
        "validity": 0.9727942857142857,
        "uniqueness": 0.9342542857142857,
        "novelty": 0.9132942857142857,
        "n_valid": 340478,
        "n_unique": 326989,
        "n_novel": 319653
    },
    "@400000": {
        "validity": 0.972765,
        "uniqueness": 0.93128,
        "novelty": 0.9109175,
        "n_valid": 389106,
        "n_unique": 372512,
        "n_novel": 364367
    },
    "@450000": {
        "validity": 0.9727088888888888,
        "uniqueness": 0.9285355555555556,
        "novelty": 0.9086244444444445,
        "n_valid": 437719,
        "n_unique": 417841,
        "n_novel": 408881
    },
    "@500000": {
        "validity": 0.972592,
        "uniqueness": 0.926022,
        "novelty": 0.906764,
        "n_valid": 486296,
        "n_unique": 463011,
        "n_novel": 453382
    },
    "@550000": {
        "validity": 0.972589090909091,
        "uniqueness": 0.9235327272727273,
        "novelty": 0.9046381818181818,
        "n_valid": 534924,
        "n_unique": 507943,
        "n_novel": 497551
    },
    "@600000": {
        "validity": 0.9725683333333334,
        "uniqueness": 0.92134,
        "novelty": 0.9027983333333334,
        "n_valid": 583541,
        "n_unique": 552804,
        "n_novel": 541679
    },
    "@650000": {
        "validity": 0.9726138461538462,
        "uniqueness": 0.9190092307692308,
        "novelty": 0.9008415384615385,
        "n_valid": 632199,
        "n_unique": 597356,
        "n_novel": 585547
    },
    "@700000": {
        "validity": 0.97264,
        "uniqueness": 0.9169828571428571,
        "novelty": 0.8991442857142857,
        "n_valid": 680848,
        "n_unique": 641888,
        "n_novel": 629401
    },
    "@750000": {
        "validity": 0.9726173333333333,
        "uniqueness": 0.9149866666666666,
        "novelty": 0.897496,
        "n_valid": 729463,
        "n_unique": 686240,
        "n_novel": 673122
    },
    "@800000": {
        "validity": 0.97268875,
        "uniqueness": 0.913335,
        "novelty": 0.89622375,
        "n_valid": 778151,
        "n_unique": 730668,
        "n_novel": 716979
    },
    "@850000": {
        "validity": 0.9727105882352941,
        "uniqueness": 0.9116541176470588,
        "novelty": 0.8948211764705882,
        "n_valid": 826804,
        "n_unique": 774906,
        "n_novel": 760598
    },
    "@900000": {
        "validity": 0.97272,
        "uniqueness": 0.9099155555555556,
        "novelty": 0.8933477777777777,
        "n_valid": 875448,
        "n_unique": 818924,
        "n_novel": 804013
    },
    "@950000": {
        "validity": 0.9726968421052632,
        "uniqueness": 0.908281052631579,
        "novelty": 0.8919810526315789,
        "n_valid": 924062,
        "n_unique": 862867,
        "n_novel": 847382
    },
    "@1000000": {
        "validity": 0.972627,
        "uniqueness": 0.906669,
        "novelty": 0.890588,
        "n_valid": 972627,
        "n_unique": 906669,
        "n_novel": 890588
    }
}